timestamp,id,posture,motion,alertness,fall,light,temp
2025-08-06T13:11:35.881819,1090,3.003906,3.011719,3.023438,-1,209.350564,24.073163
2025-08-06T13:11:36.371980,1091,3.003906,3.015625,3.019531,-1,209.350564,24.082606
2025-08-06T13:11:37.873401,1092,3.003906,3.007812,3.015625,-1,209.716775,24.054279
2025-08-06T13:11:39.371869,1093,3.003906,3.007812,3.023438,-1,210.082986,24.082606
2025-08-06T13:11:40.372830,1094,3.003906,3.015625,3.0117190000000003,-1,209.716775,24.101492
2025-08-06T13:11:40.873293,1095,3.003906,3.011719,3.019531,-1,209.472635,24.101492
2025-08-06T13:11:41.386736,1096,3.003906,3.011719,3.0117190000000003,-1,209.350564,24.073163
2025-08-06T13:11:41.875645,1097,3.003906,3.011719,3.019531,-1,209.472635,24.082606
2025-08-06T13:11:43.376962,1098,3.003906,3.011719,3.019531,-1,209.960916,24.082606
2025-08-06T13:11:44.380855,1099,3.003906,3.007812,3.015625,-1,209.838846,24.073163
2025-08-06T13:11:44.883828,1100,3.003906,3.011719,3.019531,-1,209.594705,24.063721
2025-08-06T13:11:46.886656,1101,3.003906,3.015625,3.019531,-1,209.716775,24.063721
2025-08-06T13:11:47.386651,1102,3.003906,3.007812,3.023438,-1,209.838846,24.044836
2025-08-06T13:11:49.888361,1103,3.003906,3.015625,3.0117190000000003,-1,209.472635,24.082606
2025-08-06T13:11:50.393405,1104,3.003906,3.015625,3.015625,-1,209.594705,24.082606
2025-08-06T13:11:50.898827,1105,3.003906,3.011719,3.015625,-1,209.716775,24.063721
2025-08-06T13:11:51.397994,1106,3.003906,3.011719,3.015625,-1,209.716775,24.063721
2025-08-06T13:11:52.395381,1107,3.003906,3.011719,3.015625,-1,209.838846,24.054279
2025-08-06T13:11:52.893380,1108,3.003906,3.011719,3.019531,-1,209.838846,24.044836
2025-08-06T13:11:53.895747,1109,3.003906,3.019531,3.019531,-1,209.716775,24.044836
2025-08-06T13:11:54.902251,1110,3.003906,3.015625,3.019531,-1,209.472635,24.035394
2025-08-06T13:11:55.395276,1111,3.003906,3.007812,3.015625,-1,209.228494,24.044836
2025-08-06T13:11:56.418420,1112,3.003906,3.007812,3.019531,-1,209.594705,24.035394
2025-08-06T13:11:58.906409,1113,3.003906,3.011719,3.019531,-1,209.716775,24.044836
2025-08-06T13:11:59.914264,1114,3.003906,3.015625,3.019531,-1,209.594705,24.063721
2025-08-06T13:12:01.908886,1115,3.003906,3.011719,3.0117190000000003,-1,209.594705,24.092049
2025-08-06T13:12:02.412377,1116,3.003906,3.015625,3.015625,-1,209.716775,24.082606
2025-08-06T13:12:03.908804,1117,3.003906,3.011719,3.019531,-1,209.594705,24.092049
2025-08-06T13:12:04.919131,1118,3.003906,3.015625,3.019531,-1,209.472635,24.035394
2025-08-06T13:12:05.911225,1119,3.003906,3.015625,3.019531,-1,209.472635,24.016511
2025-08-06T13:12:08.418619,1120,3.003906,3.011719,3.0117190000000003,-1,209.350564,24.044836
2025-08-06T13:12:09.416368,1121,3.003906,3.019531,3.015625,-1,209.472635,24.054279
2025-08-06T13:12:09.916899,1122,3.003906,3.011719,3.019531,-1,209.472635,24.063721
2025-08-06T13:12:12.672818,1123,3.003906,3.015625,3.015625,-1,209.594705,24.035394
2025-08-06T13:12:13.175820,1124,3.003906,3.011719,3.0117190000000003,-1,209.594705,24.025953
2025-08-06T13:12:15.181301,1125,3.003906,3.011719,3.019531,-1,209.472635,24.044836
2025-08-06T13:12:16.174964,1126,3.003906,3.007812,3.015625,-1,209.838846,24.044836
2025-08-06T13:12:16.681343,1127,3.003906,3.007812,3.023438,-1,209.960916,24.025953
2025-08-06T13:12:17.174484,1128,3.003906,3.011719,3.0117190000000003,-1,209.838846,24.025953
2025-08-06T13:12:18.173342,1129,3.003906,3.011719,3.0117190000000003,-1,209.960916,24.016511
2025-08-06T13:12:19.681561,1130,3.003906,3.011719,3.0117190000000003,-1,209.716775,24.035394
2025-08-06T13:12:20.180478,1131,3.003906,3.015625,3.019531,-1,209.838846,24.025953
2025-08-06T13:12:22.176826,1132,3.003906,3.011719,3.015625,-1,209.594705,23.997628
2025-08-06T13:12:23.196148,1133,3.003906,3.011719,3.019531,-1,209.472635,23.978745
2025-08-06T13:12:24.198345,1134,3.003906,3.007812,3.023438,-1,209.838846,23.978745
2025-08-06T13:12:29.181847,1135,3.003906,3.019531,3.023438,-1,209.472635,24.044836
2025-08-06T13:12:29.700758,1136,3.003906,3.007812,3.015625,-1,209.594705,24.054279
2025-08-06T13:12:30.320754,1137,3.003906,3.007812,3.019531,-1,209.716775,24.054279
2025-08-06T13:12:30.830794,1138,3.007812,3.015625,3.015625,-1,209.350564,24.054279
2025-08-06T13:12:35.294602,1139,3.003906,3.015625,3.0117190000000003,-1,209.838846,24.063721
2025-08-06T13:12:36.286602,1140,3.003906,3.015625,3.019531,-1,209.838846,24.063721
2025-08-06T13:12:36.794823,1141,3.003906,3.011719,3.019531,-1,209.838846,24.054279
2025-08-06T13:12:37.794321,1142,3.003906,3.007812,3.015625,-1,209.716775,24.063721
2025-08-06T13:12:38.794205,1143,3.003906,3.007812,3.015625,-1,209.838846,24.054279
2025-08-06T13:12:39.795229,1144,3.003906,3.011719,3.0117190000000003,-1,209.960916,24.063721
2025-08-06T13:12:41.293804,1145,3.003906,3.011719,3.03125,-1,209.960916,24.054279
2025-08-06T13:12:42.297941,1146,3.003906,3.011719,3.0117190000000003,-1,209.350564,24.063721
2025-08-06T13:12:43.299850,1147,3.003906,3.011719,3.023438,-1,209.350564,24.073163
2025-08-06T13:12:45.122916,1148,3.003906,3.015625,3.023438,-1,209.594705,24.073163
2025-08-06T13:12:46.201835,1149,3.003906,3.011719,3.015625,-1,209.838846,24.092049
2025-08-06T13:12:47.201527,1150,3.003906,3.011719,3.015625,-1,209.838846,24.082606
2025-08-06T13:12:48.202796,1151,3.007812,3.015625,3.019531,-1,209.960916,24.092049
2025-08-06T13:12:49.700389,1152,3.003906,3.011719,3.019531,-1,209.350564,24.120378
2025-08-06T13:12:51.309788,1153,3.003906,3.011719,3.015625,-1,209.228494,24.101492
2025-08-06T13:12:51.400788,1154,3.003906,3.015625,3.015625,-1,210.205057,24.101492
2025-08-06T13:12:51.879694,1155,3.003906,3.007812,3.015625,-1,211.54783,24.092049
2025-08-06T13:12:52.381279,1156,3.003906,3.015625,3.019531,-1,213.256814,24.092049
2025-08-06T13:12:52.886007,1157,3.003906,3.015625,3.019531,-1,220.947243,24.082606
2025-08-06T13:12:53.384588,1158,3.003906,3.019531,3.015625,-1,218.749978,24.054279
2025-08-06T13:12:53.878337,1159,3.003906,3.007812,3.015625,-1,213.989236,24.073163
2025-08-06T13:12:54.884059,1160,3.003906,3.015625,3.015625,-1,210.937478,24.054279
2025-08-06T13:12:55.384194,1161,3.003906,3.011719,3.0117190000000003,-1,210.571268,24.054279
2025-08-06T13:12:56.885560,1162,3.003906,3.011719,3.019531,-1,210.205057,24.073163
2025-08-06T13:12:57.387708,1163,3.003906,3.011719,3.015625,-1,210.082986,24.063721
2025-08-06T13:12:57.885714,1164,3.003906,3.011719,3.015625,-1,209.960916,24.035394
2025-08-06T13:12:58.891865,1165,3.003906,3.011719,3.019531,-1,209.716775,24.120378
2025-08-06T13:12:59.412119,1166,3.003906,3.007812,3.015625,-1,209.960916,24.110935
2025-08-06T13:13:01.427436,1167,3.003906,3.007812,3.019531,-1,210.693338,24.139265
2025-08-06T13:13:02.392057,1168,3.003906,3.011719,3.015625,-1,210.205057,24.158153
2025-08-06T13:13:02.894383,1169,3.003906,3.011719,3.015625,-1,209.960916,24.148709
2025-08-06T13:13:03.401381,1170,3.003906,3.011719,3.019531,-1,209.960916,24.148709
2025-08-06T13:13:03.893212,1171,3.003906,3.015625,3.015625,-1,209.838846,24.148709
2025-08-06T13:13:04.397737,1172,3.003906,3.007812,3.019531,-1,209.960916,24.129822
2025-08-06T13:13:05.395081,1173,3.003906,3.015625,3.0273440000000003,-1,210.082986,24.120378
2025-08-06T13:13:06.394523,1174,3.003906,3.011719,3.007812,-1,210.082986,24.110935
2025-08-06T13:13:06.894380,1175,3.011719,3.003906,3.0585940000000003,-1,207.885721,24.101492
2025-08-06T13:13:07.396192,1176,3.003906,3.019531,3.050781,-1,207.51951,24.092049
2025-08-06T13:13:09.408937,1177,3.003906,3.011719,3.0273440000000003,-1,208.007791,24.073163
2025-08-06T13:13:10.899083,1178,3.007812,3.011719,3.007812,-1,209.228494,24.063721
2025-08-06T13:13:12.900515,1179,3.003906,3.011719,3.015625,-1,209.594705,24.092049
2025-08-06T13:13:13.400155,1180,3.003906,3.011719,3.023438,-1,209.106424,24.092049
2025-08-06T13:13:14.917642,1181,3.007812,3.015625,3.003906,-1,209.106424,24.082606
2025-08-06T13:13:15.403114,1182,3.003906,3.011719,3.019531,-1,208.984354,24.082606
2025-08-06T13:13:15.903205,1183,3.003906,3.007812,3.019531,-1,211.791971,24.082606
2025-08-06T13:13:16.907830,1184,3.003906,3.007812,3.015625,-1,211.42576,24.082606
2025-08-06T13:13:21.914444,1185,3.003906,3.011719,3.023438,-1,210.571268,24.054279
2025-08-06T13:13:22.414452,1186,3.003906,3.011719,3.0117190000000003,-1,210.815408,24.044836
2025-08-06T13:13:25.916276,1187,3.003906,3.007812,3.0117190000000003,-1,213.623025,24.073163
2025-08-06T13:13:26.418014,1188,3.003906,3.011719,3.0117190000000003,-1,213.623025,24.073163
2025-08-06T13:13:27.918223,1189,3.003906,3.011719,3.023438,-1,213.500955,24.063721
2025-08-06T13:13:29.420360,1190,3.003906,3.011719,3.0117190000000003,-1,213.745095,24.035394
2025-08-06T13:13:29.925362,1191,3.003906,3.015625,3.015625,-1,214.477517,24.025953
2025-08-06T13:13:30.927670,1192,3.003906,3.011719,3.019531,-1,214.477517,24.025953
2025-08-06T13:13:32.425376,1193,3.003906,3.011719,3.015625,-1,210.449197,23.997628
2025-08-06T13:13:33.425763,1194,3.003906,3.007812,3.023438,-1,210.693338,23.997628
2025-08-06T13:13:34.928228,1195,3.003906,3.019531,3.019531,-1,210.327127,24.025953
2025-08-06T13:13:35.434009,1196,3.003906,3.011719,3.023438,-1,210.205057,24.035394
2025-08-06T13:13:35.931129,1197,3.003906,3.015625,3.015625,-1,210.449197,24.035394
2025-08-06T13:13:36.947415,1198,3.003906,3.011719,3.019531,-1,210.449197,24.007069
2025-08-06T13:13:37.428812,1199,3.007812,3.007812,3.019531,-1,210.449197,24.016511
2025-08-06T13:13:39.437870,1200,3.011719,3.015625,3.023438,-1,209.960916,24.025953
2025-08-06T13:13:39.938829,1201,3.003906,3.007812,3.015625,-1,210.082986,24.035394
2025-08-06T13:13:40.444621,1202,3.003906,3.015625,3.019531,-1,210.205057,24.044836
2025-08-06T13:13:41.443273,1203,3.003906,3.011719,3.0117190000000003,-1,210.082986,24.063721
2025-08-06T13:13:43.459678,1204,3.003906,3.007812,3.019531,-1,210.327127,24.063721
2025-08-06T13:13:45.454379,1205,3.003906,3.015625,3.023438,-1,210.327127,24.073163
2025-08-06T13:13:47.956364,1206,3.003906,3.011719,3.015625,-1,210.082986,24.082606
2025-08-06T13:13:49.957345,1207,3.003906,3.011719,3.007812,-1,209.838846,24.101492
2025-08-06T13:13:51.957107,1208,3.003906,3.015625,3.015625,-1,209.716775,24.082606
2025-08-06T13:13:52.465420,1209,3.003906,3.011719,3.015625,-1,210.205057,24.054279
2025-08-06T13:13:52.964749,1210,3.007812,3.007812,3.019531,-1,210.205057,24.044836
2025-08-06T13:13:53.459768,1211,3.003906,3.011719,3.0117190000000003,-1,210.205057,24.054279
2025-08-06T13:13:53.972309,1212,3.007812,3.011719,3.019531,-1,210.449197,24.054279
2025-08-06T13:13:54.477309,1213,3.003906,3.015625,3.019531,-1,210.327127,24.063721
2025-08-06T13:13:54.969708,1214,3.003906,3.015625,3.019531,-1,210.449197,24.073163
2025-08-06T13:13:56.465219,1215,3.003906,3.011719,3.0273440000000003,-1,210.449197,24.073163
2025-08-06T13:13:56.972139,1216,3.003906,3.011719,3.0117190000000003,-1,210.449197,24.073163
2025-08-06T13:13:57.467424,1217,3.003906,3.007812,3.015625,-1,210.449197,24.092049
2025-08-06T13:13:59.976415,1218,3.007812,3.011719,3.023438,-1,210.571268,24.073163
2025-08-06T13:14:00.465802,1219,3.003906,3.007812,3.019531,-1,210.449197,24.063721
2025-08-06T13:14:01.472395,1220,3.003906,3.015625,3.015625,-1,210.693338,24.054279
2025-08-06T13:14:01.982017,1221,3.003906,3.007812,3.019531,-1,210.693338,24.073163
2025-08-06T13:14:02.473165,1222,3.003906,3.015625,3.019531,-1,210.815408,24.082606
2025-08-06T13:14:02.982651,1223,3.003906,3.015625,3.019531,-1,210.815408,24.073163
2025-08-06T13:14:03.473359,1224,3.003906,3.011719,3.0117190000000003,-1,210.815408,24.082606
2025-08-06T13:14:04.475719,1225,3.003906,3.011719,3.023438,-1,210.082986,24.101492
2025-08-06T13:14:06.473904,1226,3.003906,3.007812,3.019531,-1,211.303689,24.101492
2025-08-06T13:14:06.988211,1227,3.003906,3.011719,3.0273440000000003,-1,210.937478,24.082606
2025-08-06T13:14:07.478971,1228,3.003906,3.011719,3.023438,-1,210.937478,24.082606
2025-08-06T13:14:07.993822,1229,3.003906,3.011719,3.019531,-1,211.42576,24.073163
2025-08-06T13:14:09.479353,1230,3.007812,3.007812,3.019531,-1,210.815408,24.082606
2025-08-06T13:14:09.992146,1231,3.003906,3.007812,3.0273440000000003,-1,210.571268,24.092049
2025-08-06T13:14:10.486549,1232,3.003906,3.011719,3.023438,-1,210.937478,24.063721
2025-08-06T13:14:11.486891,1233,3.003906,3.011719,3.019531,-1,210.693338,24.044836
2025-08-06T13:14:12.003863,1234,3.003906,3.019531,3.015625,-1,210.937478,24.044836
2025-08-06T13:14:15.006317,1235,3.003906,3.011719,3.015625,-1,210.205057,24.035394
2025-08-06T13:14:16.994847,1236,3.003906,3.011719,3.019531,-1,210.327127,24.044836
2025-08-06T13:14:17.495341,1237,3.003906,3.011719,3.019531,-1,209.960916,24.054279
2025-08-06T13:14:20.008345,1238,3.003906,3.011719,3.0117190000000003,-1,209.960916,24.082606
2025-08-06T13:14:20.491466,1239,3.003906,3.007812,3.015625,-1,212.280252,24.092049
2025-08-06T13:14:22.000862,1240,3.003906,3.011719,3.019531,-1,212.158181,24.073163
2025-08-06T13:14:22.494368,1241,3.003906,3.011719,3.023438,-1,212.036111,24.073163
2025-08-06T13:14:24.009549,1242,3.003906,3.007812,2.9960940000000003,-1,211.6699,24.110935
2025-08-06T13:14:25.502894,1243,3.003906,3.007812,3.007812,-1,209.106424,24.110935
2025-08-06T13:14:26.010408,1244,3.003906,3.011719,3.015625,-1,209.106424,24.110935
2025-08-06T13:14:29.016001,1245,3.003906,3.003906,3.019531,-1,211.059549,24.063721
2025-08-06T13:14:29.504747,1246,3.003906,3.015625,3.0273440000000003,-1,211.6699,24.063721
2025-08-06T13:14:30.506822,1247,3.011719,3.011719,3.019531,-1,210.693338,24.073163
2025-08-06T13:14:32.014162,1248,3.003906,3.015625,3.023438,-1,211.54783,24.082606
2025-08-06T13:14:33.013867,1249,3.003906,3.007812,3.015625,-1,211.42576,24.082606
2025-08-06T13:14:33.516692,1250,3.003906,3.011719,3.0117190000000003,-1,211.303689,24.073163
2025-08-06T13:14:34.515359,1251,3.003906,3.011719,3.019531,-1,211.42576,24.082606
2025-08-06T13:14:35.010547,1252,3.003906,3.015625,3.019531,-1,211.181619,24.082606
2025-08-06T13:14:36.010807,1253,3.003906,3.011719,3.023438,-1,211.181619,24.120378
2025-08-06T13:14:36.513441,1254,3.003906,3.015625,3.007812,-1,210.693338,24.110935
2025-08-06T13:14:38.517347,1255,3.003906,3.011719,3.019531,-1,210.937478,24.092049
2025-08-06T13:14:39.016688,1256,3.003906,3.011719,3.015625,-1,211.181619,24.092049
2025-08-06T13:14:41.029439,1257,3.003906,3.015625,3.015625,-1,211.059549,24.092049
2025-08-06T13:14:41.525827,1258,3.003906,3.007812,3.019531,-1,210.815408,24.092049
2025-08-06T13:14:42.021386,1259,3.007812,3.007812,3.03125,-1,210.937478,24.082606
2025-08-06T13:14:43.021790,1260,3.003906,3.015625,3.015625,-1,210.693338,24.073163
2025-08-06T13:14:44.033306,1261,3.003906,3.011719,3.019531,-1,211.059549,24.063721
2025-08-06T13:14:45.527381,1262,3.003906,3.011719,3.007812,-1,211.303689,24.073163
2025-08-06T13:14:46.027642,1263,3.003906,3.011719,3.03125,-1,211.181619,24.082606
2025-08-06T13:14:47.031856,1264,3.003906,3.015625,3.007812,-1,211.181619,24.082606
2025-08-06T13:14:47.529566,1265,3.003906,3.003906,3.019531,-1,210.815408,24.063721
2025-08-06T13:14:48.534613,1266,3.003906,3.007812,3.015625,-1,210.571268,24.044836
2025-08-06T13:14:49.038680,1267,3.003906,3.007812,3.023438,-1,210.571268,24.035394
2025-08-06T13:14:49.548907,1268,3.003906,3.015625,3.015625,-1,210.693338,24.035394
2025-08-06T13:14:50.030641,1269,3.007812,3.015625,3.023438,-1,210.693338,24.035394
2025-08-06T13:14:51.530350,1270,3.003906,3.011719,3.019531,-1,210.815408,24.035394
2025-08-06T13:14:52.032526,1271,3.003906,3.015625,3.019531,-1,210.937478,24.016511
2025-08-06T13:14:52.537747,1272,3.003906,3.011719,3.019531,-1,211.059549,24.025953
2025-08-06T13:14:53.032857,1273,3.003906,3.011719,3.015625,-1,211.059549,24.035394
2025-08-06T13:14:54.036731,1274,3.003906,3.011719,3.019531,-1,210.937478,24.035394
2025-08-06T13:14:54.536350,1275,3.003906,3.011719,3.015625,-1,210.815408,24.044836
2025-08-06T13:14:55.540302,1276,3.003906,3.011719,3.015625,-1,210.693338,24.035394
2025-08-06T13:14:58.039405,1277,3.003906,3.007812,3.0117190000000003,-1,211.059549,24.054279
2025-08-06T13:15:01.046231,1278,3.003906,3.015625,3.0117190000000003,-1,210.815408,24.054279
2025-08-06T13:15:02.048697,1279,3.007812,3.015625,3.0117190000000003,-1,210.937478,24.082606
2025-08-06T13:15:03.052913,1280,3.003906,3.015625,3.023438,-1,211.181619,24.082606
2025-08-06T13:15:03.546842,1281,3.003906,3.007812,3.015625,-1,211.181619,24.092049
2025-08-06T13:15:04.048974,1282,3.003906,3.011719,3.015625,-1,211.303689,24.101492
2025-08-06T13:15:05.050351,1283,3.003906,3.007812,3.019531,-1,211.181619,24.092049
2025-08-06T13:15:05.550861,1284,3.003906,3.019531,3.0117190000000003,-1,211.059549,24.082606
2025-08-06T13:15:09.558645,1285,3.003906,3.015625,3.0117190000000003,-1,210.815408,23.988186
2025-08-06T13:15:10.563460,1286,3.003906,3.015625,3.019531,-1,209.350564,23.978745
2025-08-06T13:15:11.560925,1287,3.003906,3.015625,3.015625,-1,209.838846,23.997628
2025-08-06T13:15:12.061351,1288,3.003906,3.011719,3.023438,-1,210.693338,23.988186
2025-08-06T13:15:16.568819,1289,3.003906,3.011719,3.015625,-1,211.791971,24.044836
2025-08-06T13:15:17.072427,1290,3.003906,3.011719,3.015625,-1,211.6699,24.044836
2025-08-06T13:15:19.075067,1291,3.003906,3.015625,3.0117190000000003,-1,211.54783,24.073163
2025-08-06T13:15:23.080934,1292,3.003906,3.011719,3.015625,-1,211.54783,24.054279
2025-08-06T13:15:24.081289,1293,3.003906,3.007812,3.015625,-1,209.472635,24.025953
2025-08-06T13:15:24.590549,1294,3.003906,3.011719,3.0273440000000003,-1,208.984354,24.044836
2025-08-06T13:15:25.087370,1295,3.003906,3.007812,3.019531,-1,209.228494,24.054279
2025-08-06T13:15:27.085465,1296,3.003906,3.019531,3.019531,-1,209.716775,24.035394
2025-08-06T13:15:28.084217,1297,3.003906,3.015625,3.015625,-1,209.716775,24.044836
2025-08-06T13:15:31.593090,1298,3.003906,3.015625,3.019531,-1,209.594705,24.063721
2025-08-06T13:15:32.597272,1299,3.003906,3.007812,3.019531,-1,209.838846,24.082606
2025-08-06T13:15:33.096369,1300,3.003906,3.011719,3.015625,-1,209.838846,24.063721
2025-08-06T13:15:34.099647,1301,3.003906,3.015625,3.007812,-1,209.716775,24.092049
2025-08-06T13:15:35.099374,1302,3.003906,3.011719,3.023438,-1,209.350564,24.054279
2025-08-06T13:15:36.099145,1303,3.003906,3.007812,3.023438,-1,209.838846,24.044836
2025-08-06T13:15:36.598352,1304,3.003906,3.011719,3.015625,-1,209.350564,24.054279
2025-08-06T13:15:37.101270,1305,3.003906,3.011719,3.023438,-1,209.594705,24.035394
2025-08-06T13:15:40.104181,1306,3.007812,3.011719,3.015625,-1,210.082986,23.988186
2025-08-06T13:15:41.606030,1307,3.003906,3.007812,3.019531,-1,210.327127,23.997628
2025-08-06T13:15:42.616823,1308,3.003906,3.011719,3.015625,-1,209.838846,24.007069
2025-08-06T13:15:43.111042,1309,3.003906,3.011719,3.019531,-1,209.960916,24.007069
2025-08-06T13:15:43.615837,1310,3.003906,3.003906,3.0273440000000003,-1,209.960916,23.997628
2025-08-06T13:15:45.112350,1311,3.003906,3.015625,3.023438,-1,210.082986,24.044836
2025-08-06T13:15:47.614492,1312,3.003906,3.011719,3.007812,-1,210.082986,24.025953
2025-08-06T13:15:49.617510,1313,3.003906,3.007812,3.0117190000000003,-1,209.838846,23.988186
2025-08-06T13:15:53.121523,1314,3.003906,3.007812,3.019531,-1,209.838846,23.978745
2025-08-06T13:15:53.623417,1315,3.003906,3.011719,3.015625,-1,209.838846,23.969304
2025-08-06T13:15:54.129869,1316,3.003906,3.015625,3.0117190000000003,-1,209.716775,23.959863
2025-08-06T13:15:56.626983,1317,3.003906,3.007812,3.015625,-1,209.594705,23.9221
2025-08-06T13:15:57.626365,1318,3.003906,3.015625,3.019531,-1,209.716775,23.9221
2025-08-06T13:15:58.126858,1319,3.003906,3.011719,3.015625,-1,209.472635,23.912659
2025-08-06T13:15:58.633701,1320,3.003906,3.015625,3.015625,-1,208.984354,23.912659
2025-08-06T13:16:00.634540,1321,3.003906,3.007812,3.015625,-1,209.716775,23.912659
2025-08-06T13:16:01.135039,1322,3.003906,3.011719,3.019531,-1,210.205057,23.912659
2025-08-06T13:16:01.638039,1323,3.003906,3.011719,3.019531,-1,210.082986,23.9221
2025-08-06T13:16:02.646511,1324,3.003906,3.011719,3.023438,-1,209.838846,23.9221
2025-08-06T13:16:03.136381,1325,3.003906,3.015625,3.0117190000000003,-1,209.838846,23.9221
2025-08-06T13:16:03.636423,1326,3.003906,3.015625,3.019531,-1,209.838846,23.940981
2025-08-06T13:16:04.642342,1327,3.003906,3.011719,3.023438,-1,210.082986,23.959863
2025-08-06T13:16:05.640678,1328,3.003906,3.007812,3.015625,-1,210.082986,23.950422
2025-08-06T13:16:06.140305,1329,3.003906,3.011719,3.0273440000000003,-1,209.838846,23.969304
2025-08-06T13:16:06.651343,1330,3.003906,3.011719,3.019531,-1,209.716775,23.978745
2025-08-06T13:16:07.162818,1331,3.007812,3.011719,3.019531,-1,209.838846,23.988186
2025-08-06T13:16:07.647030,1332,3.003906,3.011719,3.023438,-1,210.082986,23.988186
2025-08-06T13:16:08.647110,1333,3.003906,3.015625,3.0117190000000003,-1,210.082986,23.997628
2025-08-06T13:16:09.648966,1334,3.003906,3.007812,3.019531,-1,209.838846,24.007069
2025-08-06T13:16:10.155119,1335,3.003906,3.011719,3.0273440000000003,-1,209.594705,24.016511
2025-08-06T13:16:10.650819,1336,3.003906,3.011719,3.015625,-1,209.716775,24.007069
2025-08-06T13:16:11.150878,1337,3.003906,3.011719,3.0117190000000003,-1,209.594705,24.035394
2025-08-06T13:16:11.651445,1338,3.003906,3.011719,3.019531,-1,209.716775,24.044836
2025-08-06T13:16:12.152453,1339,3.003906,3.011719,3.015625,-1,209.960916,24.054279
2025-08-06T13:16:14.160965,1340,3.007812,3.015625,3.0117190000000003,-1,209.960916,24.035394
2025-08-06T13:16:15.157360,1341,3.003906,3.019531,3.0273440000000003,-1,209.716775,24.044836
2025-08-06T13:16:15.656696,1342,3.003906,3.007812,3.015625,-1,209.716775,24.054279
2025-08-06T13:16:16.158194,1343,3.003906,3.011719,3.0117190000000003,-1,209.716775,24.054279
2025-08-06T13:16:17.155299,1344,3.003906,3.015625,3.0117190000000003,-1,209.960916,24.054279
2025-08-06T13:16:17.659827,1345,3.003906,3.007812,3.015625,-1,209.960916,24.035394
2025-08-06T13:16:19.664208,1346,3.003906,3.011719,3.0273440000000003,-1,209.350564,24.016511
2025-08-06T13:16:22.167431,1347,3.003906,3.007812,3.019531,-1,209.106424,24.016511
2025-08-06T13:16:22.674524,1348,3.003906,3.011719,3.023438,-1,208.984354,24.016511
2025-08-06T13:16:23.669110,1349,3.003906,3.015625,3.023438,-1,209.228494,23.997628
2025-08-06T13:16:25.670343,1350,3.003906,3.007812,3.019531,-1,209.350564,23.997628
2025-08-06T13:16:27.176359,1351,3.003906,3.007812,3.019531,-1,208.984354,24.016511
2025-08-06T13:16:29.184089,1352,3.003906,3.015625,3.0117190000000003,-1,209.350564,24.035394
2025-08-06T13:16:29.678065,1353,3.003906,3.011719,3.019531,-1,209.106424,24.025953
2025-08-06T13:16:32.684231,1354,3.003906,3.007812,3.015625,-1,209.228494,24.054279
2025-08-06T13:16:33.686913,1355,3.003906,3.011719,3.019531,-1,209.106424,24.044836
2025-08-06T13:16:35.686864,1356,3.003906,3.007812,3.019531,-1,209.838846,24.054279
2025-08-06T13:16:36.188208,1357,3.003906,3.011719,3.019531,-1,210.082986,24.063721
2025-08-06T13:16:37.693375,1358,3.003906,3.011719,3.0117190000000003,-1,209.838846,24.044836
2025-08-06T13:16:41.693822,1359,3.003906,3.007812,3.015625,-1,210.082986,24.082606
2025-08-06T13:16:42.202825,1360,3.003906,3.007812,3.019531,-1,209.960916,24.082606
2025-08-06T13:16:44.204648,1361,3.003906,3.011719,3.015625,-1,209.838846,24.082606
2025-08-06T13:16:45.199009,1362,3.003906,3.007812,3.019531,-1,209.960916,24.120378
2025-08-06T13:16:45.698341,1363,3.003906,3.007812,3.019531,-1,210.449197,24.120378
2025-08-06T13:16:46.199084,1364,3.003906,3.015625,3.015625,-1,210.205057,24.110935
2025-08-06T13:16:47.704655,1365,3.003906,3.011719,3.015625,-1,209.716775,24.120378
2025-08-06T13:16:49.714078,1366,3.003906,3.011719,3.007812,-1,210.082986,24.129822
2025-08-06T13:16:50.206719,1367,3.003906,3.011719,3.0117190000000003,-1,210.205057,24.120378
2025-08-06T13:16:51.714665,1368,3.003906,3.011719,3.019531,-1,209.838846,24.082606
2025-08-06T13:16:52.207545,1369,3.003906,3.011719,3.023438,-1,209.960916,24.082606
2025-08-06T13:16:52.713605,1370,3.003906,3.007812,3.0117190000000003,-1,210.205057,24.073163
2025-08-06T13:16:57.720813,1371,3.003906,3.011719,3.019531,-1,209.716775,24.082606
2025-08-06T13:16:58.222368,1372,3.003906,3.015625,3.015625,-1,210.205057,24.092049
2025-08-06T13:16:59.226254,1373,3.003906,3.003906,3.023438,-1,210.082986,24.082606
2025-08-06T13:16:59.724514,1374,3.003906,3.011719,3.019531,-1,209.960916,24.082606
2025-08-06T13:17:00.227866,1375,3.003906,3.011719,3.015625,-1,209.960916,24.082606
2025-08-06T13:17:01.228820,1376,3.003906,3.011719,3.0117190000000003,-1,209.472635,24.092049
2025-08-06T13:17:01.752375,1377,3.003906,3.019531,3.0117190000000003,-1,209.594705,24.092049
2025-08-06T13:17:02.266373,1378,3.007812,3.011719,3.0117190000000003,-1,209.472635,24.092049
2025-08-06T13:17:02.733374,1379,3.003906,3.019531,3.0117190000000003,-1,209.472635,24.092049
2025-08-06T13:17:03.730693,1380,3.003906,3.011719,3.015625,-1,209.106424,24.082606
2025-08-06T13:17:04.233461,1381,3.003906,3.015625,3.023438,-1,209.106424,24.063721
2025-08-06T13:17:04.736944,1382,3.003906,3.015625,3.015625,-1,209.106424,24.044836
2025-08-06T13:17:05.736203,1383,3.003906,3.019531,3.019531,-1,209.228494,24.054279
2025-08-06T13:17:06.230265,1384,3.003906,3.011719,3.023438,-1,209.472635,24.063721
2025-08-06T13:17:06.731930,1385,3.003906,3.011719,3.015625,-1,209.472635,24.073163
2025-08-06T13:17:09.239352,1386,3.003906,3.011719,3.019531,-1,208.984354,24.101492
2025-08-06T13:17:09.733076,1387,3.003906,3.007812,3.015625,-1,209.106424,24.101492
2025-08-06T13:17:10.234061,1388,3.003906,3.011719,3.015625,-1,209.106424,24.092049
2025-08-06T13:17:10.735765,1389,3.003906,3.011719,3.019531,-1,209.472635,24.101492
2025-08-06T13:17:12.243657,1390,3.003906,3.011719,3.015625,-1,209.106424,24.082606
2025-08-06T13:17:12.742860,1391,3.003906,3.007812,3.015625,-1,209.106424,24.082606
2025-08-06T13:17:15.246947,1392,3.003906,3.015625,3.015625,-1,209.228494,24.101492
2025-08-06T13:17:16.247964,1393,3.003906,3.011719,3.019531,-1,209.594705,24.101492
2025-08-06T13:17:16.755655,1394,3.003906,3.007812,3.023438,-1,209.350564,24.101492
2025-08-06T13:17:17.257479,1395,3.003906,3.015625,3.0117190000000003,-1,209.960916,24.101492
2025-08-06T13:17:17.751344,1396,3.003906,3.011719,3.0117190000000003,-1,209.960916,24.110935
2025-08-06T13:17:18.753386,1397,3.003906,3.011719,3.019531,-1,209.716775,24.092049
2025-08-06T13:17:19.254799,1398,3.003906,3.011719,3.0117190000000003,-1,209.472635,24.101492
2025-08-06T13:17:20.251820,1399,3.003906,3.015625,3.015625,-1,209.594705,24.092049
2025-08-06T13:17:20.752841,1400,3.003906,3.011719,3.019531,-1,209.960916,24.082606
2025-08-06T13:17:22.252246,1401,3.003906,3.011719,3.015625,-1,210.205057,24.082606
2025-08-06T13:17:22.755193,1402,3.003906,3.007812,3.015625,-1,210.205057,24.082606
2025-08-06T13:17:23.255537,1403,3.003906,3.011719,3.023438,-1,209.838846,24.082606
2025-08-06T13:17:25.257683,1404,3.003906,3.011719,3.023438,-1,209.594705,24.082606
2025-08-06T13:17:28.263317,1405,3.003906,3.011719,3.023438,-1,209.716775,24.110935
2025-08-06T13:17:29.763836,1406,3.003906,3.011719,3.0117190000000003,-1,209.960916,24.092049
2025-08-06T13:17:32.769305,1407,3.003906,3.015625,3.015625,-1,209.716775,24.082606
2025-08-06T13:17:34.269248,1408,3.003906,3.019531,3.0273440000000003,-1,210.082986,24.044836
2025-08-06T13:17:37.272917,1409,3.003906,3.011719,3.039062,-1,210.082986,24.063721
2025-08-06T13:17:37.776714,1410,3.003906,3.011719,3.015625,-1,210.449197,24.082606
2025-08-06T13:17:38.271659,1411,3.003906,3.011719,3.0117190000000003,-1,210.082986,24.082606
2025-08-06T13:17:39.775814,1412,3.003906,3.015625,3.015625,-1,210.082986,24.101492
2025-08-06T13:17:40.802190,1413,3.007812,3.015625,3.003906,-1,209.838846,24.101492
2025-08-06T13:17:43.287316,1414,3.003906,3.007812,3.015625,-1,209.960916,24.073163
2025-08-06T13:17:43.782916,1415,3.003906,3.011719,3.015625,-1,209.838846,24.082606
2025-08-06T13:17:44.285160,1416,3.003906,3.007812,3.015625,-1,209.838846,24.082606
2025-08-06T13:17:44.783016,1417,3.003906,3.011719,3.019531,-1,209.960916,24.092049
2025-08-06T13:17:46.286435,1418,3.003906,3.015625,3.0273440000000003,-1,210.449197,24.110935
2025-08-06T13:17:46.785379,1419,3.003906,3.019531,3.0117190000000003,-1,210.449197,24.082606
2025-08-06T13:17:47.288557,1420,3.007812,3.011719,3.015625,-1,210.449197,24.082606
2025-08-06T13:17:47.789888,1421,3.003906,3.011719,3.023438,-1,210.205057,24.101492
2025-08-06T13:17:48.287080,1422,3.003906,3.011719,3.019531,-1,209.960916,24.092049
2025-08-06T13:17:48.787888,1423,3.003906,3.011719,3.023438,-1,209.960916,24.073163
2025-08-06T13:17:49.294239,1424,3.003906,3.011719,3.023438,-1,210.205057,24.073163
2025-08-06T13:17:50.800560,1425,3.003906,3.007812,3.015625,-1,210.082986,24.073163
2025-08-06T13:17:51.804408,1426,3.003906,3.011719,3.015625,-1,209.838846,24.073163
2025-08-06T13:17:52.295407,1427,3.007812,3.015625,3.019531,-1,209.716775,24.082606
2025-08-06T13:17:52.798821,1428,3.003906,3.011719,3.015625,-1,209.838846,24.082606
2025-08-06T13:17:54.797422,1429,3.003906,3.007812,3.0117190000000003,-1,210.327127,24.110935
2025-08-06T13:17:55.797098,1430,3.003906,3.011719,3.019531,-1,210.571268,24.139265
2025-08-06T13:17:56.298370,1431,3.003906,3.015625,3.0117190000000003,-1,210.205057,24.148709
2025-08-06T13:17:56.805473,1432,3.003906,3.011719,3.0273440000000003,-1,210.082986,24.129822
2025-08-06T13:17:57.316165,1433,3.003906,3.015625,3.019531,-1,209.838846,24.120378
2025-08-06T13:17:58.313115,1434,3.003906,3.011719,3.007812,-1,210.327127,24.101492
2025-08-06T13:17:59.304328,1435,3.003906,3.019531,3.0117190000000003,-1,210.571268,24.092049
2025-08-06T13:18:00.809167,1436,3.003906,3.015625,3.015625,-1,211.54783,24.073163
2025-08-06T13:18:01.309298,1437,3.003906,3.015625,3.015625,-1,211.6699,24.063721
2025-08-06T13:18:02.309268,1438,3.003906,3.007812,3.0273440000000003,-1,210.205057,24.044836
2025-08-06T13:18:03.320454,1439,3.003906,3.015625,3.019531,-1,209.594705,24.063721
2025-08-06T13:18:04.817613,1440,3.003906,3.011719,3.0117190000000003,-1,210.449197,24.063721
2025-08-06T13:18:05.320628,1441,3.003906,3.011719,3.023438,-1,210.327127,24.063721
2025-08-06T13:18:05.816394,1442,3.003906,3.019531,3.023438,-1,210.449197,24.073163
2025-08-06T13:18:06.818313,1443,3.003906,3.015625,3.019531,-1,210.205057,24.073163
2025-08-06T13:18:07.818057,1444,3.003906,3.015625,3.019531,-1,210.082986,24.063721
2025-08-06T13:18:08.816499,1445,3.003906,3.015625,3.023438,-1,210.571268,24.063721
2025-08-06T13:18:09.822576,1446,3.003906,3.011719,3.015625,-1,210.205057,24.073163
2025-08-06T13:18:10.822342,1447,3.003906,3.011719,3.015625,-1,210.449197,24.073163
2025-08-06T13:18:11.323435,1448,3.007812,3.011719,3.015625,-1,210.327127,24.082606
2025-08-06T13:18:13.826946,1449,3.003906,3.007812,3.015625,-1,209.472635,24.101492
2025-08-06T13:18:14.326470,1450,3.011719,3.019531,3.023438,-1,209.838846,24.092049
2025-08-06T13:18:14.827367,1451,3.015625,3.019531,3.0273440000000003,-1,210.815408,24.082606
2025-08-06T13:18:15.355976,1452,3.003906,3.019531,3.023438,-1,211.181619,24.073163
2025-08-06T13:18:16.329787,1453,3.003906,3.011719,3.007812,-1,210.937478,24.073163
2025-08-06T13:18:16.831391,1454,3.003906,3.011719,3.023438,-1,210.937478,24.073163
2025-08-06T13:18:18.334110,1455,3.003906,3.011719,3.019531,-1,210.937478,24.073163
2025-08-06T13:18:18.834954,1456,3.003906,3.015625,3.015625,-1,211.791971,24.063721
2025-08-06T13:18:19.844857,1457,3.003906,3.019531,3.03125,-1,212.158181,24.063721
2025-08-06T13:18:20.335375,1458,3.003906,3.011719,3.015625,-1,212.402322,24.101492
2025-08-06T13:18:20.835178,1459,3.003906,3.007812,3.019531,-1,212.158181,24.082606
2025-08-06T13:18:22.838874,1460,3.003906,3.015625,3.019531,-1,212.524392,24.054279
2025-08-06T13:18:24.342260,1461,3.003906,3.015625,3.0117190000000003,-1,212.158181,24.063721
2025-08-06T13:18:24.841698,1462,3.003906,3.007812,3.015625,-1,212.036111,24.054279
2025-08-06T13:18:25.345158,1463,3.003906,3.007812,3.0117190000000003,-1,212.036111,24.063721
2025-08-06T13:18:26.355108,1464,3.003906,3.011719,3.0117190000000003,-1,211.303689,24.044836
2025-08-06T13:18:27.855095,1465,3.003906,3.011719,3.0117190000000003,-1,210.937478,24.063721
2025-08-06T13:18:31.353404,1466,3.003906,3.007812,3.015625,-1,211.303689,24.073163
2025-08-06T13:18:31.912379,1467,3.003906,3.015625,3.019531,-1,212.158181,24.073163
2025-08-06T13:18:32.457772,1468,3.003906,3.007812,3.007812,-1,211.914041,24.092049
2025-08-06T13:18:33.439834,1469,3.003906,3.011719,3.0117190000000003,-1,211.181619,24.082606
2025-08-06T13:18:34.855902,1470,3.003906,3.011719,3.023438,-1,211.791971,24.082606
2025-08-06T13:18:36.383229,1471,3.003906,3.011719,3.007812,-1,211.303689,24.082606
2025-08-06T13:18:36.946616,1472,3.003906,3.011719,3.019531,-1,211.303689,24.092049
2025-08-06T13:18:37.363067,1473,3.003906,3.015625,3.0117190000000003,-1,211.42576,24.082606
2025-08-06T13:18:37.925648,1474,3.003906,3.015625,3.0117190000000003,-1,211.54783,24.082606
2025-08-06T13:18:38.921708,1475,3.003906,3.011719,3.015625,-1,211.54783,24.073163
2025-08-06T13:18:39.908692,1476,3.003906,3.015625,3.019531,-1,211.303689,24.063721
2025-08-06T13:18:40.430878,1477,3.003906,3.015625,3.0117190000000003,-1,211.181619,24.063721
2025-08-06T13:18:40.940129,1478,3.003906,3.023438,3.015625,-1,209.350564,24.082606
2025-08-06T13:18:41.436383,1479,3.003906,3.011719,3.015625,-1,208.984354,24.092049
2025-08-06T13:18:42.870878,1480,3.003906,3.011719,3.015625,-1,209.472635,24.073163
2025-08-06T13:18:44.874815,1481,3.003906,3.007812,3.019531,-1,208.984354,24.082606
2025-08-06T13:18:45.426387,1482,3.003906,3.015625,3.015625,-1,209.472635,24.073163
2025-08-06T13:18:45.876723,1483,3.003906,3.015625,3.019531,-1,209.716775,24.063721
2025-08-06T13:18:48.396865,1484,3.003906,3.011719,3.019531,-1,209.472635,24.007069
2025-08-06T13:18:48.875448,1485,3.003906,3.011719,3.015625,-1,209.472635,24.025953
2025-08-06T13:18:49.378327,1486,3.003906,3.015625,3.023438,-1,209.228494,24.025953
2025-08-06T13:18:49.876259,1487,3.003906,3.011719,3.0117190000000003,-1,208.984354,24.025953
2025-08-06T13:18:50.375926,1488,3.003906,3.011719,3.015625,-1,208.984354,24.044836
2025-08-06T13:18:53.383807,1489,3.003906,3.019531,3.0117190000000003,-1,208.862283,24.101492
2025-08-06T13:18:54.388341,1490,3.003906,3.011719,3.019531,-1,208.862283,24.101492
2025-08-06T13:18:56.891845,1491,3.003906,3.011719,3.0273440000000003,-1,209.350564,24.129822
2025-08-06T13:18:57.885406,1492,3.003906,3.015625,3.015625,-1,209.350564,24.110935
2025-08-06T13:18:59.391956,1493,3.003906,3.007812,3.007812,-1,208.984354,24.101492
2025-08-06T13:19:01.403975,1494,3.003906,3.011719,3.015625,-1,209.228494,24.110935
2025-08-06T13:19:02.395868,1495,3.003906,3.015625,3.015625,-1,208.984354,24.101492
2025-08-06T13:19:03.399377,1496,3.003906,3.011719,3.023438,-1,209.350564,24.092049
2025-08-06T13:19:03.899606,1497,3.003906,3.011719,3.023438,-1,209.350564,24.110935
2025-08-06T13:19:04.919332,1498,3.003906,3.011719,3.0117190000000003,-1,210.327127,24.120378
2025-08-06T13:19:05.930409,1499,3.007812,3.015625,3.015625,-1,211.059549,24.120378
2025-08-06T13:19:06.457407,1500,3.003906,3.011719,3.003906,-1,211.059549,24.120378
2025-08-06T13:19:07.482702,1501,3.007812,3.011719,3.019531,-1,210.693338,24.129822
2025-08-06T13:19:07.905130,1502,3.003906,3.015625,3.023438,-1,210.937478,24.110935
2025-08-06T13:19:08.440363,1503,3.003906,3.015625,3.019531,-1,211.059549,24.101492
2025-08-06T13:19:10.899883,1504,3.003906,3.007812,3.007812,-1,210.815408,24.073163
2025-08-06T13:19:11.945662,1505,3.007812,3.015625,3.019531,-1,211.059549,24.082606
2025-08-06T13:19:14.408821,1506,3.003906,3.007812,3.019531,-1,208.984354,24.101492
2025-08-06T13:19:14.917655,1507,3.003906,3.011719,3.0117190000000003,-1,208.984354,24.073163
2025-08-06T13:19:15.991231,1508,3.003906,3.015625,3.019531,-1,208.984354,24.073163
2025-08-06T13:19:18.422145,1509,3.003906,3.011719,3.019531,-1,209.594705,24.092049
2025-08-06T13:19:19.415573,1510,3.003906,3.015625,3.023438,-1,209.472635,24.101492
2025-08-06T13:19:19.926002,1511,3.003906,3.011719,3.019531,-1,209.228494,24.101492
2025-08-06T13:19:23.432951,1512,3.003906,3.011719,3.0117190000000003,-1,209.716775,24.120378
2025-08-06T13:19:23.946961,1513,3.003906,3.015625,3.015625,-1,209.716775,24.120378
2025-08-06T13:19:24.481499,1514,3.003906,3.015625,3.019531,-1,209.838846,24.120378
2025-08-06T13:19:24.918293,1515,3.003906,3.015625,3.015625,-1,210.205057,24.110935
2025-08-06T13:19:25.472847,1516,3.003906,3.007812,3.015625,-1,209.960916,24.110935
2025-08-06T13:19:26.928119,1517,3.003906,3.015625,3.019531,-1,210.205057,24.092049
2025-08-06T13:19:27.458320,1518,3.003906,3.011719,3.0117190000000003,-1,209.960916,24.092049
2025-08-06T13:19:27.922404,1519,3.003906,3.015625,3.023438,-1,209.960916,24.092049
2025-08-06T13:19:28.972319,1520,3.003906,3.011719,3.015625,-1,209.838846,24.073163
2025-08-06T13:19:29.479888,1521,3.007812,3.011719,3.019531,-1,209.716775,24.063721
2025-08-06T13:19:29.928673,1522,3.003906,3.007812,3.019531,-1,209.838846,24.054279
2025-08-06T13:19:31.425973,1523,3.003906,3.019531,3.019531,-1,210.082986,24.063721
2025-08-06T13:19:33.929062,1524,3.003906,3.015625,3.015625,-1,209.228494,24.092049
2025-08-06T13:19:35.128143,1525,3.003906,3.007812,3.019531,-1,209.594705,24.092049
2025-08-06T13:19:35.437341,1526,3.003906,3.015625,3.019531,-1,209.472635,24.063721
2025-08-06T13:19:35.968564,1527,3.003906,3.011719,3.015625,-1,209.472635,24.120378
2025-08-06T13:19:36.933105,1528,3.003906,3.011719,3.023438,-1,209.350564,24.110935
2025-08-06T13:19:37.504851,1529,3.003906,3.015625,3.0273440000000003,-1,209.472635,24.110935
2025-08-06T13:19:38.435553,1530,3.003906,3.007812,3.019531,-1,210.205057,24.110935
2025-08-06T13:19:40.435822,1531,3.003906,3.015625,3.0117190000000003,-1,210.327127,24.092049
2025-08-06T13:19:43.448841,1532,3.003906,3.015625,3.0117190000000003,-1,209.960916,24.101492
2025-08-06T13:19:44.484281,1533,3.003906,3.015625,3.019531,-1,209.716775,24.101492
2025-08-06T13:19:45.448376,1534,3.003906,3.015625,3.015625,-1,210.205057,24.082606
2025-08-06T13:19:47.951309,1535,3.003906,3.011719,3.019531,-1,210.327127,24.120378
2025-08-06T13:19:48.442829,1536,3.003906,3.011719,3.019531,-1,210.327127,24.101492
2025-08-06T13:19:52.014633,1537,3.003906,3.011719,3.0117190000000003,-1,210.205057,24.101492
2025-08-06T13:19:52.553199,1538,3.003906,3.019531,3.0273440000000003,-1,210.327127,24.110935
2025-08-06T13:19:53.012292,1539,3.003906,3.015625,3.015625,-1,210.082986,24.110935
2025-08-06T13:19:54.011790,1540,3.003906,3.011719,3.019531,-1,209.960916,24.110935
2025-08-06T13:19:55.483349,1541,3.003906,3.007812,3.019531,-1,209.472635,24.110935
2025-08-06T13:19:57.026750,1542,3.003906,3.015625,3.023438,-1,208.984354,24.110935
2025-08-06T13:19:58.469318,1543,3.003906,3.007812,3.023438,-1,209.106424,24.110935
2025-08-06T13:20:01.462751,1544,3.003906,3.011719,3.023438,-1,209.350564,24.073163
2025-08-06T13:20:01.965948,1545,3.003906,3.011719,3.019531,-1,209.106424,24.016511
2025-08-06T13:20:03.475486,1546,3.003906,3.007812,3.019531,-1,208.984354,24.054279
2025-08-06T13:20:05.041859,1547,3.003906,3.015625,3.007812,-1,209.106424,24.092049
2025-08-06T13:20:08.469249,1548,3.003906,3.011719,3.019531,-1,209.350564,24.129822
2025-08-06T13:20:08.969584,1549,3.003906,3.011719,3.023438,-1,209.350564,24.139265
2025-08-06T13:20:09.602321,1550,3.003906,3.011719,3.019531,-1,209.350564,24.148709
2025-08-06T13:20:10.476376,1551,3.003906,3.011719,3.007812,-1,209.228494,24.167598
2025-08-06T13:20:12.482108,1552,3.003906,3.007812,3.0117190000000003,-1,209.350564,24.129822
2025-08-06T13:20:13.706686,1553,3.003906,3.011719,3.015625,-1,209.716775,24.110935
2025-08-06T13:20:15.019950,1554,3.003906,3.015625,3.019531,-1,209.228494,24.110935
2025-08-06T13:20:15.670344,1555,3.003906,3.011719,3.019531,-1,209.106424,24.110935
2025-08-06T13:20:16.011873,1556,3.007812,3.015625,3.003906,-1,209.106424,24.110935
2025-08-06T13:20:18.082764,1557,3.003906,3.015625,3.0117190000000003,-1,210.082986,24.092049
2025-08-06T13:20:18.515310,1558,3.003906,3.015625,3.015625,-1,210.082986,24.129822
2025-08-06T13:20:19.053827,1559,3.003906,3.007812,3.019531,-1,210.449197,24.139265
2025-08-06T13:20:20.582346,1560,3.003906,3.007812,3.039062,-1,210.082986,24.120378
2025-08-06T13:20:22.018358,1561,3.003906,3.011719,3.015625,-1,210.205057,24.110935
2025-08-06T13:20:23.010550,1562,3.003906,3.007812,3.019531,-1,210.205057,24.120378
2025-08-06T13:20:23.543190,1563,3.003906,3.015625,3.015625,-1,210.327127,24.110935
2025-08-06T13:20:27.039828,1564,3.003906,3.011719,3.03125,-1,209.960916,24.092049
2025-08-06T13:20:27.582320,1565,3.003906,3.011719,3.015625,-1,210.327127,24.082606
2025-08-06T13:20:28.035047,1566,3.003906,3.011719,3.035156,-1,210.449197,24.082606
2025-08-06T13:20:28.759342,1567,3.003906,3.011719,3.015625,-1,210.449197,24.082606
2025-08-06T13:20:30.112299,1568,3.003906,3.015625,3.015625,-1,209.472635,24.092049
2025-08-06T13:20:34.032391,1569,3.003906,3.011719,3.015625,-1,209.350564,24.101492
2025-08-06T13:20:34.553082,1570,3.003906,3.011719,3.023438,-1,209.228494,24.092049
2025-08-06T13:20:35.725185,1571,3.003906,3.007812,3.0117190000000003,-1,209.106424,24.063721
2025-08-06T13:20:36.083389,1572,3.003906,3.015625,3.015625,-1,208.984354,24.073163
2025-08-06T13:20:36.596599,1573,3.003906,3.011719,3.015625,-1,209.106424,24.054279
2025-08-06T13:20:37.017679,1574,3.003906,3.011719,3.015625,-1,209.228494,24.044836
2025-08-06T13:20:38.521837,1575,3.003906,3.015625,3.019531,-1,209.594705,24.054279
2025-08-06T13:20:39.063821,1576,3.003906,3.015625,3.019531,-1,209.350564,24.054279
2025-08-06T13:20:40.025005,1577,3.003906,3.011719,3.0117190000000003,-1,209.350564,24.082606
2025-08-06T13:20:40.526648,1578,3.003906,3.007812,3.015625,-1,209.228494,24.082606
2025-08-06T13:20:41.047325,1579,3.003906,3.007812,3.0117190000000003,-1,209.228494,24.073163
2025-08-06T13:20:42.058235,1580,3.003906,3.011719,3.0117190000000003,-1,209.106424,24.063721
2025-08-06T13:20:43.533430,1581,3.003906,3.011719,3.015625,-1,209.228494,24.082606
2025-08-06T13:20:44.022742,1582,3.003906,3.007812,3.015625,-1,209.716775,24.082606
2025-08-06T13:20:45.040165,1583,3.003906,3.011719,3.0273440000000003,-1,209.106424,24.092049
2025-08-06T13:20:46.173663,1584,3.003906,3.011719,3.019531,-1,209.594705,24.101492
2025-08-06T13:20:47.540622,1585,3.003906,3.011719,3.019531,-1,209.960916,24.129822
2025-08-06T13:20:48.075616,1586,3.003906,3.015625,3.0117190000000003,-1,209.716775,24.110935
2025-08-06T13:20:49.050763,1587,3.003906,3.011719,3.015625,-1,209.350564,24.120378
2025-08-06T13:20:50.575748,1588,3.003906,3.015625,3.019531,-1,208.740213,24.110935
2025-08-06T13:20:51.092249,1589,3.003906,3.011719,3.0117190000000003,-1,208.251932,24.110935
2025-08-06T13:20:52.624675,1590,3.003906,3.015625,3.019531,-1,207.885721,24.092049
2025-08-06T13:20:53.067428,1591,3.003906,3.007812,3.023438,-1,208.862283,24.101492
2025-08-06T13:20:53.552342,1592,3.003906,3.007812,3.015625,-1,210.082986,24.110935
2025-08-06T13:20:56.048321,1593,3.003906,3.011719,3.015625,-1,211.42576,24.120378
2025-08-06T13:20:57.050854,1594,3.003906,3.011719,3.023438,-1,210.571268,24.101492
2025-08-06T13:20:57.551853,1595,3.003906,3.015625,3.015625,-1,209.960916,24.101492
2025-08-06T13:20:58.559703,1596,3.003906,3.011719,3.023438,-1,209.716775,24.101492
2025-08-06T13:20:59.053937,1597,3.003906,3.007812,3.015625,-1,209.594705,24.092049
2025-08-06T13:20:59.565689,1598,3.003906,3.007812,3.015625,-1,209.350564,24.092049
2025-08-06T13:21:00.131015,1599,3.003906,3.011719,3.0117190000000003,-1,209.472635,24.092049
2025-08-06T13:21:00.559240,1600,3.003906,3.015625,3.019531,-1,208.251932,24.082606
2025-08-06T13:21:02.098074,1601,3.003906,3.015625,3.023438,-1,207.763651,24.092049
2025-08-06T13:21:03.072595,1602,3.003906,3.011719,3.019531,-1,208.618143,24.063721
2025-08-06T13:21:03.625790,1603,3.003906,3.015625,3.015625,-1,210.571268,24.054279
2025-08-06T13:21:04.717202,1604,3.003906,3.015625,3.0117190000000003,-1,210.205057,24.063721
2025-08-06T13:21:05.073712,1605,3.003906,3.011719,3.015625,-1,210.693338,24.063721
2025-08-06T13:21:05.611398,1606,3.003906,3.011719,3.0117190000000003,-1,210.327127,24.063721
2025-08-06T13:21:06.062454,1607,3.003906,3.015625,3.0117190000000003,-1,210.327127,24.035394
2025-08-06T13:21:07.141110,1608,3.003906,3.003906,2.992188,-1,210.693338,24.016511
2025-08-06T13:21:07.693694,1609,3.003906,3.007812,3.003906,-1,211.181619,23.997628
2025-08-06T13:21:08.602435,1610,3.003906,3.007812,3.0273440000000003,-1,204.956034,23.978745
2025-08-06T13:21:09.089368,1611,3.003906,3.011719,3.019531,-1,204.833963,23.988186
2025-08-06T13:21:14.590470,1612,3.003906,3.011719,3.0273440000000003,-1,208.740213,23.827697
2025-08-06T13:21:15.663725,1613,3.003906,3.015625,3.015625,-1,205.566385,23.827697
2025-08-06T13:21:16.174359,1614,3.003906,3.015625,3.019531,-1,204.956034,23.818257
2025-08-06T13:21:17.557395,1615,3.003906,3.007812,3.015625,-1,204.833963,23.846577
2025-08-06T13:21:18.751645,1616,3.003906,3.007812,3.023438,-1,205.200174,23.874898
2025-08-06T13:21:19.325103,1617,3.003906,3.011719,3.003906,-1,205.688455,23.874898
2025-08-06T13:21:19.762199,1618,3.007812,3.011719,3.03125,-1,204.711893,23.903219
2025-08-06T13:21:21.292446,1619,3.011719,3.007812,3.019531,-1,204.711893,23.893778
2025-08-06T13:21:21.711820,1620,3.003906,3.019531,3.019531,-1,210.205057,23.903219
2025-08-06T13:21:22.186649,1621,3.003906,3.015625,3.015625,-1,213.623025,23.912659
2025-08-06T13:21:24.264848,1622,3.003906,3.011719,3.015625,-1,209.228494,23.950422
2025-08-06T13:21:27.210826,1623,3.003906,3.011719,3.019531,-1,208.007791,23.959863
2025-08-06T13:21:27.756380,1624,3.003906,3.011719,3.019531,-1,208.129862,23.959863
2025-08-06T13:21:28.258259,1625,3.003906,3.011719,3.015625,-1,208.129862,23.959863
2025-08-06T13:21:29.178522,1626,3.007812,3.015625,3.0273440000000003,-1,208.618143,23.978745
2025-08-06T13:21:30.208468,1627,3.003906,3.007812,3.015625,-1,208.374002,23.997628
2025-08-06T13:21:30.812902,1628,3.003906,3.011719,3.015625,-1,209.106424,24.016511
2025-08-06T13:21:31.234601,1629,3.015625,3.007812,3.035156,-1,213.134744,24.016511
2025-08-06T13:21:32.351165,1630,3.144531,3.070312,3.023438,-1,204.345682,24.016511
2025-08-06T13:21:32.753639,1631,3.285156,3.148438,2.957031,-1,182.617169,24.016511
2025-08-06T13:21:33.183651,1632,3.292969,3.085938,2.875,-1,78.002922,24.016511
2025-08-06T13:21:33.683871,1633,3.332031,3.03125,2.875,-1,77.880851,23.988186
2025-08-06T13:21:34.286840,1634,3.046875,3.066406,3.1367190000000003,-1,77.880851,23.959863
2025-08-06T13:21:34.713153,1635,3.015625,3.109375,3.0742190000000003,-1,168.334944,23.903219
2025-08-06T13:21:35.263358,1636,3.070312,3.03125,3.066406,-1,168.090803,23.912659
2025-08-06T13:21:35.801786,1637,3.140625,3.042969,2.929688,-1,170.165998,23.912659
2025-08-06T13:21:36.246063,1638,3.015625,3.039062,2.953125,-1,160.034163,23.940981
2025-08-06T13:21:36.794844,1639,3.066406,3.007812,3.019531,-1,156.982406,23.950422
2025-08-06T13:21:37.239332,1640,3.070312,3.011719,3.0117190000000003,-1,156.860335,23.950422
2025-08-06T13:21:37.785171,1641,3.0625,3.007812,3.019531,-1,156.738265,23.969304
2025-08-06T13:21:38.200233,1642,3.066406,3.003906,3.023438,-1,156.616195,23.978745
2025-08-06T13:21:38.758268,1643,3.070312,3.011719,3.0117190000000003,-1,156.616195,23.978745
2025-08-06T13:21:39.416836,1644,3.074219,3.003906,3.015625,-1,156.738265,23.997628
2025-08-06T13:21:39.743978,1645,3.070312,3.003906,3.007812,-1,156.982406,23.997628
2025-08-06T13:21:40.713469,1646,3.074219,3.003906,3.007812,-1,157.104476,24.007069
2025-08-06T13:21:41.276428,1647,3.078125,3.007812,3.019531,-1,157.104476,23.997628
2025-08-06T13:21:41.971204,1648,3.074219,3.003906,3.019531,-1,156.982406,24.007069
2025-08-06T13:21:42.381108,1649,3.074219,3.011719,3.015625,-1,156.860335,24.007069
2025-08-06T13:21:42.694445,1650,3.074219,3.003906,3.015625,-1,156.738265,24.007069
2025-08-06T13:21:43.214059,1651,3.074219,3.007812,3.007812,-1,156.738265,24.016511
2025-08-06T13:21:43.790700,1652,3.074219,3.003906,3.019531,-1,156.616195,24.035394
2025-08-06T13:21:44.422303,1653,3.070312,3.003906,3.007812,-1,156.860335,24.044836
2025-08-06T13:21:44.854666,1654,3.074219,3.007812,3.0117190000000003,-1,156.982406,24.044836
2025-08-06T13:21:45.297664,1655,3.070312,3.003906,3.019531,-1,157.104476,24.063721
2025-08-06T13:21:45.723667,1656,3.074219,3.007812,3.0117190000000003,-1,157.104476,24.054279
2025-08-06T13:21:46.267822,1657,3.066406,3.007812,3.023438,-1,157.592757,24.044836
2025-08-06T13:21:46.828203,1658,3.070312,3.007812,3.0117190000000003,-1,157.104476,24.054279
2025-08-06T13:21:47.264204,1659,3.070312,3.003906,3.003906,-1,157.226546,24.044836
2025-08-06T13:21:47.807203,1660,3.070312,3.003906,3.019531,-1,156.860335,24.073163
2025-08-06T13:21:48.229203,1661,3.078125,3.007812,3.007812,-1,156.616195,24.054279
2025-08-06T13:21:48.744164,1662,3.070312,3.007812,3.015625,-1,156.860335,24.054279
2025-08-06T13:21:49.227015,1663,3.074219,3.003906,3.015625,-1,156.738265,24.054279
2025-08-06T13:21:49.771397,1664,3.074219,3.007812,3.0117190000000003,-1,156.982406,24.054279
2025-08-06T13:21:50.271871,1665,3.074219,3.007812,3.003906,-1,156.982406,24.054279
2025-08-06T13:21:50.836130,1666,3.078125,3.003906,3.03125,-1,157.104476,24.063721
2025-08-06T13:21:51.279634,1667,3.082031,3.015625,3.03125,-1,157.104476,24.054279
2025-08-06T13:21:51.709287,1668,3.070312,3.019531,3.015625,-1,157.104476,24.063721
2025-08-06T13:21:52.220319,1669,3.074219,3.015625,3.0117190000000003,-1,157.226546,24.063721
2025-08-06T13:21:52.787730,1670,3.070312,3.011719,3.007812,-1,156.982406,24.063721
2025-08-06T13:21:53.243352,1671,3.058594,3.027344,3.03125,-1,156.982406,24.063721
2025-08-06T13:21:53.860333,1672,3.070312,3.007812,3.007812,-1,156.982406,24.073163
2025-08-06T13:21:54.265344,1673,3.074219,3.015625,3.015625,-1,156.860335,24.054279
2025-08-06T13:21:54.773837,1674,3.074219,3.015625,3.015625,-1,156.738265,24.063721
2025-08-06T13:21:55.309870,1675,3.070312,3.015625,3.007812,-1,156.616195,24.044836
2025-08-06T13:21:55.870674,1676,3.070312,3.011719,3.015625,-1,156.616195,24.044836
2025-08-06T13:21:56.418156,1677,3.070312,3.015625,3.007812,-1,156.616195,24.044836
2025-08-06T13:21:56.735648,1678,3.070312,3.015625,3.019531,-1,156.738265,24.054279
2025-08-06T13:21:57.284791,1679,3.066406,3.011719,3.003906,-1,156.860335,24.054279
2025-08-06T13:21:57.727703,1680,3.074219,3.015625,3.0117190000000003,-1,156.860335,24.054279
2025-08-06T13:21:58.271512,1681,3.074219,3.023438,3.0117190000000003,-1,156.982406,24.035394
2025-08-06T13:21:58.716827,1682,3.070312,3.011719,3.015625,-1,156.982406,24.035394
2025-08-06T13:21:59.268976,1683,3.074219,3.015625,3.0117190000000003,-1,157.104476,24.025953
2025-08-06T13:21:59.914575,1684,3.070312,3.015625,3.019531,-1,157.104476,24.016511
2025-08-06T13:22:00.252309,1685,3.074219,3.015625,3.015625,-1,157.104476,24.016511
2025-08-06T13:22:00.822084,1686,3.074219,3.019531,3.019531,-1,157.104476,24.035394
2025-08-06T13:22:01.243016,1687,3.070312,3.015625,3.019531,-1,156.982406,24.035394
2025-08-06T13:22:01.792354,1688,3.074219,3.011719,3.019531,-1,156.738265,24.044836
2025-08-06T13:22:02.217377,1689,3.066406,3.015625,3.019531,-1,156.738265,24.016511
2025-08-06T13:22:02.761875,1690,3.070312,3.011719,3.007812,-1,156.860335,24.044836
2025-08-06T13:22:03.299876,1691,3.074219,3.019531,3.007812,-1,156.738265,24.044836
2025-08-06T13:22:03.744875,1692,3.078125,3.015625,3.003906,-1,156.860335,24.044836
2025-08-06T13:22:04.405877,1693,3.078125,3.015625,3.0117190000000003,-1,156.982406,24.044836
2025-08-06T13:22:04.928472,1694,3.074219,3.011719,3.0117190000000003,-1,157.226546,24.044836
2025-08-06T13:22:05.226417,1695,3.074219,3.019531,3.015625,-1,157.226546,24.035394
2025-08-06T13:22:05.801706,1696,3.070312,3.007812,3.007812,-1,157.226546,24.054279
2025-08-06T13:22:06.264304,1697,3.074219,3.015625,3.0117190000000003,-1,157.104476,24.054279
2025-08-06T13:22:06.788319,1698,3.070312,3.015625,3.0117190000000003,-1,157.104476,24.063721
2025-08-06T13:22:07.223835,1699,3.074219,3.019531,3.015625,-1,156.982406,24.063721
2025-08-06T13:22:07.787692,1700,3.066406,3.019531,3.007812,-1,156.860335,24.063721
2025-08-06T13:22:08.325105,1701,3.074219,3.015625,3.0117190000000003,-1,156.982406,24.073163
2025-08-06T13:22:08.761345,1702,3.074219,3.015625,3.015625,-1,156.860335,24.082606
2025-08-06T13:22:09.307026,1703,3.070312,3.011719,3.0117190000000003,-1,157.104476,24.073163
2025-08-06T13:22:09.835862,1704,3.066406,3.015625,3.003906,-1,157.348617,24.082606
2025-08-06T13:22:10.246756,1705,3.074219,3.015625,3.015625,-1,157.348617,24.092049
2025-08-06T13:22:10.808842,1706,3.066406,3.019531,3.015625,-1,157.470687,24.082606
2025-08-06T13:22:11.273125,1707,3.078125,3.011719,3.0117190000000003,-1,157.226546,24.082606
2025-08-06T13:22:11.732657,1708,3.070312,3.015625,3.023438,-1,157.104476,24.101492
2025-08-06T13:22:12.377679,1709,3.070312,3.023438,3.019531,-1,156.982406,24.092049
2025-08-06T13:22:12.815424,1710,3.074219,3.015625,3.0117190000000003,-1,156.860335,24.054279
2025-08-06T13:22:13.264409,1711,3.070312,3.011719,3.0117190000000003,-1,156.860335,24.082606
2025-08-06T13:22:13.805929,1712,3.070312,3.011719,3.015625,-1,156.738265,24.092049
2025-08-06T13:22:14.239815,1713,3.074219,3.019531,3.0117190000000003,-1,157.104476,24.082606
2025-08-06T13:22:14.790438,1714,3.074219,3.015625,3.0117190000000003,-1,157.226546,24.092049
2025-08-06T13:22:15.325383,1715,3.070312,3.011719,3.0117190000000003,-1,157.226546,24.092049
2025-08-06T13:22:15.770145,1716,3.070312,3.019531,3.019531,-1,157.226546,24.092049
2025-08-06T13:22:16.305938,1717,3.074219,3.011719,3.007812,-1,157.226546,24.092049
2025-08-06T13:22:16.754114,1718,3.074219,3.019531,3.0117190000000003,-1,157.226546,24.073163
2025-08-06T13:22:17.306940,1719,3.078125,3.019531,3.0117190000000003,-1,157.226546,24.082606
2025-08-06T13:22:17.732353,1720,3.070312,3.015625,3.0117190000000003,-1,156.982406,24.073163
2025-08-06T13:22:18.284295,1721,3.070312,3.015625,3.019531,-1,156.738265,24.073163
2025-08-06T13:22:18.832360,1722,3.070312,3.011719,3.0117190000000003,-1,156.860335,24.082606
2025-08-06T13:22:19.259830,1723,3.074219,3.011719,3.0117190000000003,-1,156.860335,24.073163
2025-08-06T13:22:19.771113,1724,3.0625,3.015625,3.0117190000000003,-1,156.982406,24.082606
2025-08-06T13:22:20.362330,1725,3.070312,3.015625,3.015625,-1,157.104476,24.063721
2025-08-06T13:22:20.786326,1726,3.078125,3.011719,3.0117190000000003,-1,157.104476,24.054279
2025-08-06T13:22:21.336335,1727,3.070312,3.019531,3.015625,-1,157.226546,24.063721
2025-08-06T13:22:21.773321,1728,3.074219,3.011719,3.015625,-1,157.104476,24.063721
2025-08-06T13:22:22.322625,1729,3.074219,3.015625,3.019531,-1,157.104476,24.073163
2025-08-06T13:22:22.746489,1730,3.074219,3.011719,3.003906,-1,157.348617,24.073163
2025-08-06T13:22:23.251709,1731,3.074219,3.019531,3.015625,-1,157.104476,24.073163
2025-08-06T13:22:23.764394,1732,3.070312,3.015625,3.0117190000000003,-1,156.982406,24.073163
2025-08-06T13:22:24.274347,1733,3.070312,3.015625,3.019531,-1,156.860335,24.082606
2025-08-06T13:22:24.820567,1734,3.074219,3.011719,3.0117190000000003,-1,156.738265,24.082606
2025-08-06T13:22:25.266363,1735,3.070312,3.011719,3.0117190000000003,-1,156.982406,24.073163
2025-08-06T13:22:25.809865,1736,3.070312,3.015625,3.007812,-1,157.104476,24.073163
2025-08-06T13:22:26.324351,1737,3.074219,3.011719,3.0117190000000003,-1,157.226546,24.063721
2025-08-06T13:22:26.828834,1738,3.070312,3.015625,3.015625,-1,157.226546,24.054279
2025-08-06T13:22:27.248116,1739,3.074219,3.015625,3.003906,-1,157.348617,24.054279
2025-08-06T13:22:27.763369,1740,3.070312,3.015625,3.0117190000000003,-1,157.226546,24.063721
2025-08-06T13:22:28.310200,1741,3.070312,3.019531,3.019531,-1,157.104476,24.073163
2025-08-06T13:22:28.827978,1742,3.074219,3.007812,3.019531,-1,156.982406,24.073163
2025-08-06T13:22:29.296634,1743,3.070312,3.023438,3.015625,-1,156.860335,24.063721
2025-08-06T13:22:29.746913,1744,3.0625,3.015625,3.0117190000000003,-1,156.982406,24.082606
2025-08-06T13:22:30.293580,1745,3.074219,3.015625,3.015625,-1,156.982406,24.082606
2025-08-06T13:22:30.825837,1746,3.074219,3.019531,3.0117190000000003,-1,157.104476,24.073163
2025-08-06T13:22:31.336906,1747,3.074219,3.007812,3.007812,-1,157.104476,24.073163
2025-08-06T13:22:31.804405,1748,3.074219,3.015625,3.007812,-1,157.226546,24.082606
2025-08-06T13:22:32.262828,1749,3.078125,3.023438,3.0117190000000003,-1,157.348617,24.082606
2025-08-06T13:22:32.803337,1750,3.074219,3.015625,3.0117190000000003,-1,157.226546,24.082606
2025-08-06T13:22:33.463368,1751,3.066406,3.011719,3.0117190000000003,-1,157.104476,24.082606
2025-08-06T13:22:33.902681,1752,3.074219,3.019531,3.0117190000000003,-1,156.982406,24.073163
2025-08-06T13:22:34.327892,1753,3.074219,3.011719,3.0117190000000003,-1,156.738265,24.073163
2025-08-06T13:22:34.771753,1754,3.070312,3.019531,3.015625,-1,156.738265,24.092049
2025-08-06T13:22:35.314539,1755,3.074219,3.015625,3.0117190000000003,-1,157.104476,24.082606
2025-08-06T13:22:35.855830,1756,3.070312,3.011719,3.015625,-1,157.348617,24.082606
2025-08-06T13:22:36.302836,1757,3.066406,3.015625,3.007812,-1,157.226546,24.082606
2025-08-06T13:22:36.845383,1758,3.078125,3.011719,3.019531,-1,157.226546,24.063721
2025-08-06T13:22:37.316386,1759,3.074219,3.015625,3.0117190000000003,-1,157.104476,24.082606
2025-08-06T13:22:37.854383,1760,3.070312,3.015625,3.0117190000000003,-1,157.104476,24.092049
2025-08-06T13:22:38.266383,1761,3.070312,3.019531,3.007812,-1,156.982406,24.101492
2025-08-06T13:22:38.768385,1762,3.078125,3.011719,3.0117190000000003,-1,156.982406,24.092049
2025-08-06T13:22:39.453388,1763,3.074219,3.015625,3.015625,-1,156.982406,24.092049
2025-08-06T13:22:39.769386,1764,3.074219,3.023438,3.0117190000000003,-1,157.348617,24.092049
2025-08-06T13:22:40.582875,1765,3.070312,3.015625,3.019531,-1,157.348617,24.092049
2025-08-06T13:22:40.795875,1766,3.074219,3.011719,3.0117190000000003,-1,157.348617,24.082606
2025-08-06T13:22:41.317827,1767,3.074219,3.015625,3.019531,-1,157.348617,24.092049
2025-08-06T13:22:41.771782,1768,3.066406,3.015625,3.003906,-1,157.470687,24.082606
2025-08-06T13:22:42.435628,1769,3.070312,3.019531,3.015625,-1,157.226546,24.063721
2025-08-06T13:22:42.849075,1770,3.074219,3.011719,3.015625,-1,156.982406,24.073163
2025-08-06T13:22:43.271217,1771,3.066406,3.015625,3.0117190000000003,-1,157.104476,24.082606
2025-08-06T13:22:43.775375,1772,3.074219,3.011719,3.0117190000000003,-1,156.982406,24.092049
2025-08-06T13:22:44.311070,1773,3.074219,3.015625,3.015625,-1,157.104476,24.082606
2025-08-06T13:22:44.768234,1774,3.070312,3.015625,3.0273440000000003,-1,156.860335,24.092049
2025-08-06T13:22:45.274559,1775,3.070312,3.019531,3.015625,-1,157.226546,24.092049
2025-08-06T13:22:45.796905,1776,3.074219,3.019531,3.015625,-1,157.226546,24.101492
2025-08-06T13:22:46.344441,1777,3.074219,3.015625,3.015625,-1,157.348617,24.101492
2025-08-06T13:22:46.797971,1778,3.070312,3.011719,3.019531,-1,157.714828,24.092049
2025-08-06T13:22:47.275256,1779,3.070312,3.019531,3.0117190000000003,-1,157.226546,24.101492
2025-08-06T13:22:47.802545,1780,3.074219,3.019531,3.023438,-1,157.226546,24.101492
2025-08-06T13:22:48.342406,1781,3.074219,3.015625,3.015625,-1,157.104476,24.092049
2025-08-06T13:22:48.775470,1782,3.074219,3.011719,3.015625,-1,156.982406,24.101492
2025-08-06T13:22:49.323500,1783,3.070312,3.015625,3.0117190000000003,-1,156.982406,24.101492
2025-08-06T13:22:49.839282,1784,3.070312,3.015625,3.023438,-1,156.982406,24.082606
2025-08-06T13:22:50.279828,1785,3.066406,3.015625,3.019531,-1,157.104476,24.101492
2025-08-06T13:22:50.839343,1786,3.070312,3.015625,3.007812,-1,157.348617,24.092049
2025-08-06T13:22:51.280366,1787,3.070312,3.015625,3.019531,-1,157.348617,24.092049
2025-08-06T13:22:51.822152,1788,3.074219,3.019531,3.0117190000000003,-1,157.348617,24.073163
2025-08-06T13:22:52.333152,1789,3.070312,3.019531,3.015625,-1,157.348617,24.054279
2025-08-06T13:22:52.841860,1790,3.066406,3.011719,3.0117190000000003,-1,157.470687,24.054279
2025-08-06T13:22:53.458592,1791,3.070312,3.011719,3.023438,-1,156.982406,24.054279
2025-08-06T13:22:53.900445,1792,3.070312,3.011719,3.015625,-1,156.982406,24.063721
2025-08-06T13:22:54.530365,1793,3.074219,3.015625,3.015625,-1,157.226546,24.054279
2025-08-06T13:22:54.854358,1794,3.078125,3.019531,3.0117190000000003,-1,157.226546,24.044836
2025-08-06T13:22:55.423658,1795,3.070312,3.011719,3.0117190000000003,-1,157.226546,24.007069
2025-08-06T13:22:55.867603,1796,3.070312,3.015625,3.0117190000000003,-1,157.348617,24.016511
2025-08-06T13:22:56.411622,1797,3.074219,3.011719,3.007812,-1,157.348617,24.007069
2025-08-06T13:22:56.934930,1798,3.074219,3.015625,3.015625,-1,157.348617,24.007069
2025-08-06T13:22:57.359942,1799,3.066406,3.015625,3.0117190000000003,-1,157.348617,23.997628
2025-08-06T13:22:57.909911,1800,3.0625,3.011719,3.0117190000000003,-1,157.348617,23.997628
2025-08-06T13:22:58.369264,1801,3.070312,3.015625,3.0117190000000003,-1,157.348617,23.997628
2025-08-06T13:22:58.936540,1802,3.070312,3.019531,3.0117190000000003,-1,157.348617,24.016511
2025-08-06T13:22:59.367093,1803,3.074219,3.019531,3.015625,-1,157.226546,24.016511
2025-08-06T13:22:59.908388,1804,3.078125,3.015625,3.015625,-1,157.104476,24.025953
2025-08-06T13:23:00.522689,1805,3.074219,3.015625,3.015625,-1,156.982406,24.016511
2025-08-06T13:23:00.937870,1806,3.074219,3.011719,3.015625,-1,156.982406,24.025953
2025-08-06T13:23:01.413374,1807,3.074219,3.015625,3.0117190000000003,-1,156.982406,24.016511
2025-08-06T13:23:01.861845,1808,3.070312,3.011719,3.0117190000000003,-1,156.982406,24.025953
2025-08-06T13:23:02.463404,1809,3.070312,3.015625,3.019531,-1,156.982406,24.016511
2025-08-06T13:23:03.035318,1810,3.066406,3.019531,3.0117190000000003,-1,157.104476,24.016511
2025-08-06T13:23:03.372130,1811,3.074219,3.015625,3.015625,-1,157.104476,24.007069
2025-08-06T13:23:03.919961,1812,3.078125,3.015625,3.015625,-1,157.226546,24.016511
2025-08-06T13:23:04.359143,1813,3.074219,3.011719,3.007812,-1,157.348617,24.016511
2025-08-06T13:23:04.919699,1814,3.074219,3.019531,3.0117190000000003,-1,157.348617,24.025953
2025-08-06T13:23:05.363698,1815,3.078125,3.007812,3.019531,-1,157.348617,24.007069
2025-08-06T13:23:06.074477,1816,3.070312,3.011719,3.015625,-1,156.982406,24.007069
2025-08-06T13:23:06.457474,1817,3.074219,3.015625,3.023438,-1,156.982406,24.007069
2025-08-06T13:23:06.869103,1818,3.074219,3.015625,3.023438,-1,156.860335,24.016511
2025-08-06T13:23:07.381211,1819,3.074219,3.019531,3.015625,-1,156.982406,24.025953
2025-08-06T13:23:07.957287,1820,3.074219,3.015625,3.007812,-1,157.226546,24.016511
2025-08-06T13:23:08.394287,1821,3.070312,3.023438,3.007812,-1,157.348617,24.025953
2025-08-06T13:23:09.110860,1822,3.066406,3.019531,3.0117190000000003,-1,157.348617,24.044836
2025-08-06T13:23:09.398861,1823,3.074219,3.011719,3.015625,-1,157.348617,24.025953
2025-08-06T13:23:09.941858,1824,3.074219,3.011719,3.0117190000000003,-1,157.226546,24.016511
2025-08-06T13:23:10.452859,1825,3.078125,3.011719,3.0117190000000003,-1,157.104476,23.997628
2025-08-06T13:23:11.005609,1826,3.078125,3.011719,3.023438,-1,156.860335,23.988186
2025-08-06T13:23:11.459777,1827,3.074219,3.019531,3.015625,-1,156.982406,23.978745
2025-08-06T13:23:11.896650,1828,3.070312,3.011719,3.015625,-1,156.982406,23.950422
2025-08-06T13:23:12.458403,1829,3.070312,3.019531,3.007812,-1,156.982406,23.950422
2025-08-06T13:23:12.878595,1830,3.070312,3.015625,3.015625,-1,157.226546,23.93154
2025-08-06T13:23:13.535857,1831,3.074219,3.015625,3.019531,-1,157.348617,23.93154
2025-08-06T13:23:13.966173,1832,3.078125,3.011719,3.015625,-1,157.104476,23.93154
2025-08-06T13:23:14.412860,1833,3.066406,3.007812,3.023438,-1,156.982406,23.940981
2025-08-06T13:23:36.549733,1834,3.074219,3.011719,3.019531,-1,157.226546,23.969304
2025-08-06T13:23:36.763823,1835,3.070312,3.015625,3.0117190000000003,-1,157.226546,23.969304
2025-08-06T13:23:37.279523,1836,3.074219,3.015625,3.015625,-1,157.104476,23.959863
2025-08-06T13:23:37.706968,1837,3.078125,3.015625,3.0117190000000003,-1,156.738265,23.950422
2025-08-06T13:23:38.215735,1838,3.078125,3.011719,3.0117190000000003,-1,156.860335,23.950422
2025-08-06T13:23:38.820613,1839,3.074219,3.015625,3.0117190000000003,-1,157.104476,23.959863
2025-08-06T13:23:39.268716,1840,3.070312,3.007812,3.0117190000000003,-1,156.982406,23.969304
2025-08-06T13:23:39.719812,1841,3.074219,3.023438,3.019531,-1,157.104476,23.969304
2025-08-06T13:23:40.261356,1842,3.074219,3.011719,3.015625,-1,157.226546,23.969304
2025-08-06T13:23:40.713963,1843,3.074219,3.015625,3.0117190000000003,-1,157.348617,23.978745
2025-08-06T13:23:41.156585,1844,3.078125,3.015625,3.015625,-1,157.348617,23.978745
2025-08-06T13:23:41.785835,1845,3.074219,3.015625,3.0117190000000003,-1,157.226546,23.997628
2025-08-06T13:23:42.378533,1846,3.066406,3.011719,3.019531,-1,157.104476,23.997628
2025-08-06T13:23:42.720823,1847,3.074219,3.015625,3.0117190000000003,-1,156.982406,23.997628
2025-08-06T13:23:43.223252,1848,3.074219,3.019531,3.015625,-1,156.982406,23.997628
2025-08-06T13:23:43.693308,1849,3.078125,3.011719,3.007812,-1,156.982406,24.007069
2025-08-06T13:23:44.243747,1850,3.066406,3.015625,3.015625,-1,157.348617,24.016511
2025-08-06T13:23:44.695560,1851,3.070312,3.015625,3.015625,-1,157.348617,23.997628
2025-08-06T13:23:45.222583,1852,3.074219,3.015625,3.0117190000000003,-1,157.348617,24.007069
2025-08-06T13:23:45.883799,1853,3.070312,3.011719,3.007812,-1,157.348617,24.016511
2025-08-06T13:23:46.217007,1854,3.078125,3.007812,3.015625,-1,157.348617,23.988186
2025-08-06T13:23:46.755851,1855,3.074219,3.015625,3.0117190000000003,-1,157.226546,23.997628
2025-08-06T13:23:47.201942,1856,3.070312,3.015625,3.007812,-1,157.104476,24.007069
2025-08-06T13:23:47.732143,1857,3.078125,3.015625,3.0117190000000003,-1,157.348617,24.007069
2025-08-06T13:23:48.250347,1858,3.074219,3.019531,3.015625,-1,156.982406,24.016511
2025-08-06T13:23:48.824515,1859,3.070312,3.019531,3.0117190000000003,-1,156.982406,24.016511
2025-08-06T13:23:49.271277,1860,3.070312,3.011719,3.0117190000000003,-1,157.104476,24.007069
2025-08-06T13:23:49.714278,1861,3.070312,3.007812,3.007812,-1,157.104476,24.025953
2025-08-06T13:23:50.251840,1862,3.074219,3.015625,3.019531,-1,157.226546,24.035394
2025-08-06T13:23:50.704854,1863,3.070312,3.015625,3.019531,-1,157.348617,24.035394
2025-08-06T13:23:51.249848,1864,3.074219,3.015625,3.0117190000000003,-1,157.348617,24.035394
2025-08-06T13:23:51.676972,1865,3.074219,3.011719,3.023438,-1,157.226546,24.044836
2025-08-06T13:23:52.222943,1866,3.078125,3.011719,3.023438,-1,157.348617,24.044836
2025-08-06T13:23:52.762944,1867,3.074219,3.015625,3.015625,-1,157.348617,24.035394
2025-08-06T13:23:53.182841,1868,3.074219,3.011719,3.019531,-1,157.226546,24.054279
2025-08-06T13:23:53.701382,1869,3.074219,3.007812,3.0117190000000003,-1,157.104476,24.044836
2025-08-06T13:23:54.236382,1870,3.074219,3.019531,3.015625,-1,157.226546,24.035394
2025-08-06T13:23:54.683383,1871,3.074219,3.015625,3.015625,-1,156.982406,24.035394
2025-08-06T13:23:55.195704,1872,3.082031,3.015625,3.015625,-1,157.104476,24.044836
2025-08-06T13:23:55.676314,1873,3.070312,3.011719,3.015625,-1,157.226546,24.044836
2025-08-06T13:23:56.185818,1874,3.070312,3.015625,3.0117190000000003,-1,157.226546,24.035394
2025-08-06T13:23:56.725956,1875,3.066406,3.007812,3.0117190000000003,-1,157.348617,24.035394
2025-08-06T13:23:57.176954,1876,3.078125,3.011719,3.015625,-1,157.470687,24.044836
2025-08-06T13:23:57.698895,1877,3.070312,3.007812,3.019531,-1,157.592757,24.044836
2025-08-06T13:23:58.256771,1878,3.074219,3.015625,3.023438,-1,157.348617,24.035394
2025-08-06T13:23:58.756150,1879,3.074219,3.019531,3.0117190000000003,-1,157.348617,24.035394
2025-08-06T13:23:59.370184,1880,3.074219,3.023438,3.015625,-1,157.348617,24.044836
2025-08-06T13:23:59.704178,1881,3.066406,3.015625,3.015625,-1,157.348617,24.035394
2025-08-06T13:24:00.218176,1882,3.074219,3.015625,3.019531,-1,157.226546,24.007069
2025-08-06T13:24:00.730546,1883,3.070312,3.023438,3.015625,-1,157.226546,24.007069
2025-08-06T13:24:01.181547,1884,3.074219,3.007812,3.015625,-1,157.104476,24.007069
2025-08-06T13:24:01.733366,1885,3.074219,3.011719,3.0117190000000003,-1,157.104476,23.988186
2025-08-06T13:24:02.259331,1886,3.066406,3.019531,3.007812,-1,156.982406,23.997628
2025-08-06T13:24:02.678274,1887,3.074219,3.011719,3.0117190000000003,-1,157.104476,24.016511
2025-08-06T13:24:03.191864,1888,3.070312,3.007812,3.023438,-1,156.982406,24.007069
2025-08-06T13:24:03.721201,1889,3.074219,3.019531,3.015625,-1,157.226546,24.007069
2025-08-06T13:24:04.204202,1890,3.070312,3.015625,3.019531,-1,157.226546,24.007069
2025-08-06T13:24:04.724205,1891,3.070312,3.019531,3.007812,-1,157.348617,24.007069
2025-08-06T13:24:05.262509,1892,3.070312,3.011719,3.015625,-1,157.348617,23.988186
2025-08-06T13:24:05.699415,1893,3.066406,3.015625,3.0117190000000003,-1,157.348617,23.978745
2025-08-06T13:24:06.257943,1894,3.070312,3.015625,3.019531,-1,156.982406,23.940981
2025-08-06T13:24:06.772427,1895,3.074219,3.011719,3.0117190000000003,-1,156.982406,23.912659
2025-08-06T13:24:07.281848,1896,3.070312,3.015625,3.007812,-1,156.982406,23.893778
2025-08-06T13:24:07.766280,1897,3.074219,3.011719,3.015625,-1,156.982406,23.912659
2025-08-06T13:24:08.318281,1898,3.074219,3.015625,3.015625,-1,157.104476,23.912659
2025-08-06T13:24:08.750450,1899,3.070312,3.019531,3.0117190000000003,-1,157.104476,23.912659
2025-08-06T13:24:09.279847,1900,3.066406,3.011719,3.015625,-1,157.470687,23.903219
2025-08-06T13:24:09.738705,1901,3.070312,3.015625,3.007812,-1,157.348617,23.912659
2025-08-06T13:24:10.203341,1902,3.066406,3.015625,3.0117190000000003,-1,157.348617,23.912659
2025-08-06T13:24:11.051067,1903,3.074219,3.007812,3.019531,-1,157.348617,23.903219
2025-08-06T13:24:11.494674,1904,3.070312,3.015625,3.015625,-1,157.226546,23.912659
2025-08-06T13:24:12.006673,1905,3.070312,3.015625,3.0117190000000003,-1,156.982406,23.912659
2025-08-06T13:24:12.258738,1906,3.074219,3.011719,3.007812,-1,156.982406,23.912659
2025-08-06T13:24:12.697111,1907,3.074219,3.011719,3.015625,-1,157.470687,23.9221
2025-08-06T13:24:13.340740,1908,3.074219,3.015625,3.015625,-1,157.226546,23.93154
2025-08-06T13:24:13.799365,1909,3.078125,3.011719,3.019531,-1,157.226546,23.940981
2025-08-06T13:24:14.233851,1910,3.078125,3.015625,3.0117190000000003,-1,157.348617,23.950422
2025-08-06T13:24:14.779641,1911,3.074219,3.007812,3.015625,-1,157.348617,23.93154
2025-08-06T13:24:15.223093,1912,3.074219,3.015625,3.015625,-1,157.226546,23.950422
2025-08-06T13:24:15.769515,1913,3.078125,3.015625,3.0117190000000003,-1,157.104476,23.950422
2025-08-06T13:24:16.197265,1914,3.074219,3.011719,3.019531,-1,157.226546,23.950422
2025-08-06T13:24:16.709883,1915,3.066406,3.019531,3.0117190000000003,-1,157.104476,23.950422
2025-08-06T13:24:17.222823,1916,3.074219,3.015625,3.015625,-1,157.104476,23.959863
2025-08-06T13:24:17.723718,1917,3.074219,3.015625,3.0117190000000003,-1,157.226546,23.950422
2025-08-06T13:24:18.246806,1918,3.070312,3.007812,3.007812,-1,157.226546,23.959863
2025-08-06T13:24:18.762487,1919,3.070312,3.011719,3.0117190000000003,-1,157.104476,23.950422
2025-08-06T13:24:19.240816,1920,3.074219,3.015625,3.0117190000000003,-1,157.592757,23.950422
2025-08-06T13:24:19.900479,1921,3.074219,3.015625,3.0117190000000003,-1,157.348617,23.950422
2025-08-06T13:24:20.353271,1922,3.078125,3.015625,3.019531,-1,157.592757,23.950422
2025-08-06T13:24:20.778381,1923,3.070312,3.019531,3.019531,-1,157.470687,23.940981
2025-08-06T13:24:21.217886,1924,3.066406,3.007812,3.015625,-1,157.470687,23.940981
2025-08-06T13:24:21.723540,1925,3.078125,3.023438,3.015625,-1,157.104476,23.940981
2025-08-06T13:24:22.207314,1926,3.074219,3.03125,3.0117190000000003,-1,157.104476,23.950422
2025-08-06T13:24:22.841498,1927,3.070312,3.015625,3.015625,-1,156.982406,23.959863
2025-08-06T13:24:23.250590,1928,3.070312,3.015625,3.015625,-1,156.982406,23.978745
2025-08-06T13:24:23.704965,1929,3.074219,3.011719,3.015625,-1,157.104476,23.959863
2025-08-06T13:24:24.208831,1930,3.078125,3.015625,3.015625,-1,157.104476,23.959863
2025-08-06T13:24:24.761704,1931,3.082031,3.019531,3.0,-1,157.348617,23.969304
2025-08-06T13:24:25.271042,1932,3.066406,3.019531,3.0117190000000003,-1,157.104476,23.959863
2025-08-06T13:24:25.723880,1933,3.070312,3.023438,3.015625,-1,157.470687,23.959863
2025-08-06T13:24:26.212807,1934,3.074219,3.011719,3.015625,-1,157.348617,23.969304
2025-08-06T13:24:26.741886,1935,3.066406,3.015625,3.015625,-1,157.348617,23.969304
2025-08-06T13:24:27.218932,1936,3.078125,3.011719,3.0117190000000003,-1,157.226546,23.969304
2025-08-06T13:24:27.744929,1937,3.074219,3.007812,3.015625,-1,157.592757,23.978745
2025-08-06T13:24:28.255856,1938,3.074219,3.015625,3.019531,-1,157.104476,23.969304
2025-08-06T13:24:28.773347,1939,3.070312,3.019531,3.0117190000000003,-1,156.982406,23.978745
2025-08-06T13:24:29.227544,1940,3.070312,3.007812,3.015625,-1,156.982406,23.988186
2025-08-06T13:24:29.737228,1941,3.074219,3.023438,3.0273440000000003,-1,157.104476,23.988186
2025-08-06T13:24:30.253226,1942,3.078125,3.019531,3.0117190000000003,-1,157.104476,23.978745
2025-08-06T13:24:30.727522,1943,3.074219,3.011719,3.015625,-1,157.348617,23.978745
2025-08-06T13:24:31.420829,1944,3.066406,3.011719,3.019531,-1,157.226546,23.988186
2025-08-06T13:24:31.778581,1945,3.070312,3.015625,3.0117190000000003,-1,157.592757,23.969304
2025-08-06T13:24:32.281345,1946,3.074219,3.011719,3.019531,-1,157.226546,23.988186
2025-08-06T13:24:32.732935,1947,3.070312,3.015625,3.003906,-1,157.226546,23.988186
2025-08-06T13:24:33.252719,1948,3.074219,3.015625,3.0117190000000003,-1,156.982406,23.997628
2025-08-06T13:24:33.776697,1949,3.074219,3.015625,3.0117190000000003,-1,156.982406,23.997628
2025-08-06T13:24:34.358706,1950,3.0625,3.007812,3.015625,-1,156.982406,23.978745
2025-08-06T13:24:34.757709,1951,3.070312,3.015625,3.019531,-1,156.982406,24.007069
2025-08-06T13:24:35.310444,1952,3.074219,3.019531,3.015625,-1,157.104476,23.988186
2025-08-06T13:24:35.750644,1953,3.070312,3.011719,3.007812,-1,157.348617,24.007069
2025-08-06T13:24:36.259860,1954,3.058594,3.007812,2.9804690000000003,-1,157.226546,24.007069
2025-08-06T13:24:36.777759,1955,3.054688,3.019531,3.015625,-1,157.348617,24.007069
2025-08-06T13:24:37.283424,1956,3.074219,3.015625,3.019531,-1,157.104476,24.007069
2025-08-06T13:24:37.796239,1957,3.070312,3.007812,3.019531,-1,157.348617,24.007069
2025-08-06T13:24:38.262916,1958,3.074219,3.019531,3.003906,-1,157.104476,24.007069
2025-08-06T13:24:38.810543,1959,3.066406,3.015625,3.015625,-1,157.104476,24.007069
2025-08-06T13:24:39.232421,1960,3.0625,3.011719,3.007812,-1,156.982406,23.988186
2025-08-06T13:24:39.784821,1961,3.070312,3.011719,3.023438,-1,157.104476,23.988186
2025-08-06T13:24:40.339853,1962,3.070312,3.019531,3.0117190000000003,-1,157.104476,24.007069
2025-08-06T13:24:40.759524,1963,3.082031,3.015625,3.03125,-1,157.226546,23.997628
2025-08-06T13:24:41.387360,1964,3.085938,3.015625,3.015625,-1,157.226546,23.997628
2025-08-06T13:24:41.840180,1965,3.078125,3.015625,3.0117190000000003,-1,157.470687,23.997628
2025-08-06T13:24:42.260200,1966,3.0625,3.007812,3.0273440000000003,-1,157.348617,23.988186
2025-08-06T13:24:42.733154,1967,3.074219,3.011719,3.023438,-1,157.226546,23.988186
2025-08-06T13:24:43.268673,1968,3.078125,3.011719,3.015625,-1,157.226546,23.997628
2025-08-06T13:24:43.820920,1969,3.078125,3.015625,3.0117190000000003,-1,157.104476,23.978745
2025-08-06T13:24:44.252712,1970,3.074219,3.015625,3.0117190000000003,-1,157.104476,23.978745
2025-08-06T13:24:44.804850,1971,3.074219,3.011719,3.0117190000000003,-1,157.104476,23.978745
2025-08-06T13:24:45.481033,1972,3.070312,3.015625,3.003906,-1,157.104476,23.978745
2025-08-06T13:24:45.791196,1973,3.074219,3.015625,3.0117190000000003,-1,157.226546,23.969304
2025-08-06T13:24:46.302320,1974,3.070312,3.019531,3.015625,-1,157.226546,23.959863
2025-08-06T13:24:46.913550,1975,3.070312,3.015625,3.019531,-1,157.104476,23.959863
2025-08-06T13:24:47.323485,1976,3.074219,3.015625,3.007812,-1,157.226546,23.969304
2025-08-06T13:24:47.842762,1977,3.078125,3.015625,3.007812,-1,157.226546,23.950422
2025-08-06T13:24:48.293592,1978,3.074219,3.015625,3.023438,-1,157.348617,23.940981
2025-08-06T13:24:48.836719,1979,3.074219,3.015625,3.015625,-1,157.470687,23.93154
2025-08-06T13:24:49.263906,1980,3.070312,3.019531,3.015625,-1,157.470687,23.93154
2025-08-06T13:24:49.820349,1981,3.078125,3.011719,3.007812,-1,157.470687,23.950422
2025-08-06T13:24:50.267138,1982,3.070312,3.015625,3.019531,-1,157.348617,23.93154
2025-08-06T13:24:50.800249,1983,3.074219,3.019531,3.015625,-1,157.348617,23.93154
2025-08-06T13:24:51.254616,1984,3.074219,3.015625,3.007812,-1,157.348617,23.9221
2025-08-06T13:24:51.792316,1985,3.074219,3.011719,3.003906,-1,157.104476,23.9221
2025-08-06T13:24:52.338057,1986,3.074219,3.011719,3.007812,-1,157.104476,23.9221
2025-08-06T13:24:52.777058,1987,3.066406,3.023438,3.015625,-1,157.104476,23.9221
2025-08-06T13:24:53.310591,1988,3.074219,3.011719,3.015625,-1,157.348617,23.9221
2025-08-06T13:24:53.876150,1989,3.074219,3.015625,3.015625,-1,157.226546,23.9221
2025-08-06T13:24:54.286917,1990,3.074219,3.019531,3.015625,-1,157.348617,23.9221
2025-08-06T13:24:54.800981,1991,3.078125,3.015625,3.0117190000000003,-1,157.470687,23.93154
2025-08-06T13:24:55.412857,1992,3.070312,3.011719,3.007812,-1,157.348617,23.940981
2025-08-06T13:24:55.836761,1993,3.074219,3.011719,3.015625,-1,157.470687,23.950422
2025-08-06T13:24:56.281132,1994,3.074219,3.015625,3.007812,-1,157.592757,23.950422
2025-08-06T13:24:56.933811,1995,3.074219,3.011719,3.0117190000000003,-1,157.470687,23.950422
2025-08-06T13:24:57.469812,1996,3.070312,3.015625,3.015625,-1,157.226546,23.940981
2025-08-06T13:24:57.816498,1997,3.074219,3.011719,3.015625,-1,157.104476,23.950422
2025-08-06T13:24:58.361653,1998,3.074219,3.015625,3.007812,-1,157.104476,23.950422
2025-08-06T13:24:58.767058,1999,3.066406,3.019531,3.015625,-1,157.226546,23.959863
2025-08-06T13:24:59.331460,2000,3.070312,3.015625,3.0117190000000003,-1,156.982406,23.959863
2025-08-06T13:24:59.754228,2001,3.074219,3.015625,3.019531,-1,156.982406,23.969304
2025-08-06T13:25:00.478652,2002,3.078125,3.019531,3.0117190000000003,-1,157.104476,23.988186
2025-08-06T13:25:00.783671,2003,3.066406,3.023438,3.0117190000000003,-1,156.982406,23.988186
2025-08-06T13:25:01.254102,2004,3.074219,3.015625,3.0117190000000003,-1,157.104476,23.988186
2025-08-06T13:25:01.795618,2005,3.070312,3.019531,3.0117190000000003,-1,157.348617,23.978745
2025-08-06T13:25:02.308162,2006,3.066406,3.015625,3.0117190000000003,-1,157.348617,23.969304
2025-08-06T13:25:02.753704,2007,3.070312,3.015625,3.015625,-1,157.592757,23.978745
2025-08-06T13:25:03.259846,2008,3.078125,3.019531,3.0117190000000003,-1,157.470687,23.959863
2025-08-06T13:25:03.800871,2009,3.074219,3.015625,3.015625,-1,157.348617,23.950422
2025-08-06T13:25:04.479913,2010,3.078125,3.015625,3.019531,-1,157.226546,23.950422
2025-08-06T13:25:04.878931,2011,3.070312,3.015625,3.015625,-1,157.104476,23.950422
2025-08-06T13:25:05.291122,2012,3.078125,3.019531,3.0117190000000003,-1,157.104476,23.93154
2025-08-06T13:25:05.804790,2013,3.066406,3.015625,3.015625,-1,157.104476,23.93154
2025-08-06T13:25:06.257747,2014,3.070312,3.011719,3.0117190000000003,-1,157.104476,23.9221
2025-08-06T13:25:06.758869,2015,3.074219,3.015625,3.0273440000000003,-1,157.470687,23.912659
2025-08-06T13:25:07.287027,2016,3.074219,3.015625,3.007812,-1,157.348617,23.9221
2025-08-06T13:25:07.800941,2017,3.070312,3.019531,3.007812,-1,157.470687,23.912659
2025-08-06T13:25:08.271233,2018,3.074219,3.011719,3.023438,-1,157.592757,23.93154
2025-08-06T13:25:08.784445,2019,3.078125,3.007812,3.015625,-1,157.348617,23.9221
2025-08-06T13:25:09.315427,2020,3.070312,3.015625,3.0117190000000003,-1,157.470687,23.940981
2025-08-06T13:25:09.771004,2021,3.074219,3.015625,3.019531,-1,157.348617,23.940981
2025-08-06T13:25:10.267821,2022,3.074219,3.015625,3.0117190000000003,-1,157.470687,23.959863
2025-08-06T13:25:10.910335,2023,3.078125,3.011719,3.015625,-1,157.348617,23.959863
2025-08-06T13:25:11.275590,2024,3.066406,3.019531,3.015625,-1,157.104476,23.959863
2025-08-06T13:25:11.810128,2025,3.070312,3.015625,3.015625,-1,157.226546,23.959863
2025-08-06T13:25:12.366195,2026,3.070312,3.019531,3.015625,-1,156.982406,23.959863
2025-08-06T13:25:12.818857,2027,3.074219,3.015625,3.015625,-1,157.104476,23.969304
2025-08-06T13:25:13.337900,2028,3.074219,3.011719,3.0117190000000003,-1,157.226546,23.959863
2025-08-06T13:25:13.845973,2029,3.074219,3.015625,3.0117190000000003,-1,157.470687,23.959863
2025-08-06T13:25:14.358103,2030,3.074219,3.019531,3.019531,-1,157.470687,23.959863
2025-08-06T13:25:14.775979,2031,3.070312,3.011719,3.0117190000000003,-1,157.592757,23.950422
2025-08-06T13:25:15.459825,2032,3.070312,3.015625,3.0117190000000003,-1,157.348617,23.969304
2025-08-10T13:40:19.978149,20619,3.042969,3.085938,3.0117190000000003,-1,159.362777,24.129822
2025-08-10T13:40:20.343152,20620,3.039062,3.082031,3.0117190000000003,-1,159.423812,24.139265
2025-08-10T13:40:20.710150,20621,3.039062,3.082031,3.015625,-1,159.545882,24.148709
2025-08-10T13:40:21.105151,20622,3.042969,3.085938,3.0117190000000003,-1,159.423812,24.148709
2025-08-10T13:40:21.478150,20623,3.039062,3.082031,3.019531,-1,159.362777,24.158153
2025-08-10T13:40:21.780151,20624,3.039062,3.082031,3.023438,-1,159.423812,24.158153
2025-08-10T13:40:22.162150,20625,3.035156,3.085938,3.015625,-1,159.484847,24.167598
2025-08-10T13:40:22.538150,20626,3.035156,3.082031,3.015625,-1,159.545882,24.167598
2025-08-10T13:40:22.899150,20627,3.039062,3.085938,3.015625,-1,159.606917,24.167598
2025-08-10T13:40:23.213167,20628,3.035156,3.082031,3.015625,-1,159.240706,24.177042
2025-08-10T13:40:23.599151,20629,3.050781,3.085938,3.015625,-1,158.935531,24.186487
2025-08-10T13:40:23.963150,20630,3.042969,3.070312,3.0273440000000003,-1,159.423812,24.186487
2025-08-10T13:40:24.265150,20631,3.035156,3.085938,3.015625,-1,159.545882,24.186487
2025-08-10T13:40:24.635150,20632,3.03125,3.085938,3.007812,-1,159.484847,24.186487
2025-08-10T13:40:25.003149,20633,3.042969,3.078125,3.023438,-1,159.301741,24.186487
2025-08-10T13:40:25.309150,20634,3.042969,3.082031,3.007812,-1,159.545882,24.186487
2025-08-10T13:40:26.296841,20635,3.039062,3.078125,3.015625,-1,159.484847,24.186487
2025-08-10T13:40:26.665831,20636,3.035156,3.082031,3.019531,-1,159.362777,24.195932
2025-08-10T13:40:27.032834,20637,3.039062,3.085938,3.015625,-1,159.240706,24.205377
2025-08-10T13:40:27.389832,20638,3.035156,3.082031,3.019531,-1,159.240706,24.195932
2025-08-10T13:40:27.701831,20639,3.042969,3.089844,3.0117190000000003,-1,159.301741,24.205377
2025-08-10T13:40:28.075831,20640,3.035156,3.085938,3.007812,-1,159.240706,24.214822
2025-08-10T13:40:28.466832,20641,3.039062,3.085938,3.015625,-1,159.179671,24.214822
2025-08-10T13:40:28.818832,20642,3.039062,3.082031,3.015625,-1,159.179671,24.214822
2025-08-10T13:40:29.224832,20643,3.039062,3.082031,3.0117190000000003,-1,159.240706,24.224268
2025-08-10T13:40:29.643832,20644,3.039062,3.085938,3.015625,-1,159.118636,24.224268
2025-08-10T13:40:30.043831,20645,3.039062,3.085938,3.0117190000000003,-1,159.118636,24.233713
2025-08-10T13:40:30.427833,20646,3.042969,3.085938,3.015625,-1,159.179671,24.233713
2025-08-10T13:40:30.740831,20647,3.039062,3.085938,3.015625,-1,159.179671,24.233713
2025-08-10T13:40:31.136832,20648,3.042969,3.085938,3.023438,-1,159.179671,24.233713
2025-08-10T13:40:31.520831,20649,3.039062,3.085938,3.015625,-1,159.179671,24.233713
2025-08-10T13:40:31.893832,20650,3.03125,3.082031,3.023438,-1,159.179671,24.233713
2025-08-10T13:40:32.199832,20651,3.042969,3.082031,3.0273440000000003,-1,159.057601,24.233713
2025-08-10T13:40:32.565833,20652,3.042969,3.082031,3.007812,-1,159.118636,24.233713
2025-08-10T13:40:32.928831,20653,3.042969,3.082031,3.007812,-1,159.240706,24.233713
2025-08-10T13:40:33.231832,20654,3.042969,3.085938,3.0117190000000003,-1,159.240706,24.233713
2025-08-10T13:40:33.654831,20655,3.035156,3.082031,3.007812,-1,159.118636,24.243159
2025-08-10T13:40:34.019832,20656,3.042969,3.082031,3.015625,-1,159.240706,24.233713
2025-08-10T13:40:34.433831,20657,3.042969,3.082031,3.0117190000000003,-1,159.301741,24.243159
2025-08-10T13:40:34.753833,20658,3.035156,3.085938,3.0117190000000003,-1,159.118636,24.243159
2025-08-10T13:40:35.134832,20659,3.039062,3.078125,3.015625,-1,159.362777,24.233713
2025-08-10T13:40:35.518832,20660,3.039062,3.085938,3.015625,-1,159.301741,24.243159
2025-08-10T13:40:35.878830,20661,3.035156,3.085938,3.007812,-1,159.301741,24.233713
2025-08-10T13:40:36.197832,20662,3.035156,3.082031,3.0117190000000003,-1,159.301741,24.214822
2025-08-10T13:40:36.625365,20663,3.039062,3.085938,3.0117190000000003,-1,159.118636,24.214822
2025-08-10T13:40:36.999365,20664,3.042969,3.082031,3.023438,-1,159.240706,24.214822
2025-08-10T13:40:37.388365,20665,3.042969,3.082031,3.015625,-1,159.179671,24.214822
2025-08-10T13:40:38.235544,20666,3.027344,3.082031,3.019531,-1,159.301741,24.214822
2025-08-10T13:40:38.597544,20667,3.042969,3.085938,3.0117190000000003,-1,159.179671,24.214822
2025-08-10T13:40:38.961545,20668,3.042969,3.085938,3.019531,-1,159.240706,24.205377
2025-08-10T13:40:39.330544,20669,3.039062,3.085938,3.019531,-1,159.301741,24.205377
2025-08-10T13:40:39.701544,20670,3.035156,3.082031,3.0117190000000003,-1,159.423812,24.205377
2025-08-10T13:40:40.007547,20671,3.035156,3.082031,3.019531,-1,159.362777,24.214822
2025-08-10T13:40:40.371544,20672,3.039062,3.078125,3.0117190000000003,-1,159.362777,24.214822
2025-08-10T13:40:40.736545,20673,3.046875,3.085938,3.019531,-1,159.240706,24.214822
2025-08-10T13:40:41.036544,20674,3.042969,3.089844,3.0117190000000003,-1,159.362777,24.214822
2025-08-10T13:40:41.413544,20675,3.035156,3.085938,3.0117190000000003,-1,159.545882,24.214822
2025-08-10T13:40:41.777894,20676,3.035156,3.085938,3.015625,-1,159.423812,24.224268
2025-08-10T13:40:42.096894,20677,3.039062,3.085938,3.015625,-1,159.545882,24.224268
2025-08-10T13:40:42.548893,20678,3.035156,3.085938,3.0273440000000003,-1,159.484847,24.224268
2025-08-10T13:40:42.990895,20679,3.039062,3.070312,3.050781,-1,159.362777,24.214822
2025-08-10T13:40:43.375894,20680,3.035156,3.085938,3.003906,-1,159.362777,24.214822
2025-08-10T13:40:43.757893,20681,3.046875,3.082031,3.0117190000000003,-1,159.301741,24.224268
2025-08-10T13:48:14.671521,20682,3.039062,3.085938,3.019531,-1,159.545882,24.45104
2025-08-10T13:48:15.021522,20683,3.046875,3.078125,3.015625,-1,159.484847,24.460493
2025-08-10T13:48:15.418309,20684,3.039062,3.085938,3.0117190000000003,-1,159.362777,24.45104
2025-08-10T13:48:15.811307,20685,3.046875,3.089844,3.0117190000000003,-1,159.423812,24.460493
2025-08-10T13:48:16.205310,20686,3.042969,3.082031,3.0117190000000003,-1,159.484847,24.45104
2025-08-10T13:48:16.653307,20687,3.039062,3.082031,3.019531,-1,159.545882,24.45104
2025-08-10T13:48:16.999309,20688,3.042969,3.085938,3.015625,-1,159.301741,24.441588
2025-08-10T13:48:17.417308,20689,3.042969,3.082031,3.0117190000000003,-1,159.362777,24.441588
2025-08-10T13:48:17.808308,20690,3.035156,3.082031,3.019531,-1,159.484847,24.441588
2025-08-10T13:48:18.212308,20691,3.042969,3.085938,3.0117190000000003,-1,159.606917,24.441588
2025-08-10T13:48:18.591307,20692,3.039062,3.082031,3.019531,-1,159.301741,24.441588
2025-08-10T13:48:18.989307,20693,3.042969,3.082031,3.015625,-1,159.484847,24.432136
2025-08-10T13:48:19.397307,20694,3.039062,3.078125,3.015625,-1,159.362777,24.432136
2025-08-10T13:48:19.777306,20695,3.042969,3.085938,3.015625,-1,159.362777,24.432136
2025-08-10T13:48:20.136307,20696,3.039062,3.082031,3.0117190000000003,-1,159.484847,24.432136
2025-08-10T13:48:20.473307,20697,3.035156,3.082031,3.015625,-1,159.240706,24.432136
2025-08-10T13:48:20.846306,20698,3.039062,3.078125,3.0117190000000003,-1,159.301741,24.422684
2025-08-10T13:48:21.229307,20699,3.039062,3.082031,3.007812,-1,159.484847,24.422684
2025-08-10T13:48:21.632309,20700,3.039062,3.085938,3.0117190000000003,-1,159.362777,24.432136
2025-08-10T13:48:21.930306,20701,3.042969,3.085938,3.015625,-1,159.423812,24.422684
2025-08-10T13:48:22.290308,20702,3.046875,3.085938,3.019531,-1,159.423812,24.432136
2025-08-10T13:48:22.703307,20703,3.042969,3.082031,3.007812,-1,159.423812,24.422684
2025-08-10T13:48:23.069307,20704,3.042969,3.085938,3.0117190000000003,-1,159.423812,24.422684
2025-08-10T13:48:23.390307,20705,3.035156,3.082031,3.0117190000000003,-1,159.484847,24.432136
2025-08-10T13:48:23.785307,20706,3.035156,3.085938,3.007812,-1,159.240706,24.422684
2025-08-10T13:48:24.446307,20707,3.039062,3.089844,3.015625,-1,159.301741,24.422684
2025-08-10T13:48:24.831307,20708,3.039062,3.082031,3.023438,-1,159.301741,24.422684
2025-08-10T13:48:25.193307,20709,3.039062,3.085938,3.0117190000000003,-1,159.240706,24.432136
2025-08-10T13:48:25.572311,20710,3.042969,3.089844,3.015625,-1,159.179671,24.432136
2025-08-10T13:48:25.881307,20711,3.042969,3.085938,3.015625,-1,159.301741,24.432136
2025-08-10T13:48:26.257307,20712,3.039062,3.085938,3.019531,-1,159.240706,24.432136
2025-08-10T13:48:26.647307,20713,3.039062,3.082031,3.007812,-1,159.423812,24.432136
2025-08-10T13:48:26.959307,20714,3.035156,3.082031,3.007812,-1,159.484847,24.432136
2025-08-10T13:48:27.334307,20715,3.039062,3.078125,3.0117190000000003,-1,159.423812,24.432136
2025-08-10T13:48:27.748307,20716,3.042969,3.085938,3.0117190000000003,-1,159.301741,24.432136
2025-08-10T13:48:28.151308,20717,3.035156,3.085938,3.007812,-1,159.423812,24.432136
2025-08-10T13:48:28.494307,20718,3.035156,3.089844,3.0117190000000003,-1,159.301741,24.432136
2025-08-10T13:48:28.881306,20719,3.03125,3.078125,3.0117190000000003,-1,159.301741,24.432136
2025-08-10T13:48:29.253308,20720,3.039062,3.085938,3.015625,-1,159.423812,24.432136
2025-08-10T13:48:29.670308,20721,3.042969,3.078125,3.0117190000000003,-1,159.301741,24.432136
2025-08-10T13:48:29.980307,20722,3.042969,3.085938,3.015625,-1,159.362777,24.441588
2025-08-10T13:48:30.359308,20723,3.035156,3.085938,3.019531,-1,159.240706,24.441588
2025-08-10T13:48:30.760307,20724,3.035156,3.085938,3.015625,-1,159.362777,24.441588
2025-08-10T13:48:31.133310,20725,3.042969,3.089844,3.007812,-1,159.362777,24.441588
2025-08-10T13:48:31.518315,20726,3.046875,3.085938,3.023438,-1,159.240706,24.432136
2025-08-10T13:48:31.916306,20727,3.042969,3.085938,3.015625,-1,159.423812,24.441588
2025-08-10T13:48:32.276307,20728,3.039062,3.085938,3.0273440000000003,-1,159.301741,24.441588
2025-08-10T13:48:32.677307,20729,3.039062,3.085938,3.019531,-1,159.179671,24.45104
2025-08-10T13:48:32.999307,20730,3.039062,3.089844,3.015625,-1,159.179671,24.45104
2025-08-10T13:48:33.383307,20731,3.039062,3.085938,3.015625,-1,159.179671,24.45104
2025-08-10T13:48:33.769307,20732,3.039062,3.085938,3.015625,-1,159.362777,24.45104
2025-08-10T13:48:34.135307,20733,3.039062,3.082031,3.019531,-1,159.301741,24.45104
2025-08-10T13:48:34.466626,20734,3.042969,3.082031,3.015625,-1,159.362777,24.45104
2025-08-10T13:48:34.849631,20735,3.035156,3.082031,3.0117190000000003,-1,159.362777,24.45104
2025-08-10T13:48:35.229627,20736,3.042969,3.089844,3.019531,-1,159.362777,24.441588
2025-08-10T13:48:35.608626,20737,3.042969,3.082031,3.0117190000000003,-1,159.362777,24.441588
2025-08-10T13:48:35.934626,20738,3.035156,3.085938,3.019531,-1,159.362777,24.441588
2025-08-10T13:48:36.326626,20739,3.039062,3.085938,3.0117190000000003,-1,159.301741,24.432136
2025-08-10T13:48:36.721632,20740,3.035156,3.085938,3.015625,-1,159.362777,24.441588
2025-08-10T13:48:37.106627,20741,3.042969,3.082031,3.0117190000000003,-1,159.240706,24.432136
2025-08-10T13:48:37.456630,20742,3.042969,3.085938,3.007812,-1,159.179671,24.441588
2025-08-10T13:48:37.838626,20743,3.042969,3.085938,3.015625,-1,159.240706,24.432136
2025-08-10T13:48:38.202626,20744,3.039062,3.085938,3.015625,-1,159.423812,24.432136
2025-08-10T13:48:38.653627,20745,3.042969,3.085938,3.0117190000000003,-1,159.179671,24.422684
2025-08-10T13:48:38.994628,20746,3.042969,3.089844,3.0117190000000003,-1,159.362777,24.432136
2025-08-10T13:48:39.430629,20747,3.039062,3.085938,3.015625,-1,159.240706,24.422684
2025-08-10T13:48:39.825626,20748,3.042969,3.085938,3.03125,-1,159.240706,24.432136
2025-08-10T13:48:40.258630,20749,3.046875,3.082031,3.023438,-1,159.301741,24.432136
2025-08-10T13:48:40.664626,20750,3.039062,3.082031,3.015625,-1,159.423812,24.432136
2025-08-10T13:48:41.002627,20751,3.035156,3.082031,3.0117190000000003,-1,159.423812,24.441588
2025-08-10T13:48:41.420626,20752,3.039062,3.085938,3.015625,-1,159.362777,24.432136
2025-08-10T13:48:41.852626,20753,3.039062,3.082031,3.015625,-1,159.240706,24.432136
2025-08-10T13:48:42.313629,20754,3.035156,3.085938,3.007812,-1,159.362777,24.432136
2025-08-10T13:48:42.716626,20755,3.042969,3.078125,3.015625,-1,159.362777,24.432136
2025-08-10T13:48:43.109628,20756,3.042969,3.082031,3.0117190000000003,-1,159.362777,24.432136
2025-08-10T13:48:43.468630,20757,3.042969,3.078125,3.015625,-1,159.301741,24.432136
2025-08-10T13:48:43.844903,20758,3.039062,3.085938,3.019531,-1,159.179671,24.432136
2025-08-10T13:48:44.218902,20759,3.035156,3.082031,3.023438,-1,159.362777,24.432136
2025-08-10T13:48:44.676904,20760,3.039062,3.082031,3.015625,-1,159.301741,24.432136
2025-08-10T13:48:45.026905,20761,3.039062,3.082031,3.007812,-1,159.423812,24.432136
2025-08-10T13:48:45.427904,20762,3.035156,3.089844,3.015625,-1,159.362777,24.441588
2025-08-10T13:48:45.813903,20763,3.035156,3.085938,3.0117190000000003,-1,159.362777,24.432136
2025-08-10T13:48:46.225902,20764,3.039062,3.085938,3.015625,-1,159.362777,24.422684
2025-08-10T13:48:46.651904,20765,3.039062,3.082031,3.0117190000000003,-1,159.301741,24.422684
2025-08-10T13:48:46.983902,20766,3.039062,3.085938,3.019531,-1,159.301741,24.422684
2025-08-10T13:48:47.363904,20767,3.042969,3.085938,3.019531,-1,159.118636,24.422684
2025-08-10T13:48:48.214902,20768,3.039062,3.085938,3.015625,-1,159.240706,24.422684
2025-08-10T13:48:48.601903,20769,3.042969,3.082031,3.0117190000000003,-1,159.240706,24.422684
2025-08-10T13:48:48.981904,20770,3.039062,3.089844,3.015625,-1,159.484847,24.432136
2025-08-10T13:48:49.351902,20771,3.035156,3.085938,3.0117190000000003,-1,159.606917,24.422684
2025-08-10T13:48:49.740224,20772,3.042969,3.085938,3.015625,-1,159.728988,24.422684
2025-08-10T13:48:50.104220,20773,3.042969,3.085938,3.0117190000000003,-1,159.667952,24.422684
2025-08-10T13:48:50.505220,20774,3.039062,3.085938,3.015625,-1,159.606917,24.432136
2025-08-10T13:48:50.891219,20775,3.039062,3.085938,3.023438,-1,159.423812,24.432136
2025-08-10T13:48:51.301221,20776,3.046875,3.082031,3.015625,-1,159.423812,24.432136
2025-08-10T13:48:51.707353,20777,3.035156,3.085938,3.019531,-1,159.423812,24.432136
2025-08-10T13:48:52.062354,20778,3.035156,3.085938,3.015625,-1,159.301741,24.432136
2025-08-10T13:48:52.455353,20779,3.035156,3.085938,3.023438,-1,159.301741,24.441588
2025-08-10T13:48:52.845353,20780,3.039062,3.082031,3.0117190000000003,-1,159.240706,24.441588
2025-08-10T13:48:53.245353,20781,3.039062,3.085938,3.019531,-1,159.301741,24.441588
2025-08-10T13:48:53.589353,20782,3.039062,3.085938,3.015625,-1,159.362777,24.441588
2025-08-10T13:48:53.969353,20783,3.039062,3.085938,3.0117190000000003,-1,159.423812,24.441588
2025-08-10T13:48:54.365354,20784,3.03125,3.085938,3.0117190000000003,-1,159.301741,24.441588
2025-08-10T13:48:54.772354,20785,3.039062,3.085938,3.015625,-1,159.423812,24.441588
2025-08-10T13:48:55.168354,20786,3.042969,3.085938,3.0117190000000003,-1,159.301741,24.422684
2025-08-10T13:48:55.504354,20787,3.039062,3.082031,3.0117190000000003,-1,159.484847,24.422684
2025-08-10T13:48:55.899352,20788,3.042969,3.085938,3.0117190000000003,-1,159.362777,24.413233
2025-08-10T13:48:56.308353,20789,3.042969,3.085938,3.0117190000000003,-1,159.362777,24.403782
2025-08-10T13:48:56.725357,20790,3.046875,3.085938,3.019531,-1,159.545882,24.413233
2025-08-10T13:48:57.051354,20791,3.039062,3.082031,3.015625,-1,159.484847,24.403782
2025-08-10T13:48:57.460355,20792,3.039062,3.085938,3.015625,-1,159.545882,24.413233
2025-08-10T13:48:57.838353,20793,3.042969,3.078125,3.015625,-1,159.423812,24.413233
2025-08-10T13:48:58.248352,20794,3.039062,3.082031,3.015625,-1,159.545882,24.422684
2025-08-10T13:48:58.598354,20795,3.039062,3.085938,3.007812,-1,159.362777,24.413233
2025-08-10T13:48:59.017354,20796,3.039062,3.085938,3.0117190000000003,-1,159.362777,24.413233
2025-08-10T13:48:59.425357,20797,3.042969,3.085938,3.015625,-1,159.423812,24.413233
2025-08-10T13:48:59.806353,20798,3.035156,3.078125,3.007812,-1,159.423812,24.422684
2025-08-10T13:49:00.170356,20799,3.039062,3.085938,3.019531,-1,159.362777,24.413233
2025-08-10T13:49:00.522355,20800,3.039062,3.082031,3.023438,-1,159.423812,24.422684
2025-08-10T13:49:00.892352,20801,3.039062,3.085938,3.0117190000000003,-1,159.484847,24.422684
2025-08-10T13:49:01.258356,20802,3.03125,3.082031,3.015625,-1,159.362777,24.422684
2025-08-10T13:49:01.652353,20803,3.042969,3.082031,3.015625,-1,159.362777,24.422684
2025-08-10T13:49:01.960353,20804,3.039062,3.085938,3.0117190000000003,-1,159.484847,24.422684
2025-08-10T13:49:02.337353,20805,3.039062,3.085938,3.007812,-1,159.545882,24.422684
2025-08-10T13:49:02.733355,20806,3.042969,3.082031,3.015625,-1,159.545882,24.422684
2025-08-10T13:49:03.040353,20807,3.039062,3.085938,3.0117190000000003,-1,159.362777,24.422684
2025-08-10T13:49:03.434354,20808,3.039062,3.082031,3.0117190000000003,-1,159.484847,24.413233
2025-08-10T13:49:03.828353,20809,3.035156,3.085938,3.007812,-1,159.484847,24.422684
2025-08-10T13:49:04.209353,20810,3.039062,3.085938,3.019531,-1,159.362777,24.422684
2025-08-10T13:49:04.547353,20811,3.039062,3.085938,3.015625,-1,159.484847,24.422684
2025-08-10T13:49:04.954352,20812,3.042969,3.085938,3.015625,-1,159.362777,24.432136
2025-08-10T13:49:05.332355,20813,3.035156,3.085938,3.015625,-1,159.423812,24.422684
2025-08-10T13:49:05.728353,20814,3.042969,3.078125,3.0117190000000003,-1,159.423812,24.432136
2025-08-10T13:49:06.055352,20815,3.035156,3.082031,3.0117190000000003,-1,159.362777,24.432136
2025-08-10T13:49:06.454049,20816,3.039062,3.082031,3.015625,-1,159.423812,24.432136
2025-08-10T13:49:06.840048,20817,3.039062,3.085938,3.015625,-1,159.545882,24.432136
2025-08-10T13:49:07.209048,20818,3.039062,3.085938,3.015625,-1,159.423812,24.441588
2025-08-10T13:49:07.548048,20819,3.042969,3.085938,3.023438,-1,159.362777,24.432136
2025-08-10T13:49:07.922049,20820,3.046875,3.085938,3.019531,-1,159.606917,24.432136
2025-08-10T13:49:08.295048,20821,3.035156,3.082031,3.0117190000000003,-1,159.423812,24.441588
2025-08-10T13:49:08.692048,20822,3.039062,3.078125,3.0273440000000003,-1,159.362777,24.441588
2025-08-10T13:49:09.021050,20823,3.042969,3.082031,3.0117190000000003,-1,159.423812,24.441588
2025-08-10T13:49:09.403051,20824,3.039062,3.082031,3.007812,-1,159.362777,24.45104
2025-08-10T13:49:09.783050,20825,3.042969,3.085938,3.015625,-1,159.606917,24.441588
2025-08-10T13:49:10.154048,20826,3.042969,3.082031,3.0117190000000003,-1,159.484847,24.45104
2025-08-10T13:49:10.500049,20827,3.039062,3.085938,3.0117190000000003,-1,159.362777,24.45104
2025-08-10T13:49:10.867049,20828,3.039062,3.082031,3.015625,-1,159.484847,24.45104
2025-08-10T13:49:11.233048,20829,3.042969,3.082031,3.0117190000000003,-1,159.545882,24.460493
2025-08-10T13:49:11.583048,20830,3.039062,3.085938,3.019531,-1,159.545882,24.460493
2025-08-10T13:49:11.959050,20831,3.035156,3.082031,3.015625,-1,159.545882,24.460493
2025-08-10T13:49:12.343048,20832,3.039062,3.082031,3.019531,-1,159.423812,24.460493
2025-08-10T13:49:12.747048,20833,3.03125,3.082031,3.019531,-1,159.545882,24.460493
2025-08-10T13:49:13.067048,20834,3.042969,3.082031,3.019531,-1,159.423812,24.460493
2025-08-10T13:49:13.531048,20835,3.042969,3.082031,3.015625,-1,159.545882,24.460493
2025-08-10T13:49:13.905047,20836,3.042969,3.082031,3.0117190000000003,-1,159.423812,24.469946
2025-08-10T13:49:14.273049,20837,3.042969,3.082031,3.0117190000000003,-1,159.423812,24.469946
2025-08-10T13:49:14.662050,20838,3.042969,3.085938,3.015625,-1,159.423812,24.469946
2025-08-10T13:49:14.979048,20839,3.03125,3.085938,3.019531,-1,159.545882,24.469946
2025-08-10T13:49:15.366050,20840,3.042969,3.082031,3.007812,-1,159.545882,24.479399
2025-08-10T13:49:15.764048,20841,3.035156,3.078125,3.0273440000000003,-1,159.545882,24.469946
2025-08-10T13:49:16.076051,20842,3.042969,3.078125,3.015625,-1,159.606917,24.469946
2025-08-10T13:49:16.478049,20843,3.042969,3.082031,3.015625,-1,159.362777,24.469946
2025-08-10T13:49:16.873047,20844,3.039062,3.082031,3.0117190000000003,-1,159.362777,24.469946
2025-08-10T13:49:17.236048,20845,3.039062,3.082031,3.023438,-1,159.423812,24.469946
2025-08-10T13:49:17.584050,20846,3.039062,3.078125,3.019531,-1,159.484847,24.469946
2025-08-10T13:49:17.962048,20847,3.039062,3.082031,3.007812,-1,159.606917,24.460493
2025-08-10T13:49:18.328048,20848,3.042969,3.082031,3.015625,-1,159.545882,24.45104
2025-08-10T13:49:18.738048,20849,3.039062,3.085938,3.015625,-1,159.545882,24.441588
2025-08-10T13:49:19.050048,20850,3.039062,3.085938,3.0117190000000003,-1,159.606917,24.441588
2025-08-10T13:49:19.429056,20851,3.039062,3.078125,3.015625,-1,159.606917,24.432136
2025-08-10T13:49:19.818057,20852,3.039062,3.082031,3.023438,-1,159.423812,24.441588
2025-08-10T13:49:20.191056,20853,3.042969,3.085938,3.0117190000000003,-1,159.606917,24.432136
2025-08-10T13:49:20.525056,20854,3.039062,3.082031,3.023438,-1,159.545882,24.441588
2025-08-10T13:49:20.893055,20855,3.042969,3.085938,3.0117190000000003,-1,159.423812,24.441588
2025-08-10T13:49:21.268056,20856,3.042969,3.078125,3.0117190000000003,-1,159.423812,24.441588
2025-08-10T13:49:21.666056,20857,3.042969,3.085938,3.007812,-1,159.423812,24.441588
2025-08-10T13:49:21.969056,20858,3.042969,3.085938,3.007812,-1,159.423812,24.441588
2025-08-10T13:49:22.360055,20859,3.042969,3.082031,3.019531,-1,159.423812,24.441588
2025-08-10T13:49:22.761057,20860,3.039062,3.082031,3.0117190000000003,-1,159.484847,24.441588
2025-08-10T13:49:23.073056,20861,3.035156,3.085938,3.023438,-1,159.362777,24.441588
2025-08-10T13:49:23.506058,20862,3.03125,3.085938,3.0273440000000003,-1,159.484847,24.432136
2025-08-10T13:49:23.949057,20863,3.03125,3.085938,3.007812,-1,159.545882,24.422684
2025-08-10T13:49:24.329206,20864,3.039062,3.085938,3.0117190000000003,-1,159.484847,24.422684
2025-08-10T13:49:24.731207,20865,3.039062,3.085938,3.03125,-1,159.606917,24.422684
2025-08-10T13:49:25.063205,20866,3.039062,3.085938,3.023438,-1,159.484847,24.422684
2025-08-10T13:49:25.460206,20867,3.035156,3.085938,3.015625,-1,159.484847,24.422684
2025-08-10T13:49:25.837206,20868,3.042969,3.085938,3.019531,-1,159.484847,24.422684
2025-08-10T13:49:26.219206,20869,3.039062,3.085938,3.019531,-1,159.484847,24.422684
2025-08-10T13:49:26.553206,20870,3.042969,3.085938,3.015625,-1,159.606917,24.432136
2025-08-10T13:49:26.935205,20871,3.039062,3.085938,3.0117190000000003,-1,159.362777,24.432136
2025-08-10T13:49:27.311207,20872,3.039062,3.089844,3.019531,-1,159.423812,24.432136
2025-08-10T13:49:27.702206,20873,3.039062,3.082031,3.015625,-1,159.484847,24.441588
2025-08-10T13:49:28.020206,20874,3.039062,3.082031,3.015625,-1,159.423812,24.441588
2025-08-10T13:49:28.416206,20875,3.035156,3.085938,3.007812,-1,159.484847,24.432136
2025-08-10T13:49:28.794205,20876,3.042969,3.085938,3.007812,-1,159.606917,24.432136
2025-08-10T13:49:29.175208,20877,3.042969,3.085938,3.003906,-1,159.484847,24.432136
2025-08-10T13:49:29.517206,20878,3.042969,3.082031,3.007812,-1,159.423812,24.432136
2025-08-10T13:49:29.879210,20879,3.042969,3.085938,3.015625,-1,159.362777,24.432136
2025-08-10T13:49:30.255208,20880,3.039062,3.085938,3.015625,-1,159.484847,24.422684
2025-08-10T13:49:30.663398,20881,3.042969,3.085938,3.0117190000000003,-1,159.362777,24.422684
2025-08-10T13:49:30.973209,20882,3.035156,3.085938,3.007812,-1,159.545882,24.432136
2025-08-10T13:49:31.369209,20883,3.035156,3.082031,3.007812,-1,159.606917,24.432136
2025-08-10T13:49:31.786206,20884,3.039062,3.078125,3.0117190000000003,-1,159.423812,24.432136
2025-08-10T13:49:32.161207,20885,3.042969,3.085938,3.023438,-1,159.484847,24.432136
2025-08-10T13:49:32.523208,20886,3.039062,3.082031,3.007812,-1,159.423812,24.432136
2025-08-10T13:49:32.906207,20887,3.035156,3.082031,3.015625,-1,159.362777,24.432136
2025-08-10T13:49:33.275207,20888,3.042969,3.082031,3.007812,-1,159.423812,24.432136
2025-08-10T13:49:33.689206,20889,3.046875,3.082031,3.0117190000000003,-1,159.545882,24.432136
2025-08-10T13:49:34.006207,20890,3.039062,3.085938,3.023438,-1,159.423812,24.441588
2025-08-10T13:49:34.422207,20891,3.035156,3.082031,3.007812,-1,159.484847,24.441588
2025-08-10T13:49:34.805207,20892,3.042969,3.082031,3.0117190000000003,-1,159.423812,24.441588
2025-08-10T13:49:35.179206,20893,3.035156,3.082031,3.019531,-1,159.484847,24.441588
2025-08-10T13:49:35.521205,20894,3.035156,3.085938,3.003906,-1,159.423812,24.45104
2025-08-10T13:49:35.910208,20895,3.035156,3.082031,3.0117190000000003,-1,159.484847,24.441588
2025-08-10T13:49:36.284207,20896,3.035156,3.085938,3.019531,-1,159.484847,24.432136
2025-08-10T13:49:36.677206,20897,3.039062,3.089844,3.015625,-1,159.423812,24.441588
2025-08-10T13:49:37.001206,20898,3.042969,3.082031,3.019531,-1,159.423812,24.45104
2025-08-10T13:49:37.404205,20899,3.039062,3.082031,3.007812,-1,159.362777,24.441588
2025-08-10T13:49:37.786207,20900,3.054688,3.082031,3.015625,-1,159.545882,24.45104
2025-08-10T13:49:38.167206,20901,3.039062,3.089844,3.015625,-1,159.606917,24.460493
2025-08-10T13:49:38.520206,20902,3.042969,3.078125,3.015625,-1,159.545882,24.460493
2025-08-10T13:49:38.890205,20903,3.046875,3.089844,3.015625,-1,159.606917,24.45104
2025-08-10T13:49:39.261206,20904,3.039062,3.078125,3.0273440000000003,-1,159.423812,24.45104
2025-08-10T13:49:39.624206,20905,3.042969,3.085938,3.0117190000000003,-1,159.423812,24.45104
2025-08-10T13:49:39.998206,20906,3.035156,3.085938,3.015625,-1,159.423812,24.45104
2025-08-10T13:49:40.382206,20907,3.039062,3.085938,3.0117190000000003,-1,159.606917,24.441588
2025-08-10T13:49:40.773207,20908,3.039062,3.082031,3.0117190000000003,-1,159.545882,24.45104
2025-08-10T13:49:41.085209,20909,3.039062,3.085938,3.0117190000000003,-1,159.423812,24.45104
2025-08-10T13:49:41.687207,20910,3.039062,3.085938,3.015625,-1,159.484847,24.460493
2025-08-10T13:49:42.076207,20911,3.035156,3.082031,3.003906,-1,159.545882,24.469946
2025-08-10T13:49:42.490207,20912,3.039062,3.085938,3.0117190000000003,-1,159.545882,24.460493
2025-08-10T13:49:42.876208,20913,3.039062,3.085938,3.007812,-1,159.362777,24.460493
2025-08-10T13:49:43.255206,20914,3.039062,3.085938,3.007812,-1,159.484847,24.469946
2025-08-10T13:49:43.592206,20915,3.039062,3.085938,3.003906,-1,159.545882,24.469946
2025-08-10T13:49:43.978207,20916,3.035156,3.089844,3.015625,-1,159.423812,24.460493
2025-08-10T13:49:44.362484,20917,3.039062,3.085938,3.015625,-1,159.484847,24.469946
2025-08-10T13:49:44.779484,20918,3.039062,3.085938,3.0117190000000003,-1,159.606917,24.469946
2025-08-10T13:49:45.096486,20919,3.035156,3.085938,3.0273440000000003,-1,159.606917,24.479399
2025-08-10T13:49:45.518494,20920,3.046875,3.082031,3.0117190000000003,-1,159.362777,24.469946
2025-08-10T13:49:45.946484,20921,3.035156,3.089844,3.015625,-1,159.484847,24.469946
2025-08-10T13:49:46.347484,20922,3.042969,3.085938,3.015625,-1,159.484847,24.469946
2025-08-10T13:49:46.748360,20923,3.035156,3.082031,3.0117190000000003,-1,159.423812,24.479399
2025-08-10T13:49:47.118357,20924,3.039062,3.082031,3.015625,-1,159.606917,24.469946
2025-08-10T13:49:47.558358,20925,3.039062,3.082031,3.0117190000000003,-1,159.423812,24.469946
2025-08-10T13:49:47.959358,20926,3.046875,3.078125,3.019531,-1,159.545882,24.469946
2025-08-10T13:49:48.419594,20927,3.042969,3.082031,3.015625,-1,159.545882,24.469946
2025-08-10T13:49:48.847596,20928,3.035156,3.078125,3.0117190000000003,-1,159.606917,24.469946
2025-08-10T13:49:49.251883,20929,3.042969,3.082031,3.015625,-1,159.484847,24.460493
2025-08-10T13:49:49.622884,20930,3.042969,3.085938,3.015625,-1,159.423812,24.469946
2025-08-10T13:49:50.000885,20931,3.035156,3.085938,3.019531,-1,159.423812,24.469946
2025-08-10T13:49:50.446885,20932,3.039062,3.085938,3.015625,-1,159.423812,24.460493
2025-08-10T13:49:50.852986,20933,3.042969,3.082031,3.019531,-1,159.545882,24.469946
2025-08-10T13:49:51.173988,20934,3.042969,3.082031,3.023438,-1,159.423812,24.469946
2025-08-10T13:49:51.576986,20935,3.035156,3.082031,3.0117190000000003,-1,159.606917,24.469946
2025-08-10T13:49:51.947986,20936,3.039062,3.085938,3.015625,-1,159.423812,24.469946
2025-08-10T13:49:52.346987,20937,3.039062,3.082031,3.0117190000000003,-1,159.484847,24.469946
2025-08-10T13:49:52.749987,20938,3.042969,3.082031,3.023438,-1,159.484847,24.469946
2025-08-10T13:49:53.077988,20939,3.035156,3.085938,3.0117190000000003,-1,159.423812,24.469946
2025-08-10T13:49:53.485989,20940,3.035156,3.085938,3.0117190000000003,-1,159.484847,24.469946
2025-08-10T13:49:53.882988,20941,3.027344,3.085938,3.003906,-1,159.484847,24.469946
2025-08-10T13:49:54.287987,20942,3.035156,3.085938,3.015625,-1,159.423812,24.469946
2025-08-10T13:49:54.638989,20943,3.039062,3.085938,3.019531,-1,159.423812,24.469946
2025-08-10T13:49:55.012986,20944,3.039062,3.082031,3.0117190000000003,-1,159.423812,24.469946
2025-08-10T13:49:55.436986,20945,3.042969,3.082031,3.015625,-1,159.423812,24.460493
2025-08-10T13:49:55.824987,20946,3.035156,3.085938,3.015625,-1,159.423812,24.469946
2025-08-10T13:49:56.168987,20947,3.039062,3.085938,3.019531,-1,159.545882,24.469946
2025-08-10T13:49:56.564987,20948,3.039062,3.082031,3.003906,-1,159.545882,24.460493
2025-08-10T13:49:56.952987,20949,3.042969,3.085938,3.015625,-1,159.484847,24.460493
2025-08-10T13:49:57.344987,20950,3.039062,3.085938,3.0117190000000003,-1,159.667952,24.460493
2025-08-10T13:49:57.750987,20951,3.042969,3.082031,3.0117190000000003,-1,159.606917,24.460493
2025-08-10T13:49:58.084986,20952,3.039062,3.085938,3.019531,-1,159.484847,24.45104
2025-08-10T13:49:58.448987,20953,3.039062,3.089844,3.019531,-1,159.606917,24.45104
2025-08-10T13:49:58.810987,20954,3.039062,3.082031,3.015625,-1,159.484847,24.460493
2025-08-10T13:49:59.118985,20955,3.039062,3.082031,3.015625,-1,159.606917,24.460493
2025-08-10T13:49:59.478897,20956,3.046875,3.085938,3.019531,-1,159.545882,24.45104
2025-08-10T13:49:59.861895,20957,3.039062,3.085938,3.019531,-1,159.545882,24.45104
2025-08-10T13:50:00.238899,20958,3.039062,3.085938,3.015625,-1,159.423812,24.45104
2025-08-10T13:50:00.547897,20959,3.039062,3.085938,3.015625,-1,159.606917,24.45104
2025-08-10T13:50:00.929898,20960,3.035156,3.085938,3.0273440000000003,-1,159.606917,24.45104
2025-08-10T13:50:01.308896,20961,3.042969,3.082031,3.007812,-1,159.484847,24.45104
2025-08-10T13:50:01.618897,20962,3.042969,3.085938,3.003906,-1,159.423812,24.441588
2025-08-10T13:50:01.990905,20963,3.046875,3.082031,3.019531,-1,159.484847,24.441588
2025-08-10T13:50:02.370906,20964,3.039062,3.089844,3.015625,-1,159.423812,24.441588
2025-08-10T13:50:02.733905,20965,3.046875,3.082031,3.015625,-1,159.606917,24.432136
2025-08-10T13:50:03.055906,20966,3.042969,3.082031,3.0117190000000003,-1,159.606917,24.432136
2025-08-10T13:50:03.493906,20967,3.039062,3.078125,3.0117190000000003,-1,159.545882,24.432136
2025-08-10T13:50:03.866906,20968,3.039062,3.082031,3.019531,-1,159.484847,24.432136
2025-08-10T13:50:04.233227,20969,3.039062,3.085938,3.0117190000000003,-1,159.423812,24.422684
2025-08-10T13:50:04.562225,20970,3.042969,3.082031,3.003906,-1,159.484847,24.422684
2025-08-10T13:50:04.944225,20971,3.042969,3.085938,3.019531,-1,159.606917,24.403782
2025-08-10T13:50:05.334226,20972,3.042969,3.085938,3.007812,-1,159.545882,24.413233
2025-08-10T13:50:05.666226,20973,3.039062,3.082031,3.015625,-1,159.606917,24.413233
2025-08-10T13:50:06.032005,20974,3.039062,3.089844,3.0117190000000003,-1,159.606917,24.413233
2025-08-10T13:50:06.429004,20975,3.039062,3.082031,3.019531,-1,159.606917,24.413233
2025-08-10T13:50:06.814005,20976,3.042969,3.082031,3.019531,-1,159.606917,24.413233
2025-08-10T13:50:07.127010,20977,3.039062,3.085938,3.019531,-1,159.423812,24.413233
2025-08-10T13:50:07.514724,20978,3.042969,3.082031,3.015625,-1,159.484847,24.403782
2025-08-10T13:50:07.889723,20979,3.039062,3.085938,3.019531,-1,159.484847,24.384881
2025-08-10T13:50:08.268725,20980,3.039062,3.082031,3.015625,-1,159.545882,24.365981
2025-08-10T13:50:08.592725,20981,3.039062,3.082031,3.0117190000000003,-1,159.423812,24.356532
2025-08-10T13:50:08.963724,20982,3.039062,3.085938,3.015625,-1,159.606917,24.356532
2025-08-10T13:50:09.333724,20983,3.042969,3.085938,3.019531,-1,159.423812,24.365981
2025-08-10T13:50:09.646726,20984,3.039062,3.085938,3.019531,-1,159.606917,24.356532
2025-08-10T13:50:10.025724,20985,3.039062,3.085938,3.0117190000000003,-1,159.484847,24.375431
2025-08-10T13:50:10.414724,20986,3.039062,3.085938,3.015625,-1,159.606917,24.375431
2025-08-10T13:50:10.790725,20987,3.042969,3.082031,3.007812,-1,159.606917,24.375431
2025-08-10T13:50:11.694274,20988,3.035156,3.085938,3.0117190000000003,-1,159.545882,24.384881
2025-08-10T13:50:12.074275,20989,3.039062,3.085938,3.03125,-1,159.545882,24.384881
2025-08-10T13:50:12.456967,20990,3.035156,3.082031,3.015625,-1,159.606917,24.394331
2025-08-10T13:50:12.837966,20991,3.046875,3.085938,3.007812,-1,159.484847,24.394331
2025-08-10T13:50:13.211966,20992,3.042969,3.082031,3.0117190000000003,-1,159.362777,24.394331
2025-08-10T13:50:13.517966,20993,3.042969,3.082031,3.023438,-1,159.545882,24.403782
2025-08-10T13:50:13.893966,20994,3.039062,3.085938,3.015625,-1,159.606917,24.403782
2025-08-10T13:50:14.270968,20995,3.039062,3.082031,3.019531,-1,159.545882,24.413233
2025-08-10T13:50:14.634966,20996,3.046875,3.085938,3.015625,-1,159.545882,24.413233
2025-08-10T13:50:14.955967,20997,3.042969,3.082031,3.003906,-1,159.545882,24.413233
2025-08-10T13:50:15.337966,20998,3.035156,3.085938,3.0117190000000003,-1,159.484847,24.422684
2025-08-10T13:50:15.706967,20999,3.039062,3.082031,3.0117190000000003,-1,159.484847,24.422684
2025-08-10T13:50:16.030967,21000,3.039062,3.085938,3.015625,-1,159.423812,24.422684
2025-08-10T13:50:16.403966,21001,3.039062,3.082031,3.019531,-1,159.545882,24.432136
2025-08-10T13:50:16.802282,21002,3.042969,3.089844,3.019531,-1,159.484847,24.422684
2025-08-10T13:50:17.182284,21003,3.039062,3.085938,3.0117190000000003,-1,159.545882,24.432136
2025-08-10T13:50:17.511283,21004,3.039062,3.085938,3.015625,-1,159.484847,24.422684
2025-08-10T13:50:17.879282,21005,3.039062,3.089844,3.0117190000000003,-1,159.545882,24.432136
2025-08-10T13:50:18.273260,21006,3.042969,3.085938,3.0117190000000003,-1,159.484847,24.432136
2025-08-10T13:50:18.685271,21007,3.035156,3.085938,3.015625,-1,159.606917,24.432136
2025-08-10T13:50:19.031261,21008,3.039062,3.082031,3.019531,-1,159.423812,24.432136
2025-08-10T13:50:19.406261,21009,3.039062,3.085938,3.0117190000000003,-1,159.606917,24.441588
2025-08-10T13:50:19.784261,21010,3.039062,3.078125,3.019531,-1,159.484847,24.432136
2025-08-10T13:50:20.179261,21011,3.046875,3.085938,3.0117190000000003,-1,159.606917,24.432136
2025-08-10T13:50:20.536261,21012,3.039062,3.085938,3.015625,-1,159.606917,24.432136
2025-08-10T13:50:20.941260,21013,3.039062,3.085938,3.019531,-1,159.667952,24.432136
2025-08-10T13:50:21.319261,21014,3.039062,3.082031,3.0117190000000003,-1,159.606917,24.441588
2025-08-10T13:50:21.684260,21015,3.039062,3.085938,3.003906,-1,159.484847,24.441588
2025-08-10T13:50:22.005261,21016,3.03125,3.085938,3.0117190000000003,-1,159.606917,24.441588
2025-08-10T13:50:22.398260,21017,3.039062,3.082031,3.015625,-1,159.667952,24.441588
2025-08-10T13:50:22.772059,21018,3.039062,3.082031,3.0117190000000003,-1,159.545882,24.441588
2025-08-10T13:50:23.151059,21019,3.042969,3.078125,3.015625,-1,159.606917,24.441588
2025-08-10T13:50:23.488059,21020,3.042969,3.082031,3.015625,-1,159.484847,24.441588
2025-08-10T13:50:23.860060,21021,3.042969,3.082031,3.023438,-1,159.484847,24.45104
2025-08-10T13:50:24.237060,21022,3.042969,3.085938,3.007812,-1,159.667952,24.45104
2025-08-10T13:50:24.564059,21023,3.039062,3.085938,3.015625,-1,159.484847,24.45104
2025-08-10T13:50:24.970060,21024,3.042969,3.074219,3.015625,-1,159.606917,24.441588
2025-08-10T13:50:25.382059,21025,3.035156,3.085938,3.003906,-1,159.484847,24.45104
2025-08-10T13:50:25.775064,21026,3.027344,3.089844,3.003906,-1,159.606917,24.45104
2025-08-10T13:50:26.189403,21027,3.035156,3.085938,3.015625,-1,159.667952,24.45104
2025-08-10T13:50:26.507405,21028,3.03125,3.078125,3.015625,-1,159.606917,24.45104
2025-08-10T13:50:26.915403,21029,3.035156,3.082031,3.015625,-1,159.606917,24.441588
2025-08-10T13:50:27.311406,21030,3.039062,3.085938,3.0117190000000003,-1,159.606917,24.441588
2025-08-10T13:50:27.693406,21031,3.039062,3.085938,3.0273440000000003,-1,159.484847,24.45104
2025-08-10T13:50:28.039404,21032,3.039062,3.085938,3.007812,-1,159.667952,24.441588
2025-08-10T13:50:28.424409,21033,3.042969,3.082031,3.007812,-1,159.545882,24.441588
2025-08-10T13:50:28.871408,21034,3.042969,3.085938,3.015625,-1,159.484847,24.45104
2025-08-10T13:50:29.263403,21035,3.035156,3.085938,3.019531,-1,159.484847,24.441588
2025-08-10T13:50:29.646403,21036,3.039062,3.078125,3.015625,-1,159.667952,24.45104
2025-08-10T13:50:30.003403,21037,3.039062,3.085938,3.007812,-1,159.484847,24.441588
2025-08-10T13:50:30.398403,21038,3.035156,3.082031,3.015625,-1,159.545882,24.441588
2025-08-10T13:50:30.806405,21039,3.039062,3.082031,3.015625,-1,159.484847,24.441588
2025-08-10T13:50:31.240404,21040,3.039062,3.082031,3.015625,-1,159.606917,24.432136
2025-08-10T13:50:31.574404,21041,3.035156,3.085938,3.023438,-1,159.545882,24.432136
2025-08-10T13:50:32.000403,21042,3.042969,3.082031,3.019531,-1,159.484847,24.432136
2025-08-10T13:50:33.029406,21043,3.039062,3.085938,3.015625,-1,159.484847,24.432136
2025-08-10T13:50:34.008835,21044,3.042969,3.082031,3.015625,-1,159.484847,24.441588
2025-08-10T13:50:35.055109,21045,3.035156,3.082031,3.0117190000000003,-1,159.484847,24.441588
2025-08-10T13:50:35.455109,21046,3.039062,3.085938,3.015625,-1,159.667952,24.441588
2025-08-10T13:50:35.827109,21047,3.039062,3.082031,3.0117190000000003,-1,159.545882,24.432136
2025-08-10T13:50:36.194108,21048,3.039062,3.082031,3.0117190000000003,-1,159.545882,24.432136
2025-08-10T13:50:36.504108,21049,3.042969,3.085938,3.015625,-1,159.423812,24.432136
2025-08-10T13:50:36.879108,21050,3.039062,3.082031,3.015625,-1,159.545882,24.432136
2025-08-10T13:50:37.290111,21051,3.039062,3.085938,3.007812,-1,159.545882,24.432136
2025-08-10T13:50:37.679108,21052,3.042969,3.085938,3.015625,-1,159.606917,24.432136
2025-08-10T13:50:38.024108,21053,3.039062,3.085938,3.0117190000000003,-1,159.484847,24.441588
2025-08-10T13:50:38.407109,21054,3.039062,3.082031,3.0117190000000003,-1,159.545882,24.45104
2025-08-10T13:50:38.793108,21055,3.039062,3.082031,3.0117190000000003,-1,159.484847,24.45104
2025-08-10T13:50:39.195108,21056,3.042969,3.082031,3.007812,-1,159.484847,24.441588
2025-08-10T13:50:39.517108,21057,3.039062,3.082031,3.019531,-1,159.484847,24.441588
2025-08-10T13:50:39.881110,21058,3.039062,3.085938,3.015625,-1,159.667952,24.45104
2025-08-10T13:50:40.271108,21059,3.042969,3.082031,3.0117190000000003,-1,159.606917,24.441588
2025-08-10T13:50:40.656109,21060,3.039062,3.082031,3.015625,-1,159.484847,24.441588
2025-08-10T13:50:40.971109,21061,3.039062,3.085938,3.023438,-1,159.606917,24.441588
2025-08-10T13:50:41.375107,21062,3.035156,3.085938,3.015625,-1,159.606917,24.441588
2025-08-10T13:50:41.760108,21063,3.042969,3.078125,3.015625,-1,159.667952,24.441588
2025-08-10T13:50:42.127042,21064,3.039062,3.082031,3.019531,-1,159.484847,24.441588
2025-08-10T13:50:42.454042,21065,3.042969,3.082031,3.015625,-1,159.545882,24.422684
2025-08-10T13:50:42.875042,21066,3.035156,3.085938,3.0117190000000003,-1,159.484847,24.422684
2025-08-10T13:50:43.247042,21067,3.042969,3.082031,3.015625,-1,159.606917,24.422684
2025-08-10T13:50:43.646042,21068,3.03125,3.082031,3.019531,-1,159.423812,24.422684
2025-08-10T13:50:43.964041,21069,3.042969,3.085938,3.015625,-1,159.606917,24.422684
2025-08-10T13:50:44.339044,21070,3.039062,3.085938,3.019531,-1,159.484847,24.432136
2025-08-10T13:50:44.724042,21071,3.042969,3.082031,3.015625,-1,159.484847,24.422684
2025-08-10T13:50:45.039042,21072,3.042969,3.085938,3.019531,-1,159.667952,24.422684
2025-08-10T13:50:45.404043,21073,3.035156,3.089844,3.0117190000000003,-1,159.423812,24.422684
2025-08-10T13:50:45.787042,21074,3.042969,3.085938,3.015625,-1,159.423812,24.422684
2025-08-10T13:50:46.186043,21075,3.035156,3.082031,3.019531,-1,159.484847,24.422684
2025-08-10T13:50:46.521043,21076,3.042969,3.082031,3.015625,-1,159.484847,24.422684
2025-08-10T13:50:46.993044,21077,3.042969,3.082031,3.007812,-1,159.606917,24.422684
2025-08-10T13:50:47.414044,21078,3.035156,3.085938,3.015625,-1,159.728988,24.422684
2025-08-10T13:50:47.822055,21079,3.042969,3.085938,3.0117190000000003,-1,159.606917,24.403782
2025-08-10T13:50:48.263043,21080,3.039062,3.082031,3.0117190000000003,-1,159.606917,24.394331
2025-08-10T13:50:48.737043,21081,3.039062,3.082031,3.015625,-1,159.728988,24.394331
2025-08-10T13:50:49.260043,21082,3.039062,3.085938,3.0273440000000003,-1,159.545882,24.394331
2025-08-10T13:50:49.724042,21083,3.039062,3.082031,3.0117190000000003,-1,159.728988,24.384881
2025-08-10T13:50:50.165043,21084,3.042969,3.082031,3.015625,-1,159.728988,24.394331
2025-08-10T13:50:50.543042,21085,3.039062,3.082031,3.0117190000000003,-1,159.545882,24.403782
2025-08-10T13:50:50.992043,21086,3.035156,3.085938,3.015625,-1,159.728988,24.403782
2025-08-10T13:50:51.415044,21087,3.042969,3.085938,3.0117190000000003,-1,159.545882,24.403782
2025-08-10T13:50:51.905043,21088,3.039062,3.085938,3.0117190000000003,-1,159.667952,24.403782
2025-08-10T13:50:52.355043,21089,3.039062,3.085938,3.019531,-1,159.667952,24.413233
2025-08-10T13:50:52.774042,21090,3.039062,3.085938,3.015625,-1,159.667952,24.403782
2025-08-10T13:50:53.226042,21091,3.042969,3.085938,3.007812,-1,159.667952,24.394331
2025-08-10T13:50:53.808524,21092,3.042969,3.085938,3.019531,-1,159.545882,24.394331
2025-08-10T13:50:54.295523,21093,3.035156,3.085938,3.0117190000000003,-1,159.606917,24.384881
2025-08-10T13:50:54.746522,21094,3.039062,3.078125,3.019531,-1,159.667952,24.394331
2025-08-10T13:50:55.185525,21095,3.035156,3.085938,3.015625,-1,159.667952,24.394331
2025-08-10T13:50:55.591524,21096,3.039062,3.085938,3.019531,-1,159.484847,24.403782
2025-08-10T13:50:56.001522,21097,3.035156,3.082031,3.0117190000000003,-1,159.728988,24.403782
2025-08-10T13:50:56.401523,21098,3.042969,3.082031,3.015625,-1,159.545882,24.413233
2025-08-10T13:50:56.825524,21099,3.039062,3.085938,3.015625,-1,159.667952,24.413233
2025-08-10T13:50:57.222524,21100,3.039062,3.085938,3.0117190000000003,-1,159.667952,24.413233
2025-08-10T13:50:57.657529,21101,3.039062,3.089844,3.015625,-1,159.667952,24.413233
2025-08-10T13:50:57.983524,21102,3.039062,3.082031,3.0117190000000003,-1,159.667952,24.422684
2025-08-10T13:50:58.388523,21103,3.042969,3.085938,3.0117190000000003,-1,159.606917,24.422684
2025-08-10T13:50:58.812523,21104,3.039062,3.082031,3.0117190000000003,-1,159.606917,24.422684
2025-08-10T13:50:59.197524,21105,3.042969,3.082031,3.0117190000000003,-1,159.728988,24.422684
2025-08-10T13:50:59.575523,21106,3.039062,3.082031,3.0117190000000003,-1,159.484847,24.422684
2025-08-10T13:50:59.958522,21107,3.039062,3.082031,3.015625,-1,159.484847,24.422684
2025-08-10T13:51:00.356525,21108,3.042969,3.082031,3.019531,-1,159.606917,24.422684
2025-08-10T13:51:00.796523,21109,3.042969,3.082031,3.023438,-1,159.606917,24.422684
2025-08-10T13:51:01.173523,21110,3.039062,3.085938,3.0117190000000003,-1,159.667952,24.422684
2025-08-10T13:51:01.534522,21111,3.035156,3.078125,3.015625,-1,159.484847,24.422684
2025-08-10T13:51:01.925524,21112,3.039062,3.082031,3.0117190000000003,-1,159.606917,24.413233
2025-08-10T13:51:02.304523,21113,3.042969,3.082031,3.0117190000000003,-1,159.484847,24.422684
2025-08-10T13:51:02.712524,21114,3.039062,3.082031,3.007812,-1,159.484847,24.413233
2025-08-10T13:51:03.041523,21115,3.046875,3.085938,3.015625,-1,159.606917,24.413233
2025-08-10T13:51:03.446523,21116,3.042969,3.082031,3.007812,-1,159.606917,24.413233
2025-08-10T13:51:03.856523,21117,3.039062,3.085938,3.003906,-1,159.667952,24.413233
2025-08-10T13:51:04.255523,21118,3.042969,3.085938,3.015625,-1,159.484847,24.413233
2025-08-10T13:51:04.666523,21119,3.039062,3.082031,3.0117190000000003,-1,159.545882,24.413233
2025-08-10T13:51:04.997526,21120,3.039062,3.085938,3.015625,-1,159.545882,24.413233
2025-08-10T13:51:05.416523,21121,3.042969,3.085938,3.007812,-1,159.667952,24.413233
2025-08-10T13:51:05.820523,21122,3.039062,3.082031,3.015625,-1,159.667952,24.403782
2025-08-10T13:51:06.200522,21123,3.042969,3.082031,3.0117190000000003,-1,159.484847,24.413233
2025-08-10T13:51:06.569524,21124,3.042969,3.082031,3.015625,-1,159.667952,24.413233
2025-08-10T13:51:06.945522,21125,3.039062,3.082031,3.019531,-1,159.484847,24.403782
2025-08-10T13:51:07.330525,21126,3.046875,3.082031,3.0273440000000003,-1,159.545882,24.413233
2025-08-10T13:51:07.740529,21127,3.039062,3.082031,3.019531,-1,159.545882,24.413233
2025-08-10T13:51:08.080523,21128,3.039062,3.082031,3.0117190000000003,-1,159.606917,24.413233
2025-08-10T13:51:08.505993,21129,3.042969,3.085938,3.007812,-1,159.606917,24.413233
2025-08-10T13:51:08.916992,21130,3.035156,3.085938,3.007812,-1,159.484847,24.413233
2025-08-10T13:51:09.300994,21131,3.039062,3.085938,3.015625,-1,159.667952,24.413233
2025-08-10T13:51:09.737993,21132,3.039062,3.082031,3.019531,-1,159.545882,24.413233
2025-08-10T13:51:10.223992,21133,3.035156,3.082031,3.0273440000000003,-1,159.667952,24.413233
2025-08-10T13:51:10.688994,21134,3.039062,3.082031,3.015625,-1,159.606917,24.413233
2025-08-10T13:51:11.195992,21135,3.042969,3.082031,3.015625,-1,159.606917,24.413233
2025-08-10T13:51:11.565995,21136,3.039062,3.078125,3.019531,-1,159.545882,24.422684
2025-08-10T13:51:11.996993,21137,3.039062,3.085938,3.0117190000000003,-1,159.606917,24.422684
2025-08-10T13:51:12.427993,21138,3.042969,3.085938,3.007812,-1,159.667952,24.422684
2025-08-10T13:51:12.886992,21139,3.039062,3.082031,3.015625,-1,159.606917,24.432136
2025-08-10T13:51:13.320993,21140,3.042969,3.082031,3.023438,-1,159.667952,24.432136
2025-08-10T13:51:13.765004,21141,3.035156,3.082031,3.015625,-1,159.606917,24.422684
2025-08-10T13:51:14.222991,21142,3.039062,3.085938,3.015625,-1,159.545882,24.422684
2025-08-10T13:51:14.654993,21143,3.039062,3.085938,3.019531,-1,159.606917,24.422684
2025-08-10T13:51:15.052995,21144,3.039062,3.085938,3.019531,-1,159.728988,24.422684
2025-08-10T13:51:15.471992,21145,3.035156,3.085938,3.015625,-1,159.484847,24.422684
2025-08-10T13:51:15.906993,21146,3.035156,3.085938,3.007812,-1,159.545882,24.432136
2025-08-10T13:51:16.383991,21147,3.039062,3.085938,3.0117190000000003,-1,159.606917,24.441588
2025-08-10T13:51:16.825992,21148,3.039062,3.085938,3.007812,-1,159.667952,24.441588
2025-08-10T13:51:17.262991,21149,3.039062,3.085938,3.019531,-1,159.728988,24.432136
2025-08-10T13:51:17.717992,21150,3.039062,3.085938,3.015625,-1,159.667952,24.441588
2025-08-10T13:51:18.081991,21151,3.039062,3.082031,3.007812,-1,159.545882,24.45104
2025-08-10T13:51:18.545007,21152,3.039062,3.078125,3.007812,-1,159.545882,24.441588
2025-08-10T13:51:18.995992,21153,3.039062,3.078125,3.019531,-1,159.728988,24.45104
2025-08-10T13:51:19.426992,21154,3.039062,3.085938,3.015625,-1,159.545882,24.45104
2025-08-10T13:51:19.880992,21155,3.042969,3.082031,3.0117190000000003,-1,159.545882,24.45104
2025-08-10T13:51:20.321992,21156,3.035156,3.085938,3.015625,-1,159.667952,24.45104
2025-08-10T13:51:20.754992,21157,3.035156,3.078125,3.0117190000000003,-1,159.545882,24.45104
2025-08-10T13:51:21.205995,21158,3.039062,3.078125,3.015625,-1,159.728988,24.45104
2025-08-10T13:51:21.576991,21159,3.039062,3.082031,3.0117190000000003,-1,159.545882,24.45104
2025-08-10T13:51:22.009993,21160,3.042969,3.078125,3.007812,-1,159.667952,24.45104
2025-08-10T13:51:22.446990,21161,3.046875,3.085938,3.0117190000000003,-1,159.545882,24.45104
2025-08-10T13:51:22.895991,21162,3.042969,3.089844,3.0117190000000003,-1,159.667952,24.460493
2025-08-10T13:51:23.314992,21163,3.039062,3.082031,3.007812,-1,159.606917,24.460493
2025-08-10T13:51:23.766992,21164,3.039062,3.089844,3.0117190000000003,-1,159.667952,24.45104
2025-08-10T13:51:24.238992,21165,3.03125,3.082031,3.015625,-1,159.484847,24.45104
2025-08-10T13:51:24.720992,21166,3.039062,3.085938,3.015625,-1,159.606917,24.45104
2025-08-10T13:51:25.181998,21167,3.039062,3.082031,3.019531,-1,159.728988,24.45104
2025-08-10T13:51:25.549992,21168,3.042969,3.082031,3.015625,-1,159.606917,24.45104
2025-08-10T13:51:25.957992,21169,3.039062,3.085938,3.015625,-1,159.545882,24.45104
2025-08-10T13:51:26.366992,21170,3.035156,3.082031,3.007812,-1,159.545882,24.45104
2025-08-10T13:51:26.779992,21171,3.039062,3.082031,3.0117190000000003,-1,159.484847,24.441588
2025-08-10T13:51:27.169992,21172,3.039062,3.085938,3.015625,-1,159.606917,24.45104
2025-08-10T13:51:27.541991,21173,3.042969,3.085938,3.0117190000000003,-1,159.484847,24.45104
2025-08-10T13:51:27.952994,21174,3.039062,3.082031,3.007812,-1,159.484847,24.441588
2025-08-10T13:51:28.392991,21175,3.039062,3.082031,3.003906,-1,159.606917,24.441588
2025-08-10T13:51:28.827991,21176,3.042969,3.082031,3.015625,-1,159.484847,24.441588
2025-08-10T13:51:29.238992,21177,3.039062,3.085938,3.019531,-1,159.484847,24.432136
2025-08-10T13:51:29.584992,21178,3.035156,3.082031,3.015625,-1,159.667952,24.441588
2025-08-10T13:51:29.970991,21179,3.035156,3.085938,3.007812,-1,159.545882,24.441588
2025-08-10T13:51:30.372992,21180,3.039062,3.089844,3.015625,-1,159.606917,24.432136
2025-08-10T13:51:30.774736,21181,3.035156,3.085938,3.023438,-1,159.545882,24.432136
2025-08-10T13:51:31.162736,21182,3.042969,3.085938,3.0273440000000003,-1,159.545882,24.422684
2025-08-10T13:51:31.521733,21183,3.039062,3.082031,3.007812,-1,159.484847,24.422684
2025-08-10T13:51:31.933733,21184,3.039062,3.082031,3.015625,-1,159.667952,24.413233
2025-08-10T13:51:32.386735,21185,3.039062,3.082031,3.015625,-1,159.606917,24.413233
2025-08-10T13:51:32.798734,21186,3.039062,3.085938,3.015625,-1,159.667952,24.413233
2025-08-10T13:51:33.202734,21187,3.039062,3.082031,3.015625,-1,159.728988,24.403782
2025-08-10T13:51:33.583734,21188,3.042969,3.085938,3.015625,-1,159.606917,24.403782
2025-08-10T13:51:33.970734,21189,3.039062,3.082031,3.019531,-1,159.484847,24.413233
2025-08-10T13:51:34.393735,21190,3.042969,3.082031,3.0117190000000003,-1,159.667952,24.413233
2025-08-10T13:51:34.824734,21191,3.035156,3.085938,3.0117190000000003,-1,159.728988,24.413233
2025-08-10T13:51:35.207735,21192,3.039062,3.085938,3.0117190000000003,-1,159.545882,24.422684
2025-08-10T13:51:36.133734,21193,3.042969,3.085938,3.0117190000000003,-1,159.484847,24.413233
2025-08-10T13:51:36.560734,21194,3.039062,3.085938,3.015625,-1,159.667952,24.413233
2025-08-10T13:51:36.955733,21195,3.042969,3.085938,3.0117190000000003,-1,159.484847,24.422684
2025-08-10T13:51:37.379733,21196,3.039062,3.082031,3.015625,-1,159.667952,24.432136
2025-08-10T13:51:37.777734,21197,3.035156,3.085938,3.0117190000000003,-1,159.545882,24.422684
2025-08-10T13:51:38.162735,21198,3.042969,3.085938,3.019531,-1,159.667952,24.422684
2025-08-10T13:51:38.512040,21199,3.039062,3.085938,3.019531,-1,159.728988,24.422684
2025-08-10T13:51:38.915039,21200,3.046875,3.078125,3.019531,-1,159.545882,24.422684
2025-08-10T13:51:39.298040,21201,3.035156,3.085938,3.019531,-1,159.606917,24.432136
2025-08-10T13:51:39.702040,21202,3.039062,3.082031,3.015625,-1,159.667952,24.432136
2025-08-10T13:51:40.091043,21203,3.035156,3.082031,3.0117190000000003,-1,159.484847,24.432136
2025-08-10T13:51:40.441040,21204,3.039062,3.082031,3.023438,-1,159.484847,24.432136
2025-08-10T13:51:40.843040,21205,3.039062,3.085938,3.023438,-1,159.606917,24.432136
2025-08-10T13:51:41.241043,21206,3.039062,3.078125,3.0117190000000003,-1,159.728988,24.441588
2025-08-10T13:51:41.656040,21207,3.042969,3.082031,3.015625,-1,159.484847,24.441588
2025-08-10T13:51:41.988040,21208,3.042969,3.085938,3.007812,-1,159.606917,24.441588
2025-08-10T13:51:42.414041,21209,3.039062,3.085938,3.015625,-1,159.545882,24.441588
2025-08-10T13:51:42.823040,21210,3.039062,3.085938,3.015625,-1,159.728988,24.441588
2025-08-10T13:51:43.204040,21211,3.039062,3.082031,3.0117190000000003,-1,159.545882,24.441588
2025-08-10T13:51:43.629040,21212,3.042969,3.082031,3.003906,-1,159.667952,24.441588
2025-08-10T13:51:43.949041,21213,3.039062,3.082031,3.015625,-1,159.545882,24.45104
2025-08-10T13:51:44.360040,21214,3.039062,3.082031,3.015625,-1,159.667952,24.45104
2025-08-10T13:51:44.776040,21215,3.039062,3.082031,3.019531,-1,159.484847,24.45104
2025-08-10T13:51:45.173043,21216,3.039062,3.085938,3.015625,-1,159.484847,24.45104
2025-08-10T13:51:45.549041,21217,3.039062,3.085938,3.0117190000000003,-1,159.423812,24.45104
2025-08-10T13:51:45.952040,21218,3.039062,3.082031,3.019531,-1,159.606917,24.45104
2025-08-10T13:51:46.363044,21219,3.042969,3.078125,3.015625,-1,159.484847,24.45104
2025-08-10T13:51:46.790042,21220,3.039062,3.082031,3.007812,-1,159.484847,24.460493
2025-08-10T13:51:47.178041,21221,3.039062,3.078125,3.003906,-1,159.606917,24.460493
2025-08-10T13:51:47.554040,21222,3.039062,3.082031,3.007812,-1,159.423812,24.460493
2025-08-10T13:51:47.945040,21223,3.035156,3.082031,3.019531,-1,159.484847,24.460493
2025-08-10T13:51:48.336637,21224,3.042969,3.082031,3.015625,-1,159.545882,24.460493
2025-08-10T13:51:48.753635,21225,3.039062,3.082031,3.015625,-1,159.484847,24.469946
2025-08-10T13:51:49.128636,21226,3.039062,3.085938,3.007812,-1,159.545882,24.460493
2025-08-10T13:51:49.488636,21227,3.035156,3.085938,3.003906,-1,159.362777,24.45104
2025-08-10T13:51:49.897635,21228,3.042969,3.082031,3.0117190000000003,-1,159.362777,24.45104
2025-08-10T13:51:50.285635,21229,3.042969,3.085938,3.0117190000000003,-1,159.423812,24.460493
2025-08-10T13:51:50.718638,21230,3.039062,3.078125,3.007812,-1,159.484847,24.45104
2025-08-10T13:51:51.124635,21231,3.042969,3.085938,3.0117190000000003,-1,159.423812,24.460493
2025-08-10T13:51:51.479641,21232,3.035156,3.082031,3.007812,-1,159.545882,24.460493
2025-08-10T13:51:51.875635,21233,3.046875,3.089844,3.0117190000000003,-1,159.362777,24.45104
2025-08-10T13:51:52.270635,21234,3.039062,3.082031,3.0117190000000003,-1,159.545882,24.45104
2025-08-10T13:51:52.722635,21235,3.039062,3.082031,3.019531,-1,159.362777,24.441588
2025-08-10T13:51:53.098635,21236,3.042969,3.085938,3.015625,-1,159.606917,24.45104
2025-08-10T13:51:53.453635,21237,3.03125,3.078125,3.0117190000000003,-1,159.362777,24.441588
2025-08-10T13:51:53.860634,21238,3.039062,3.089844,3.0117190000000003,-1,159.362777,24.45104
2025-08-10T13:51:54.233634,21239,3.039062,3.085938,3.019531,-1,159.423812,24.45104
2025-08-10T13:51:54.657639,21240,3.039062,3.082031,3.019531,-1,159.545882,24.432136
2025-08-10T13:51:54.981634,21241,3.042969,3.085938,3.0117190000000003,-1,159.423812,24.441588
2025-08-10T13:51:55.373638,21242,3.039062,3.082031,3.019531,-1,159.545882,24.441588
2025-08-10T13:51:55.815636,21243,3.039062,3.085938,3.015625,-1,159.545882,24.432136
2025-08-10T13:51:56.198635,21244,3.046875,3.082031,3.015625,-1,159.423812,24.432136
2025-08-10T13:51:56.568635,21245,3.039062,3.082031,3.015625,-1,159.362777,24.432136
2025-08-10T13:51:56.983638,21246,3.039062,3.085938,3.0117190000000003,-1,159.362777,24.432136
2025-08-10T13:51:57.388636,21247,3.039062,3.085938,3.003906,-1,159.484847,24.432136
2025-08-10T13:51:57.816188,21248,3.042969,3.085938,3.019531,-1,159.362777,24.432136
2025-08-10T13:51:58.208188,21249,3.042969,3.078125,3.019531,-1,159.301741,24.432136
2025-08-10T13:51:58.817547,21250,3.042969,3.078125,3.015625,-1,159.545882,24.432136
2025-08-10T13:51:59.219547,21251,3.042969,3.085938,3.019531,-1,159.545882,24.422684
2025-08-10T13:51:59.625548,21252,3.039062,3.085938,3.0117190000000003,-1,159.484847,24.422684
2025-08-10T13:51:59.956547,21253,3.039062,3.085938,3.0117190000000003,-1,159.423812,24.413233
2025-08-10T13:52:00.380549,21254,3.039062,3.082031,3.0117190000000003,-1,159.484847,24.413233
2025-08-10T13:52:00.783563,21255,3.042969,3.082031,3.015625,-1,159.545882,24.403782
2025-08-10T13:52:01.159547,21256,3.039062,3.082031,3.0117190000000003,-1,159.484847,24.403782
2025-08-10T13:52:01.527559,21257,3.042969,3.082031,3.015625,-1,159.484847,24.403782
2025-08-10T13:52:01.922548,21258,3.039062,3.082031,3.007812,-1,159.545882,24.413233
2025-08-10T13:52:02.339547,21259,3.039062,3.085938,3.015625,-1,159.545882,24.422684
2025-08-10T13:52:02.753546,21260,3.039062,3.082031,3.0117190000000003,-1,159.545882,24.422684
2025-08-10T13:52:03.120549,21261,3.035156,3.085938,3.019531,-1,159.301741,24.422684
2025-08-10T13:52:03.468548,21262,3.039062,3.082031,3.0117190000000003,-1,159.484847,24.422684
2025-08-10T13:52:03.862549,21263,3.039062,3.085938,3.003906,-1,159.484847,24.432136
2025-08-10T13:52:04.228547,21264,3.039062,3.085938,3.019531,-1,159.484847,24.432136
2025-08-10T13:52:04.639548,21265,3.039062,3.089844,3.015625,-1,159.362777,24.422684
2025-08-10T13:52:04.962550,21266,3.042969,3.085938,3.019531,-1,159.484847,24.422684
2025-08-10T13:52:05.363552,21267,3.042969,3.085938,3.015625,-1,159.362777,24.422684
2025-08-10T13:52:05.765549,21268,3.042969,3.082031,3.0117190000000003,-1,159.362777,24.422684
2025-08-10T13:52:06.170548,21269,3.03125,3.085938,3.019531,-1,159.484847,24.422684
2025-08-10T13:52:06.551551,21270,3.039062,3.085938,3.0117190000000003,-1,159.484847,24.422684
2025-08-10T13:52:06.922990,21271,3.042969,3.082031,3.019531,-1,159.301741,24.422684
2025-08-10T13:52:07.297993,21272,3.042969,3.082031,3.015625,-1,159.240706,24.422684
2025-08-10T13:52:07.708993,21273,3.042969,3.082031,3.0117190000000003,-1,159.179671,24.422684
2025-08-10T13:52:08.093991,21274,3.039062,3.085938,3.019531,-1,159.484847,24.422684
2025-08-10T13:52:08.451991,21275,3.035156,3.082031,3.007812,-1,159.362777,24.432136
2025-08-10T13:52:08.830990,21276,3.039062,3.082031,3.007812,-1,159.362777,24.432136
2025-08-10T13:52:09.209991,21277,3.039062,3.085938,3.015625,-1,159.484847,24.413233
2025-08-10T13:52:09.613990,21278,3.035156,3.082031,3.0117190000000003,-1,159.362777,24.432136
2025-08-10T13:52:09.939990,21279,3.039062,3.085938,3.0117190000000003,-1,159.362777,24.432136
2025-08-10T13:52:10.352992,21280,3.042969,3.082031,3.003906,-1,159.545882,24.432136
2025-08-10T13:52:10.750991,21281,3.035156,3.078125,3.019531,-1,159.362777,24.441588
2025-08-10T13:52:11.125675,21282,3.042969,3.089844,3.015625,-1,159.606917,24.441588
2025-08-10T13:52:11.483675,21283,3.042969,3.085938,3.019531,-1,159.606917,24.45104
2025-08-10T13:52:11.874675,21284,3.042969,3.085938,3.015625,-1,159.545882,24.441588
2025-08-10T13:52:12.266680,21285,3.039062,3.082031,3.0117190000000003,-1,159.484847,24.45104
2025-08-10T13:52:12.720675,21286,3.039062,3.085938,3.015625,-1,159.423812,24.45104
2025-08-10T13:52:13.627105,21287,3.039062,3.078125,3.0117190000000003,-1,159.484847,24.45104
2025-08-10T13:52:14.085568,21288,3.042969,3.082031,3.0,-1,159.606917,24.460493
2025-08-10T13:52:14.580569,21289,3.03125,3.078125,3.0117190000000003,-1,159.667952,24.45104
2025-08-10T13:52:14.957570,21290,3.039062,3.082031,3.0117190000000003,-1,159.545882,24.460493
2025-08-10T13:52:15.341568,21291,3.042969,3.082031,3.015625,-1,159.606917,24.45104
2025-08-10T13:52:15.763625,21292,3.042969,3.085938,3.019531,-1,159.484847,24.45104
2025-08-10T13:52:16.173625,21293,3.039062,3.082031,3.023438,-1,159.484847,24.45104
2025-08-10T13:52:16.546624,21294,3.039062,3.085938,3.0117190000000003,-1,159.484847,24.460493
2025-08-10T13:52:16.921836,21295,3.042969,3.085938,3.019531,-1,159.484847,24.460493
2025-08-10T13:52:17.301835,21296,3.035156,3.082031,3.0117190000000003,-1,159.545882,24.469946
2025-08-10T13:52:17.715835,21297,3.039062,3.085938,3.0117190000000003,-1,159.423812,24.469946
2025-08-10T13:52:18.102836,21298,3.039062,3.082031,3.019531,-1,159.545882,24.469946
2025-08-10T13:52:18.442836,21299,3.042969,3.074219,3.015625,-1,159.545882,24.469946
2025-08-10T13:52:18.833837,21300,3.035156,3.089844,3.0117190000000003,-1,159.423812,24.469946
2025-08-10T13:52:19.214835,21301,3.039062,3.085938,3.003906,-1,159.545882,24.460493
2025-08-10T13:52:19.577835,21302,3.039062,3.085938,3.015625,-1,159.362777,24.460493
2025-08-10T13:52:19.960835,21303,3.039062,3.085938,3.015625,-1,159.484847,24.45104
2025-08-10T13:52:20.347836,21304,3.039062,3.082031,3.0117190000000003,-1,159.362777,24.45104
2025-08-10T13:52:20.760844,21305,3.042969,3.085938,3.0117190000000003,-1,159.545882,24.45104
2025-08-10T13:52:21.149835,21306,3.042969,3.085938,3.015625,-1,159.545882,24.45104
2025-08-10T13:52:21.499834,21307,3.039062,3.085938,3.0117190000000003,-1,159.606917,24.45104
2025-08-10T13:52:21.883835,21308,3.042969,3.082031,3.015625,-1,159.545882,24.45104
2025-08-10T13:52:22.268835,21309,3.035156,3.085938,3.0117190000000003,-1,159.362777,24.45104
2025-08-10T13:52:22.665836,21310,3.039062,3.085938,3.015625,-1,159.423812,24.45104
2025-08-10T13:52:22.993836,21311,3.042969,3.082031,3.015625,-1,159.484847,24.45104
2025-08-10T13:52:23.402835,21312,3.039062,3.085938,3.0117190000000003,-1,159.545882,24.45104
2025-08-10T13:52:23.797835,21313,3.042969,3.085938,3.0117190000000003,-1,159.545882,24.45104
2025-08-10T13:52:24.188836,21314,3.039062,3.078125,3.015625,-1,159.362777,24.45104
2025-08-10T13:52:24.570835,21315,3.039062,3.082031,3.0117190000000003,-1,159.484847,24.460493
2025-08-10T13:52:24.955825,21316,3.039062,3.085938,3.007812,-1,159.423812,24.45104
2025-08-10T13:52:25.347829,21317,3.03125,3.078125,3.0117190000000003,-1,159.484847,24.45104
2025-08-10T13:52:25.754828,21318,3.039062,3.082031,3.0117190000000003,-1,159.423812,24.45104
2025-08-10T13:52:26.133782,21319,3.039062,3.078125,3.0117190000000003,-1,159.362777,24.45104
2025-08-10T13:52:26.484779,21320,3.039062,3.085938,3.019531,-1,159.545882,24.460493
2025-08-10T13:52:26.882780,21321,3.042969,3.085938,3.015625,-1,159.545882,24.45104
2025-08-10T13:52:27.260781,21322,3.039062,3.082031,3.0117190000000003,-1,159.484847,24.45104
2025-08-10T13:52:27.681781,21323,3.042969,3.082031,3.015625,-1,159.545882,24.45104
2025-08-10T13:52:28.005780,21324,3.042969,3.082031,3.0273440000000003,-1,159.362777,24.45104
2025-08-10T13:52:28.424781,21325,3.039062,3.082031,3.003906,-1,159.423812,24.45104
2025-08-10T13:52:28.832780,21326,3.042969,3.085938,3.015625,-1,159.484847,24.45104
2025-08-10T13:52:29.215780,21327,3.039062,3.082031,3.007812,-1,159.545882,24.441588
2025-08-10T13:52:29.633781,21328,3.039062,3.082031,3.015625,-1,159.362777,24.45104
2025-08-10T13:52:29.970781,21329,3.039062,3.085938,3.007812,-1,159.484847,24.441588
2025-08-10T13:52:30.375782,21330,3.035156,3.085938,3.003906,-1,159.484847,24.441588
2025-08-10T13:52:30.784781,21331,3.035156,3.085938,3.019531,-1,159.484847,24.441588
2025-08-10T13:52:31.176780,21332,3.042969,3.085938,3.0117190000000003,-1,159.362777,24.441588
2025-08-10T13:52:31.553782,21333,3.042969,3.085938,3.0117190000000003,-1,159.362777,24.432136
2025-08-10T13:52:31.950780,21334,3.039062,3.082031,3.0117190000000003,-1,159.545882,24.441588
2025-08-10T13:52:32.332781,21335,3.035156,3.085938,3.003906,-1,159.301741,24.45104
2025-08-10T13:52:32.759782,21336,3.039062,3.082031,3.015625,-1,159.301741,24.441588
2025-08-10T13:52:33.170780,21337,3.046875,3.089844,3.015625,-1,159.362777,24.45104
2025-08-10T13:52:33.531780,21338,3.042969,3.085938,3.0117190000000003,-1,159.423812,24.45104
2025-08-10T13:52:33.920786,21339,3.039062,3.085938,3.019531,-1,159.362777,24.45104
2025-08-10T13:52:34.313787,21340,3.042969,3.078125,3.015625,-1,159.484847,24.45104
2025-08-10T13:52:34.714787,21341,3.042969,3.089844,3.015625,-1,159.423812,24.460493
2025-08-10T13:52:35.034787,21342,3.042969,3.082031,3.007812,-1,159.301741,24.460493
2025-08-10T13:52:35.440787,21343,3.042969,3.082031,3.0117190000000003,-1,159.240706,24.460493
2025-08-10T13:52:35.840787,21344,3.042969,3.085938,3.019531,-1,159.301741,24.460493
2025-08-10T13:52:36.260786,21345,3.039062,3.089844,3.003906,-1,159.301741,24.460493
2025-08-10T13:52:36.718787,21346,3.042969,3.085938,3.015625,-1,159.301741,24.460493
2025-08-10T13:52:37.057787,21347,3.035156,3.085938,3.015625,-1,159.301741,24.460493
2025-08-10T13:52:37.516788,21348,3.035156,3.085938,3.015625,-1,159.484847,24.460493
2025-08-10T13:52:38.190786,21349,3.042969,3.085938,3.015625,-1,159.362777,24.441588
2025-08-10T13:52:38.646788,21350,3.039062,3.085938,3.0117190000000003,-1,159.423812,24.45104
2025-08-10T13:52:39.025787,21351,3.035156,3.085938,3.0117190000000003,-1,159.362777,24.45104
2025-08-10T13:52:39.418786,21352,3.035156,3.085938,3.0117190000000003,-1,159.423812,24.45104
2025-08-10T13:52:39.841788,21353,3.039062,3.085938,3.007812,-1,159.362777,24.441588
2025-08-10T13:52:40.226787,21354,3.039062,3.082031,3.015625,-1,159.484847,24.432136
2025-08-10T13:52:40.738789,21355,3.039062,3.082031,3.019531,-1,159.362777,24.432136
2025-08-10T13:52:41.301789,21356,3.035156,3.082031,3.015625,-1,159.301741,24.441588
2025-08-10T13:52:41.793793,21357,3.039062,3.082031,3.015625,-1,159.362777,24.432136
2025-08-10T13:52:42.255787,21358,3.035156,3.082031,3.007812,-1,159.301741,24.422684
2025-08-10T13:52:42.725788,21359,3.039062,3.085938,3.0117190000000003,-1,159.301741,24.413233
2025-08-10T13:52:43.173787,21360,3.039062,3.085938,3.015625,-1,159.423812,24.432136
2025-08-10T13:52:43.611787,21361,3.039062,3.085938,3.0117190000000003,-1,159.362777,24.422684
2025-08-10T13:52:44.007790,21362,3.042969,3.085938,3.0117190000000003,-1,159.423812,24.432136
2025-08-10T13:52:44.417790,21363,3.042969,3.078125,3.007812,-1,159.362777,24.432136
2025-08-10T13:52:44.841787,21364,3.039062,3.085938,3.015625,-1,159.362777,24.441588
2025-08-10T13:52:45.179787,21365,3.042969,3.085938,3.007812,-1,159.423812,24.441588
2025-08-10T13:52:45.606787,21366,3.035156,3.085938,3.007812,-1,159.423812,24.441588
2025-08-10T13:52:46.012792,21367,3.039062,3.082031,3.015625,-1,159.423812,24.441588
2025-08-10T13:52:46.436786,21368,3.042969,3.085938,3.007812,-1,159.545882,24.45104
2025-08-10T13:52:46.832796,21369,3.035156,3.082031,3.015625,-1,159.423812,24.45104
2025-08-10T13:52:47.160797,21370,3.039062,3.085938,3.015625,-1,159.484847,24.441588
2025-08-10T13:52:47.588796,21371,3.039062,3.078125,3.0117190000000003,-1,159.484847,24.441588
2025-08-10T13:52:47.972796,21372,3.042969,3.085938,3.0117190000000003,-1,159.423812,24.441588
2025-08-10T13:52:48.409798,21373,3.039062,3.078125,3.0117190000000003,-1,159.484847,24.45104
2025-08-10T13:52:48.770797,21374,3.039062,3.085938,3.019531,-1,159.423812,24.45104
2025-08-10T13:52:49.165795,21375,3.035156,3.078125,3.015625,-1,159.545882,24.45104
2025-08-10T13:52:49.611798,21376,3.039062,3.082031,3.019531,-1,159.545882,24.460493
2025-08-10T13:52:50.003795,21377,3.042969,3.085938,3.015625,-1,159.484847,24.460493
2025-08-10T13:52:50.410797,21378,3.042969,3.082031,3.019531,-1,159.423812,24.460493
2025-08-10T13:52:50.748796,21379,3.035156,3.082031,3.019531,-1,159.484847,24.45104
2025-08-10T13:52:51.146800,21380,3.035156,3.082031,3.0117190000000003,-1,159.545882,24.45104
2025-08-10T13:52:51.578795,21381,3.027344,3.082031,3.0117190000000003,-1,159.362777,24.45104
2025-08-10T13:52:51.978800,21382,3.042969,3.082031,3.0117190000000003,-1,159.545882,24.45104
2025-08-10T13:52:52.422797,21383,3.035156,3.082031,3.0117190000000003,-1,159.362777,24.45104
2025-08-10T13:52:52.852796,21384,3.039062,3.082031,3.015625,-1,159.362777,24.45104
2025-08-10T13:52:53.207796,21385,3.042969,3.082031,3.007812,-1,159.545882,24.45104
2025-08-10T13:52:53.639799,21386,3.039062,3.085938,3.015625,-1,159.362777,24.45104
2025-08-10T13:52:54.032797,21387,3.03125,3.085938,3.015625,-1,159.545882,24.441588
2025-08-10T13:52:54.433796,21388,3.035156,3.089844,3.0117190000000003,-1,159.484847,24.432136
2025-08-10T13:52:54.852797,21389,3.039062,3.082031,3.0117190000000003,-1,159.362777,24.432136
2025-08-10T13:52:55.194796,21390,3.042969,3.082031,3.015625,-1,159.545882,24.422684
2025-08-10T13:52:55.634796,21391,3.039062,3.082031,3.019531,-1,159.484847,24.422684
2025-08-10T13:52:56.032796,21392,3.039062,3.082031,3.0117190000000003,-1,159.423812,24.422684
2025-08-10T13:52:56.437796,21393,3.039062,3.082031,3.015625,-1,159.423812,24.413233
2025-08-10T13:52:56.795797,21394,3.039062,3.085938,3.0117190000000003,-1,159.423812,24.413233
2025-08-10T13:52:57.210796,21395,3.035156,3.082031,3.007812,-1,159.362777,24.413233
2025-08-10T13:52:58.646617,21396,3.035156,3.078125,3.003906,-1,159.362777,24.403782
2025-08-10T13:52:59.063617,21397,3.039062,3.085938,3.015625,-1,159.545882,24.375431
2025-08-10T13:52:59.498618,21398,3.039062,3.085938,3.015625,-1,159.423812,24.375431
2025-08-10T13:52:59.892617,21399,3.039062,3.085938,3.019531,-1,159.423812,24.375431
2025-08-10T13:53:00.318618,21400,3.039062,3.082031,3.023438,-1,159.545882,24.384881
2025-08-10T13:53:00.762617,21401,3.039062,3.082031,3.0117190000000003,-1,159.484847,24.384881
2025-08-10T13:53:01.163620,21402,3.035156,3.085938,3.0117190000000003,-1,159.362777,24.384881
2025-08-10T13:53:01.535617,21403,3.039062,3.085938,3.0117190000000003,-1,159.484847,24.394331
2025-08-10T13:53:01.934617,21404,3.039062,3.082031,3.0117190000000003,-1,159.545882,24.394331
2025-08-10T13:53:02.349617,21405,3.042969,3.078125,3.015625,-1,159.545882,24.394331
2025-08-10T13:53:02.796617,21406,3.042969,3.082031,3.0117190000000003,-1,159.362777,24.384881
2025-08-10T13:53:03.201619,21407,3.035156,3.082031,3.015625,-1,159.545882,24.394331
2025-08-10T13:53:03.631619,21408,3.039062,3.082031,3.015625,-1,159.362777,24.394331
2025-08-10T13:53:03.961618,21409,3.039062,3.082031,3.003906,-1,159.423812,24.403782
2025-08-10T13:53:04.391617,21410,3.03125,3.089844,3.015625,-1,159.423812,24.413233
2025-08-10T13:53:04.820619,21411,3.039062,3.085938,3.019531,-1,159.606917,24.413233
2025-08-10T13:53:05.215617,21412,3.035156,3.089844,3.007812,-1,159.545882,24.413233
2025-08-10T13:53:05.661617,21413,3.042969,3.085938,3.019531,-1,159.423812,24.422684
2025-08-10T13:53:06.015617,21414,3.042969,3.085938,3.023438,-1,159.423812,24.422684
2025-08-10T13:53:06.423619,21415,3.039062,3.085938,3.015625,-1,159.484847,24.422684
2025-08-10T13:53:06.850617,21416,3.039062,3.085938,3.0117190000000003,-1,159.423812,24.422684
2025-08-10T13:53:07.235618,21417,3.039062,3.082031,3.019531,-1,159.606917,24.432136
2025-08-10T13:53:07.654617,21418,3.039062,3.085938,3.003906,-1,159.545882,24.422684
2025-08-10T13:53:07.994617,21419,3.042969,3.085938,3.023438,-1,159.484847,24.422684
2025-08-10T13:53:08.397259,21420,3.039062,3.078125,3.0117190000000003,-1,159.362777,24.432136
2025-08-10T13:53:08.828258,21421,3.039062,3.085938,3.019531,-1,159.423812,24.422684
2025-08-10T13:53:09.248257,21422,3.039062,3.082031,3.0117190000000003,-1,159.362777,24.432136
2025-08-10T13:53:09.703257,21423,3.042969,3.085938,3.0117190000000003,-1,159.545882,24.432136
2025-08-10T13:53:10.043256,21424,3.039062,3.082031,3.007812,-1,159.545882,24.432136
2025-08-10T13:53:10.458258,21425,3.039062,3.085938,3.015625,-1,159.484847,24.432136
2025-08-10T13:53:10.910257,21426,3.039062,3.089844,3.0117190000000003,-1,159.545882,24.432136
2025-08-10T13:53:11.322256,21427,3.035156,3.085938,3.007812,-1,159.484847,24.432136
2025-08-10T13:53:11.755256,21428,3.042969,3.085938,3.007812,-1,159.362777,24.432136
2025-08-10T13:53:12.158257,21429,3.035156,3.085938,3.015625,-1,159.606917,24.432136
2025-08-10T13:53:12.525259,21430,3.035156,3.082031,3.015625,-1,159.545882,24.432136
2025-08-10T13:53:12.923258,21431,3.046875,3.078125,3.007812,-1,159.484847,24.432136
2025-08-10T13:53:13.318258,21432,3.050781,3.085938,3.007812,-1,159.362777,24.422684
2025-08-10T13:53:13.737257,21433,3.035156,3.085938,3.007812,-1,159.423812,24.432136
2025-08-10T13:53:14.143257,21434,3.042969,3.082031,3.0117190000000003,-1,159.484847,24.432136
2025-08-10T13:53:14.524257,21435,3.042969,3.085938,3.007812,-1,159.423812,24.432136
2025-08-10T13:53:14.922257,21436,3.042969,3.082031,3.015625,-1,159.362777,24.432136
2025-08-10T13:53:15.339258,21437,3.039062,3.082031,3.015625,-1,159.423812,24.422684
2025-08-10T13:53:15.809257,21438,3.042969,3.082031,3.007812,-1,159.423812,24.441588
2025-08-10T13:53:16.214163,21439,3.046875,3.089844,3.0117190000000003,-1,159.606917,24.441588
2025-08-10T13:53:16.658164,21440,3.042969,3.082031,3.0117190000000003,-1,159.423812,24.441588
2025-08-10T13:53:16.992164,21441,3.039062,3.085938,3.015625,-1,159.484847,24.441588
2025-08-10T13:53:17.399164,21442,3.039062,3.085938,3.015625,-1,159.484847,24.441588
2025-08-10T13:53:17.818163,21443,3.046875,3.085938,3.007812,-1,159.362777,24.441588
2025-08-10T13:53:18.232163,21444,3.042969,3.089844,3.015625,-1,159.362777,24.432136
2025-08-10T13:53:18.664163,21445,3.039062,3.085938,3.015625,-1,159.423812,24.432136
2025-08-10T13:53:19.026163,21446,3.035156,3.085938,3.003906,-1,159.423812,24.441588
2025-08-10T13:53:19.429163,21447,3.039062,3.085938,3.019531,-1,159.362777,24.45104
2025-08-10T13:53:19.883163,21448,3.042969,3.085938,3.019531,-1,159.484847,24.45104
2025-08-10T13:53:20.291164,21449,3.042969,3.082031,3.015625,-1,159.484847,24.45104
2025-08-10T13:53:20.736163,21450,3.035156,3.085938,3.019531,-1,159.423812,24.460493
2025-08-10T13:53:21.154163,21451,3.039062,3.082031,3.0117190000000003,-1,159.423812,24.460493
2025-08-10T13:53:21.524162,21452,3.042969,3.085938,3.0117190000000003,-1,159.362777,24.469946
2025-08-10T13:53:21.934165,21453,3.035156,3.082031,3.003906,-1,159.423812,24.469946
2025-08-10T13:53:22.378163,21454,3.042969,3.082031,3.0117190000000003,-1,159.484847,24.460493
2025-08-10T13:53:22.806165,21455,3.039062,3.085938,3.019531,-1,159.484847,24.45104
2025-08-10T13:53:23.210164,21456,3.035156,3.082031,3.015625,-1,159.545882,24.45104
2025-08-10T13:53:23.582164,21457,3.042969,3.082031,3.019531,-1,159.545882,24.45104
2025-08-10T13:53:23.975164,21458,3.042969,3.085938,3.007812,-1,159.423812,24.45104
2025-08-10T13:53:24.391164,21459,3.039062,3.085938,3.019531,-1,159.423812,24.45104
2025-08-10T13:53:24.810163,21460,3.039062,3.082031,3.015625,-1,159.423812,24.45104
2025-08-10T13:53:25.250163,21461,3.039062,3.082031,3.015625,-1,159.484847,24.45104
2025-08-10T13:53:25.664163,21462,3.035156,3.085938,3.007812,-1,159.301741,24.460493
2025-08-10T13:53:26.016164,21463,3.039062,3.085938,3.015625,-1,159.484847,24.45104
2025-08-10T13:53:26.427163,21464,3.042969,3.082031,3.0117190000000003,-1,159.545882,24.45104
2025-08-10T13:53:26.827166,21465,3.039062,3.085938,3.019531,-1,159.484847,24.460493
2025-08-10T13:53:27.226163,21466,3.039062,3.078125,3.0117190000000003,-1,159.484847,24.460493
2025-08-10T13:53:28.148363,21467,3.035156,3.082031,3.0117190000000003,-1,159.362777,24.460493
2025-08-10T13:53:28.580363,21468,3.039062,3.085938,3.019531,-1,159.362777,24.441588
2025-08-10T13:53:28.986366,21469,3.042969,3.085938,3.015625,-1,159.362777,24.441588
2025-08-10T13:53:29.381918,21470,3.039062,3.078125,3.007812,-1,159.301741,24.441588
2025-08-10T13:53:29.822918,21471,3.035156,3.082031,3.0117190000000003,-1,159.301741,24.441588
2025-08-10T13:53:30.210916,21472,3.039062,3.078125,3.015625,-1,159.362777,24.441588
2025-08-10T13:53:30.578917,21473,3.039062,3.085938,3.019531,-1,159.423812,24.45104
2025-08-10T13:53:30.980917,21474,3.039062,3.082031,3.023438,-1,159.362777,24.441588
2025-08-10T13:53:31.385693,21475,3.035156,3.082031,3.015625,-1,159.423812,24.432136
2025-08-10T13:53:31.829694,21476,3.042969,3.082031,3.007812,-1,159.484847,24.441588
2025-08-10T13:53:32.227696,21477,3.042969,3.082031,3.0117190000000003,-1,159.301741,24.441588
2025-08-10T13:53:32.605693,21478,3.039062,3.082031,3.015625,-1,159.484847,24.441588
2025-08-10T13:53:32.999693,21479,3.042969,3.085938,3.0117190000000003,-1,159.484847,24.441588
2025-08-10T13:53:33.425694,21480,3.042969,3.082031,3.003906,-1,159.545882,24.441588
2025-08-10T13:53:33.849694,21481,3.039062,3.082031,3.0117190000000003,-1,159.362777,24.441588
2025-08-10T13:53:34.267694,21482,3.039062,3.085938,3.0117190000000003,-1,159.484847,24.441588
2025-08-10T13:53:34.633693,21483,3.039062,3.085938,3.0117190000000003,-1,159.423812,24.45104
2025-08-10T13:53:35.033695,21484,3.042969,3.085938,3.0117190000000003,-1,159.301741,24.441588
2025-08-10T13:53:35.468693,21485,3.035156,3.085938,3.015625,-1,159.545882,24.45104
2025-08-10T13:53:35.876693,21486,3.039062,3.082031,3.015625,-1,159.545882,24.45104
2025-08-10T13:53:36.292695,21487,3.039062,3.085938,3.019531,-1,159.301741,24.460493
2025-08-10T13:53:36.667698,21488,3.039062,3.085938,3.0117190000000003,-1,159.423812,24.45104
2025-08-10T13:53:37.479695,21489,3.042969,3.089844,3.019531,-1,159.484847,24.460493
2025-08-10T13:53:37.912694,21490,3.042969,3.082031,3.0117190000000003,-1,159.484847,24.460493
2025-08-10T13:53:38.300694,21491,3.039062,3.085938,3.0117190000000003,-1,159.301741,24.460493
2025-08-10T13:53:38.734694,21492,3.042969,3.085938,3.015625,-1,159.484847,24.45104
2025-08-10T13:53:39.129694,21493,3.035156,3.089844,3.003906,-1,159.484847,24.441588
2025-08-10T13:53:39.569694,21494,3.035156,3.085938,3.023438,-1,159.362777,24.441588
2025-08-10T13:53:39.910693,21495,3.042969,3.082031,3.023438,-1,159.484847,24.441588
2025-08-10T13:53:40.322697,21496,3.042969,3.085938,3.019531,-1,159.484847,24.45104
2025-08-10T13:53:40.751693,21497,3.042969,3.082031,3.015625,-1,159.301741,24.441588
2025-08-10T13:53:41.159694,21498,3.042969,3.085938,3.0273440000000003,-1,159.240706,24.432136
2025-08-10T13:53:41.614693,21499,3.039062,3.074219,3.007812,-1,159.484847,24.432136
2025-08-10T13:53:42.018695,21500,3.039062,3.082031,3.019531,-1,159.240706,24.441588
2025-08-10T13:53:42.375694,21501,3.039062,3.085938,3.007812,-1,159.240706,24.441588
2025-08-10T13:53:42.794694,21502,3.039062,3.082031,3.0117190000000003,-1,159.423812,24.441588
2025-08-10T13:53:43.249738,21503,3.039062,3.082031,3.015625,-1,159.301741,24.441588
2025-08-10T13:53:43.692738,21504,3.039062,3.082031,3.015625,-1,159.240706,24.441588
2025-08-10T13:53:44.095737,21505,3.042969,3.082031,3.007812,-1,159.423812,24.45104
2025-08-10T13:53:44.526741,21506,3.042969,3.082031,3.019531,-1,159.423812,24.45104
2025-08-10T13:53:44.880739,21507,3.042969,3.078125,3.015625,-1,159.301741,24.45104
2025-08-10T13:53:45.276740,21508,3.042969,3.085938,3.019531,-1,159.301741,24.45104
2025-08-10T13:53:45.718740,21509,3.039062,3.085938,3.019531,-1,159.423812,24.45104
2025-08-10T13:53:46.121738,21510,3.042969,3.085938,3.019531,-1,159.423812,24.45104
2025-08-10T13:53:46.562737,21511,3.042969,3.082031,3.015625,-1,159.240706,24.45104
2025-08-10T13:53:46.904738,21512,3.039062,3.082031,3.0117190000000003,-1,159.484847,24.45104
2025-08-10T13:53:47.301738,21513,3.03125,3.082031,3.0117190000000003,-1,159.423812,24.45104
2025-08-10T13:53:47.744750,21514,3.042969,3.085938,3.019531,-1,159.362777,24.45104
2025-08-10T13:53:48.186738,21515,3.042969,3.085938,3.019531,-1,159.301741,24.460493
2025-08-10T13:53:48.898739,21516,3.039062,3.082031,3.019531,-1,159.484847,24.45104
2025-08-10T13:53:49.369736,21517,3.039062,3.082031,3.015625,-1,159.301741,24.45104
2025-08-10T13:53:49.808738,21518,3.039062,3.085938,3.015625,-1,159.362777,24.441588
2025-08-10T13:53:50.200740,21519,3.042969,3.082031,3.015625,-1,159.484847,24.441588
2025-08-10T13:53:50.642738,21520,3.039062,3.078125,3.007812,-1,159.301741,24.45104
2025-08-10T13:53:51.027737,21521,3.042969,3.085938,3.015625,-1,159.484847,24.441588
2025-08-10T13:53:51.371739,21522,3.035156,3.078125,3.0117190000000003,-1,159.484847,24.45104
2025-08-10T13:53:51.810739,21523,3.042969,3.082031,3.019531,-1,159.423812,24.460493
2025-08-10T13:53:52.223738,21524,3.035156,3.085938,3.007812,-1,159.484847,24.45104
2025-08-10T13:53:52.648738,21525,3.035156,3.085938,3.0117190000000003,-1,159.423812,24.45104
2025-08-10T13:53:53.040738,21526,3.039062,3.082031,3.015625,-1,159.362777,24.45104
2025-08-10T13:53:53.411738,21527,3.035156,3.085938,3.015625,-1,159.301741,24.460493
2025-08-10T13:53:53.841738,21528,3.03125,3.085938,3.015625,-1,159.423812,24.460493
2025-08-10T13:53:54.228739,21529,3.035156,3.082031,3.019531,-1,159.240706,24.460493
2025-08-10T13:53:54.647737,21530,3.042969,3.078125,3.007812,-1,159.301741,24.469946
2025-08-10T13:53:55.035736,21531,3.035156,3.085938,3.007812,-1,159.301741,24.469946
2025-08-10T13:53:55.375739,21532,3.039062,3.082031,3.0117190000000003,-1,159.423812,24.469946
2025-08-10T13:53:55.799738,21533,3.042969,3.082031,3.019531,-1,159.240706,24.460493
2025-08-10T13:53:56.187747,21534,3.039062,3.082031,3.007812,-1,159.362777,24.460493
2025-08-10T13:53:56.645739,21535,3.042969,3.082031,3.015625,-1,159.423812,24.460493
2025-08-10T13:53:57.044738,21536,3.039062,3.085938,3.0117190000000003,-1,159.423812,24.460493
2025-08-10T13:53:57.394739,21537,3.042969,3.085938,3.0117190000000003,-1,159.179671,24.460493
2025-08-10T13:53:57.810738,21538,3.039062,3.082031,3.019531,-1,159.423812,24.45104
2025-08-10T13:53:58.201738,21539,3.035156,3.085938,3.019531,-1,159.362777,24.45104
2025-08-10T13:53:58.631738,21540,3.039062,3.082031,3.007812,-1,159.362777,24.460493
2025-08-10T13:53:59.030223,21541,3.039062,3.082031,3.0117190000000003,-1,159.240706,24.460493
2025-08-10T13:53:59.393224,21542,3.035156,3.082031,3.019531,-1,159.240706,24.460493
2025-08-10T13:53:59.834224,21543,3.039062,3.082031,3.003906,-1,159.240706,24.469946
2025-08-10T13:54:00.256224,21544,3.035156,3.085938,3.0117190000000003,-1,159.240706,24.469946
2025-08-10T13:54:00.711222,21545,3.046875,3.089844,2.988281,-1,159.301741,24.469946
2025-08-10T13:54:01.124222,21546,3.039062,3.082031,3.007812,-1,159.484847,24.469946
2025-08-10T13:54:01.556232,21547,3.039062,3.082031,3.0117190000000003,-1,159.301741,24.469946
2025-08-10T13:54:01.895232,21548,3.039062,3.085938,3.0117190000000003,-1,159.301741,24.469946
2025-08-10T13:54:02.297232,21549,3.042969,3.085938,3.0117190000000003,-1,159.423812,24.469946
2025-08-10T13:54:02.711232,21550,3.042969,3.082031,3.015625,-1,159.240706,24.469946
2025-08-10T13:54:03.113232,21551,3.039062,3.082031,3.023438,-1,159.362777,24.460493
2025-08-10T13:54:03.570675,21552,3.035156,3.089844,3.019531,-1,159.484847,24.469946
2025-08-10T13:54:03.923675,21553,3.039062,3.085938,3.019531,-1,159.545882,24.469946
2025-08-10T13:54:04.344212,21554,3.042969,3.085938,3.019531,-1,159.484847,24.460493
2025-08-10T13:54:04.778212,21555,3.042969,3.082031,3.007812,-1,159.362777,24.460493
2025-08-10T13:54:05.172213,21556,3.035156,3.082031,3.015625,-1,159.362777,24.460493
2025-08-10T13:54:05.589211,21557,3.039062,3.082031,3.007812,-1,159.301741,24.45104
2025-08-10T13:54:05.920212,21558,3.042969,3.085938,3.023438,-1,159.484847,24.45104
2025-08-10T13:54:06.309211,21559,3.042969,3.085938,3.015625,-1,159.484847,24.45104
2025-08-10T13:54:06.734212,21560,3.042969,3.085938,3.0117190000000003,-1,159.301741,24.45104
2025-08-10T13:54:07.122212,21561,3.042969,3.082031,3.019531,-1,159.301741,24.460493
2025-08-10T13:54:07.560989,21562,3.039062,3.082031,3.023438,-1,159.362777,24.460493
2025-08-10T13:54:07.893989,21563,3.042969,3.082031,3.0117190000000003,-1,159.301741,24.469946
2025-08-10T13:54:08.288989,21564,3.042969,3.085938,3.007812,-1,159.484847,24.460493
2025-08-10T13:54:08.726476,21565,3.042969,3.082031,3.007812,-1,159.362777,24.469946
2025-08-10T13:54:09.123475,21566,3.039062,3.085938,3.015625,-1,159.362777,24.469946
2025-08-10T13:54:09.556474,21567,3.035156,3.078125,3.015625,-1,159.301741,24.479399
2025-08-10T13:54:09.906474,21568,3.042969,3.082031,3.007812,-1,159.484847,24.479399
2025-08-10T13:54:10.305474,21569,3.039062,3.082031,3.0117190000000003,-1,159.423812,24.479399
2025-08-10T13:54:10.736473,21570,3.042969,3.085938,3.019531,-1,159.362777,24.479399
2025-08-10T13:54:11.144473,21571,3.046875,3.082031,3.0117190000000003,-1,159.484847,24.479399
2025-08-10T13:54:11.578474,21572,3.042969,3.085938,3.007812,-1,159.362777,24.479399
2025-08-10T13:54:11.911473,21573,3.039062,3.085938,3.019531,-1,159.423812,24.479399
2025-08-10T13:54:12.301474,21574,3.039062,3.085938,3.019531,-1,159.301741,24.479399
2025-08-10T13:54:12.738473,21575,3.039062,3.085938,3.015625,-1,159.301741,24.479399
2025-08-10T13:54:13.161474,21576,3.042969,3.082031,3.007812,-1,159.301741,24.479399
2025-08-10T13:54:13.594475,21577,3.042969,3.082031,3.019531,-1,159.240706,24.488853
2025-08-10T13:54:13.997474,21578,3.039062,3.085938,3.0117190000000003,-1,159.362777,24.479399
2025-08-10T13:54:14.345421,21579,3.042969,3.085938,3.0117190000000003,-1,159.484847,24.488853
2025-08-10T13:54:14.771421,21580,3.039062,3.082031,3.019531,-1,159.301741,24.488853
2025-08-10T13:54:15.163421,21581,3.039062,3.082031,3.0117190000000003,-1,159.362777,24.488853
2025-08-10T13:54:15.600421,21582,3.042969,3.085938,3.003906,-1,159.240706,24.488853
2025-08-10T13:54:15.996422,21583,3.039062,3.085938,3.007812,-1,159.301741,24.488853
2025-08-10T13:54:16.368421,21584,3.035156,3.082031,3.0117190000000003,-1,159.362777,24.479399
2025-08-10T13:54:16.793422,21585,3.042969,3.082031,3.015625,-1,159.423812,24.479399
2025-08-10T13:54:17.210423,21586,3.035156,3.082031,3.019531,-1,159.423812,24.479399
2025-08-10T13:54:17.630421,21587,3.039062,3.074219,3.0117190000000003,-1,159.301741,24.479399
2025-08-10T13:54:18.015421,21588,3.039062,3.082031,3.0117190000000003,-1,159.362777,24.479399
2025-08-10T13:54:18.352421,21589,3.042969,3.078125,3.019531,-1,159.301741,24.479399
2025-08-10T13:54:18.784424,21590,3.039062,3.085938,3.019531,-1,159.362777,24.488853
2025-08-10T13:54:19.201421,21591,3.035156,3.085938,3.0117190000000003,-1,159.240706,24.488853
2025-08-10T13:54:19.633430,21592,3.039062,3.082031,3.0117190000000003,-1,159.240706,24.488853
2025-08-10T13:54:20.030431,21593,3.039062,3.085938,3.015625,-1,159.362777,24.488853
2025-08-10T13:54:20.386431,21594,3.039062,3.082031,3.015625,-1,159.240706,24.498307
2025-08-10T13:54:21.144430,21595,3.039062,3.089844,3.007812,-1,159.423812,24.498307
2025-08-10T13:54:21.628431,21596,3.039062,3.085938,3.0117190000000003,-1,159.240706,24.488853
2025-08-10T13:54:22.048431,21597,3.046875,3.078125,3.0117190000000003,-1,159.301741,24.469946
2025-08-10T13:54:22.488433,21598,3.039062,3.082031,3.019531,-1,159.362777,24.45104
2025-08-10T13:54:22.887431,21599,3.039062,3.085938,3.007812,-1,159.118636,24.441588
2025-08-10T13:54:23.282430,21600,3.035156,3.085938,3.015625,-1,159.240706,24.45104
2025-08-10T13:54:23.737432,21601,3.039062,3.085938,3.015625,-1,159.362777,24.460493
2025-08-10T13:54:24.134431,21602,3.035156,3.085938,3.0117190000000003,-1,159.301741,24.45104
2025-08-10T13:54:24.502431,21603,3.035156,3.085938,3.019531,-1,159.301741,24.460493
2025-08-10T13:54:24.918430,21604,3.039062,3.082031,3.015625,-1,159.362777,24.45104
2025-08-10T13:54:25.317894,21605,3.042969,3.085938,3.015625,-1,159.362777,24.45104
2025-08-10T13:54:25.747893,21606,3.039062,3.085938,3.0117190000000003,-1,159.362777,24.45104
2025-08-10T13:54:26.156892,21607,3.035156,3.082031,3.007812,-1,159.301741,24.45104
2025-08-10T13:54:26.546894,21608,3.039062,3.085938,3.015625,-1,159.179671,24.45104
2025-08-10T13:54:26.956894,21609,3.039062,3.085938,3.0117190000000003,-1,159.362777,24.460493
2025-08-10T13:54:27.411894,21610,3.039062,3.085938,3.015625,-1,159.423812,24.460493
2025-08-10T13:54:27.819892,21611,3.042969,3.082031,3.0117190000000003,-1,159.423812,24.45104
2025-08-10T13:54:28.215799,21612,3.035156,3.085938,3.019531,-1,159.423812,24.45104
2025-08-10T13:54:28.604799,21613,3.042969,3.085938,3.015625,-1,159.362777,24.45104
2025-08-10T13:54:28.990800,21614,3.046875,3.082031,3.0117190000000003,-1,159.179671,24.45104
2025-08-10T13:54:29.399801,21615,3.039062,3.082031,3.019531,-1,159.423812,24.45104
2025-08-10T13:54:29.820799,21616,3.039062,3.082031,3.007812,-1,159.301741,24.469946
2025-08-10T13:54:30.224798,21617,3.042969,3.085938,3.0117190000000003,-1,159.240706,24.469946
2025-08-10T13:54:30.600800,21618,3.039062,3.085938,3.023438,-1,159.301741,24.469946
2025-08-10T13:54:30.997798,21619,3.042969,3.082031,3.015625,-1,159.301741,24.479399
2025-08-10T13:54:31.400796,21620,3.039062,3.085938,3.007812,-1,159.240706,24.479399
2025-08-10T13:54:31.825794,21621,3.039062,3.082031,3.023438,-1,159.057601,24.488853
2025-08-10T13:54:32.224795,21622,3.03125,3.082031,3.0117190000000003,-1,159.118636,24.488853
2025-08-10T13:54:32.599794,21623,3.035156,3.082031,3.0117190000000003,-1,159.240706,24.488853
2025-08-10T13:54:32.998795,21624,3.042969,3.082031,3.019531,-1,159.301741,24.488853
2025-08-10T13:54:33.419794,21625,3.035156,3.082031,3.007812,-1,159.423812,24.488853
2025-08-10T13:54:33.838795,21626,3.039062,3.082031,3.015625,-1,159.179671,24.498307
2025-08-10T13:54:34.245795,21627,3.042969,3.082031,3.0117190000000003,-1,159.362777,24.498307
2025-08-10T13:54:34.677795,21628,3.042969,3.082031,3.019531,-1,159.362777,24.498307
2025-08-10T13:54:35.012794,21629,3.042969,3.085938,3.0117190000000003,-1,159.240706,24.498307
2025-08-10T13:54:35.439798,21630,3.046875,3.082031,3.0117190000000003,-1,159.423812,24.498307
2025-08-10T13:54:35.857796,21631,3.042969,3.082031,3.007812,-1,159.240706,24.498307
2025-08-10T13:54:36.288796,21632,3.039062,3.085938,3.007812,-1,159.240706,24.498307
2025-08-10T13:54:36.751795,21633,3.035156,3.085938,3.019531,-1,159.362777,24.498307
2025-08-10T13:54:37.160796,21634,3.042969,3.085938,3.015625,-1,159.301741,24.507761
2025-08-10T13:54:37.533796,21635,3.039062,3.078125,3.019531,-1,159.179671,24.498307
2025-08-10T13:54:37.932071,21636,3.039062,3.082031,3.0117190000000003,-1,159.301741,24.498307
2025-08-10T13:54:38.342070,21637,3.042969,3.078125,3.007812,-1,159.301741,24.498307
2025-08-10T13:54:38.782071,21638,3.042969,3.082031,3.019531,-1,159.301741,24.507761
2025-08-10T13:54:39.213071,21639,3.039062,3.078125,3.0117190000000003,-1,159.423812,24.498307
2025-08-10T13:54:39.597071,21640,3.039062,3.082031,3.015625,-1,159.423812,24.498307
2025-08-10T13:54:39.988071,21641,3.042969,3.085938,3.0117190000000003,-1,159.484847,24.488853
2025-08-10T13:54:40.408070,21642,3.039062,3.082031,3.0117190000000003,-1,159.423812,24.498307
2025-08-10T13:54:40.841071,21643,3.039062,3.085938,3.015625,-1,159.362777,24.507761
2025-08-10T13:54:41.233070,21644,3.039062,3.082031,3.0117190000000003,-1,159.423812,24.507761
2025-08-10T13:54:41.649071,21645,3.039062,3.085938,3.0117190000000003,-1,159.484847,24.507761
2025-08-10T13:54:42.047069,21646,3.039062,3.085938,3.015625,-1,159.301741,24.507761
2025-08-10T13:54:42.492071,21647,3.039062,3.082031,3.0117190000000003,-1,159.484847,24.507761
2025-08-10T13:54:42.911070,21648,3.039062,3.082031,3.0117190000000003,-1,159.362777,24.507761
2025-08-10T13:54:43.302071,21649,3.039062,3.085938,3.0117190000000003,-1,159.423812,24.498307
2025-08-10T13:54:43.750071,21650,3.042969,3.085938,3.015625,-1,159.362777,24.498307
2025-08-10T13:54:44.151073,21651,3.039062,3.085938,3.007812,-1,159.362777,24.488853
2025-08-10T13:54:44.536071,21652,3.039062,3.082031,3.007812,-1,159.362777,24.498307
2025-08-10T13:54:44.941070,21653,3.039062,3.085938,3.015625,-1,159.423812,24.488853
2025-08-10T13:54:45.374073,21654,3.039062,3.085938,3.0117190000000003,-1,159.301741,24.479399
2025-08-10T13:54:45.812073,21655,3.042969,3.082031,3.0117190000000003,-1,159.484847,24.488853
2025-08-10T13:54:46.209070,21656,3.039062,3.085938,3.0273440000000003,-1,159.484847,24.488853
2025-08-10T13:54:46.612073,21657,3.039062,3.085938,3.015625,-1,159.545882,24.479399
2025-08-10T13:54:47.052070,21658,3.039062,3.082031,3.015625,-1,159.301741,24.479399
2025-08-10T13:54:47.490070,21659,3.039062,3.078125,3.015625,-1,159.484847,24.479399
2025-08-10T13:54:47.922072,21660,3.035156,3.085938,3.007812,-1,159.301741,24.479399
2025-08-10T13:54:48.331071,21661,3.042969,3.085938,3.0117190000000003,-1,159.484847,24.479399
2025-08-10T13:54:48.771070,21662,3.042969,3.085938,3.015625,-1,159.301741,24.479399
2025-08-10T13:54:49.209070,21663,3.039062,3.085938,3.003906,-1,159.240706,24.479399
2025-08-10T13:54:49.608072,21664,3.035156,3.082031,3.0117190000000003,-1,159.484847,24.479399
2025-08-10T13:54:50.010073,21665,3.039062,3.082031,3.0117190000000003,-1,159.484847,24.469946
2025-08-10T13:54:50.415070,21666,3.035156,3.082031,3.0117190000000003,-1,159.484847,24.469946
2025-08-10T13:54:50.841070,21667,3.039062,3.085938,3.019531,-1,159.301741,24.469946
2025-08-10T13:54:51.240070,21668,3.039062,3.082031,3.019531,-1,159.362777,24.460493
2025-08-10T13:54:51.696072,21669,3.039062,3.085938,3.015625,-1,159.423812,24.460493
2025-08-10T13:54:52.088072,21670,3.039062,3.078125,3.015625,-1,159.545882,24.460493
2025-08-10T13:54:52.539072,21671,3.042969,3.078125,3.0117190000000003,-1,159.484847,24.460493
2025-08-10T13:54:53.007071,21672,3.039062,3.085938,3.015625,-1,159.362777,24.460493
2025-08-10T13:54:53.476071,21673,3.039062,3.089844,3.015625,-1,159.484847,24.460493
2025-08-10T13:54:53.922070,21674,3.035156,3.082031,3.019531,-1,159.545882,24.460493
2025-08-10T13:54:54.398071,21675,3.042969,3.078125,3.0117190000000003,-1,159.484847,24.460493
2025-08-10T13:54:54.888073,21676,3.042969,3.089844,3.015625,-1,159.362777,24.469946
2025-08-10T13:54:55.382071,21677,3.035156,3.085938,3.003906,-1,159.545882,24.469946
2025-08-10T13:54:55.845071,21678,3.042969,3.078125,3.015625,-1,159.362777,24.469946
2025-08-10T13:56:04.256787,21774,3.039062,3.085938,3.015625,-1,160.82762,24.441588
2025-08-10T13:56:05.367475,21775,3.039062,3.082031,3.019531,-1,160.82762,24.413233
2025-08-10T13:56:06.522781,21776,3.039062,3.082031,3.007812,-1,160.82762,24.422684
2025-08-10T13:56:07.623639,21777,3.039062,3.082031,3.019531,-1,160.949691,24.432136
2025-08-10T13:56:08.697713,21778,3.042969,3.085938,3.015625,-1,160.82762,24.432136
2025-08-10T13:56:09.644709,21779,3.042969,3.085938,3.015625,-1,160.949691,24.432136
2025-08-10T13:56:10.555894,21780,3.042969,3.085938,3.015625,-1,160.766585,24.432136
2025-08-10T13:56:11.492285,21781,3.035156,3.082031,3.0117190000000003,-1,160.888655,24.441588
2025-08-10T13:56:12.507285,21782,3.035156,3.085938,3.0117190000000003,-1,160.82762,24.441588
2025-08-10T13:56:13.488398,21783,3.042969,3.082031,3.0117190000000003,-1,161.010726,24.413233
2025-08-10T13:56:14.483900,21784,3.042969,3.085938,3.015625,-1,160.82762,24.403782
2025-08-10T13:56:15.478041,21785,3.039062,3.082031,3.019531,-1,160.82762,24.394331
2025-08-10T13:56:16.474052,21786,3.042969,3.078125,3.0117190000000003,-1,160.888655,24.394331
2025-08-10T13:56:17.666223,21787,3.039062,3.085938,3.015625,-1,161.010726,24.403782
2025-08-10T13:56:33.600186,21802,3.039062,3.085938,3.007812,-1,160.82762,24.413233
2025-08-10T13:56:34.751508,21803,3.035156,3.085938,3.0117190000000003,-1,160.888655,24.422684
2025-08-10T13:56:35.755532,21804,3.042969,3.085938,3.015625,-1,160.888655,24.403782
2025-08-10T13:56:36.761030,21805,3.042969,3.085938,3.015625,-1,160.888655,24.403782
2025-08-10T13:56:37.793129,21806,3.035156,3.082031,3.015625,-1,160.888655,24.394331
2025-08-10T13:56:38.699356,21807,3.039062,3.082031,3.015625,-1,160.888655,24.394331
2025-08-10T13:56:39.611342,21808,3.039062,3.082031,3.015625,-1,161.010726,24.403782
2025-08-10T13:56:40.524391,21809,3.039062,3.082031,3.015625,-1,160.888655,24.394331
2025-08-10T13:56:41.489656,21810,3.042969,3.089844,3.015625,-1,161.010726,24.403782
2025-08-10T13:56:42.386654,21811,3.035156,3.082031,3.015625,-1,160.888655,24.394331
2025-08-10T13:56:43.289028,21812,3.042969,3.085938,3.015625,-1,160.949691,24.403782
2025-08-10T13:56:44.221305,21813,3.042969,3.085938,3.015625,-1,161.010726,24.403782
2025-08-10T13:56:45.095327,21814,3.042969,3.085938,3.015625,-1,161.010726,24.403782
2025-08-10T13:56:46.019027,21815,3.035156,3.082031,3.0117190000000003,-1,160.888655,24.394331
2025-08-10T13:56:46.941876,21816,3.035156,3.085938,3.015625,-1,160.888655,24.403782
2025-08-10T13:56:47.866877,21817,3.042969,3.085938,3.015625,-1,160.888655,24.413233
2025-08-10T13:56:48.782711,21818,3.039062,3.082031,3.0117190000000003,-1,160.949691,24.422684
2025-08-10T13:56:49.719335,21819,3.039062,3.082031,3.007812,-1,161.132796,24.413233
2025-08-10T13:56:50.662466,21820,3.042969,3.078125,3.015625,-1,161.010726,24.413233
2025-08-10T13:56:51.559155,21821,3.039062,3.085938,3.0117190000000003,-1,161.071761,24.422684
2025-08-10T13:56:52.511555,21822,3.039062,3.085938,3.019531,-1,161.071761,24.413233
2025-08-10T13:56:53.402548,21823,3.042969,3.085938,3.015625,-1,160.888655,24.422684
2025-08-10T13:56:54.324153,21824,3.039062,3.082031,3.0117190000000003,-1,160.888655,24.413233
2025-08-10T13:56:55.212266,21825,3.039062,3.082031,3.0273440000000003,-1,160.949691,24.422684
2025-08-10T13:56:56.099272,21826,3.039062,3.085938,3.0117190000000003,-1,161.071761,24.422684
2025-08-10T13:56:57.050439,21827,3.042969,3.085938,3.015625,-1,161.071761,24.413233
2025-08-10T13:56:57.959339,21828,3.039062,3.085938,3.0117190000000003,-1,160.888655,24.413233
2025-08-10T13:56:58.878370,21829,3.046875,3.082031,3.019531,-1,161.010726,24.413233
2025-08-10T13:56:59.792160,21830,3.042969,3.085938,3.015625,-1,160.949691,24.403782
2025-08-10T13:57:00.746347,21831,3.042969,3.085938,3.0117190000000003,-1,161.010726,24.384881
2025-08-10T13:57:01.641324,21832,3.039062,3.082031,3.015625,-1,160.888655,24.384881
2025-08-10T13:57:02.529130,21833,3.039062,3.082031,3.0117190000000003,-1,161.010726,24.384881
2025-08-10T13:57:03.453092,21834,3.035156,3.082031,3.015625,-1,160.949691,24.384881
2025-08-10T13:57:04.372052,21835,3.039062,3.082031,3.0117190000000003,-1,161.010726,24.375431
2025-08-10T13:57:05.293357,21836,3.039062,3.085938,3.007812,-1,160.949691,24.365981
2025-08-10T13:57:06.209688,21837,3.039062,3.085938,3.015625,-1,161.010726,24.375431
2025-08-10T13:57:07.115736,21838,3.039062,3.082031,3.0117190000000003,-1,161.010726,24.384881
2025-08-10T13:57:08.447766,21839,3.042969,3.085938,3.0117190000000003,-1,161.010726,24.384881
2025-08-10T13:57:09.359258,21840,3.039062,3.082031,3.007812,-1,160.888655,24.403782
2025-08-10T13:57:10.256788,21841,3.035156,3.082031,3.015625,-1,160.82762,24.403782
2025-08-10T13:57:11.169784,21842,3.039062,3.085938,3.0117190000000003,-1,161.010726,24.413233
2025-08-10T13:57:12.057520,21843,3.039062,3.082031,3.007812,-1,161.010726,24.422684
2025-08-10T13:57:12.988585,21844,3.039062,3.082031,3.0117190000000003,-1,160.949691,24.422684
2025-08-10T13:57:13.927830,21845,3.039062,3.082031,3.0117190000000003,-1,161.071761,24.422684
2025-08-10T13:57:14.841478,21846,3.039062,3.082031,3.015625,-1,160.888655,24.422684
2025-08-10T13:57:15.785885,21847,3.035156,3.085938,3.015625,-1,160.888655,24.413233
2025-08-10T13:57:16.727685,21848,3.042969,3.082031,3.015625,-1,160.82762,24.394331
2025-08-10T13:57:17.672683,21849,3.039062,3.082031,3.015625,-1,161.071761,24.394331
2025-08-10T13:57:18.586994,21850,3.035156,3.085938,3.0117190000000003,-1,161.071761,24.394331
2025-08-10T13:57:19.496961,21851,3.039062,3.085938,3.019531,-1,160.949691,24.384881
2025-08-10T13:57:20.439979,21852,3.039062,3.078125,3.015625,-1,160.888655,24.375431
2025-08-10T13:57:21.455055,21853,3.042969,3.078125,3.019531,-1,160.888655,24.384881
2025-08-10T13:57:22.429255,21854,3.042969,3.085938,3.015625,-1,161.010726,24.394331
2025-08-10T13:57:23.372257,21855,3.039062,3.085938,3.007812,-1,161.010726,24.394331
2025-08-10T13:57:24.367642,21856,3.039062,3.089844,3.015625,-1,160.888655,24.413233
2025-08-10T13:57:25.364002,21857,3.035156,3.082031,3.0117190000000003,-1,160.888655,24.413233
2025-08-10T13:57:26.295332,21858,3.035156,3.082031,3.0117190000000003,-1,161.010726,24.422684
2025-08-10T13:57:27.184335,21859,3.042969,3.089844,3.007812,-1,160.888655,24.422684
2025-08-10T13:57:28.095692,21860,3.039062,3.082031,3.0117190000000003,-1,160.82762,24.422684
2025-08-10T13:57:29.341390,21861,3.039062,3.085938,3.007812,-1,161.010726,24.422684
2025-08-10T13:57:30.430413,21862,3.039062,3.082031,3.015625,-1,160.888655,24.432136
2025-08-10T13:57:31.616724,21863,3.039062,3.082031,3.0117190000000003,-1,160.82762,24.432136
2025-08-10T13:57:32.709114,21864,3.042969,3.082031,3.015625,-1,160.949691,24.441588
2025-08-10T13:57:33.801520,21865,3.039062,3.082031,3.015625,-1,160.82762,24.441588
2025-08-10T13:57:34.780880,21866,3.035156,3.085938,3.0117190000000003,-1,160.949691,24.441588
2025-08-10T13:57:35.990719,21867,3.042969,3.085938,3.015625,-1,160.888655,24.432136
2025-08-10T13:57:36.884678,21868,3.039062,3.078125,3.0117190000000003,-1,161.071761,24.441588
2025-08-10T13:57:37.804372,21869,3.039062,3.085938,3.007812,-1,160.888655,24.441588
2025-08-10T13:57:38.798012,21870,3.035156,3.085938,3.015625,-1,160.888655,24.422684
2025-08-10T13:57:39.908831,21871,3.039062,3.082031,3.0117190000000003,-1,161.010726,24.413233
2025-08-10T13:57:40.819419,21872,3.035156,3.085938,3.015625,-1,161.010726,24.422684
2025-08-10T13:57:41.846106,21873,3.035156,3.085938,3.015625,-1,161.010726,24.403782
2025-08-10T13:57:42.697814,21874,3.042969,3.085938,3.0117190000000003,-1,161.010726,24.394331
2025-08-10T13:57:43.630534,21875,3.042969,3.085938,3.015625,-1,160.949691,24.394331
2025-08-10T13:57:44.548905,21876,3.039062,3.085938,3.015625,-1,160.888655,24.403782
2025-08-10T13:57:45.405928,21877,3.039062,3.078125,3.0117190000000003,-1,160.888655,24.394331
2025-08-10T13:57:46.330186,21878,3.039062,3.082031,3.019531,-1,161.071761,24.403782
2025-08-10T13:57:47.179935,21879,3.039062,3.082031,3.003906,-1,161.071761,24.403782
2025-08-10T13:57:48.141930,21880,3.035156,3.085938,3.0117190000000003,-1,161.071761,24.403782
2025-08-10T13:57:49.107565,21881,3.039062,3.082031,3.007812,-1,161.071761,24.403782
2025-08-10T13:57:49.967251,21882,3.039062,3.089844,3.0117190000000003,-1,161.010726,24.403782
2025-08-10T13:57:50.909274,21883,3.042969,3.082031,3.015625,-1,160.888655,24.384881
2025-08-10T13:57:51.839711,21884,3.042969,3.085938,3.015625,-1,161.010726,24.384881
2025-08-10T13:57:52.747316,21885,3.039062,3.085938,3.015625,-1,160.949691,24.384881
2025-08-10T13:57:53.751530,21886,3.039062,3.085938,3.0117190000000003,-1,161.010726,24.384881
2025-08-10T13:57:54.701028,21887,3.035156,3.085938,3.015625,-1,160.949691,24.375431
2025-08-10T13:57:56.088294,21888,3.042969,3.082031,3.015625,-1,160.949691,24.375431
2025-08-10T13:57:57.543660,21889,3.039062,3.085938,3.0117190000000003,-1,161.071761,24.375431
2025-08-10T13:57:58.789826,21890,3.039062,3.082031,3.015625,-1,161.010726,24.375431
2025-08-10T13:57:59.941611,21891,3.03125,3.089844,3.015625,-1,161.071761,24.365981
2025-08-10T13:58:01.199711,21892,3.039062,3.085938,3.0117190000000003,-1,160.949691,24.365981
2025-08-10T13:58:02.402908,21893,3.039062,3.082031,3.015625,-1,161.132796,24.375431
2025-08-10T13:58:03.547018,21894,3.035156,3.085938,3.007812,-1,161.071761,24.375431
2025-08-10T13:58:04.675708,21895,3.035156,3.085938,3.015625,-1,160.949691,24.384881
2025-08-10T13:58:05.770319,21896,3.039062,3.085938,3.019531,-1,161.010726,24.394331
2025-08-10T13:58:06.908267,21897,3.039062,3.082031,3.023438,-1,161.010726,24.394331
2025-08-10T13:58:08.118161,21898,3.046875,3.085938,3.015625,-1,161.010726,24.384881
2025-08-10T13:58:09.230185,21899,3.035156,3.082031,3.015625,-1,161.010726,24.384881
2025-08-10T13:58:10.436619,21900,3.03125,3.085938,3.007812,-1,161.010726,24.365981
2025-08-10T13:58:11.473173,21901,3.039062,3.085938,3.0117190000000003,-1,160.949691,24.365981
2025-08-10T13:58:12.530110,21902,3.039062,3.085938,3.0117190000000003,-1,160.949691,24.365981
2025-08-10T13:58:13.550138,21903,3.042969,3.082031,3.007812,-1,161.071761,24.375431
2025-08-10T13:58:14.664337,21904,3.039062,3.085938,3.015625,-1,161.010726,24.384881
2025-08-10T13:58:15.839359,21905,3.039062,3.082031,3.0117190000000003,-1,160.949691,24.394331
2025-08-10T13:58:17.073339,21906,3.039062,3.085938,3.007812,-1,161.071761,24.403782
2025-08-10T13:58:18.223873,21907,3.042969,3.082031,3.0117190000000003,-1,160.888655,24.403782
2025-08-10T13:58:19.429100,21908,3.039062,3.085938,3.007812,-1,161.132796,24.403782
2025-08-10T13:58:20.577061,21909,3.039062,3.082031,3.015625,-1,161.010726,24.394331
2025-08-10T13:58:21.604517,21910,3.042969,3.085938,3.007812,-1,161.071761,24.413233
2025-08-10T13:58:22.758218,21911,3.042969,3.089844,3.0117190000000003,-1,160.949691,24.403782
2025-08-10T13:58:23.707527,21912,3.035156,3.085938,3.015625,-1,160.888655,24.403782
2025-08-10T13:58:24.716187,21913,3.039062,3.082031,3.019531,-1,161.010726,24.394331
2025-08-10T13:58:25.855135,21914,3.039062,3.082031,3.015625,-1,161.010726,24.384881
2025-08-10T13:58:26.806726,21915,3.039062,3.082031,3.015625,-1,161.071761,24.375431
2025-08-10T13:58:27.777772,21916,3.035156,3.085938,3.015625,-1,161.193831,24.356532
2025-08-10T13:58:28.703467,21917,3.042969,3.082031,3.023438,-1,161.010726,24.347082
2025-08-10T13:58:29.563668,21918,3.039062,3.082031,3.015625,-1,160.949691,24.347082
2025-08-10T13:58:30.479621,21919,3.039062,3.082031,3.0117190000000003,-1,160.949691,24.347082
2025-08-10T13:58:31.316491,21920,3.039062,3.082031,3.023438,-1,161.071761,24.356532
2025-08-10T13:58:32.432373,21921,3.042969,3.082031,3.0117190000000003,-1,161.132796,24.365981
2025-08-10T13:58:33.477119,21922,3.042969,3.085938,3.019531,-1,160.949691,24.356532
2025-08-10T13:58:34.492536,21923,3.042969,3.085938,3.015625,-1,160.949691,24.365981
2025-08-10T13:58:35.465382,21924,3.035156,3.085938,3.0117190000000003,-1,160.949691,24.375431
2025-08-10T13:58:36.495376,21925,3.039062,3.085938,3.0117190000000003,-1,161.010726,24.365981
2025-08-10T13:58:37.417950,21926,3.042969,3.082031,3.015625,-1,161.132796,24.365981
2025-08-10T13:58:38.350578,21927,3.035156,3.085938,3.0117190000000003,-1,161.071761,24.375431
2025-08-10T13:58:39.408058,21928,3.039062,3.085938,3.015625,-1,161.071761,24.375431
2025-08-10T13:58:40.290694,21929,3.039062,3.082031,3.015625,-1,160.949691,24.375431
2025-08-10T13:58:41.200786,21930,3.039062,3.082031,3.015625,-1,161.010726,24.365981
2025-08-10T13:58:42.185771,21931,3.039062,3.085938,3.007812,-1,161.071761,24.365981
2025-08-10T13:58:43.079202,21932,3.042969,3.082031,3.0117190000000003,-1,161.132796,24.365981
2025-08-10T13:58:43.982110,21933,3.042969,3.085938,3.019531,-1,161.010726,24.356532
2025-08-10T13:58:44.826194,21934,3.042969,3.085938,3.007812,-1,161.132796,24.356532
2025-08-10T13:58:45.706900,21935,3.039062,3.082031,3.015625,-1,160.949691,24.347082
2025-08-10T13:58:46.601918,21936,3.042969,3.082031,3.0117190000000003,-1,160.949691,24.347082
2025-08-10T13:58:47.548265,21937,3.039062,3.082031,3.0117190000000003,-1,160.949691,24.347082
2025-08-10T13:58:48.428825,21938,3.039062,3.085938,3.0117190000000003,-1,161.132796,24.365981
2025-08-10T13:58:49.301010,21939,3.039062,3.085938,3.015625,-1,161.071761,24.375431
2025-08-10T13:58:50.199140,21940,3.035156,3.085938,3.0117190000000003,-1,161.132796,24.375431
2025-08-10T13:58:51.165157,21941,3.042969,3.085938,3.015625,-1,161.071761,24.375431
2025-08-10T13:58:52.204513,21942,3.042969,3.085938,3.007812,-1,160.949691,24.365981
2025-08-10T13:58:53.140925,21943,3.039062,3.089844,3.0117190000000003,-1,160.888655,24.375431
2025-08-10T13:58:54.032628,21944,3.035156,3.085938,3.007812,-1,160.949691,24.384881
2025-08-10T13:58:54.904079,21945,3.035156,3.082031,3.0117190000000003,-1,161.010726,24.384881
2025-08-10T13:58:55.897908,21946,3.039062,3.085938,3.0117190000000003,-1,160.888655,24.384881
2025-08-10T13:58:56.965678,21947,3.042969,3.085938,3.0117190000000003,-1,161.010726,24.375431
2025-08-10T13:58:58.063700,21948,3.039062,3.085938,3.003906,-1,160.888655,24.375431
2025-08-10T13:58:59.019683,21949,3.039062,3.082031,3.007812,-1,161.010726,24.384881
2025-08-10T13:59:00.046677,21950,3.042969,3.085938,3.007812,-1,160.949691,24.384881
2025-08-10T13:59:01.039679,21951,3.042969,3.085938,3.015625,-1,161.010726,24.384881
2025-08-10T13:59:02.046624,21952,3.039062,3.085938,3.015625,-1,160.949691,24.384881
2025-08-10T13:59:04.483861,21953,3.039062,3.085938,3.015625,-1,160.888655,24.394331
2025-08-10T13:59:05.813565,21954,3.035156,3.089844,3.019531,-1,160.888655,24.394331
2025-08-10T13:59:14.646803,21955,3.039062,3.085938,3.019531,-1,160.888655,24.394331
2025-08-10T13:59:16.548231,21956,3.039062,3.085938,3.0117190000000003,-1,161.010726,24.413233
2025-08-10T13:59:22.324870,21957,3.042969,3.085938,3.015625,-1,160.888655,24.413233
2025-08-10T14:00:16.403079,21958,3.035156,3.085938,3.015625,-1,161.010726,24.441588
2025-08-10T14:00:43.608343,21959,3.039062,3.082031,3.0117190000000003,-1,160.949691,24.432136
2025-08-10T14:00:50.016691,21960,3.039062,3.082031,3.007812,-1,160.949691,24.432136
2025-08-10T14:00:52.437679,21961,3.039062,3.085938,3.019531,-1,161.010726,24.460493
2025-08-10T14:00:54.862778,21962,3.042969,3.085938,3.0117190000000003,-1,160.82762,24.460493
2025-08-10T14:00:56.233238,21963,3.039062,3.085938,3.0117190000000003,-1,160.949691,24.460493
2025-08-10T14:01:02.574458,21964,3.042969,3.082031,3.023438,-1,160.82762,24.45104
2025-08-10T14:01:04.391176,21965,3.042969,3.078125,3.015625,-1,160.949691,24.441588
2025-08-10T14:01:06.686370,21966,3.039062,3.085938,3.0117190000000003,-1,160.888655,24.441588
2025-08-10T14:01:08.442274,21967,3.039062,3.085938,3.015625,-1,161.010726,24.441588
2025-08-10T14:01:10.039841,21968,3.039062,3.082031,3.015625,-1,160.888655,24.441588
2025-08-10T14:01:11.333312,21969,3.042969,3.082031,3.0117190000000003,-1,160.888655,24.441588
2025-08-10T14:01:12.352839,21970,3.039062,3.082031,3.019531,-1,160.949691,24.45104
2025-08-10T14:01:13.410395,21971,3.035156,3.082031,3.007812,-1,161.071761,24.45104
2025-08-10T14:01:14.377804,21972,3.042969,3.085938,3.007812,-1,160.888655,24.460493
2025-08-10T14:01:15.555312,21973,3.035156,3.082031,3.0117190000000003,-1,160.949691,24.460493
2025-08-10T14:01:16.594001,21974,3.035156,3.082031,3.007812,-1,160.82762,24.469946
2025-08-10T14:01:17.634791,21975,3.039062,3.082031,3.019531,-1,160.82762,24.460493
2025-08-10T14:01:18.569474,21976,3.042969,3.085938,3.0117190000000003,-1,160.888655,24.460493
2025-08-10T14:01:19.559495,21977,3.042969,3.085938,3.015625,-1,160.888655,24.460493
2025-08-10T14:01:20.790066,21978,3.039062,3.085938,3.0117190000000003,-1,161.010726,24.441588
2025-08-10T14:01:22.309781,21979,3.042969,3.082031,3.007812,-1,160.949691,24.432136
2025-08-10T14:01:23.442539,21980,3.039062,3.082031,3.015625,-1,160.949691,24.422684
2025-08-10T14:01:24.421719,21981,3.039062,3.089844,3.007812,-1,160.888655,24.422684
2025-08-10T14:01:25.422328,21982,3.039062,3.082031,3.019531,-1,160.888655,24.403782
2025-08-10T14:01:26.422113,21983,3.042969,3.085938,3.015625,-1,161.010726,24.384881
2025-08-10T14:01:27.361148,21984,3.039062,3.078125,3.007812,-1,161.010726,24.384881
2025-08-10T14:01:28.461364,21985,3.042969,3.089844,3.015625,-1,161.010726,24.394331
2025-08-10T14:01:29.549990,21986,3.042969,3.082031,3.019531,-1,160.949691,24.394331
2025-08-10T14:01:30.590335,21987,3.039062,3.085938,3.0117190000000003,-1,161.010726,24.413233
2025-08-10T14:01:31.655509,21988,3.042969,3.082031,3.0117190000000003,-1,161.071761,24.422684
2025-08-10T14:01:32.778226,21989,3.039062,3.078125,3.0117190000000003,-1,161.071761,24.413233
2025-08-10T14:01:33.824225,21990,3.039062,3.089844,3.007812,-1,161.071761,24.422684
2025-08-10T14:01:34.797282,21991,3.042969,3.082031,3.0117190000000003,-1,160.888655,24.432136
2025-08-10T14:01:35.988992,21992,3.039062,3.078125,3.015625,-1,160.888655,24.441588
2025-08-10T14:01:37.701957,21993,3.042969,3.085938,3.0117190000000003,-1,160.888655,24.441588
2025-08-10T14:01:38.860001,21994,3.039062,3.082031,3.0117190000000003,-1,160.949691,24.441588
2025-08-10T14:01:39.788268,21995,3.042969,3.082031,3.019531,-1,161.071761,24.432136
2025-08-10T14:01:40.702675,21996,3.039062,3.085938,3.023438,-1,160.949691,24.422684
2025-08-10T14:01:41.663046,21997,3.039062,3.082031,3.015625,-1,160.949691,24.413233
2025-08-10T14:01:42.503207,21998,3.039062,3.085938,3.015625,-1,161.132796,24.422684
2025-08-10T14:01:43.461556,21999,3.042969,3.082031,3.015625,-1,161.132796,24.413233
2025-08-10T14:01:44.502958,22000,3.039062,3.089844,3.015625,-1,161.010726,24.403782
2025-08-10T14:01:45.582802,22001,3.039062,3.085938,3.0117190000000003,-1,161.010726,24.403782
2025-08-10T14:01:47.102252,22002,3.039062,3.085938,3.007812,-1,160.949691,24.403782
2025-08-10T14:01:48.073270,22003,3.042969,3.082031,3.023438,-1,161.071761,24.413233
2025-08-10T14:01:49.051420,22004,3.039062,3.085938,3.0117190000000003,-1,160.949691,24.413233
2025-08-10T14:01:49.907547,22005,3.039062,3.082031,3.015625,-1,160.888655,24.422684
2025-08-10T14:01:50.940487,22006,3.042969,3.085938,3.0117190000000003,-1,160.949691,24.413233
2025-08-10T14:01:52.550999,22007,3.039062,3.085938,3.019531,-1,160.888655,24.422684
2025-08-10T14:01:53.528180,22008,3.039062,3.085938,3.015625,-1,160.949691,24.422684
2025-08-10T14:01:54.439042,22009,3.039062,3.085938,3.007812,-1,160.949691,24.432136
2025-08-10T14:01:55.382083,22010,3.039062,3.085938,3.0117190000000003,-1,160.766585,24.432136
2025-08-10T14:01:56.342149,22011,3.039062,3.082031,3.0117190000000003,-1,160.644515,24.432136
2025-08-10T14:01:57.188184,22012,3.039062,3.085938,3.0117190000000003,-1,160.82762,24.441588
2025-08-10T14:01:58.314115,22013,3.039062,3.082031,3.0117190000000003,-1,160.70555,24.45104
2025-08-10T14:01:59.380918,22014,3.039062,3.085938,3.015625,-1,160.644515,24.45104
2025-08-10T14:02:00.281478,22015,3.042969,3.082031,3.0117190000000003,-1,160.70555,24.460493
2025-08-10T14:02:01.313396,22016,3.039062,3.089844,3.007812,-1,160.644515,24.460493
2025-08-10T14:02:02.237326,22017,3.039062,3.082031,3.019531,-1,160.644515,24.460493
2025-08-10T14:02:03.079508,22018,3.039062,3.082031,3.015625,-1,160.644515,24.469946
2025-08-10T14:02:04.001245,22019,3.039062,3.085938,3.0117190000000003,-1,160.766585,24.469946
2025-08-10T14:02:05.296118,22020,3.039062,3.082031,3.015625,-1,160.644515,24.469946
2025-08-10T14:02:06.245482,22021,3.042969,3.082031,3.015625,-1,160.82762,24.469946
2025-08-10T14:02:08.002370,22022,3.042969,3.085938,3.0117190000000003,-1,160.82762,24.460493
2025-08-10T14:02:08.872721,22023,3.039062,3.082031,3.019531,-1,160.766585,24.45104
2025-08-10T14:02:09.793651,22024,3.039062,3.085938,3.015625,-1,160.644515,24.45104
2025-08-10T14:02:10.805342,22025,3.035156,3.085938,3.0117190000000003,-1,160.644515,24.460493
2025-08-10T14:02:11.838125,22026,3.042969,3.085938,3.0117190000000003,-1,160.70555,24.460493
2025-08-10T14:02:12.856815,22027,3.039062,3.082031,3.015625,-1,160.82762,24.460493
2025-08-10T14:02:13.781587,22028,3.039062,3.082031,3.0117190000000003,-1,160.766585,24.460493
2025-08-10T14:02:14.622900,22029,3.039062,3.082031,3.015625,-1,160.82762,24.460493
2025-08-10T14:02:15.555905,22030,3.039062,3.085938,3.0117190000000003,-1,160.82762,24.45104
2025-08-10T14:02:16.578264,22031,3.039062,3.085938,3.015625,-1,160.766585,24.441588
2025-08-10T14:02:18.865944,22032,3.039062,3.085938,3.0117190000000003,-1,160.949691,24.432136
2025-08-10T14:02:20.981753,22033,3.042969,3.082031,3.007812,-1,160.888655,24.403782
2025-08-10T14:02:23.370915,22034,3.039062,3.082031,3.015625,-1,160.70555,24.422684
2025-08-10T14:02:27.058981,22035,3.042969,3.085938,3.0117190000000003,-1,160.888655,24.422684
2025-08-10T14:02:37.986188,22036,3.039062,3.082031,3.0117190000000003,-1,160.70555,24.422684
2025-08-10T14:02:38.901889,22037,3.035156,3.078125,3.0117190000000003,-1,160.70555,24.432136
2025-08-10T14:02:39.909398,22038,3.039062,3.082031,3.015625,-1,160.766585,24.422684
2025-08-10T14:02:40.929095,22039,3.042969,3.085938,3.015625,-1,160.70555,24.422684
2025-08-10T14:02:41.773804,22040,3.035156,3.082031,3.0,-1,160.70555,24.403782
2025-08-10T14:02:42.709806,22041,3.039062,3.085938,3.0117190000000003,-1,160.70555,24.403782
2025-08-10T14:02:43.639880,22042,3.042969,3.085938,3.015625,-1,160.70555,24.403782
2025-08-10T14:02:44.555195,22043,3.035156,3.085938,3.023438,-1,160.82762,24.413233
2025-08-10T14:02:45.476306,22044,3.042969,3.085938,3.015625,-1,160.82762,24.422684
2025-08-10T14:02:46.335503,22045,3.042969,3.085938,3.015625,-1,160.766585,24.422684
2025-08-10T14:02:47.254547,22046,3.042969,3.082031,3.015625,-1,160.888655,24.422684
2025-08-10T14:02:48.333447,22047,3.039062,3.085938,3.015625,-1,160.766585,24.422684
2025-08-10T14:02:49.485132,22048,3.039062,3.085938,3.015625,-1,160.70555,24.422684
2025-08-10T14:02:50.494411,22049,3.039062,3.082031,3.0117190000000003,-1,160.82762,24.413233
2025-08-10T14:02:51.540775,22050,3.039062,3.082031,3.0117190000000003,-1,160.82762,24.413233
2025-08-10T14:02:52.934669,22051,3.039062,3.085938,3.0117190000000003,-1,160.58348,24.413233
2025-08-10T14:02:53.921765,22052,3.035156,3.082031,3.019531,-1,160.644515,24.413233
2025-08-10T14:02:55.042567,22053,3.042969,3.082031,3.0117190000000003,-1,160.644515,24.413233
2025-08-10T14:02:56.073497,22054,3.042969,3.082031,3.0117190000000003,-1,160.766585,24.422684
2025-08-10T14:02:57.026578,22055,3.042969,3.085938,3.015625,-1,160.766585,24.432136
2025-08-10T14:02:58.192722,22056,3.035156,3.082031,3.0117190000000003,-1,160.766585,24.441588
2025-08-10T14:02:59.137376,22057,3.035156,3.082031,3.015625,-1,160.82762,24.432136
2025-08-10T14:03:00.094472,22058,3.042969,3.082031,3.015625,-1,160.82762,24.432136
2025-08-10T14:03:01.042141,22059,3.039062,3.082031,3.015625,-1,160.766585,24.432136
2025-08-10T14:03:01.918386,22060,3.042969,3.085938,3.007812,-1,160.888655,24.441588
2025-08-10T14:03:02.844447,22061,3.042969,3.082031,3.0117190000000003,-1,160.82762,24.441588
2025-08-10T14:03:03.768483,22062,3.03125,3.078125,3.0117190000000003,-1,160.70555,24.441588
2025-08-10T14:03:04.795120,22063,3.035156,3.085938,3.0117190000000003,-1,160.70555,24.441588
2025-08-10T14:03:05.866074,22064,3.042969,3.082031,3.0117190000000003,-1,160.82762,24.45104
2025-08-10T14:03:06.933386,22065,3.039062,3.082031,3.0117190000000003,-1,160.644515,24.441588
2025-08-10T14:03:08.849088,22066,3.039062,3.085938,3.03125,-1,160.82762,24.460493
2025-08-10T14:03:09.761759,22067,3.039062,3.082031,3.0117190000000003,-1,160.70555,24.45104
2025-08-10T14:03:10.705315,22068,3.039062,3.078125,3.0117190000000003,-1,160.82762,24.45104
2025-08-10T14:03:11.629299,22069,3.042969,3.082031,3.0117190000000003,-1,160.644515,24.441588
2025-08-10T14:03:12.480521,22070,3.042969,3.082031,3.007812,-1,160.644515,24.45104
2025-08-10T14:03:13.390994,22071,3.039062,3.078125,3.0117190000000003,-1,160.766585,24.45104
2025-08-10T14:03:14.277402,22072,3.039062,3.085938,3.0117190000000003,-1,160.82762,24.460493
2025-08-10T14:03:15.178794,22073,3.039062,3.082031,3.0117190000000003,-1,160.82762,24.45104
2025-08-10T14:03:16.121858,22074,3.042969,3.082031,3.019531,-1,160.82762,24.460493
2025-08-10T14:03:17.012865,22075,3.039062,3.082031,3.0117190000000003,-1,160.82762,24.460493
2025-08-10T14:03:17.945793,22076,3.042969,3.085938,3.015625,-1,160.766585,24.45104
2025-08-10T14:03:18.919898,22077,3.039062,3.085938,3.019531,-1,160.644515,24.45104
2025-08-10T14:03:19.779577,22078,3.042969,3.082031,3.007812,-1,160.82762,24.45104
2025-08-10T14:03:20.742591,22079,3.039062,3.082031,3.0117190000000003,-1,160.766585,24.460493
2025-08-10T14:03:21.655252,22080,3.039062,3.082031,3.0117190000000003,-1,160.888655,24.460493
2025-08-10T14:03:22.761895,22081,3.039062,3.082031,3.015625,-1,160.766585,24.45104
2025-08-10T14:03:24.601583,22082,3.039062,3.082031,3.015625,-1,160.70555,24.45104
2025-08-10T14:03:25.652713,22083,3.042969,3.085938,3.0117190000000003,-1,160.888655,24.441588
2025-08-10T14:03:26.602457,22084,3.039062,3.082031,3.015625,-1,160.644515,24.432136
2025-08-10T14:03:27.472715,22085,3.035156,3.082031,3.007812,-1,160.70555,24.441588
2025-08-10T14:03:28.422733,22086,3.039062,3.085938,3.007812,-1,160.70555,24.441588
2025-08-10T14:03:29.350244,22087,3.042969,3.085938,3.0117190000000003,-1,160.70555,24.45104
2025-08-10T14:03:30.213014,22088,3.042969,3.082031,3.023438,-1,160.70555,24.45104
2025-08-10T14:03:31.149783,22089,3.039062,3.082031,3.007812,-1,160.644515,24.460493
2025-08-10T14:03:32.057725,22090,3.042969,3.085938,3.0117190000000003,-1,160.70555,24.460493
2025-08-10T14:03:32.984943,22091,3.039062,3.078125,3.0117190000000003,-1,160.70555,24.460493
2025-08-10T14:03:34.159237,22092,3.042969,3.082031,3.0117190000000003,-1,160.82762,24.460493
2025-08-10T14:03:35.106718,22093,3.042969,3.085938,3.015625,-1,160.70555,24.45104
2025-08-10T14:03:36.010515,22094,3.042969,3.082031,3.0117190000000003,-1,160.766585,24.441588
2025-08-10T14:03:36.908045,22095,3.039062,3.085938,3.0117190000000003,-1,160.766585,24.441588
2025-08-10T14:03:37.865114,22096,3.039062,3.082031,3.015625,-1,160.70555,24.441588
2025-08-10T14:03:39.757572,22097,3.035156,3.085938,3.0117190000000003,-1,160.82762,24.441588
2025-08-10T14:03:40.721462,22098,3.03125,3.085938,3.019531,-1,160.888655,24.413233
2025-08-10T14:03:41.609176,22099,3.039062,3.085938,3.007812,-1,160.888655,24.422684
2025-08-10T14:03:42.539275,22100,3.039062,3.085938,3.015625,-1,160.82762,24.422684
2025-08-10T14:03:43.447252,22101,3.039062,3.085938,3.0117190000000003,-1,160.70555,24.422684
2025-08-10T14:03:44.338029,22102,3.039062,3.082031,3.019531,-1,160.70555,24.432136
2025-08-10T14:03:46.384047,22103,3.039062,3.089844,3.019531,-1,160.888655,24.432136
2025-08-10T14:03:47.381047,22104,3.039062,3.082031,3.007812,-1,160.888655,24.45104
2025-08-10T14:03:48.297971,22105,3.039062,3.089844,3.015625,-1,160.70555,24.441588
2025-08-10T14:03:49.195255,22106,3.039062,3.085938,3.015625,-1,160.766585,24.45104
2025-08-10T14:03:50.078131,22107,3.039062,3.082031,3.015625,-1,160.70555,24.45104
2025-08-10T14:03:51.040975,22108,3.042969,3.085938,3.015625,-1,160.82762,24.460493
2025-08-10T14:03:51.935845,22109,3.035156,3.085938,3.015625,-1,160.888655,24.460493
2025-08-10T14:03:52.901912,22110,3.042969,3.082031,3.019531,-1,160.766585,24.460493
2025-08-10T14:03:54.503990,22111,3.039062,3.085938,3.019531,-1,160.70555,24.45104
2025-08-10T14:03:55.512008,22112,3.035156,3.082031,3.0117190000000003,-1,160.888655,24.45104
2025-08-10T14:03:56.524775,22113,3.042969,3.082031,3.0117190000000003,-1,160.82762,24.460493
2025-08-10T14:03:57.791197,22114,3.039062,3.082031,3.019531,-1,160.888655,24.45104
2025-08-10T14:03:58.906728,22115,3.042969,3.085938,3.007812,-1,160.82762,24.45104
2025-08-10T14:03:59.918108,22116,3.039062,3.085938,3.019531,-1,160.766585,24.460493
2025-08-10T14:04:00.874953,22117,3.035156,3.089844,3.015625,-1,160.82762,24.45104
2025-08-10T14:04:01.727168,22118,3.042969,3.085938,3.0117190000000003,-1,160.766585,24.45104
2025-08-10T14:04:02.644795,22119,3.039062,3.082031,3.0117190000000003,-1,161.010726,24.460493
2025-08-10T14:04:03.571430,22120,3.042969,3.082031,3.019531,-1,160.766585,24.45104
2025-08-10T14:04:04.496321,22121,3.042969,3.082031,3.019531,-1,160.949691,24.460493
2025-08-10T14:04:05.884956,22122,3.042969,3.082031,3.0117190000000003,-1,160.949691,24.45104
2025-08-10T14:04:06.808575,22123,3.042969,3.085938,3.015625,-1,160.888655,24.45104
2025-08-10T14:04:07.728575,22124,3.035156,3.082031,3.019531,-1,160.888655,24.45104
2025-08-10T14:04:08.829989,22125,3.039062,3.085938,3.015625,-1,160.949691,24.460493
2025-08-10T14:04:10.459540,22126,3.039062,3.085938,3.019531,-1,160.949691,24.460493
2025-08-10T14:04:11.384053,22127,3.042969,3.082031,3.019531,-1,160.888655,24.469946
2025-08-10T14:04:12.417516,22128,3.042969,3.085938,3.015625,-1,160.949691,24.469946
2025-08-10T14:04:13.275308,22129,3.039062,3.085938,3.0117190000000003,-1,160.82762,24.469946
2025-08-10T14:04:14.211008,22130,3.039062,3.082031,3.0117190000000003,-1,160.949691,24.460493
2025-08-10T14:04:15.120426,22131,3.042969,3.082031,3.007812,-1,160.949691,24.45104
2025-08-10T14:04:16.014729,22132,3.042969,3.085938,3.019531,-1,160.82762,24.460493
2025-08-10T14:04:16.943633,22133,3.039062,3.085938,3.0117190000000003,-1,160.949691,24.460493
2025-08-10T14:04:17.808455,22134,3.042969,3.078125,3.003906,-1,160.888655,24.460493
2025-08-10T14:04:18.735727,22135,3.039062,3.082031,3.019531,-1,160.82762,24.469946
2025-08-10T14:04:19.661387,22136,3.042969,3.085938,3.019531,-1,160.766585,24.469946
2025-08-10T14:04:20.542494,22137,3.042969,3.082031,3.015625,-1,160.766585,24.469946
2025-08-10T14:04:21.476510,22138,3.039062,3.089844,3.0117190000000003,-1,160.766585,24.460493
2025-08-10T14:04:22.389609,22139,3.042969,3.078125,3.0117190000000003,-1,160.766585,24.469946
2025-08-10T14:04:23.297795,22140,3.042969,3.082031,3.015625,-1,160.949691,24.469946
2025-08-10T14:04:24.839859,22141,3.039062,3.085938,3.015625,-1,160.82762,24.469946
2025-08-10T14:04:25.772993,22142,3.042969,3.082031,3.007812,-1,160.766585,24.488853
2025-08-10T14:04:26.689362,22143,3.027344,3.085938,3.0,-1,161.010726,24.460493
2025-08-10T14:04:27.641624,22144,3.039062,3.085938,3.015625,-1,160.888655,24.460493
2025-08-10T14:04:28.540214,22145,3.039062,3.082031,3.015625,-1,161.071761,24.469946
2025-08-10T14:04:29.431462,22146,3.042969,3.089844,3.015625,-1,160.949691,24.469946
2025-08-10T14:04:30.361253,22147,3.042969,3.082031,3.015625,-1,160.949691,24.469946
2025-08-10T14:04:31.414144,22148,3.042969,3.082031,3.007812,-1,160.888655,24.469946
2025-08-10T14:04:32.474818,22149,3.042969,3.082031,3.0117190000000003,-1,160.949691,24.469946
2025-08-10T14:04:33.468166,22150,3.042969,3.085938,3.0117190000000003,-1,161.010726,24.479399
2025-08-10T14:04:34.382695,22151,3.035156,3.085938,3.015625,-1,160.82762,24.479399
2025-08-10T14:04:35.309695,22152,3.039062,3.085938,3.0117190000000003,-1,161.010726,24.488853
2025-08-10T14:04:36.240074,22153,3.042969,3.082031,3.007812,-1,160.949691,24.479399
2025-08-10T14:04:37.111032,22154,3.039062,3.085938,3.015625,-1,160.949691,24.488853
2025-08-10T14:04:38.567417,22155,3.035156,3.082031,3.007812,-1,160.888655,24.469946
2025-08-10T14:04:40.311400,22156,3.039062,3.078125,3.007812,-1,160.82762,24.479399
2025-08-10T14:04:41.259856,22157,3.039062,3.089844,3.015625,-1,160.949691,24.479399
2025-08-10T14:04:42.179665,22158,3.039062,3.085938,3.015625,-1,161.010726,24.488853
2025-08-10T14:04:43.048578,22159,3.039062,3.078125,3.015625,-1,160.888655,24.460493
2025-08-10T14:04:43.975665,22160,3.03125,3.085938,3.015625,-1,160.888655,24.460493
2025-08-10T14:04:44.908784,22161,3.035156,3.085938,3.0117190000000003,-1,160.949691,24.45104
2025-08-10T14:04:45.766613,22162,3.042969,3.082031,3.0117190000000003,-1,160.82762,24.441588
2025-08-10T14:04:46.726074,22163,3.039062,3.085938,3.0117190000000003,-1,160.888655,24.441588
2025-08-10T14:04:47.631895,22164,3.039062,3.082031,3.015625,-1,160.766585,24.45104
2025-08-10T14:04:48.519673,22165,3.039062,3.085938,3.019531,-1,160.766585,24.460493
2025-08-10T14:04:49.439137,22166,3.039062,3.078125,3.015625,-1,160.82762,24.460493
2025-08-10T14:04:50.330156,22167,3.039062,3.089844,3.007812,-1,160.949691,24.460493
2025-08-10T14:04:51.274788,22168,3.039062,3.085938,3.015625,-1,160.82762,24.460493
2025-08-10T14:04:52.296231,22169,3.039062,3.082031,3.015625,-1,161.010726,24.469946
2025-08-10T14:04:53.315614,22170,3.039062,3.078125,3.015625,-1,161.010726,24.479399
2025-08-10T14:04:54.409199,22171,3.039062,3.085938,3.0117190000000003,-1,160.82762,24.479399
2025-08-10T14:04:56.075653,22172,3.042969,3.085938,3.019531,-1,161.010726,24.488853
2025-08-10T14:04:57.037760,22173,3.035156,3.085938,3.023438,-1,161.010726,24.498307
2025-08-10T14:04:58.184290,22174,3.039062,3.082031,3.007812,-1,161.010726,24.498307
2025-08-10T14:04:59.140093,22175,3.039062,3.082031,3.0117190000000003,-1,160.82762,24.507761
2025-08-10T14:05:00.110755,22176,3.039062,3.085938,3.0117190000000003,-1,160.82762,24.507761
2025-08-10T14:05:01.044509,22177,3.042969,3.082031,3.019531,-1,160.949691,24.488853
2025-08-10T14:05:01.907487,22178,3.035156,3.078125,3.0117190000000003,-1,160.949691,24.488853
2025-08-10T14:05:02.827490,22179,3.039062,3.085938,3.015625,-1,160.82762,24.488853
2025-08-10T14:05:03.763386,22180,3.042969,3.085938,3.0117190000000003,-1,160.888655,24.498307
2025-08-10T14:05:04.711890,22181,3.039062,3.082031,3.015625,-1,160.888655,24.498307
2025-08-10T14:05:05.706996,22182,3.039062,3.082031,3.0117190000000003,-1,160.82762,24.488853
2025-08-10T14:05:07.350882,22183,3.039062,3.085938,3.0117190000000003,-1,160.949691,24.488853
2025-08-10T14:05:08.278994,22184,3.039062,3.085938,3.019531,-1,161.010726,24.479399
2025-08-10T14:05:09.208214,22185,3.039062,3.082031,3.019531,-1,161.010726,24.488853
2025-08-10T14:05:10.808440,22186,3.035156,3.082031,3.0117190000000003,-1,161.010726,24.479399
2025-08-10T14:05:11.764251,22187,3.039062,3.085938,3.0117190000000003,-1,161.010726,24.498307
2025-08-10T14:05:12.700142,22188,3.035156,3.082031,3.0117190000000003,-1,160.766585,24.498307
2025-08-10T14:05:13.567304,22189,3.039062,3.082031,3.007812,-1,161.010726,24.488853
2025-08-10T14:05:14.510005,22190,3.039062,3.085938,3.019531,-1,160.888655,24.479399
2025-08-10T14:05:15.464351,22191,3.039062,3.082031,3.0117190000000003,-1,160.949691,24.488853
2025-08-10T14:05:16.323073,22192,3.035156,3.082031,3.015625,-1,160.949691,24.488853
2025-08-10T14:05:17.236044,22193,3.039062,3.082031,3.007812,-1,160.949691,24.498307
2025-08-10T14:05:18.161488,22194,3.042969,3.082031,3.0117190000000003,-1,160.949691,24.488853
2025-08-10T14:05:19.056195,22195,3.042969,3.085938,3.015625,-1,160.766585,24.498307
2025-08-10T14:05:19.982819,22196,3.039062,3.085938,3.015625,-1,160.82762,24.498307
2025-08-10T14:05:20.849646,22197,3.039062,3.078125,3.019531,-1,160.949691,24.498307
2025-08-10T14:05:21.798039,22198,3.039062,3.085938,3.0117190000000003,-1,160.949691,24.488853
2025-08-10T14:05:22.755966,22199,3.035156,3.082031,3.0117190000000003,-1,160.888655,24.488853
2025-08-10T14:05:23.599105,22200,3.035156,3.085938,3.0117190000000003,-1,160.82762,24.488853
2025-08-10T14:05:24.555864,22201,3.039062,3.082031,3.0117190000000003,-1,161.010726,24.488853
2025-08-10T14:05:26.352525,22202,3.035156,3.082031,3.0117190000000003,-1,160.82762,24.488853
2025-08-10T14:05:27.296380,22203,3.042969,3.085938,3.019531,-1,161.010726,24.479399
2025-08-10T14:05:28.222435,22204,3.039062,3.082031,3.007812,-1,161.010726,24.479399
2025-08-10T14:05:29.284615,22205,3.042969,3.085938,3.0117190000000003,-1,160.82762,24.479399
2025-08-10T14:05:30.322420,22206,3.039062,3.085938,3.015625,-1,160.82762,24.479399
2025-08-10T14:05:31.349911,22207,3.039062,3.085938,3.015625,-1,161.010726,24.45104
2025-08-10T14:05:32.446581,22208,3.035156,3.085938,3.019531,-1,160.82762,24.441588
2025-08-10T14:05:35.527548,22209,3.039062,3.085938,3.019531,-1,160.888655,24.460493
2025-08-10T14:05:36.282090,22210,3.042969,3.082031,3.007812,-1,161.010726,24.479399
2025-08-10T14:05:37.312039,22211,3.039062,3.082031,3.015625,-1,160.888655,24.469946
2025-08-10T14:05:38.466462,22212,3.039062,3.085938,3.035156,-1,161.010726,24.460493
2025-08-10T14:05:39.675690,22213,3.039062,3.082031,3.007812,-1,160.766585,24.460493
2025-08-10T14:05:41.283447,22214,3.042969,3.085938,3.007812,-1,160.82762,24.469946
2025-08-10T14:05:42.227116,22215,3.039062,3.085938,3.019531,-1,160.888655,24.479399
2025-08-10T14:05:43.198148,22216,3.042969,3.082031,3.0117190000000003,-1,160.888655,24.479399
2025-08-10T14:05:44.032690,22217,3.039062,3.085938,3.019531,-1,160.949691,24.488853
2025-08-10T14:05:44.978775,22218,3.042969,3.078125,3.019531,-1,160.888655,24.498307
2025-08-10T14:05:45.937057,22219,3.039062,3.078125,3.015625,-1,160.82762,24.498307
2025-08-10T14:05:46.872045,22220,3.039062,3.085938,3.007812,-1,161.010726,24.498307
2025-08-10T14:05:47.852852,22221,3.039062,3.085938,3.0117190000000003,-1,160.82762,24.488853
2025-08-10T14:05:48.955814,22222,3.035156,3.082031,3.0117190000000003,-1,161.010726,24.479399
2025-08-10T14:05:50.005165,22223,3.039062,3.085938,3.007812,-1,160.949691,24.479399
2025-08-10T14:05:50.867730,22224,3.039062,3.085938,3.019531,-1,161.010726,24.460493
2025-08-10T14:05:51.788036,22225,3.042969,3.078125,3.015625,-1,160.888655,24.441588
2025-08-10T14:05:52.712328,22226,3.039062,3.085938,3.015625,-1,161.010726,24.422684
2025-08-10T14:05:53.603119,22227,3.039062,3.085938,3.019531,-1,160.949691,24.422684
2025-08-10T14:05:54.543782,22228,3.042969,3.078125,3.023438,-1,160.888655,24.441588
2025-08-10T14:05:55.464848,22229,3.042969,3.085938,3.019531,-1,160.949691,24.45104
2025-08-10T14:05:57.514533,22230,3.039062,3.082031,3.0117190000000003,-1,160.82762,24.45104
2025-08-10T14:05:58.800676,22231,3.039062,3.082031,3.015625,-1,160.949691,24.460493
2025-08-10T14:05:59.776154,22232,3.039062,3.085938,3.007812,-1,160.82762,24.479399
2025-08-10T14:06:00.687032,22233,3.042969,3.082031,3.0117190000000003,-1,160.888655,24.479399
2025-08-10T14:06:01.799636,22234,3.039062,3.085938,3.015625,-1,160.888655,24.479399
2025-08-10T14:06:02.737461,22235,3.039062,3.082031,3.019531,-1,160.82762,24.469946
2025-08-10T14:06:03.625826,22236,3.042969,3.082031,3.015625,-1,161.010726,24.460493
2025-08-10T14:06:04.532919,22237,3.039062,3.082031,3.019531,-1,160.888655,24.469946
2025-08-10T14:06:05.487304,22238,3.035156,3.085938,3.007812,-1,161.010726,24.469946
2025-08-10T14:06:06.364149,22239,3.039062,3.085938,3.015625,-1,161.010726,24.469946
2025-08-10T14:06:07.383596,22240,3.039062,3.082031,3.015625,-1,160.82762,24.469946
2025-08-10T14:06:08.305793,22241,3.042969,3.085938,3.007812,-1,160.888655,24.469946
2025-08-10T14:06:09.160922,22242,3.039062,3.082031,3.019531,-1,160.888655,24.469946
2025-08-10T14:06:10.099729,22243,3.039062,3.082031,3.015625,-1,160.888655,24.469946
2025-08-10T14:06:11.670724,22244,3.042969,3.085938,3.015625,-1,160.82762,24.460493
2025-08-10T14:06:12.710921,22245,3.039062,3.082031,3.0117190000000003,-1,160.949691,24.469946
2025-08-10T14:06:13.613882,22246,3.039062,3.085938,3.015625,-1,160.949691,24.479399
2025-08-10T14:06:14.545011,22247,3.042969,3.082031,3.0117190000000003,-1,160.888655,24.479399
2025-08-10T14:06:15.467538,22248,3.039062,3.085938,3.0117190000000003,-1,160.888655,24.469946
2025-08-10T14:06:16.365101,22249,3.042969,3.085938,3.019531,-1,160.82762,24.488853
2025-08-10T14:06:17.322956,22250,3.039062,3.085938,3.0117190000000003,-1,161.010726,24.488853
2025-08-10T14:06:18.254340,22251,3.042969,3.085938,3.007812,-1,160.888655,24.488853
2025-08-10T14:06:19.113415,22252,3.039062,3.085938,3.019531,-1,160.82762,24.498307
2025-08-10T14:06:20.044009,22253,3.039062,3.085938,3.015625,-1,161.010726,24.498307
2025-08-10T14:06:21.228612,22254,3.042969,3.078125,3.0117190000000003,-1,161.010726,24.488853
2025-08-10T14:06:22.280158,22255,3.039062,3.078125,3.015625,-1,161.010726,24.498307
2025-08-10T14:06:23.424348,22256,3.039062,3.082031,3.0117190000000003,-1,160.888655,24.498307
2025-08-10T14:06:24.608323,22257,3.035156,3.078125,3.015625,-1,160.82762,24.488853
2025-08-10T14:06:25.556008,22258,3.039062,3.085938,3.023438,-1,160.949691,24.488853
2025-08-10T14:06:27.212694,22259,3.042969,3.082031,3.015625,-1,160.888655,24.488853
2025-08-10T14:06:28.293117,22260,3.039062,3.085938,3.019531,-1,160.888655,24.488853
2025-08-10T14:06:29.306770,22261,3.039062,3.085938,3.007812,-1,161.010726,24.498307
2025-08-10T14:06:30.344766,22262,3.035156,3.078125,3.015625,-1,160.949691,24.507761
2025-08-10T14:06:31.408437,22263,3.039062,3.085938,3.0117190000000003,-1,160.82762,24.507761
2025-08-10T14:06:32.460112,22264,3.042969,3.085938,3.007812,-1,160.949691,24.507761
2025-08-10T14:06:33.492241,22265,3.042969,3.082031,3.0117190000000003,-1,160.949691,24.507761
2025-08-10T14:06:34.401990,22266,3.042969,3.085938,3.015625,-1,160.58348,24.507761
2025-08-10T14:06:35.426273,22267,3.039062,3.085938,3.015625,-1,160.949691,24.507761
2025-08-10T14:06:36.423650,22268,3.039062,3.085938,3.015625,-1,160.82762,24.498307
2025-08-10T14:06:38.185475,22269,3.039062,3.078125,3.007812,-1,160.888655,24.507761
2025-08-10T14:06:39.207165,22270,3.035156,3.082031,3.007812,-1,160.888655,24.507761
2025-08-10T14:06:40.337878,22271,3.039062,3.082031,3.019531,-1,160.888655,24.507761
2025-08-10T14:06:41.422286,22272,3.039062,3.085938,3.003906,-1,160.82762,24.507761
2025-08-10T14:06:43.180385,22273,3.039062,3.078125,3.019531,-1,160.82762,24.488853
2025-08-10T14:06:45.624810,22274,3.042969,3.085938,3.0117190000000003,-1,161.010726,24.479399
2025-08-10T14:06:47.012568,22275,3.039062,3.085938,3.015625,-1,160.949691,24.479399
2025-08-10T14:06:48.672022,22276,3.035156,3.085938,3.015625,-1,161.010726,24.479399
2025-08-10T14:06:49.632750,22277,3.039062,3.082031,3.0117190000000003,-1,161.010726,24.479399
2025-08-10T14:06:50.515091,22278,3.039062,3.085938,3.015625,-1,161.071761,24.479399
2025-08-10T14:06:51.052537,22279,3.042969,3.082031,3.015625,-1,160.82762,24.488853
2025-08-10T14:06:51.559511,22280,3.035156,3.078125,3.015625,-1,161.071761,24.488853
2025-08-10T14:06:52.090153,22281,3.039062,3.078125,3.0117190000000003,-1,160.888655,24.488853
2025-08-10T14:06:52.840768,22282,3.039062,3.078125,3.0117190000000003,-1,160.888655,24.498307
2025-08-10T14:06:53.772379,22283,3.039062,3.085938,3.007812,-1,160.949691,24.488853
2025-08-10T14:06:54.631091,22284,3.042969,3.082031,3.007812,-1,161.010726,24.498307
2025-08-10T14:06:55.539765,22285,3.039062,3.085938,3.015625,-1,160.888655,24.498307
2025-08-10T14:06:56.473787,22286,3.042969,3.082031,3.007812,-1,160.888655,24.488853
2025-08-10T14:06:57.452541,22287,3.042969,3.085938,3.019531,-1,161.071761,24.479399
2025-08-10T14:06:58.688104,22288,3.039062,3.078125,3.0117190000000003,-1,160.888655,24.498307
2025-08-10T14:06:59.899406,22289,3.035156,3.082031,3.0117190000000003,-1,161.071761,24.479399
2025-08-10T14:07:00.806313,22290,3.039062,3.085938,3.015625,-1,160.949691,24.469946
2025-08-10T14:07:01.725850,22291,3.035156,3.082031,3.007812,-1,160.888655,24.460493
2025-08-10T14:07:02.714250,22292,3.039062,3.085938,3.015625,-1,161.071761,24.460493
2025-08-10T14:07:04.357189,22293,3.042969,3.089844,3.019531,-1,160.888655,24.479399
2025-08-10T14:07:05.307452,22294,3.039062,3.082031,3.015625,-1,161.071761,24.479399
2025-08-10T14:07:06.237693,22295,3.039062,3.082031,3.019531,-1,161.071761,24.479399
2025-08-10T14:07:07.147008,22296,3.039062,3.082031,3.019531,-1,161.010726,24.488853
2025-08-10T14:07:08.061930,22297,3.035156,3.082031,3.019531,-1,160.949691,24.498307
2025-08-10T14:07:09.005972,22298,3.035156,3.085938,3.015625,-1,160.888655,24.479399
2025-08-10T14:07:09.923401,22299,3.039062,3.089844,3.007812,-1,161.071761,24.479399
2025-08-10T14:07:10.806066,22300,3.035156,3.082031,3.019531,-1,160.949691,24.488853
2025-08-10T14:07:11.723206,22301,3.042969,3.085938,3.015625,-1,160.82762,24.498307
2025-08-10T14:07:12.641474,22302,3.035156,3.082031,3.015625,-1,160.888655,24.498307
2025-08-10T14:07:13.534319,22303,3.042969,3.082031,3.007812,-1,161.010726,24.498307
2025-08-10T14:07:14.438526,22304,3.042969,3.082031,3.0117190000000003,-1,160.949691,24.498307
2025-08-10T14:07:15.305773,22305,3.042969,3.085938,3.003906,-1,161.010726,24.507761
2025-08-10T14:07:16.178785,22306,3.039062,3.082031,3.0117190000000003,-1,160.949691,24.517216
2025-08-10T14:07:17.078158,22307,3.042969,3.082031,3.007812,-1,161.010726,24.526671
2025-08-10T14:07:18.014160,22308,3.039062,3.085938,3.007812,-1,160.949691,24.517216
2025-08-10T14:07:19.704341,22309,3.035156,3.085938,3.019531,-1,160.949691,24.507761
2025-08-10T14:07:20.573395,22310,3.035156,3.085938,3.0117190000000003,-1,160.888655,24.517216
2025-08-10T14:07:21.451573,22311,3.035156,3.085938,3.015625,-1,160.949691,24.517216
2025-08-10T14:07:22.340678,22312,3.039062,3.082031,3.019531,-1,160.888655,24.526671
2025-08-10T14:07:23.186196,22313,3.039062,3.089844,3.015625,-1,160.82762,24.498307
2025-08-10T14:07:24.044661,22314,3.042969,3.085938,3.019531,-1,160.82762,24.507761
2025-08-10T14:07:24.951778,22315,3.042969,3.085938,3.007812,-1,160.82762,24.498307
2025-08-10T14:07:25.802937,22316,3.042969,3.082031,3.015625,-1,160.949691,24.507761
2025-08-10T14:07:26.696955,22317,3.039062,3.085938,3.015625,-1,160.888655,24.498307
2025-08-10T14:07:27.602063,22318,3.039062,3.082031,3.0117190000000003,-1,161.010726,24.507761
2025-08-10T14:07:28.566443,22319,3.039062,3.085938,3.0117190000000003,-1,160.949691,24.507761
2025-08-10T14:07:29.511673,22320,3.039062,3.085938,3.015625,-1,160.949691,24.507761
2025-08-10T14:07:30.440508,22321,3.039062,3.085938,3.015625,-1,160.82762,24.507761
2025-08-10T14:07:31.376435,22322,3.039062,3.082031,3.007812,-1,160.949691,24.507761
2025-08-10T14:07:32.427520,22323,3.042969,3.085938,3.007812,-1,160.82762,24.507761
2025-08-10T14:07:33.618522,22324,3.039062,3.082031,3.0117190000000003,-1,160.82762,24.507761
2025-08-10T14:07:35.303632,22325,3.039062,3.085938,3.0117190000000003,-1,161.010726,24.432136
2025-08-10T14:07:36.353813,22326,3.039062,3.082031,3.007812,-1,161.071761,24.422684
2025-08-10T14:07:37.481196,22327,3.039062,3.082031,3.0117190000000003,-1,160.949691,24.432136
2025-08-10T14:07:39.117043,22328,3.042969,3.078125,3.007812,-1,160.949691,24.432136
2025-08-10T14:07:40.143705,22329,3.042969,3.082031,3.0117190000000003,-1,161.010726,24.45104
2025-08-10T14:07:41.157829,22330,3.039062,3.082031,3.007812,-1,160.888655,24.45104
2025-08-10T14:07:42.148898,22331,3.039062,3.085938,3.007812,-1,161.010726,24.45104
2025-08-10T14:07:43.080742,22332,3.042969,3.085938,3.0117190000000003,-1,160.82762,24.460493
2025-08-10T14:07:44.094153,22333,3.042969,3.085938,3.015625,-1,160.949691,24.45104
2025-08-10T14:07:45.254153,22334,3.046875,3.082031,3.015625,-1,160.888655,24.469946
2025-08-10T14:07:46.185916,22335,3.039062,3.089844,3.0117190000000003,-1,160.888655,24.479399
2025-08-10T14:07:47.282891,22336,3.039062,3.089844,3.007812,-1,161.010726,24.479399
2025-08-10T14:07:47.880890,22337,3.039062,3.082031,3.015625,-1,160.949691,24.488853
2025-08-10T14:07:49.605425,22338,3.039062,3.082031,3.019531,-1,160.949691,24.498307
2025-08-10T14:07:51.082192,22339,3.042969,3.082031,3.0117190000000003,-1,160.766585,24.507761
2025-08-10T14:07:52.105722,22340,3.035156,3.082031,3.019531,-1,160.888655,24.507761
2025-08-10T14:07:53.109296,22341,3.039062,3.074219,3.015625,-1,160.888655,24.498307
2025-08-10T14:07:54.286483,22342,3.039062,3.085938,3.007812,-1,160.766585,24.498307
2025-08-10T14:07:55.303482,22343,3.035156,3.085938,3.007812,-1,160.70555,24.498307
2025-08-10T14:07:56.433483,22344,3.039062,3.085938,3.019531,-1,160.644515,24.507761
2025-08-10T14:07:57.507014,22345,3.039062,3.085938,3.015625,-1,160.644515,24.507761
2025-08-10T14:07:58.516544,22346,3.046875,3.082031,3.015625,-1,160.522445,24.507761
2025-08-10T14:07:59.532194,22347,3.039062,3.085938,3.015625,-1,160.58348,24.498307
2025-08-10T14:08:00.424769,22348,3.039062,3.085938,3.0117190000000003,-1,160.82762,24.507761
2025-08-10T14:08:01.353594,22349,3.039062,3.085938,3.019531,-1,160.82762,24.507761
2025-08-10T14:08:02.487686,22350,3.039062,3.085938,3.0117190000000003,-1,160.82762,24.507761
2025-08-10T14:08:03.568112,22351,3.039062,3.085938,3.0117190000000003,-1,160.949691,24.498307
2025-08-10T14:08:05.493136,22352,3.042969,3.085938,3.023438,-1,160.888655,24.498307
2025-08-10T14:08:06.528308,22353,3.039062,3.078125,3.0117190000000003,-1,160.888655,24.498307
2025-08-10T14:08:07.593180,22354,3.042969,3.082031,3.015625,-1,160.82762,24.498307
2025-08-10T14:08:08.591458,22355,3.042969,3.082031,3.007812,-1,160.82762,24.507761
2025-08-10T14:08:09.518189,22356,3.042969,3.085938,3.015625,-1,160.82762,24.498307
2025-08-10T14:08:10.510126,22357,3.039062,3.078125,3.0117190000000003,-1,160.70555,24.479399
2025-08-10T14:08:11.442611,22358,3.035156,3.085938,3.0117190000000003,-1,160.70555,24.469946
2025-08-10T14:08:12.352431,22359,3.042969,3.085938,3.0117190000000003,-1,160.766585,24.479399
2025-08-10T14:08:13.306665,22360,3.039062,3.085938,3.0117190000000003,-1,160.949691,24.469946
2025-08-10T14:08:14.270896,22361,3.042969,3.085938,3.019531,-1,160.766585,24.469946
2025-08-10T14:08:15.141903,22362,3.039062,3.085938,3.015625,-1,160.888655,24.479399
2025-08-10T14:08:16.068270,22363,3.035156,3.085938,3.019531,-1,160.82762,24.479399
2025-08-10T14:08:16.967297,22364,3.042969,3.082031,3.015625,-1,160.766585,24.469946
2025-08-10T14:08:17.853838,22365,3.039062,3.085938,3.0117190000000003,-1,160.82762,24.479399
2025-08-10T14:08:18.791064,22366,3.039062,3.082031,3.007812,-1,160.949691,24.479399
2025-08-10T14:08:20.374052,22367,3.035156,3.082031,3.007812,-1,160.949691,24.460493
2025-08-10T14:08:21.312228,22368,3.039062,3.085938,3.015625,-1,160.766585,24.45104
2025-08-10T14:08:22.305369,22369,3.039062,3.085938,3.015625,-1,160.949691,24.441588
2025-08-10T14:08:23.261162,22370,3.039062,3.078125,3.0117190000000003,-1,160.888655,24.45104
2025-08-10T14:08:24.178319,22371,3.035156,3.085938,3.0117190000000003,-1,160.888655,24.45104
2025-08-10T14:08:25.132748,22372,3.039062,3.085938,3.019531,-1,160.949691,24.460493
2025-08-10T14:08:26.081917,22373,3.039062,3.082031,3.015625,-1,160.766585,24.460493
2025-08-10T14:08:27.091484,22374,3.042969,3.085938,3.015625,-1,160.888655,24.469946
2025-08-10T14:08:28.024282,22375,3.042969,3.085938,3.007812,-1,160.82762,24.479399
2025-08-10T14:08:28.947693,22376,3.035156,3.078125,3.03125,-1,160.82762,24.479399
2025-08-10T14:08:29.843947,22377,3.039062,3.082031,3.0117190000000003,-1,160.949691,24.488853
2025-08-10T14:08:30.774924,22378,3.039062,3.085938,3.0117190000000003,-1,161.010726,24.488853
2025-08-10T14:08:31.690600,22379,3.039062,3.089844,3.019531,-1,160.766585,24.479399
2025-08-10T14:08:32.602792,22380,3.039062,3.085938,3.0117190000000003,-1,160.888655,24.479399
2025-08-10T14:08:33.563818,22381,3.042969,3.085938,3.019531,-1,160.949691,24.479399
2025-08-10T14:08:35.370407,22382,3.042969,3.089844,3.007812,-1,160.949691,24.488853
2025-08-10T14:08:36.398543,22383,3.039062,3.082031,3.015625,-1,160.82762,24.469946
2025-08-10T14:08:37.300165,22384,3.039062,3.085938,3.0117190000000003,-1,160.766585,24.479399
2025-08-10T14:08:38.211654,22385,3.042969,3.085938,3.015625,-1,160.82762,24.479399
2025-08-10T14:08:39.136474,22386,3.039062,3.082031,3.015625,-1,160.82762,24.479399
2025-08-10T14:08:40.084072,22387,3.039062,3.085938,3.0117190000000003,-1,160.949691,24.488853
2025-08-10T14:08:40.994955,22388,3.039062,3.085938,3.015625,-1,161.010726,24.479399
2025-08-10T14:08:41.954304,22389,3.039062,3.082031,3.007812,-1,160.82762,24.479399
2025-08-10T14:08:43.330010,22390,3.035156,3.085938,3.0117190000000003,-1,161.010726,24.488853
2025-08-10T14:08:44.226071,22391,3.039062,3.085938,3.019531,-1,160.766585,24.488853
2025-08-10T14:08:45.086859,22392,3.039062,3.082031,3.023438,-1,160.949691,24.488853
2025-08-10T14:08:45.949379,22393,3.035156,3.082031,3.007812,-1,160.82762,24.488853
2025-08-10T14:08:46.878359,22394,3.042969,3.085938,3.015625,-1,161.010726,24.479399
2025-08-10T14:08:47.819419,22395,3.03125,3.082031,3.015625,-1,160.888655,24.469946
2025-08-10T14:08:48.732716,22396,3.039062,3.082031,3.015625,-1,160.82762,24.469946
2025-08-10T14:08:49.665584,22397,3.042969,3.078125,3.0117190000000003,-1,160.949691,24.479399
2025-08-10T14:08:51.151237,22398,3.039062,3.082031,3.015625,-1,160.949691,24.469946
2025-08-10T14:08:52.051897,22399,3.042969,3.089844,3.0117190000000003,-1,160.82762,24.469946
2025-08-10T14:08:53.050715,22400,3.042969,3.085938,3.019531,-1,160.949691,24.469946
2025-08-10T14:08:53.912109,22401,3.042969,3.082031,3.015625,-1,160.82762,24.469946
2025-08-10T14:08:54.837568,22402,3.035156,3.085938,3.0117190000000003,-1,160.949691,24.479399
2025-08-10T14:08:55.757670,22403,3.042969,3.085938,3.015625,-1,160.949691,24.479399
2025-08-10T14:08:56.697822,22404,3.039062,3.089844,3.0117190000000003,-1,160.82762,24.479399
2025-08-10T14:08:57.635257,22405,3.039062,3.082031,3.019531,-1,160.82762,24.488853
2025-08-10T14:08:58.543696,22406,3.042969,3.082031,3.015625,-1,161.010726,24.488853
2025-08-10T14:08:59.399723,22407,3.042969,3.085938,3.007812,-1,160.949691,24.479399
2025-08-10T14:09:00.256884,22408,3.039062,3.082031,3.0117190000000003,-1,160.949691,24.469946
2025-08-10T14:09:01.187264,22409,3.039062,3.082031,3.019531,-1,160.949691,24.469946
2025-08-10T14:09:02.147448,22410,3.042969,3.085938,3.019531,-1,161.010726,24.469946
2025-08-10T14:09:03.209218,22411,3.035156,3.085938,3.0117190000000003,-1,161.010726,24.479399
2025-08-10T14:09:04.321568,22412,3.046875,3.085938,3.0117190000000003,-1,161.010726,24.488853
2025-08-10T14:09:06.130762,22413,3.042969,3.085938,3.007812,-1,160.949691,24.498307
2025-08-10T14:09:07.261702,22414,3.039062,3.085938,3.023438,-1,160.766585,24.488853
2025-08-10T14:09:08.276274,22415,3.039062,3.082031,3.007812,-1,160.82762,24.488853
2025-08-10T14:09:09.384599,22416,3.039062,3.085938,3.015625,-1,160.766585,24.488853
2025-08-10T14:09:10.429806,22417,3.039062,3.085938,3.0117190000000003,-1,160.888655,24.488853
2025-08-10T14:09:11.398216,22418,3.039062,3.085938,3.007812,-1,160.82762,24.488853
2025-08-10T14:09:12.382079,22419,3.035156,3.089844,3.003906,-1,160.82762,24.488853
2025-08-10T14:09:13.379021,22420,3.039062,3.082031,3.019531,-1,160.888655,24.479399
2025-08-10T14:09:14.407210,22421,3.035156,3.085938,3.015625,-1,160.949691,24.479399
2025-08-10T14:09:15.383196,22422,3.039062,3.085938,3.0117190000000003,-1,160.766585,24.479399
2025-08-10T14:09:16.388660,22423,3.042969,3.085938,3.015625,-1,160.766585,24.488853
2025-08-10T14:09:17.415755,22424,3.039062,3.085938,3.0117190000000003,-1,160.82762,24.488853
2025-08-10T14:09:18.561334,22425,3.039062,3.085938,3.023438,-1,160.888655,24.488853
2025-08-10T14:09:19.533053,22426,3.039062,3.082031,3.0117190000000003,-1,160.82762,24.498307
2025-08-10T14:09:21.212279,22427,3.039062,3.082031,3.015625,-1,160.949691,24.498307
2025-08-10T14:09:22.238207,22428,3.039062,3.085938,3.0117190000000003,-1,161.010726,24.498307
2025-08-10T14:09:23.164992,22429,3.039062,3.082031,3.0117190000000003,-1,161.010726,24.498307
2025-08-10T14:09:24.100836,22430,3.039062,3.085938,3.019531,-1,160.949691,24.488853
2025-08-10T14:09:25.017846,22431,3.042969,3.085938,3.0117190000000003,-1,161.071761,24.488853
2025-08-10T14:09:25.973216,22432,3.039062,3.085938,3.015625,-1,160.82762,24.488853
2025-08-10T14:09:27.004453,22433,3.042969,3.082031,3.019531,-1,161.010726,24.498307
2025-08-10T14:09:27.897319,22434,3.039062,3.085938,3.015625,-1,160.82762,24.507761
2025-08-10T14:09:28.772565,22435,3.039062,3.082031,3.015625,-1,161.010726,24.498307
2025-08-10T14:09:29.716504,22436,3.039062,3.078125,3.0117190000000003,-1,160.82762,24.488853
2025-08-10T14:09:30.764261,22437,3.039062,3.082031,3.019531,-1,160.949691,24.498307
2025-08-10T14:09:31.784370,22438,3.042969,3.082031,3.015625,-1,160.82762,24.507761
2025-08-10T14:09:32.676159,22439,3.042969,3.085938,3.015625,-1,160.949691,24.507761
2025-08-10T14:09:33.553466,22440,3.039062,3.085938,3.0117190000000003,-1,161.010726,24.498307
2025-08-10T14:09:34.447936,22441,3.042969,3.085938,3.015625,-1,160.888655,24.507761
2025-08-10T14:09:35.390972,22442,3.042969,3.078125,3.0117190000000003,-1,161.010726,24.498307
2025-08-10T14:09:37.217406,22443,3.039062,3.085938,3.015625,-1,161.010726,24.498307
2025-08-10T14:09:38.139695,22444,3.035156,3.085938,3.015625,-1,160.82762,24.488853
2025-08-10T14:09:39.051682,22445,3.039062,3.085938,3.007812,-1,160.888655,24.488853
2025-08-10T14:09:39.962064,22446,3.039062,3.085938,3.003906,-1,161.010726,24.488853
2025-08-10T14:09:41.337136,22447,3.039062,3.082031,3.007812,-1,160.949691,24.498307
2025-08-10T14:09:42.179912,22448,3.039062,3.085938,3.019531,-1,160.949691,24.479399
2025-08-10T14:09:43.091932,22449,3.039062,3.082031,3.015625,-1,160.949691,24.479399
2025-08-10T14:09:43.974533,22450,3.042969,3.089844,3.0117190000000003,-1,160.949691,24.479399
2025-08-10T14:09:44.818637,22451,3.039062,3.082031,3.019531,-1,160.70555,24.488853
2025-08-10T14:09:45.733355,22452,3.039062,3.085938,3.007812,-1,160.949691,24.479399
2025-08-10T14:09:46.639779,22453,3.042969,3.078125,3.007812,-1,160.949691,24.460493
2025-08-10T14:09:47.519463,22454,3.042969,3.085938,3.015625,-1,161.010726,24.441588
2025-08-10T14:09:48.382836,22455,3.039062,3.085938,3.0117190000000003,-1,160.888655,24.432136
2025-08-10T14:09:49.341024,22456,3.03125,3.078125,3.015625,-1,161.010726,24.441588
2025-08-10T14:09:50.236715,22457,3.042969,3.085938,3.015625,-1,160.949691,24.441588
2025-08-10T14:09:51.656467,22458,3.039062,3.082031,3.015625,-1,160.949691,24.441588
2025-08-10T14:09:52.599140,22459,3.046875,3.085938,3.0117190000000003,-1,160.888655,24.45104
2025-08-10T14:09:53.551631,22460,3.039062,3.082031,3.015625,-1,161.071761,24.460493
2025-08-10T14:09:54.417313,22461,3.042969,3.082031,3.023438,-1,161.071761,24.460493
2025-08-10T14:09:55.306357,22462,3.042969,3.082031,3.0117190000000003,-1,161.071761,24.469946
2025-08-10T14:09:56.182714,22463,3.042969,3.085938,3.015625,-1,160.888655,24.479399
2025-08-10T14:09:57.044188,22464,3.039062,3.085938,3.023438,-1,160.888655,24.479399
2025-08-10T14:09:58.015615,22465,3.039062,3.082031,3.015625,-1,160.949691,24.488853
2025-08-10T14:09:59.252920,22466,3.035156,3.085938,3.0117190000000003,-1,161.010726,24.469946
2025-08-10T14:10:00.117664,22467,3.042969,3.089844,3.015625,-1,160.949691,24.460493
2025-08-10T14:10:01.007665,22468,3.042969,3.085938,3.019531,-1,161.071761,24.469946
2025-08-10T14:10:01.848225,22469,3.039062,3.085938,3.0117190000000003,-1,161.071761,24.469946
2025-08-10T14:10:02.764332,22470,3.042969,3.082031,3.019531,-1,160.888655,24.479399
2025-08-10T14:10:03.653330,22471,3.035156,3.089844,3.007812,-1,160.888655,24.479399
2025-08-10T14:10:04.522200,22472,3.039062,3.082031,3.015625,-1,160.888655,24.488853
2025-08-10T14:10:05.348080,22473,3.039062,3.082031,3.0117190000000003,-1,160.888655,24.488853
2025-08-10T14:10:06.970829,22474,3.039062,3.085938,3.019531,-1,161.071761,24.488853
2025-08-10T14:10:07.844149,22475,3.039062,3.082031,3.015625,-1,161.010726,24.488853
2025-08-10T14:10:09.147079,22476,3.042969,3.078125,3.0117190000000003,-1,160.949691,24.479399
2025-08-10T14:10:10.024704,22477,3.039062,3.085938,3.015625,-1,160.888655,24.479399
2025-08-10T14:10:10.865076,22478,3.039062,3.085938,3.019531,-1,161.010726,24.479399
2025-08-10T14:10:11.708093,22479,3.042969,3.082031,3.015625,-1,161.071761,24.488853
2025-08-10T14:10:12.566451,22480,3.039062,3.089844,3.0117190000000003,-1,161.132796,24.488853
2025-08-10T14:10:13.468653,22481,3.039062,3.082031,3.015625,-1,160.888655,24.488853
2025-08-10T14:10:14.397858,22482,3.039062,3.085938,3.019531,-1,161.071761,24.498307
2025-08-10T14:10:15.273013,22483,3.042969,3.082031,3.0117190000000003,-1,161.071761,24.479399
2025-08-10T14:10:16.221867,22484,3.042969,3.085938,3.0117190000000003,-1,161.071761,24.488853
2025-08-10T14:10:17.120149,22485,3.039062,3.085938,3.0117190000000003,-1,160.888655,24.488853
2025-08-10T14:10:17.977655,22486,3.039062,3.082031,3.0117190000000003,-1,161.132796,24.488853
2025-08-10T14:10:18.870877,22487,3.039062,3.085938,3.015625,-1,161.071761,24.479399
2025-08-10T14:10:19.716080,22488,3.035156,3.078125,3.019531,-1,161.010726,24.469946
2025-08-10T14:10:20.585402,22489,3.035156,3.082031,3.007812,-1,161.071761,24.469946
2025-08-10T14:10:22.082361,22490,3.039062,3.085938,3.015625,-1,161.010726,24.460493
2025-08-10T14:10:22.974441,22491,3.039062,3.085938,3.0117190000000003,-1,160.949691,24.460493
2025-08-10T14:10:23.875359,22492,3.039062,3.082031,3.0117190000000003,-1,161.132796,24.45104
2025-08-10T14:10:24.732312,22493,3.039062,3.085938,3.023438,-1,160.949691,24.469946
2025-08-10T14:10:25.623128,22494,3.039062,3.085938,3.007812,-1,160.949691,24.469946
2025-08-10T14:10:26.490823,22495,3.039062,3.089844,3.0117190000000003,-1,160.949691,24.469946
2025-08-10T14:10:27.377906,22496,3.039062,3.085938,3.0117190000000003,-1,160.949691,24.479399
2025-08-10T14:10:28.275615,22497,3.039062,3.082031,3.0117190000000003,-1,161.132796,24.488853
2025-08-10T14:10:29.163865,22498,3.039062,3.082031,3.019531,-1,161.010726,24.479399
2025-08-10T14:10:30.092091,22499,3.042969,3.085938,3.007812,-1,160.949691,24.469946
2025-08-10T14:10:30.998083,22500,3.046875,3.082031,3.015625,-1,161.132796,24.488853
2025-08-10T14:10:31.874300,22501,3.035156,3.085938,3.015625,-1,161.132796,24.479399
2025-08-10T14:10:32.853199,22502,3.042969,3.085938,3.007812,-1,160.949691,24.479399
2025-08-10T14:10:33.712201,22503,3.042969,3.082031,3.015625,-1,161.132796,24.479399
2025-08-10T14:10:34.630275,22504,3.039062,3.085938,3.019531,-1,160.949691,24.469946
2025-08-10T14:10:35.528796,22505,3.039062,3.085938,3.015625,-1,161.010726,24.479399
2025-08-10T14:10:36.440538,22506,3.039062,3.085938,3.015625,-1,161.071761,24.479399
2025-08-10T14:10:38.120109,22507,3.039062,3.082031,3.015625,-1,161.071761,24.479399
2025-08-10T14:10:38.999933,22508,3.039062,3.078125,3.0117190000000003,-1,160.949691,24.488853
2025-08-10T14:10:39.899915,22509,3.039062,3.085938,3.007812,-1,160.949691,24.479399
2025-08-10T14:10:40.796156,22510,3.035156,3.082031,3.015625,-1,161.132796,24.488853
2025-08-10T14:10:41.697992,22511,3.035156,3.082031,3.015625,-1,161.010726,24.488853
2025-08-10T14:10:42.605766,22512,3.039062,3.082031,3.019531,-1,161.132796,24.488853
2025-08-10T14:10:43.502397,22513,3.039062,3.078125,3.0117190000000003,-1,160.949691,24.479399
2025-08-10T14:10:44.387178,22514,3.039062,3.082031,3.007812,-1,161.132796,24.479399
2025-08-10T14:10:45.237060,22515,3.042969,3.085938,3.003906,-1,161.010726,24.469946
2025-08-10T14:10:46.205283,22516,3.042969,3.082031,3.015625,-1,161.132796,24.469946
2025-08-10T14:10:47.050891,22517,3.042969,3.082031,3.015625,-1,160.949691,24.469946
2025-08-10T14:10:47.901974,22518,3.042969,3.082031,3.015625,-1,161.010726,24.460493
2025-08-10T14:10:48.755023,22519,3.035156,3.082031,3.019531,-1,161.132796,24.460493
2025-08-10T14:10:49.612092,22520,3.039062,3.082031,3.015625,-1,161.010726,24.45104
2025-08-10T14:10:50.473639,22521,3.039062,3.078125,3.015625,-1,161.010726,24.45104
2025-08-10T14:10:51.344430,22522,3.042969,3.085938,3.0117190000000003,-1,161.132796,24.45104
2025-08-10T14:10:52.863729,22523,3.042969,3.074219,3.007812,-1,161.193831,24.460493
2025-08-10T14:10:53.793633,22524,3.042969,3.089844,3.015625,-1,161.010726,24.469946
2025-08-10T14:10:54.700181,22525,3.039062,3.082031,3.019531,-1,161.010726,24.469946
2025-08-10T14:10:55.620817,22526,3.039062,3.085938,3.019531,-1,161.132796,24.460493
2025-08-10T14:10:57.219773,22527,3.042969,3.082031,3.015625,-1,161.132796,24.45104
2025-08-10T14:10:58.253249,22528,3.042969,3.078125,3.0117190000000003,-1,161.132796,24.45104
2025-08-10T14:10:59.171064,22529,3.039062,3.082031,3.0273440000000003,-1,161.010726,24.45104
2025-08-10T14:11:00.050453,22530,3.039062,3.085938,3.0117190000000003,-1,160.949691,24.460493
2025-08-10T14:11:00.945226,22531,3.042969,3.082031,3.015625,-1,160.888655,24.45104
2025-08-10T14:11:01.886495,22532,3.039062,3.082031,3.0117190000000003,-1,160.949691,24.45104
2025-08-10T14:11:02.779366,22533,3.042969,3.085938,3.019531,-1,160.949691,24.441588
2025-08-10T14:11:03.714513,22534,3.035156,3.078125,3.015625,-1,161.132796,24.441588
2025-08-10T14:11:04.617222,22535,3.046875,3.082031,3.007812,-1,161.071761,24.432136
2025-08-10T14:11:05.592304,22536,3.042969,3.085938,3.015625,-1,161.132796,24.422684
2025-08-10T14:11:06.670001,22537,3.039062,3.085938,3.0117190000000003,-1,161.071761,24.422684
2025-08-10T14:11:08.510204,22538,3.035156,3.085938,3.015625,-1,160.949691,24.422684
2025-08-10T14:11:09.401729,22539,3.039062,3.085938,3.015625,-1,160.949691,24.441588
2025-08-10T14:11:10.293726,22540,3.039062,3.082031,3.0117190000000003,-1,160.949691,24.460493
2025-08-10T14:11:11.246079,22541,3.039062,3.085938,3.0117190000000003,-1,161.132796,24.469946
2025-08-10T14:11:12.225532,22542,3.039062,3.085938,3.015625,-1,161.132796,24.460493
2025-08-10T14:11:13.164530,22543,3.042969,3.082031,3.015625,-1,161.071761,24.460493
2025-08-10T14:11:14.209211,22544,3.039062,3.082031,3.0117190000000003,-1,161.071761,24.469946
2025-08-10T14:11:15.192234,22545,3.042969,3.085938,3.019531,-1,161.010726,24.479399
2025-08-10T14:11:16.171219,22546,3.039062,3.082031,3.015625,-1,161.132796,24.469946
2025-08-10T14:11:17.251233,22547,3.039062,3.082031,3.015625,-1,160.949691,24.460493
2025-08-10T14:11:18.239236,22548,3.039062,3.082031,3.0117190000000003,-1,161.132796,24.460493
2025-08-10T14:11:19.157231,22549,3.039062,3.085938,3.015625,-1,161.071761,24.45104
2025-08-10T14:11:20.122214,22550,3.046875,3.082031,3.0117190000000003,-1,161.010726,24.441588
2025-08-10T14:11:21.011185,22551,3.039062,3.082031,3.0117190000000003,-1,161.071761,24.432136
2025-08-10T14:11:21.975151,22552,3.035156,3.082031,3.015625,-1,161.132796,24.432136
2025-08-10T14:11:23.531686,22553,3.039062,3.085938,3.007812,-1,161.010726,24.413233
2025-08-10T14:11:24.499686,22554,3.042969,3.089844,3.0117190000000003,-1,161.010726,24.422684
2025-08-10T14:11:25.430692,22555,3.039062,3.082031,3.0117190000000003,-1,161.132796,24.422684
2025-08-10T14:11:26.315693,22556,3.039062,3.085938,3.015625,-1,161.071761,24.422684
2025-08-10T14:11:27.193685,22557,3.039062,3.082031,3.015625,-1,161.132796,24.422684
2025-08-10T14:11:28.100687,22558,3.042969,3.082031,3.015625,-1,161.071761,24.422684
2025-08-10T14:11:29.024689,22559,3.039062,3.082031,3.019531,-1,161.071761,24.432136
2025-08-10T14:11:29.922689,22560,3.039062,3.082031,3.0117190000000003,-1,161.071761,24.432136
2025-08-10T14:11:30.893683,22561,3.039062,3.085938,3.019531,-1,160.949691,24.432136
2025-08-10T14:11:31.788687,22562,3.039062,3.082031,3.015625,-1,161.010726,24.441588
2025-08-10T14:11:32.736685,22563,3.042969,3.082031,3.0,-1,161.071761,24.45104
2025-08-10T14:11:33.639686,22564,3.042969,3.082031,3.019531,-1,161.193831,24.45104
2025-08-10T14:11:34.509686,22565,3.035156,3.082031,3.003906,-1,161.132796,24.45104
2025-08-10T14:11:35.435688,22566,3.042969,3.085938,3.015625,-1,160.949691,24.45104
2025-08-10T14:11:36.349688,22567,3.042969,3.082031,3.007812,-1,161.010726,24.469946
2025-08-10T14:11:37.292693,22568,3.039062,3.082031,3.007812,-1,161.132796,24.469946
2025-08-10T14:11:39.104152,22569,3.042969,3.085938,3.0117190000000003,-1,161.010726,24.479399
2025-08-10T14:11:40.045789,22570,3.039062,3.085938,3.007812,-1,161.132796,24.479399
2025-08-10T14:11:40.959784,22571,3.042969,3.085938,3.0117190000000003,-1,160.949691,24.479399
2025-08-10T14:11:41.899786,22572,3.039062,3.085938,3.019531,-1,161.193831,24.488853
2025-08-10T14:11:43.014798,22573,3.042969,3.082031,3.007812,-1,161.071761,24.488853
2025-08-10T14:11:43.991787,22574,3.035156,3.089844,3.007812,-1,161.010726,24.469946
2025-08-10T14:11:44.952308,22575,3.039062,3.082031,3.007812,-1,161.193831,24.460493
2025-08-10T14:11:45.913310,22576,3.039062,3.082031,3.0117190000000003,-1,161.132796,24.469946
2025-08-10T14:11:46.976990,22577,3.039062,3.082031,3.0117190000000003,-1,161.071761,24.469946
2025-08-10T14:11:47.978298,22578,3.039062,3.082031,3.0117190000000003,-1,160.949691,24.469946
2025-08-10T14:11:48.958575,22579,3.042969,3.085938,3.015625,-1,161.010726,24.479399
2025-08-10T14:11:49.900614,22580,3.035156,3.078125,3.019531,-1,161.071761,24.469946
2025-08-10T14:11:50.928501,22581,3.042969,3.082031,3.0117190000000003,-1,160.949691,24.469946
2025-08-10T14:11:52.440411,22582,3.039062,3.085938,3.015625,-1,161.132796,24.479399
2025-08-10T14:11:53.995984,22583,3.039062,3.082031,3.019531,-1,160.949691,24.469946
2025-08-10T14:11:54.952475,22584,3.042969,3.082031,3.023438,-1,160.949691,24.469946
2025-08-10T14:11:55.855426,22585,3.039062,3.085938,3.019531,-1,161.071761,24.479399
2025-08-10T14:11:56.812136,22586,3.042969,3.085938,3.0117190000000003,-1,161.071761,24.479399
2025-08-10T14:11:57.895308,22587,3.039062,3.082031,3.0117190000000003,-1,161.010726,24.460493
2025-08-10T14:11:58.920011,22588,3.03125,3.085938,3.019531,-1,160.949691,24.460493
2025-08-10T14:12:00.454212,22589,3.035156,3.082031,3.023438,-1,161.010726,24.45104
2025-08-10T14:12:01.374829,22590,3.042969,3.082031,3.007812,-1,161.132796,24.479399
2025-08-10T14:12:02.337686,22591,3.039062,3.085938,3.015625,-1,160.949691,24.479399
2025-08-10T14:12:03.274065,22592,3.039062,3.089844,3.007812,-1,160.949691,24.469946
2025-08-10T14:12:04.212814,22593,3.035156,3.085938,3.0117190000000003,-1,161.010726,24.460493
2025-08-10T14:12:05.106440,22594,3.039062,3.085938,3.0117190000000003,-1,161.071761,24.460493
2025-08-10T14:12:06.068180,22595,3.042969,3.085938,3.0117190000000003,-1,160.949691,24.441588
2025-08-10T14:12:07.015008,22596,3.035156,3.082031,3.019531,-1,161.132796,24.403782
2025-08-10T14:12:07.899527,22597,3.042969,3.082031,3.015625,-1,161.071761,24.394331
2025-08-10T14:12:09.595210,22598,3.039062,3.089844,3.0117190000000003,-1,161.010726,24.422684
2025-08-10T14:12:10.508121,22599,3.039062,3.085938,3.0117190000000003,-1,161.010726,24.422684
2025-08-10T14:12:11.406421,22600,3.039062,3.082031,3.019531,-1,160.949691,24.441588
2025-08-10T14:12:12.305395,22601,3.039062,3.082031,3.007812,-1,161.010726,24.441588
2025-08-10T14:12:13.233493,22602,3.042969,3.082031,3.015625,-1,161.132796,24.45104
2025-08-10T14:12:14.138002,22603,3.039062,3.085938,3.015625,-1,161.132796,24.45104
2025-08-10T14:12:15.051928,22604,3.039062,3.085938,3.0117190000000003,-1,160.888655,24.45104
2025-08-10T14:12:16.003187,22605,3.039062,3.085938,3.019531,-1,161.132796,24.460493
2025-08-10T14:12:16.995468,22606,3.042969,3.085938,3.015625,-1,161.071761,24.469946
2025-08-10T14:12:17.973137,22607,3.035156,3.085938,3.015625,-1,161.010726,24.469946
2025-08-10T14:12:18.832265,22608,3.039062,3.078125,3.0117190000000003,-1,160.888655,24.469946
2025-08-10T14:12:19.718549,22609,3.042969,3.082031,3.0117190000000003,-1,161.132796,24.479399
2025-08-10T14:12:20.659843,22610,3.042969,3.082031,3.0117190000000003,-1,161.010726,24.479399
2025-08-10T14:12:21.571340,22611,3.042969,3.085938,3.015625,-1,160.949691,24.469946
2025-08-10T14:12:22.519540,22612,3.039062,3.082031,3.019531,-1,161.132796,24.479399
2025-08-10T14:12:24.116200,22613,3.042969,3.082031,3.015625,-1,160.888655,24.469946
2025-08-10T14:12:25.082221,22614,3.039062,3.085938,3.015625,-1,160.949691,24.441588
2025-08-10T14:12:26.016444,22615,3.042969,3.082031,3.0117190000000003,-1,161.010726,24.45104
2025-08-10T14:12:26.913605,22616,3.035156,3.082031,3.023438,-1,161.071761,24.45104
2025-08-10T14:12:27.806870,22617,3.039062,3.085938,3.019531,-1,161.071761,24.460493
2025-08-10T14:12:28.713082,22618,3.042969,3.085938,3.015625,-1,160.888655,24.441588
2025-08-10T14:12:29.635667,22619,3.042969,3.085938,3.0117190000000003,-1,160.888655,24.441588
2025-08-10T14:12:30.618499,22620,3.042969,3.085938,3.0117190000000003,-1,161.010726,24.441588
2025-08-10T14:12:31.562133,22621,3.039062,3.082031,3.023438,-1,161.071761,24.441588
2025-08-10T14:12:32.500544,22622,3.042969,3.082031,3.0117190000000003,-1,160.888655,24.45104
2025-08-10T14:12:33.430612,22623,3.039062,3.082031,3.007812,-1,160.949691,24.441588
2025-08-10T14:12:34.363138,22624,3.042969,3.082031,3.015625,-1,161.071761,24.432136
2025-08-10T14:12:35.281571,22625,3.039062,3.085938,3.019531,-1,161.010726,24.45104
2025-08-10T14:12:36.205022,22626,3.039062,3.082031,3.0117190000000003,-1,160.949691,24.45104
2025-08-10T14:12:37.083039,22627,3.039062,3.082031,3.015625,-1,161.010726,24.432136
2025-08-10T14:12:38.012062,22628,3.039062,3.082031,3.007812,-1,160.949691,24.441588
2025-08-10T14:12:39.690683,22629,3.042969,3.085938,3.007812,-1,160.888655,24.422684
2025-08-10T14:12:40.699293,22630,3.039062,3.082031,3.007812,-1,161.010726,24.403782
2025-08-10T14:12:41.631290,22631,3.039062,3.085938,3.0117190000000003,-1,161.071761,24.403782
2025-08-10T14:12:42.516291,22632,3.042969,3.082031,3.0117190000000003,-1,160.949691,24.413233
2025-08-10T14:12:43.473947,22633,3.035156,3.082031,3.007812,-1,160.949691,24.422684
2025-08-10T14:12:44.383898,22634,3.035156,3.085938,3.015625,-1,160.949691,24.432136
2025-08-10T14:12:45.292625,22635,3.039062,3.082031,3.0117190000000003,-1,160.949691,24.432136
2025-08-10T14:12:46.203249,22636,3.042969,3.085938,3.015625,-1,160.888655,24.432136
2025-08-10T14:12:47.130983,22637,3.039062,3.085938,3.023438,-1,160.82762,24.422684
2025-08-10T14:12:48.110876,22638,3.035156,3.085938,3.015625,-1,160.949691,24.422684
2025-08-10T14:12:49.018108,22639,3.039062,3.082031,3.0117190000000003,-1,161.071761,24.422684
2025-08-10T14:12:49.925213,22640,3.042969,3.082031,3.015625,-1,160.888655,24.422684
2025-08-10T14:12:50.831090,22641,3.042969,3.082031,3.019531,-1,160.949691,24.413233
2025-08-10T14:12:51.751524,22642,3.046875,3.085938,3.015625,-1,160.82762,24.394331
2025-08-10T14:12:52.689919,22643,3.035156,3.085938,3.015625,-1,160.888655,24.403782
2025-08-10T14:12:53.645491,22644,3.03125,3.089844,3.007812,-1,161.010726,24.403782
2025-08-10T14:12:55.194834,22645,3.039062,3.089844,3.0117190000000003,-1,161.010726,24.394331
2025-08-10T14:12:56.140355,22646,3.042969,3.082031,3.0117190000000003,-1,161.010726,24.394331
2025-08-10T14:12:57.059345,22647,3.042969,3.082031,3.015625,-1,161.010726,24.384881
2025-08-10T14:12:58.104852,22648,3.039062,3.082031,3.0117190000000003,-1,161.010726,24.384881
2025-08-10T14:12:59.013239,22649,3.039062,3.085938,3.019531,-1,161.071761,24.394331
2025-08-10T14:12:59.952722,22650,3.042969,3.078125,3.015625,-1,161.071761,24.403782
2025-08-10T14:13:00.965533,22651,3.039062,3.078125,3.015625,-1,161.071761,24.413233
2025-08-10T14:13:01.908368,22652,3.042969,3.085938,3.015625,-1,160.82762,24.422684
2025-08-10T14:13:02.875722,22653,3.039062,3.082031,3.015625,-1,161.010726,24.422684
2025-08-10T14:13:03.772863,22654,3.042969,3.085938,3.007812,-1,161.010726,24.413233
2025-08-10T14:13:04.676753,22655,3.039062,3.082031,3.0117190000000003,-1,161.010726,24.422684
2025-08-10T14:13:05.628719,22656,3.039062,3.085938,3.0117190000000003,-1,161.010726,24.422684
2025-08-10T14:13:06.553318,22657,3.039062,3.082031,3.0117190000000003,-1,160.82762,24.422684
2025-08-10T14:13:07.439769,22658,3.039062,3.085938,3.015625,-1,161.010726,24.432136
2025-08-10T14:13:08.326467,22659,3.039062,3.085938,3.0117190000000003,-1,161.071761,24.441588
2025-08-10T14:13:09.744129,22660,3.039062,3.082031,3.015625,-1,160.82762,24.432136
2025-08-10T14:13:10.981348,22661,3.042969,3.082031,3.0117190000000003,-1,161.071761,24.422684
2025-08-10T14:13:11.849373,22662,3.039062,3.078125,3.0117190000000003,-1,161.010726,24.432136
2025-08-10T14:13:12.788887,22663,3.039062,3.085938,3.015625,-1,160.888655,24.394331
2025-08-10T14:13:13.638557,22664,3.039062,3.085938,3.007812,-1,161.010726,24.384881
2025-08-10T14:13:14.511671,22665,3.042969,3.085938,3.0117190000000003,-1,161.071761,24.375431
2025-08-10T14:13:15.384025,22666,3.042969,3.078125,3.0117190000000003,-1,160.888655,24.356532
2025-08-10T14:13:16.240025,22667,3.042969,3.085938,3.019531,-1,160.888655,24.337633
2025-08-10T14:13:17.113703,22668,3.035156,3.085938,3.007812,-1,161.071761,24.337633
2025-08-10T14:13:17.987685,22669,3.039062,3.082031,3.015625,-1,160.888655,24.347082
2025-08-10T14:13:18.894101,22670,3.042969,3.089844,3.019531,-1,161.071761,24.356532
2025-08-10T14:13:19.760794,22671,3.039062,3.082031,3.015625,-1,160.888655,24.365981
2025-08-10T14:13:20.668655,22672,3.042969,3.085938,3.0117190000000003,-1,160.82762,24.384881
2025-08-10T14:13:21.531942,22673,3.039062,3.082031,3.0117190000000003,-1,160.888655,24.384881
2025-08-10T14:13:22.449724,22674,3.039062,3.085938,3.007812,-1,161.010726,24.384881
2025-08-10T14:13:23.356273,22675,3.035156,3.082031,3.015625,-1,160.888655,24.384881
2025-08-10T14:13:24.229090,22676,3.039062,3.082031,3.015625,-1,160.949691,24.384881
2025-08-10T14:13:25.889797,22677,3.039062,3.078125,3.015625,-1,160.949691,24.394331
2025-08-10T14:13:26.780400,22678,3.035156,3.085938,3.007812,-1,160.949691,24.384881
2025-08-10T14:13:27.708155,22679,3.039062,3.085938,3.0117190000000003,-1,160.888655,24.394331
2025-08-10T14:13:28.616715,22680,3.039062,3.085938,3.019531,-1,160.888655,24.384881
2025-08-10T14:13:29.483243,22681,3.039062,3.089844,3.0117190000000003,-1,160.82762,24.384881
2025-08-10T14:13:30.349565,22682,3.039062,3.085938,3.015625,-1,160.949691,24.394331
2025-08-10T14:13:31.225371,22683,3.039062,3.085938,3.015625,-1,160.888655,24.375431
2025-08-10T14:13:32.109061,22684,3.039062,3.085938,3.015625,-1,161.071761,24.394331
2025-08-10T14:13:32.995174,22685,3.042969,3.085938,3.007812,-1,160.888655,24.394331
2025-08-10T14:13:33.857174,22686,3.039062,3.085938,3.007812,-1,160.766585,24.394331
2025-08-10T14:13:34.745976,22687,3.039062,3.085938,3.015625,-1,160.70555,24.394331
2025-08-10T14:13:35.603891,22688,3.039062,3.085938,3.015625,-1,160.82762,24.394331
2025-08-10T14:13:36.499503,22689,3.039062,3.082031,3.0117190000000003,-1,160.70555,24.403782
2025-08-10T14:13:37.379588,22690,3.039062,3.082031,3.019531,-1,160.644515,24.394331
2025-08-10T14:13:38.777337,22691,3.039062,3.085938,3.015625,-1,160.58348,24.394331
2025-08-10T14:13:39.960017,22692,3.039062,3.078125,3.019531,-1,160.70555,24.365981
2025-08-10T14:13:41.455464,22693,3.039062,3.082031,3.015625,-1,160.888655,24.365981
2025-08-10T14:13:42.315887,22694,3.039062,3.082031,3.015625,-1,160.82762,24.365981
2025-08-10T14:13:43.241079,22695,3.039062,3.085938,3.023438,-1,161.010726,24.356532
2025-08-10T14:13:44.115853,22696,3.039062,3.085938,3.015625,-1,160.949691,24.328185
2025-08-10T14:13:44.970459,22697,3.042969,3.082031,3.019531,-1,160.888655,24.328185
2025-08-10T14:13:45.845323,22698,3.042969,3.085938,3.015625,-1,161.010726,24.337633
2025-08-10T14:13:46.733086,22699,3.046875,3.085938,3.0117190000000003,-1,161.010726,24.347082
2025-08-10T14:13:47.596067,22700,3.042969,3.085938,3.019531,-1,160.766585,24.356532
2025-08-10T14:13:48.487887,22701,3.039062,3.085938,3.019531,-1,160.949691,24.365981
2025-08-10T14:13:49.344213,22702,3.039062,3.085938,3.015625,-1,160.82762,24.384881
2025-08-10T14:13:50.250947,22703,3.035156,3.082031,3.015625,-1,160.949691,24.375431
2025-08-10T14:13:51.126444,22704,3.039062,3.078125,3.0117190000000003,-1,160.766585,24.375431
2025-08-10T14:13:52.024262,22705,3.039062,3.085938,3.0117190000000003,-1,160.949691,24.375431
2025-08-10T14:13:52.885767,22706,3.039062,3.082031,3.0117190000000003,-1,160.949691,24.375431
2025-08-10T14:13:53.814798,22707,3.039062,3.085938,3.015625,-1,160.82762,24.384881
2025-08-10T14:13:54.686975,22708,3.039062,3.085938,3.015625,-1,160.949691,24.394331
2025-08-10T14:13:56.138548,22709,3.035156,3.085938,3.007812,-1,160.82762,24.394331
2025-08-10T14:13:57.117754,22710,3.042969,3.082031,3.007812,-1,160.888655,24.384881
2025-08-10T14:13:58.067766,22711,3.042969,3.085938,3.007812,-1,161.010726,24.394331
2025-08-10T14:13:58.945981,22712,3.035156,3.085938,3.019531,-1,160.949691,24.394331
2025-08-10T14:13:59.828655,22713,3.039062,3.082031,3.0117190000000003,-1,160.82762,24.403782
2025-08-10T14:14:00.711614,22714,3.039062,3.085938,3.007812,-1,160.82762,24.394331
2025-08-10T14:14:01.591656,22715,3.042969,3.085938,3.0117190000000003,-1,160.82762,24.384881
2025-08-10T14:14:02.471275,22716,3.039062,3.085938,3.0117190000000003,-1,160.82762,24.375431
2025-08-10T14:14:03.329602,22717,3.042969,3.085938,3.0117190000000003,-1,160.82762,24.365981
2025-08-10T14:14:04.210739,22718,3.039062,3.085938,3.019531,-1,160.949691,24.365981
2025-08-10T14:14:05.094882,22719,3.042969,3.085938,3.015625,-1,160.82762,24.347082
2025-08-10T14:14:05.986473,22720,3.046875,3.082031,3.0117190000000003,-1,160.949691,24.337633
2025-08-10T14:14:06.847386,22721,3.039062,3.082031,3.007812,-1,160.766585,24.347082
2025-08-10T14:14:07.727144,22722,3.035156,3.082031,3.0117190000000003,-1,160.82762,24.337633
2025-08-10T14:14:08.591930,22723,3.039062,3.085938,3.007812,-1,160.949691,24.337633
2025-08-10T14:14:09.459934,22724,3.039062,3.085938,3.0117190000000003,-1,160.766585,24.347082
2025-08-10T14:14:10.909112,22725,3.039062,3.085938,3.0117190000000003,-1,160.766585,24.347082
2025-08-10T14:14:12.115086,22726,3.039062,3.085938,3.015625,-1,160.949691,24.337633
2025-08-10T14:14:12.992364,22727,3.042969,3.082031,3.015625,-1,160.949691,24.337633
2025-08-10T14:14:13.861388,22728,3.042969,3.082031,3.0117190000000003,-1,161.010726,24.337633
2025-08-10T14:14:14.748173,22729,3.035156,3.082031,3.0117190000000003,-1,160.766585,24.318737
2025-08-10T14:14:15.630622,22730,3.042969,3.082031,3.0117190000000003,-1,160.82762,24.309288
2025-08-10T14:14:16.500622,22731,3.042969,3.085938,3.0117190000000003,-1,160.82762,24.318737
2025-08-10T14:14:17.399333,22732,3.039062,3.085938,3.015625,-1,160.949691,24.318737
2025-08-10T14:14:18.295117,22733,3.035156,3.082031,3.015625,-1,160.82762,24.328185
2025-08-10T14:14:19.170234,22734,3.039062,3.085938,3.015625,-1,161.010726,24.328185
2025-08-10T14:14:20.030727,22735,3.042969,3.082031,3.015625,-1,160.949691,24.337633
2025-08-10T14:14:20.922324,22736,3.039062,3.085938,3.007812,-1,160.82762,24.337633
2025-08-10T14:14:21.798719,22737,3.039062,3.085938,3.0117190000000003,-1,160.82762,24.347082
2025-08-10T14:14:22.686288,22738,3.039062,3.078125,3.0117190000000003,-1,160.82762,24.347082
2025-08-10T14:14:23.554595,22739,3.039062,3.085938,3.015625,-1,160.949691,24.356532
2025-08-10T14:14:24.420195,22740,3.035156,3.085938,3.019531,-1,160.949691,24.365981
2025-08-10T14:14:25.359131,22741,3.039062,3.085938,3.015625,-1,160.888655,24.365981
2025-08-10T14:14:27.327930,22742,3.035156,3.085938,3.0117190000000003,-1,161.010726,24.375431
2025-08-10T14:14:28.666990,22743,3.035156,3.082031,3.0117190000000003,-1,161.010726,24.384881
2025-08-10T14:14:29.549955,22744,3.035156,3.085938,3.019531,-1,161.010726,24.394331
2025-08-10T14:14:30.419437,22745,3.039062,3.085938,3.0117190000000003,-1,161.010726,24.403782
2025-08-10T14:14:31.284983,22746,3.042969,3.085938,3.0117190000000003,-1,160.949691,24.403782
2025-08-10T14:14:32.185513,22747,3.042969,3.085938,3.0117190000000003,-1,161.071761,24.413233
2025-08-10T14:14:33.052788,22748,3.042969,3.085938,3.015625,-1,161.071761,24.413233
2025-08-10T14:14:33.947780,22749,3.035156,3.085938,3.0117190000000003,-1,160.82762,24.413233
2025-08-10T14:14:34.810287,22750,3.046875,3.085938,3.0117190000000003,-1,161.010726,24.413233
2025-08-10T14:14:35.705277,22751,3.03125,3.082031,3.023438,-1,160.949691,24.403782
2025-08-10T14:14:36.606974,22752,3.039062,3.085938,3.0117190000000003,-1,160.82762,24.403782
2025-08-10T14:14:37.563105,22753,3.039062,3.078125,3.0117190000000003,-1,160.949691,24.384881
2025-08-10T14:14:38.450140,22754,3.039062,3.085938,3.0117190000000003,-1,160.82762,24.394331
2025-08-10T14:14:39.339581,22755,3.039062,3.085938,3.007812,-1,160.949691,24.394331
2025-08-10T14:14:40.699470,22756,3.042969,3.085938,3.019531,-1,160.82762,24.394331
2025-08-10T14:14:42.439622,22757,3.039062,3.085938,3.023438,-1,160.888655,24.394331
2025-08-10T14:14:43.330064,22758,3.03125,3.085938,3.0117190000000003,-1,160.82762,24.394331
2025-08-10T14:14:44.245480,22759,3.042969,3.078125,3.019531,-1,160.766585,24.394331
2025-08-10T14:14:45.129217,22760,3.039062,3.082031,3.007812,-1,160.82762,24.375431
2025-08-10T14:14:46.013598,22761,3.039062,3.085938,3.0117190000000003,-1,160.82762,24.356532
2025-08-10T14:14:46.899396,22762,3.042969,3.085938,3.015625,-1,160.949691,24.356532
2025-08-10T14:14:47.814397,22763,3.039062,3.082031,3.023438,-1,160.82762,24.337633
2025-08-10T14:14:48.712622,22764,3.042969,3.085938,3.0117190000000003,-1,160.82762,24.328185
2025-08-10T14:14:49.588445,22765,3.035156,3.085938,3.023438,-1,160.82762,24.309288
2025-08-10T14:14:50.512609,22766,3.042969,3.089844,3.015625,-1,160.888655,24.318737
2025-08-10T14:14:51.434931,22767,3.042969,3.078125,3.015625,-1,160.949691,24.318737
2025-08-10T14:14:52.361669,22768,3.042969,3.078125,3.015625,-1,160.888655,24.328185
2025-08-10T14:14:53.386666,22769,3.039062,3.082031,3.007812,-1,160.888655,24.337633
2025-08-10T14:14:54.289330,22770,3.039062,3.085938,3.019531,-1,160.82762,24.347082
2025-08-10T14:14:55.256874,22771,3.039062,3.082031,3.0117190000000003,-1,160.82762,24.356532
2025-08-10T14:14:56.171570,22772,3.039062,3.082031,3.0117190000000003,-1,160.82762,24.365981
2025-08-10T14:14:57.951018,22773,3.042969,3.082031,3.019531,-1,160.949691,24.384881
2025-08-10T14:14:58.858995,22774,3.039062,3.085938,3.019531,-1,161.010726,24.394331
2025-08-10T14:14:59.765955,22775,3.039062,3.082031,3.015625,-1,160.888655,24.394331
2025-08-10T14:15:00.653078,22776,3.042969,3.082031,3.015625,-1,160.82762,24.375431
2025-08-10T14:15:01.564337,22777,3.035156,3.085938,3.0117190000000003,-1,160.949691,24.337633
2025-08-10T14:15:02.460027,22778,3.039062,3.085938,3.0117190000000003,-1,160.949691,24.318737
2025-08-10T14:15:03.365373,22779,3.039062,3.078125,3.019531,-1,160.766585,24.309288
2025-08-10T14:15:04.260024,22780,3.042969,3.085938,3.0117190000000003,-1,160.949691,24.318737
2025-08-10T14:15:05.160469,22781,3.035156,3.082031,3.007812,-1,160.888655,24.328185
2025-08-10T14:15:06.108029,22782,3.039062,3.085938,3.015625,-1,160.949691,24.347082
2025-08-10T14:15:06.951009,22783,3.039062,3.085938,3.015625,-1,160.888655,24.356532
2025-08-10T14:15:07.880487,22784,3.042969,3.085938,3.0117190000000003,-1,160.949691,24.365981
2025-08-10T14:15:08.743269,22785,3.042969,3.085938,3.015625,-1,160.766585,24.375431
2025-08-10T14:15:09.611539,22786,3.039062,3.082031,3.015625,-1,160.888655,24.356532
2025-08-10T14:15:10.498716,22787,3.039062,3.082031,3.019531,-1,160.82762,24.337633
2025-08-10T14:15:11.498846,22788,3.039062,3.089844,3.0117190000000003,-1,160.766585,24.347082
2025-08-10T14:15:13.053987,22789,3.042969,3.082031,3.003906,-1,160.949691,24.356532
2025-08-10T14:15:13.983429,22790,3.039062,3.085938,3.015625,-1,160.766585,24.365981
2025-08-10T14:15:14.885076,22791,3.042969,3.082031,3.019531,-1,160.949691,24.375431
2025-08-10T14:15:15.781826,22792,3.039062,3.085938,3.019531,-1,160.949691,24.375431
2025-08-10T14:15:16.663979,22793,3.039062,3.085938,3.015625,-1,160.949691,24.375431
2025-08-10T14:15:17.580307,22794,3.039062,3.082031,3.0117190000000003,-1,160.888655,24.375431
2025-08-10T14:15:18.545788,22795,3.039062,3.085938,3.0117190000000003,-1,160.82762,24.384881
2025-08-10T14:15:19.434912,22796,3.042969,3.085938,3.019531,-1,160.766585,24.384881
2025-08-10T14:15:20.375673,22797,3.042969,3.082031,3.0117190000000003,-1,160.82762,24.375431
2025-08-10T14:15:21.281346,22798,3.039062,3.085938,3.0117190000000003,-1,160.82762,24.347082
2025-08-10T14:15:22.178565,22799,3.042969,3.085938,3.019531,-1,160.949691,24.347082
2025-08-10T14:15:23.089571,22800,3.039062,3.082031,3.015625,-1,160.766585,24.337633
2025-08-10T14:15:23.980965,22801,3.039062,3.082031,3.015625,-1,160.766585,24.328185
2025-08-10T14:15:24.882308,22802,3.039062,3.082031,3.023438,-1,160.766585,24.328185
2025-08-10T14:15:25.765329,22803,3.039062,3.082031,3.007812,-1,160.888655,24.318737
2025-08-10T14:15:26.652049,22804,3.042969,3.082031,3.015625,-1,160.888655,24.318737
2025-08-10T14:15:28.285883,22805,3.035156,3.082031,3.019531,-1,160.82762,24.328185
2025-08-10T14:15:29.260437,22806,3.035156,3.085938,3.0117190000000003,-1,160.70555,24.328185
2025-08-10T14:15:30.212794,22807,3.039062,3.085938,3.019531,-1,160.888655,24.328185
2025-08-10T14:15:31.177068,22808,3.039062,3.082031,3.015625,-1,160.766585,24.328185
2025-08-10T14:15:32.070683,22809,3.042969,3.085938,3.015625,-1,160.888655,24.328185
2025-08-10T14:15:33.015186,22810,3.039062,3.085938,3.0117190000000003,-1,160.949691,24.318737
2025-08-10T14:15:33.915371,22811,3.039062,3.082031,3.003906,-1,160.766585,24.318737
2025-08-10T14:15:34.776749,22812,3.035156,3.082031,3.019531,-1,160.888655,24.309288
2025-08-10T14:15:35.650470,22813,3.039062,3.085938,3.019531,-1,160.888655,24.318737
2025-08-10T14:15:36.558189,22814,3.039062,3.082031,3.015625,-1,160.82762,24.318737
2025-08-10T14:15:37.447979,22815,3.039062,3.085938,3.019531,-1,160.82762,24.309288
2025-08-10T14:15:38.382261,22816,3.039062,3.078125,3.0117190000000003,-1,160.766585,24.290393
2025-08-10T14:15:39.311475,22817,3.039062,3.082031,3.019531,-1,160.888655,24.252606
2025-08-10T14:15:40.161069,22818,3.042969,3.085938,3.0117190000000003,-1,160.766585,24.224268
2025-08-10T14:15:41.022091,22819,3.039062,3.078125,3.0117190000000003,-1,160.888655,24.224268
2025-08-10T14:15:41.911068,22820,3.039062,3.085938,3.015625,-1,160.888655,24.243159
2025-08-10T14:15:43.332753,22821,3.042969,3.085938,3.015625,-1,160.82762,24.262052
2025-08-10T14:15:44.219179,22822,3.039062,3.085938,3.015625,-1,160.949691,24.262052
2025-08-10T14:15:45.133277,22823,3.035156,3.082031,3.015625,-1,160.766585,24.262052
2025-08-10T14:15:46.002123,22824,3.042969,3.082031,3.015625,-1,160.766585,24.271499
2025-08-10T14:15:47.495402,22825,3.039062,3.085938,3.015625,-1,160.82762,24.280946
2025-08-10T14:15:48.378620,22826,3.039062,3.085938,3.007812,-1,160.766585,24.299841
2025-08-10T14:15:49.253392,22827,3.042969,3.082031,3.015625,-1,160.949691,24.309288
2025-08-10T14:15:50.118906,22828,3.039062,3.082031,3.015625,-1,160.766585,24.309288
2025-08-10T14:15:51.002859,22829,3.039062,3.085938,3.0117190000000003,-1,160.766585,24.309288
2025-08-10T14:15:51.895480,22830,3.035156,3.085938,3.0117190000000003,-1,160.888655,24.328185
2025-08-10T14:15:52.814166,22831,3.046875,3.082031,3.0273440000000003,-1,160.888655,24.328185
2025-08-10T14:15:53.706830,22832,3.042969,3.078125,3.0117190000000003,-1,160.766585,24.347082
2025-08-10T14:15:54.599822,22833,3.042969,3.085938,3.007812,-1,160.82762,24.347082
2025-08-10T14:15:55.492860,22834,3.039062,3.078125,3.015625,-1,160.70555,24.337633
2025-08-10T14:15:56.831110,22835,3.039062,3.085938,3.015625,-1,160.949691,24.337633
2025-08-10T14:15:58.605441,22836,3.039062,3.082031,3.0117190000000003,-1,160.888655,24.328185
2025-08-10T14:15:59.661305,22837,3.042969,3.089844,3.0117190000000003,-1,160.888655,24.309288
2025-08-10T14:16:00.638866,22838,3.035156,3.082031,3.015625,-1,160.766585,24.318737
2025-08-10T14:16:01.621282,22839,3.039062,3.082031,3.0117190000000003,-1,160.888655,24.328185
2025-08-10T14:16:02.567948,22840,3.039062,3.078125,3.0117190000000003,-1,160.888655,24.318737
2025-08-10T14:16:03.465218,22841,3.039062,3.082031,3.023438,-1,160.82762,24.318737
2025-08-10T14:16:04.339370,22842,3.039062,3.085938,3.0117190000000003,-1,160.888655,24.318737
2025-08-10T14:16:05.247283,22843,3.039062,3.085938,3.015625,-1,160.82762,24.328185
2025-08-10T14:16:06.119684,22844,3.035156,3.089844,3.015625,-1,160.888655,24.328185
2025-08-10T14:16:07.000987,22845,3.039062,3.085938,3.015625,-1,160.949691,24.328185
2025-08-10T14:16:07.869233,22846,3.039062,3.082031,3.007812,-1,160.82762,24.337633
2025-08-10T14:16:08.748699,22847,3.035156,3.078125,3.0117190000000003,-1,160.766585,24.328185
2025-08-10T14:16:09.645681,22848,3.042969,3.085938,3.019531,-1,160.766585,24.318737
2025-08-10T14:16:10.494302,22849,3.042969,3.085938,3.015625,-1,160.70555,24.328185
2025-08-10T14:16:11.413501,22850,3.042969,3.085938,3.0117190000000003,-1,160.766585,24.337633
2025-08-10T14:16:12.364547,22851,3.039062,3.082031,3.015625,-1,160.766585,24.347082
2025-08-10T14:16:13.830233,22852,3.039062,3.082031,3.019531,-1,160.82762,24.347082
2025-08-10T14:16:14.712492,22853,3.042969,3.085938,3.015625,-1,160.766585,24.347082
2025-08-10T14:16:15.589020,22854,3.035156,3.085938,3.007812,-1,160.82762,24.347082
2025-08-10T14:16:16.461379,22855,3.039062,3.078125,3.015625,-1,160.949691,24.328185
2025-08-10T14:16:17.356742,22856,3.042969,3.082031,3.0117190000000003,-1,161.010726,24.337633
2025-08-10T14:16:18.243188,22857,3.039062,3.082031,3.007812,-1,160.949691,24.347082
2025-08-10T14:16:19.122516,22858,3.042969,3.085938,3.007812,-1,160.888655,24.347082
2025-08-10T14:16:20.001162,22859,3.042969,3.085938,3.015625,-1,161.010726,24.347082
2025-08-10T14:16:20.910185,22860,3.035156,3.085938,3.015625,-1,160.949691,24.347082
2025-08-10T14:16:22.398117,22861,3.042969,3.085938,3.019531,-1,160.82762,24.356532
2025-08-10T14:16:24.930270,22862,3.035156,3.082031,3.0117190000000003,-1,161.010726,24.356532
2025-08-10T14:16:25.831436,22863,3.042969,3.082031,3.015625,-1,161.010726,24.375431
2025-08-10T14:16:26.826424,22864,3.035156,3.085938,3.023438,-1,160.82762,24.375431
2025-08-10T14:16:28.079018,22865,3.039062,3.082031,3.007812,-1,160.82762,24.365981
2025-08-10T14:16:29.005531,22866,3.039062,3.082031,3.015625,-1,160.888655,24.347082
2025-08-10T14:16:29.680009,22867,3.039062,3.085938,3.0117190000000003,-1,160.949691,24.337633
2025-08-10T14:16:30.719805,22868,3.039062,3.085938,3.019531,-1,160.949691,24.356532
2025-08-10T14:16:31.610522,22869,3.039062,3.085938,3.0117190000000003,-1,160.949691,24.337633
2025-08-10T14:16:32.531719,22870,3.042969,3.085938,3.015625,-1,160.888655,24.318737
2025-08-10T14:16:33.489587,22871,3.035156,3.082031,3.0117190000000003,-1,160.82762,24.318737
2025-08-10T14:16:34.399862,22872,3.035156,3.085938,3.0117190000000003,-1,161.010726,24.328185
2025-08-10T14:16:35.257027,22873,3.039062,3.082031,3.015625,-1,160.82762,24.337633
2025-08-10T14:16:36.192005,22874,3.042969,3.082031,3.019531,-1,160.82762,24.337633
2025-08-10T14:16:37.082436,22875,3.039062,3.085938,3.019531,-1,160.82762,24.337633
2025-08-10T14:16:37.974371,22876,3.039062,3.085938,3.0117190000000003,-1,160.888655,24.347082
2025-08-10T14:16:38.866659,22877,3.039062,3.082031,3.0117190000000003,-1,161.010726,24.347082
2025-08-10T14:16:39.738477,22878,3.035156,3.082031,3.023438,-1,160.949691,24.347082
2025-08-10T14:16:40.629293,22879,3.039062,3.085938,3.019531,-1,160.82762,24.337633
2025-08-10T14:16:41.490438,22880,3.035156,3.085938,3.019531,-1,160.888655,24.347082
2025-08-10T14:16:42.373412,22881,3.042969,3.082031,3.0117190000000003,-1,160.82762,24.356532
2025-08-10T14:16:43.733413,22882,3.042969,3.085938,3.015625,-1,160.82762,24.356532
2025-08-10T14:16:44.800365,22883,3.042969,3.089844,3.019531,-1,160.949691,24.347082
2025-08-10T14:16:45.729231,22884,3.039062,3.082031,3.0117190000000003,-1,160.82762,24.356532
2025-08-10T14:16:46.627980,22885,3.039062,3.082031,3.015625,-1,160.888655,24.337633
2025-08-10T14:16:47.508135,22886,3.035156,3.078125,3.0117190000000003,-1,160.888655,24.318737
2025-08-10T14:16:48.384137,22887,3.039062,3.085938,3.007812,-1,160.888655,24.299841
2025-08-10T14:16:49.263502,22888,3.039062,3.085938,3.0117190000000003,-1,160.888655,24.280946
2025-08-10T14:16:50.119856,22889,3.042969,3.082031,3.0273440000000003,-1,160.82762,24.252606
2025-08-10T14:16:51.011099,22890,3.039062,3.082031,3.0117190000000003,-1,160.888655,24.243159
2025-08-10T14:16:51.921749,22891,3.042969,3.085938,3.015625,-1,161.010726,24.233713
2025-08-10T14:16:52.785560,22892,3.042969,3.089844,3.0117190000000003,-1,160.949691,24.205377
2025-08-10T14:16:53.660547,22893,3.042969,3.089844,3.019531,-1,160.82762,24.186487
2025-08-10T14:16:54.556658,22894,3.039062,3.082031,3.015625,-1,161.010726,24.195932
2025-08-10T14:16:55.490991,22895,3.042969,3.082031,3.015625,-1,160.82762,24.205377
2025-08-10T14:16:56.357739,22896,3.042969,3.082031,3.007812,-1,161.010726,24.224268
2025-08-10T14:16:57.235951,22897,3.039062,3.085938,3.015625,-1,160.888655,24.233713
2025-08-10T14:16:58.280301,22898,3.035156,3.078125,3.0117190000000003,-1,161.010726,24.243159
2025-08-10T14:17:00.032728,22899,3.042969,3.082031,3.0117190000000003,-1,161.010726,24.271499
2025-08-10T14:17:00.926433,22900,3.039062,3.085938,3.019531,-1,161.010726,24.280946
2025-08-10T14:17:01.897511,22901,3.039062,3.085938,3.019531,-1,160.949691,24.290393
2025-08-10T14:17:02.858051,22902,3.042969,3.082031,3.015625,-1,160.888655,24.290393
2025-08-10T14:17:03.945869,22903,3.035156,3.085938,3.0117190000000003,-1,161.010726,24.290393
2025-08-10T14:17:06.279947,22904,3.042969,3.082031,3.007812,-1,161.071761,24.290393
2025-08-10T14:17:07.222861,22905,3.035156,3.082031,3.0117190000000003,-1,160.82762,24.318737
2025-08-10T14:17:08.124911,22906,3.039062,3.082031,3.015625,-1,160.949691,24.309288
2025-08-10T14:17:09.053481,22907,3.042969,3.085938,3.0117190000000003,-1,161.010726,24.318737
2025-08-10T14:17:09.994853,22908,3.039062,3.085938,3.019531,-1,160.82762,24.328185
2025-08-10T14:17:10.951658,22909,3.039062,3.085938,3.0117190000000003,-1,160.82762,24.309288
2025-08-10T14:17:11.843487,22910,3.042969,3.082031,3.007812,-1,160.888655,24.328185
2025-08-10T14:17:12.751468,22911,3.039062,3.085938,3.019531,-1,160.888655,24.328185
2025-08-10T14:17:13.671783,22912,3.035156,3.085938,3.007812,-1,161.010726,24.328185
2025-08-10T14:17:15.282309,22913,3.039062,3.085938,3.015625,-1,161.010726,24.318737
2025-08-10T14:17:16.174713,22914,3.039062,3.078125,3.019531,-1,160.888655,24.309288
2025-08-10T14:17:17.090920,22915,3.039062,3.085938,3.015625,-1,160.888655,24.299841
2025-08-10T14:17:17.963127,22916,3.039062,3.082031,3.019531,-1,160.949691,24.299841
2025-08-10T14:17:18.841131,22917,3.042969,3.085938,3.015625,-1,160.949691,24.299841
2025-08-10T14:17:19.734694,22918,3.035156,3.085938,3.015625,-1,160.82762,24.309288
2025-08-10T14:17:20.629639,22919,3.042969,3.082031,3.019531,-1,161.010726,24.309288
2025-08-10T14:17:21.539342,22920,3.042969,3.085938,3.015625,-1,160.949691,24.309288
2025-08-10T14:17:22.437111,22921,3.042969,3.078125,3.007812,-1,160.888655,24.318737
2025-08-10T14:17:23.312922,22922,3.03125,3.085938,3.015625,-1,160.82762,24.299841
2025-08-10T14:17:24.179465,22923,3.042969,3.082031,3.019531,-1,160.82762,24.271499
2025-08-10T14:17:25.127207,22924,3.035156,3.089844,3.019531,-1,160.949691,24.290393
2025-08-10T14:17:26.024750,22925,3.042969,3.085938,3.0117190000000003,-1,160.888655,24.299841
2025-08-10T14:17:26.930043,22926,3.042969,3.082031,3.015625,-1,160.949691,24.309288
2025-08-10T14:17:27.830499,22927,3.039062,3.078125,3.0117190000000003,-1,160.949691,24.309288
2025-08-10T14:17:28.761830,22928,3.039062,3.082031,3.0117190000000003,-1,160.82762,24.318737
2025-08-10T14:17:30.406013,22929,3.039062,3.085938,3.007812,-1,160.949691,24.318737
2025-08-10T14:17:31.399231,22930,3.039062,3.078125,3.0117190000000003,-1,160.82762,24.309288
2025-08-10T14:17:32.380802,22931,3.035156,3.078125,3.015625,-1,160.888655,24.309288
2025-08-10T14:17:33.361262,22932,3.039062,3.082031,3.023438,-1,160.82762,24.309288
2025-08-10T14:17:34.330345,22933,3.039062,3.082031,3.015625,-1,160.82762,24.318737
2025-08-10T14:17:35.207159,22934,3.042969,3.085938,3.007812,-1,160.949691,24.318737
2025-08-10T14:17:36.618389,22935,3.039062,3.082031,3.0117190000000003,-1,160.949691,24.309288
2025-08-10T14:17:37.704954,22936,3.039062,3.089844,3.015625,-1,160.949691,24.318737
2025-08-10T14:17:38.722843,22937,3.042969,3.082031,3.003906,-1,160.82762,24.318737
2025-08-10T14:17:39.636425,22938,3.039062,3.085938,3.0117190000000003,-1,160.888655,24.309288
2025-08-10T14:17:40.550413,22939,3.042969,3.085938,3.015625,-1,160.82762,24.318737
2025-08-10T14:17:41.448413,22940,3.039062,3.082031,3.0117190000000003,-1,160.888655,24.328185
2025-08-10T14:17:42.326388,22941,3.042969,3.082031,3.0117190000000003,-1,160.888655,24.318737
2025-08-10T14:17:43.187990,22942,3.035156,3.082031,3.0117190000000003,-1,160.949691,24.309288
2025-08-10T14:17:44.144535,22943,3.042969,3.085938,3.007812,-1,160.949691,24.309288
2025-08-10T14:17:45.700866,22944,3.039062,3.082031,3.0117190000000003,-1,160.82762,24.309288
2025-08-10T14:17:47.182919,22945,3.039062,3.085938,3.015625,-1,160.888655,24.309288
2025-08-10T14:17:48.074019,22946,3.035156,3.082031,3.015625,-1,161.010726,24.318737
2025-08-10T14:17:48.968327,22947,3.042969,3.078125,3.007812,-1,160.82762,24.309288
2025-08-10T14:17:49.849400,22948,3.039062,3.082031,3.015625,-1,161.010726,24.309288
2025-08-10T14:17:50.765456,22949,3.039062,3.085938,3.0117190000000003,-1,160.949691,24.309288
2025-08-10T14:17:51.648416,22950,3.042969,3.085938,3.019531,-1,161.010726,24.309288
2025-08-10T14:17:52.529416,22951,3.042969,3.085938,3.015625,-1,160.949691,24.328185
2025-08-10T14:17:53.432644,22952,3.035156,3.085938,3.015625,-1,160.82762,24.337633
2025-08-10T14:17:54.318682,22953,3.039062,3.085938,3.0117190000000003,-1,160.949691,24.337633
2025-08-10T14:17:55.207712,22954,3.039062,3.085938,3.015625,-1,160.949691,24.337633
2025-08-10T14:17:56.090950,22955,3.039062,3.082031,3.015625,-1,160.82762,24.337633
2025-08-10T14:17:56.989950,22956,3.039062,3.082031,3.0117190000000003,-1,161.010726,24.347082
2025-08-10T14:17:58.034268,22957,3.039062,3.082031,3.007812,-1,160.888655,24.347082
2025-08-10T14:17:59.013954,22958,3.035156,3.085938,3.015625,-1,160.888655,24.356532
2025-08-10T14:18:00.634050,22959,3.039062,3.082031,3.003906,-1,160.82762,24.365981
2025-08-10T14:18:01.611731,22960,3.039062,3.082031,3.019531,-1,160.949691,24.365981
2025-08-10T14:18:02.542942,22961,3.042969,3.082031,3.019531,-1,160.82762,24.365981
2025-08-10T14:18:03.470231,22962,3.039062,3.089844,3.0117190000000003,-1,161.010726,24.356532
2025-08-10T14:18:04.378288,22963,3.042969,3.085938,3.015625,-1,160.888655,24.328185
2025-08-10T14:18:05.240946,22964,3.042969,3.085938,3.019531,-1,161.010726,24.290393
2025-08-10T14:18:06.132999,22965,3.039062,3.085938,3.015625,-1,160.82762,24.299841
2025-08-10T14:18:07.038639,22966,3.046875,3.078125,3.007812,-1,160.888655,24.309288
2025-08-10T14:18:08.511153,22967,3.039062,3.089844,3.0117190000000003,-1,160.888655,24.309288
2025-08-10T14:18:09.396367,22968,3.039062,3.085938,3.015625,-1,160.949691,24.318737
2025-08-10T14:18:10.420385,22969,3.039062,3.085938,3.015625,-1,160.82762,24.309288
2025-08-10T14:18:11.424207,22970,3.042969,3.085938,3.015625,-1,161.010726,24.309288
2025-08-10T14:18:12.519191,22971,3.042969,3.082031,3.019531,-1,160.82762,24.328185
2025-08-10T14:18:13.445212,22972,3.035156,3.085938,3.0117190000000003,-1,160.82762,24.318737
2025-08-10T14:18:14.334415,22973,3.042969,3.078125,3.015625,-1,160.949691,24.328185
2025-08-10T14:18:15.879838,22974,3.039062,3.082031,3.0117190000000003,-1,160.766585,24.318737
2025-08-10T14:18:16.753093,22975,3.042969,3.085938,3.015625,-1,160.766585,24.328185
2025-08-10T14:18:17.713442,22976,3.046875,3.085938,3.019531,-1,160.766585,24.347082
2025-08-10T14:18:18.580398,22977,3.035156,3.085938,3.019531,-1,160.888655,24.337633
2025-08-10T14:18:19.491008,22978,3.042969,3.085938,3.007812,-1,160.82762,24.337633
2025-08-10T14:18:20.436759,22979,3.035156,3.085938,3.007812,-1,160.70555,24.328185
2025-08-10T14:18:21.346954,22980,3.042969,3.085938,3.0117190000000003,-1,160.888655,24.347082
2025-08-10T14:18:22.237629,22981,3.042969,3.085938,3.0117190000000003,-1,160.644515,24.347082
2025-08-10T14:18:23.229648,22982,3.042969,3.085938,3.019531,-1,160.82762,24.347082
2025-08-10T14:18:24.131625,22983,3.042969,3.082031,3.0117190000000003,-1,160.766585,24.356532
2025-08-10T14:18:25.021894,22984,3.039062,3.082031,3.0117190000000003,-1,160.70555,24.356532
2025-08-10T14:18:25.923459,22985,3.042969,3.085938,3.007812,-1,160.766585,24.365981
2025-08-10T14:18:26.867766,22986,3.042969,3.078125,3.0117190000000003,-1,160.70555,24.365981
2025-08-10T14:18:27.826383,22987,3.035156,3.085938,3.019531,-1,160.70555,24.365981
2025-08-10T14:18:28.740472,22988,3.039062,3.085938,3.0117190000000003,-1,160.644515,24.365981
2025-08-10T14:18:29.622872,22989,3.042969,3.085938,3.019531,-1,160.522445,24.365981
2025-08-10T14:18:31.032699,22990,3.042969,3.082031,3.015625,-1,160.461409,24.356532
2025-08-10T14:18:32.109965,22991,3.042969,3.082031,3.0273440000000003,-1,156.55516,24.365981
2025-08-10T14:18:33.017812,22992,3.042969,3.082031,3.023438,-1,156.249984,24.365981
2025-08-10T14:18:34.548306,22993,3.042969,3.085938,3.015625,-1,156.127914,24.365981
2025-08-10T14:18:35.456923,22994,3.035156,3.085938,3.0117190000000003,-1,156.311019,24.337633
2025-08-10T14:18:36.349972,22995,3.039062,3.085938,3.007812,-1,156.494125,24.328185
2025-08-10T14:18:37.233259,22996,3.042969,3.082031,3.03125,-1,155.639633,24.318737
2025-08-10T14:18:38.162549,22997,3.042969,3.089844,3.0117190000000003,-1,155.517562,24.309288
2025-08-10T14:18:39.048409,22998,3.042969,3.085938,3.015625,-1,156.616195,24.309288
2025-08-10T14:18:39.914448,22999,3.039062,3.089844,3.019531,-1,156.67723,24.318737
2025-08-10T14:18:40.800260,23000,3.042969,3.085938,3.015625,-1,155.944808,24.328185
2025-08-10T14:18:41.720985,23001,3.039062,3.078125,3.019531,-1,156.311019,24.337633
2025-08-10T14:18:42.614279,23002,3.035156,3.085938,3.019531,-1,156.55516,24.337633
2025-08-10T14:18:43.216461,23003,3.03125,3.085938,3.0273440000000003,-1,156.616195,24.337633
2025-08-10T14:18:43.725460,23004,3.039062,3.082031,3.0117190000000003,-1,157.348617,24.347082
2025-08-10T14:18:44.177462,23005,3.039062,3.082031,3.023438,-1,157.470687,24.347082
2025-08-10T14:18:44.618460,23006,3.042969,3.082031,3.007812,-1,157.409652,24.356532
2025-08-10T14:18:45.034470,23007,3.039062,3.085938,3.019531,-1,157.531722,24.356532
2025-08-10T14:18:45.833409,23008,3.039062,3.082031,3.019531,-1,158.142074,24.356532
2025-08-10T14:18:46.249410,23009,3.039062,3.089844,3.0117190000000003,-1,159.362777,24.365981
2025-08-10T14:18:46.697736,23010,3.039062,3.085938,3.015625,-1,159.362777,24.356532
2025-08-10T14:18:47.106442,23011,3.039062,3.078125,3.0117190000000003,-1,158.386214,24.356532
2025-08-10T14:18:47.523443,23012,3.039062,3.085938,3.015625,-1,158.874495,24.356532
2025-08-10T14:18:48.036896,23013,3.054688,3.070312,3.03125,-1,160.156234,24.356532
2025-08-10T14:18:48.456896,23014,3.039062,3.089844,3.003906,-1,160.461409,24.356532
2025-08-10T14:18:48.857262,23015,3.039062,3.074219,3.015625,-1,160.400374,24.356532
2025-08-10T14:18:49.210261,23016,3.042969,3.078125,3.015625,-1,160.461409,24.356532
2025-08-10T14:18:49.624285,23017,3.046875,3.082031,3.0273440000000003,-1,160.339339,24.347082
2025-08-10T14:18:50.021933,23018,3.035156,3.085938,3.007812,-1,160.278304,24.356532
2025-08-10T14:18:50.434919,23019,3.035156,3.078125,3.0117190000000003,-1,160.278304,24.365981
2025-08-10T14:18:50.834919,23020,3.039062,3.085938,3.0117190000000003,-1,160.217269,24.365981
2025-08-10T14:18:51.177919,23021,3.035156,3.085938,3.019531,-1,160.339339,24.365981
2025-08-10T14:18:51.601919,23022,3.046875,3.082031,3.007812,-1,160.461409,24.365981
2025-08-10T14:18:52.018919,23023,3.042969,3.078125,3.007812,-1,160.400374,24.365981
2025-08-10T14:18:52.442919,23024,3.039062,3.085938,3.015625,-1,160.58348,24.365981
2025-08-10T14:18:52.851919,23025,3.042969,3.085938,3.0117190000000003,-1,160.58348,24.356532
2025-08-10T14:18:53.208920,23026,3.039062,3.078125,3.015625,-1,160.644515,24.356532
2025-08-10T14:18:53.611925,23027,3.042969,3.082031,3.0117190000000003,-1,160.461409,24.356532
2025-08-10T14:18:54.017919,23028,3.035156,3.085938,3.015625,-1,160.644515,24.356532
2025-08-10T14:18:54.428919,23029,3.039062,3.082031,3.015625,-1,160.644515,24.356532
2025-08-10T14:18:54.837919,23030,3.042969,3.085938,3.019531,-1,160.461409,24.356532
2025-08-10T14:18:55.196919,23031,3.042969,3.085938,3.019531,-1,160.58348,24.347082
2025-08-10T14:18:55.614919,23032,3.039062,3.082031,3.0117190000000003,-1,160.461409,24.347082
2025-08-10T14:18:56.018627,23033,3.035156,3.085938,3.019531,-1,160.58348,24.356532
2025-08-10T14:18:56.434629,23034,3.039062,3.085938,3.0117190000000003,-1,160.461409,24.356532
2025-08-10T14:18:56.842619,23035,3.039062,3.085938,3.015625,-1,160.644515,24.337633
2025-08-10T14:18:57.198620,23036,3.039062,3.082031,3.0117190000000003,-1,160.644515,24.328185
2025-08-10T14:18:57.658619,23037,3.039062,3.078125,3.0117190000000003,-1,160.461409,24.318737
2025-08-10T14:18:58.068619,23038,3.03125,3.085938,3.0117190000000003,-1,160.400374,24.318737
2025-08-10T14:18:58.479620,23039,3.039062,3.085938,3.023438,-1,160.278304,24.318737
2025-08-10T14:18:58.908620,23040,3.039062,3.082031,3.0117190000000003,-1,159.912093,24.328185
2025-08-10T14:18:59.353621,23041,3.039062,3.089844,3.019531,-1,159.912093,24.328185
2025-08-10T14:18:59.712619,23042,3.042969,3.082031,3.0117190000000003,-1,159.912093,24.337633
2025-08-10T14:19:00.138620,23043,3.039062,3.082031,3.019531,-1,159.790023,24.337633
2025-08-10T14:19:00.652624,23044,3.042969,3.085938,3.003906,-1,159.851058,24.337633
2025-08-10T14:19:01.232620,23045,3.039062,3.082031,3.015625,-1,159.790023,24.337633
2025-08-10T14:19:01.656620,23046,3.039062,3.113281,2.957031,-1,159.973128,24.337633
2025-08-10T14:19:02.066621,23047,3.042969,3.085938,3.0273440000000003,-1,159.912093,24.337633
2025-08-10T14:19:02.483620,23048,3.035156,3.078125,3.015625,-1,159.912093,24.347082
2025-08-10T14:19:02.912619,23049,3.042969,3.085938,3.0117190000000003,-1,159.790023,24.347082
2025-08-10T14:19:03.319620,23050,3.039062,3.085938,3.015625,-1,159.790023,24.337633
2025-08-10T14:19:03.697620,23051,3.039062,3.082031,3.015625,-1,159.728988,24.347082
2025-08-10T14:19:04.135620,23052,3.039062,3.085938,3.0117190000000003,-1,159.851058,24.347082
2025-08-10T14:19:04.555143,23053,3.039062,3.082031,3.015625,-1,159.728988,24.347082
2025-08-10T14:19:04.989142,23054,3.039062,3.082031,3.015625,-1,159.851058,24.356532
2025-08-10T14:19:05.413143,23055,3.035156,3.085938,3.023438,-1,159.790023,24.356532
2025-08-10T14:19:05.845142,23056,3.039062,3.078125,3.007812,-1,159.851058,24.356532
2025-08-10T14:19:06.206145,23057,3.042969,3.082031,3.0117190000000003,-1,159.790023,24.365981
2025-08-10T14:19:06.630143,23058,3.039062,3.082031,3.0117190000000003,-1,159.667952,24.356532
2025-08-10T14:19:07.033596,23059,3.042969,3.085938,3.0117190000000003,-1,159.790023,24.356532
2025-08-10T14:19:07.464596,23060,3.039062,3.085938,3.0117190000000003,-1,159.728988,24.356532
2025-08-10T14:19:07.880755,23061,3.039062,3.082031,3.019531,-1,159.790023,24.356532
2025-08-10T14:19:08.230744,23062,3.035156,3.085938,3.0117190000000003,-1,159.851058,24.356532
2025-08-10T14:19:09.090287,23063,3.039062,3.085938,3.015625,-1,159.912093,24.356532
2025-08-10T14:19:09.497152,23064,3.035156,3.085938,3.015625,-1,159.912093,24.347082
2025-08-10T14:19:09.907154,23065,3.042969,3.085938,3.003906,-1,159.912093,24.337633
2025-08-10T14:19:10.361153,23066,3.039062,3.089844,3.0117190000000003,-1,159.912093,24.337633
2025-08-10T14:19:10.784153,23067,3.039062,3.085938,3.0117190000000003,-1,159.851058,24.328185
2025-08-10T14:19:11.198155,23068,3.035156,3.082031,3.019531,-1,159.851058,24.328185
2025-08-10T14:19:11.609153,23069,3.039062,3.085938,3.0273440000000003,-1,159.728988,24.309288
2025-08-10T14:19:11.960332,23070,3.039062,3.085938,3.015625,-1,159.728988,24.299841
2025-08-10T14:19:12.370332,23071,3.039062,3.085938,3.0117190000000003,-1,159.728988,24.299841
2025-08-10T14:19:12.775332,23072,3.039062,3.085938,3.015625,-1,159.790023,24.290393
2025-08-10T14:19:13.179332,23073,3.039062,3.082031,3.019531,-1,159.728988,24.290393
2025-08-10T14:19:13.591334,23074,3.035156,3.082031,3.007812,-1,159.973128,24.290393
2025-08-10T14:19:13.944331,23075,3.042969,3.082031,3.0117190000000003,-1,159.973128,24.290393
2025-08-10T14:19:14.365332,23076,3.035156,3.082031,3.015625,-1,159.973128,24.280946
2025-08-10T14:19:14.783332,23077,3.042969,3.082031,3.019531,-1,159.790023,24.290393
2025-08-10T14:19:15.222332,23078,3.039062,3.082031,3.019531,-1,159.912093,24.299841
2025-08-10T14:19:15.728334,23079,3.039062,3.082031,3.0117190000000003,-1,159.851058,24.299841
2025-08-10T14:19:16.402333,23080,3.039062,3.085938,3.015625,-1,159.790023,24.299841
2025-08-10T14:19:16.816332,23081,3.039062,3.085938,3.0117190000000003,-1,159.851058,24.299841
2025-08-10T14:19:17.227332,23082,3.035156,3.085938,3.019531,-1,159.790023,24.309288
2025-08-10T14:19:17.642334,23083,3.039062,3.085938,3.0117190000000003,-1,159.728988,24.309288
2025-08-10T14:19:17.989332,23084,3.042969,3.089844,3.0117190000000003,-1,159.912093,24.309288
2025-08-10T14:19:18.411332,23085,3.039062,3.085938,3.019531,-1,159.851058,24.309288
2025-08-10T14:19:18.824332,23086,3.039062,3.082031,3.007812,-1,159.790023,24.299841
2025-08-10T14:19:19.229332,23087,3.035156,3.082031,3.0117190000000003,-1,159.851058,24.309288
2025-08-10T14:19:19.636333,23088,3.039062,3.082031,3.0117190000000003,-1,159.728988,24.309288
2025-08-10T14:19:19.987332,23089,3.042969,3.085938,3.0117190000000003,-1,159.973128,24.309288
2025-08-10T14:19:20.396917,23090,3.039062,3.085938,3.015625,-1,159.912093,24.318737
2025-08-10T14:19:20.797919,23091,3.042969,3.085938,3.0117190000000003,-1,159.790023,24.328185
2025-08-10T14:19:21.216917,23092,3.035156,3.085938,3.015625,-1,159.790023,24.328185
2025-08-10T14:19:22.087923,23093,3.042969,3.082031,3.015625,-1,159.728988,24.337633
2025-08-10T14:19:22.502922,23094,3.035156,3.082031,3.007812,-1,159.790023,24.347082
2025-08-10T14:19:22.909803,23095,3.039062,3.078125,3.015625,-1,159.851058,24.337633
2025-08-10T14:19:23.321803,23096,3.039062,3.082031,3.007812,-1,159.912093,24.347082
2025-08-10T14:19:23.725802,23097,3.035156,3.082031,3.015625,-1,159.667952,24.347082
2025-08-10T14:19:24.138803,23098,3.042969,3.085938,3.0117190000000003,-1,159.667952,24.347082
2025-08-10T14:19:24.492806,23099,3.035156,3.085938,3.019531,-1,159.667952,24.347082
2025-08-10T14:19:24.899803,23100,3.039062,3.085938,3.019531,-1,159.851058,24.347082
2025-08-10T14:19:25.331802,23101,3.039062,3.085938,3.023438,-1,159.851058,24.337633
2025-08-10T14:19:25.743803,23102,3.042969,3.082031,3.015625,-1,159.851058,24.337633
2025-08-10T14:19:26.162803,23103,3.042969,3.082031,3.0117190000000003,-1,159.851058,24.337633
2025-08-10T14:19:26.594803,23104,3.039062,3.082031,3.0117190000000003,-1,159.728988,24.337633
2025-08-10T14:19:26.943805,23105,3.035156,3.082031,3.0117190000000003,-1,159.851058,24.337633
2025-08-10T14:19:27.351803,23106,3.046875,3.085938,3.015625,-1,159.728988,24.347082
2025-08-10T14:19:27.766145,23107,3.042969,3.082031,3.0117190000000003,-1,159.728988,24.347082
2025-08-10T14:19:28.182145,23108,3.039062,3.085938,3.0117190000000003,-1,159.851058,24.337633
2025-08-10T14:19:28.616145,23109,3.035156,3.085938,3.015625,-1,159.851058,24.347082
2025-08-10T14:19:28.958149,23110,3.039062,3.085938,3.007812,-1,160.034163,24.347082
2025-08-10T14:19:29.370145,23111,3.039062,3.085938,3.0117190000000003,-1,160.034163,24.347082
2025-08-10T14:19:29.782145,23112,3.035156,3.082031,3.007812,-1,160.156234,24.347082
2025-08-10T14:19:30.194145,23113,3.039062,3.082031,3.015625,-1,160.156234,24.347082
2025-08-10T14:19:30.604145,23114,3.039062,3.082031,3.015625,-1,159.973128,24.347082
2025-08-10T14:19:31.186145,23115,3.039062,3.082031,3.023438,-1,160.034163,24.337633
2025-08-10T14:19:31.597969,23116,3.035156,3.082031,3.019531,-1,160.095198,24.347082
2025-08-10T14:19:32.028967,23117,3.039062,3.085938,3.019531,-1,160.156234,24.337633
2025-08-10T14:19:32.440967,23118,3.039062,3.082031,3.015625,-1,160.156234,24.347082
2025-08-10T14:19:32.848979,23119,3.039062,3.082031,3.0117190000000003,-1,160.034163,24.337633
2025-08-10T14:19:33.267979,23120,3.039062,3.085938,3.003906,-1,160.034163,24.337633
2025-08-10T14:19:33.669979,23121,3.042969,3.089844,3.0273440000000003,-1,160.034163,24.347082
2025-08-10T14:19:34.018979,23122,3.039062,3.085938,3.0117190000000003,-1,160.217269,24.337633
2025-08-10T14:19:34.437980,23123,3.039062,3.082031,3.019531,-1,159.728988,24.347082
2025-08-10T14:19:34.840299,23124,3.035156,3.082031,3.007812,-1,159.790023,24.337633
2025-08-10T14:19:35.254302,23125,3.042969,3.089844,3.0117190000000003,-1,159.484847,24.328185
2025-08-10T14:19:35.680299,23126,3.039062,3.082031,3.015625,-1,159.606917,24.318737
2025-08-10T14:19:36.026300,23127,3.039062,3.082031,3.015625,-1,159.667952,24.318737
2025-08-10T14:19:36.449299,23128,3.042969,3.082031,3.007812,-1,159.484847,24.318737
2025-08-10T14:19:36.855299,23129,3.042969,3.082031,3.015625,-1,159.667952,24.318737
2025-08-10T14:19:37.257303,23130,3.039062,3.089844,3.007812,-1,159.667952,24.337633
2025-08-10T14:19:37.670299,23131,3.039062,3.082031,3.015625,-1,159.484847,24.328185
2025-08-10T14:19:38.038299,23132,3.039062,3.085938,3.007812,-1,159.362777,24.328185
2025-08-10T14:19:38.452299,23133,3.046875,3.082031,3.019531,-1,159.545882,24.328185
2025-08-10T14:19:38.873769,23134,3.039062,3.082031,3.0117190000000003,-1,159.362777,24.328185
2025-08-10T14:19:39.292769,23135,3.039062,3.082031,3.0117190000000003,-1,159.423812,24.328185
2025-08-10T14:19:39.719769,23136,3.042969,3.082031,3.015625,-1,159.240706,24.337633
2025-08-10T14:19:40.089770,23137,3.035156,3.085938,3.015625,-1,159.362777,24.337633
2025-08-10T14:19:40.522769,23138,3.039062,3.085938,3.007812,-1,159.301741,24.337633
2025-08-10T14:19:40.937769,23139,3.039062,3.085938,3.019531,-1,159.362777,24.337633
2025-08-10T14:19:41.379770,23140,3.035156,3.078125,3.015625,-1,159.484847,24.337633
2025-08-10T14:19:41.833769,23141,3.035156,3.082031,3.0117190000000003,-1,159.484847,24.347082
2025-08-10T14:19:42.239769,23142,3.035156,3.078125,3.007812,-1,159.484847,24.347082
2025-08-10T14:19:42.601769,23143,3.039062,3.085938,3.0117190000000003,-1,159.179671,24.356532
2025-08-10T14:19:43.029771,23144,3.039062,3.085938,3.003906,-1,159.362777,24.356532
2025-08-10T14:19:43.454769,23145,3.035156,3.085938,3.007812,-1,159.301741,24.356532
2025-08-10T14:19:43.913768,23146,3.039062,3.085938,3.0,-1,159.484847,24.356532
2025-08-11T09:07:36.485159,23147,3.042969,3.074219,3.007812,-1,166.503889,23.780498
2025-08-11T09:07:36.958158,23148,3.046875,3.074219,3.015625,-1,166.442854,23.771058
2025-08-11T09:07:37.454159,23149,3.042969,3.078125,3.007812,-1,166.381819,23.780498
2025-08-11T09:07:40.906159,23150,3.039062,3.078125,3.0117190000000003,-1,166.442854,23.780498
2025-08-11T09:07:41.542162,23151,3.039062,3.082031,3.015625,-1,166.259749,23.780498
2025-08-11T09:07:42.131159,23152,3.050781,3.0625,2.9648440000000003,-1,164.306624,23.780498
2025-08-11T09:07:42.665160,23153,3.023438,3.089844,3.0117190000000003,-1,165.832503,23.742738
2025-08-11T09:07:43.280171,23154,3.03125,3.085938,3.019531,-1,164.97801,23.742738
2025-08-11T09:07:43.809169,23155,3.035156,3.085938,3.003906,-1,165.405257,23.742738
2025-08-11T09:07:44.311174,23156,3.027344,3.085938,3.0117190000000003,-1,165.771467,23.752178
2025-08-11T09:07:44.876170,23157,3.179688,3.140625,2.7148440000000003,-1,167.968733,23.742738
2025-08-11T09:07:45.357172,23158,3.03125,3.027344,3.015625,-1,172.424299,23.733298
2025-08-11T09:07:46.053171,23159,3.210938,3.042969,2.976562,-1,172.424299,23.733298
2025-08-11T09:07:46.538171,23160,3.035156,3.019531,3.015625,-1,169.311506,23.733298
2025-08-11T09:07:47.073174,23161,3.035156,3.046875,2.988281,-1,163.696272,23.723859
2025-08-11T09:07:47.756173,23162,3.199219,3.085938,3.808594,1,161.010726,23.723859
2025-08-11T09:07:48.312174,23163,3.910156,3.382812,2.441406,-1,167.114241,23.752178
2025-08-11T09:07:48.844173,23164,3.898438,3.207031,2.464844,-1,172.302228,23.733298
2025-08-11T09:07:49.380048,23165,3.84375,3.230469,2.476562,-1,172.302228,23.733298
2025-08-11T09:07:49.890062,23166,3.78125,3.351562,2.5273440000000003,-1,171.325666,23.714419
2025-08-11T09:07:50.723088,23167,3.785156,3.359375,2.535156,-1,171.447736,23.714419
2025-08-11T09:07:51.457115,23168,3.695312,3.402344,2.6054690000000003,-1,171.813947,23.695539
2025-08-11T09:07:52.189156,23169,3.199219,3.050781,2.9492190000000003,-1,166.015608,23.667219
2025-08-11T09:07:52.839154,23170,3.027344,3.042969,3.007812,-1,163.330061,23.676659
2025-08-11T09:07:53.338156,23171,3.003906,3.089844,3.0117190000000003,-1,168.334944,23.667219
2025-08-11T09:07:53.863155,23172,3.007812,3.089844,3.003906,-1,171.874982,23.657779
2025-08-11T09:07:54.362155,23173,3.007812,3.085938,3.0117190000000003,-1,171.691877,23.686099
2025-08-11T09:07:54.891155,23174,3.003906,3.085938,3.0273440000000003,-1,171.813947,23.686099
2025-08-11T09:07:55.383152,23175,3.003906,3.089844,3.0117190000000003,-1,171.997053,23.667219
2025-08-11T09:07:55.883156,23176,3.007812,3.085938,3.0117190000000003,-1,171.936018,23.667219
2025-08-11T09:07:56.413155,23177,3.003906,3.085938,3.015625,-1,171.936018,23.676659
2025-08-11T09:07:56.953153,23178,3.003906,3.085938,3.0117190000000003,-1,171.997053,23.667219
2025-08-11T09:07:57.473154,23179,3.003906,3.085938,3.015625,-1,171.997053,23.667219
2025-08-11T09:07:57.969154,23180,3.003906,3.089844,3.015625,-1,172.058088,23.657779
2025-08-11T09:07:58.471153,23181,3.003906,3.085938,3.0117190000000003,-1,172.058088,23.638899
2025-08-11T09:07:59.121152,23182,3.007812,3.089844,3.019531,-1,172.302228,23.648339
2025-08-11T09:07:59.645159,23183,3.003906,3.085938,3.015625,-1,172.241193,23.648339
2025-08-11T09:08:00.156152,23184,3.007812,3.085938,3.0117190000000003,-1,172.180158,23.648339
2025-08-11T09:08:00.655152,23185,3.003906,3.085938,3.0117190000000003,-1,172.302228,23.657779
2025-08-11T09:08:01.168151,23186,3.003906,3.089844,3.015625,-1,172.302228,23.657779
2025-08-11T09:08:01.695152,23187,3.007812,3.089844,3.015625,-1,172.180158,23.648339
2025-08-11T09:08:02.228153,23188,3.003906,3.085938,3.015625,-1,172.241193,23.648339
2025-08-11T09:08:02.788152,23189,3.011719,3.09375,3.0117190000000003,-1,172.241193,23.648339
2025-08-11T09:08:03.297154,23190,3.003906,3.089844,3.007812,-1,172.180158,23.648339
2025-08-11T09:08:03.774151,23191,3.003906,3.089844,3.007812,-1,172.302228,23.657779
2025-08-11T09:08:04.258151,23192,3.003906,3.089844,3.007812,-1,172.119123,23.657779
2025-08-11T09:08:04.730152,23193,3.007812,3.089844,3.0117190000000003,-1,172.302228,23.657779
2025-08-11T09:08:05.210151,23194,3.007812,3.082031,3.0117190000000003,-1,172.119123,23.657779
2025-08-11T09:08:05.690155,23195,3.007812,3.089844,3.0117190000000003,-1,172.180158,23.676659
2025-08-11T09:08:06.251150,23196,3.011719,3.089844,3.015625,-1,171.997053,23.676659
2025-08-11T09:08:06.837078,23197,3.003906,3.089844,3.0117190000000003,-1,171.997053,23.667219
2025-08-11T09:08:07.301086,23198,3.007812,3.085938,3.003906,-1,172.180158,23.657779
2025-08-11T09:08:07.716077,23199,3.003906,3.085938,3.015625,-1,172.180158,23.657779
2025-08-11T09:08:08.156077,23200,3.003906,3.085938,3.015625,-1,172.058088,23.657779
2025-08-11T09:08:08.591079,23201,3.007812,3.085938,3.015625,-1,172.241193,23.648339
2025-08-11T09:08:09.014077,23202,3.011719,3.089844,3.015625,-1,172.058088,23.648339
2025-08-11T09:08:09.464095,23203,3.007812,3.085938,3.019531,-1,171.997053,23.638899
2025-08-11T09:08:09.830095,23204,3.003906,3.085938,3.007812,-1,171.997053,23.648339
2025-08-11T09:08:10.282097,23205,3.003906,3.085938,3.015625,-1,172.119123,23.638899
2025-08-11T09:08:10.704855,23206,3.007812,3.089844,3.0117190000000003,-1,172.119123,23.648339
2025-08-11T09:08:11.179856,23207,3.003906,3.085938,3.0117190000000003,-1,172.058088,23.648339
2025-08-11T09:08:11.609856,23208,3.007812,3.085938,3.0117190000000003,-1,172.119123,23.648339
2025-08-11T09:08:12.081856,23209,3.003906,3.085938,3.007812,-1,172.058088,23.648339
2025-08-11T09:08:12.532855,23210,3.003906,3.085938,3.0117190000000003,-1,172.058088,23.657779
2025-08-11T09:08:12.948877,23211,3.011719,3.089844,3.0273440000000003,-1,172.119123,23.657779
2025-08-11T09:08:13.351879,23212,3.007812,3.082031,3.015625,-1,172.241193,23.657779
2025-08-11T09:08:13.771877,23213,3.003906,3.085938,3.019531,-1,172.058088,23.657779
2025-08-11T09:08:14.267877,23214,3.003906,3.085938,3.0117190000000003,-1,172.241193,23.657779
2025-08-11T09:08:14.692877,23215,3.003906,3.085938,3.007812,-1,172.058088,23.657779
2025-08-11T09:08:15.138889,23216,3.003906,3.085938,3.0117190000000003,-1,172.119123,23.657779
2025-08-11T09:08:15.575888,23217,3.003906,3.082031,3.019531,-1,172.180158,23.657779
2025-08-11T09:08:16.002890,23218,3.007812,3.085938,3.015625,-1,172.058088,23.657779
2025-08-11T09:08:16.489889,23219,3.007812,3.082031,3.023438,-1,171.997053,23.657779
2025-08-11T09:08:17.036889,23220,3.011719,3.085938,3.019531,-1,172.119123,23.657779
2025-08-11T09:08:26.314915,23265,3.003906,3.085938,3.023438,-1,172.241193,23.695539
2025-08-11T09:08:26.821914,23266,3.003906,3.085938,3.0117190000000003,-1,172.363264,23.695539
2025-08-11T09:08:27.299914,23267,3.007812,3.085938,3.0117190000000003,-1,172.363264,23.686099
2025-08-11T09:08:27.810921,23268,3.007812,3.085938,3.007812,-1,172.363264,23.686099
2025-08-11T09:08:28.302914,23269,3.011719,3.085938,3.0117190000000003,-1,172.241193,23.695539
2025-08-11T09:08:28.800914,23270,3.003906,3.089844,3.007812,-1,172.302228,23.676659
2025-08-11T09:08:29.261915,23271,3.007812,3.089844,3.023438,-1,172.241193,23.686099
2025-08-11T09:08:29.743662,23272,3.003906,3.085938,3.015625,-1,172.424299,23.686099
2025-08-11T09:08:30.235662,23273,3.003906,3.085938,3.015625,-1,172.180158,23.686099
2025-08-11T09:08:30.780661,23274,3.015625,3.085938,3.023438,-1,172.180158,23.686099
2025-08-11T09:08:31.421662,23275,3.003906,3.085938,3.015625,-1,172.363264,23.695539
2025-08-11T09:08:31.921661,23276,3.003906,3.085938,3.007812,-1,172.302228,23.695539
2025-08-11T09:08:32.370660,23277,3.003906,3.085938,3.015625,-1,172.363264,23.695539
2025-08-11T09:08:32.796662,23278,3.003906,3.085938,3.0117190000000003,-1,172.241193,23.704979
2025-08-11T09:08:33.252098,23279,3.003906,3.085938,3.0117190000000003,-1,172.241193,23.686099
2025-08-11T09:08:33.682098,23280,3.007812,3.089844,3.007812,-1,172.241193,23.704979
2025-08-11T09:08:34.215104,23281,3.007812,3.085938,3.015625,-1,172.241193,23.695539
2025-08-11T09:08:34.683717,23282,3.003906,3.085938,3.0117190000000003,-1,172.363264,23.695539
2025-08-11T09:08:35.169719,23283,3.007812,3.085938,3.023438,-1,172.302228,23.695539
2025-08-11T09:08:35.615717,23284,3.011719,3.089844,3.015625,-1,172.241193,23.695539
2025-08-11T09:08:36.068720,23285,3.003906,3.089844,3.0117190000000003,-1,172.302228,23.686099
2025-08-11T09:08:36.527718,23286,3.003906,3.089844,3.019531,-1,172.363264,23.676659
2025-08-11T09:08:37.000718,23287,3.003906,3.085938,3.0117190000000003,-1,172.241193,23.676659
2025-08-11T09:08:37.485719,23288,3.007812,3.085938,3.0117190000000003,-1,172.424299,23.686099
2025-08-11T09:08:37.973719,23289,3.003906,3.089844,3.015625,-1,172.424299,23.676659
2025-08-11T09:08:38.708720,23290,3.003906,3.085938,3.015625,-1,172.180158,23.676659
2025-08-11T09:08:39.396035,23291,3.003906,3.089844,3.023438,-1,172.241193,23.676659
2025-08-11T09:08:39.999076,23292,3.003906,3.085938,3.019531,-1,172.241193,23.686099
2025-08-11T09:08:40.758062,23293,3.007812,3.089844,3.019531,-1,172.363264,23.686099
2025-08-11T09:08:41.763054,23294,3.007812,3.085938,3.015625,-1,172.302228,23.676659
2025-08-11T09:08:42.251054,23295,3.003906,3.085938,3.015625,-1,172.241193,23.686099
2025-08-11T09:08:42.687054,23296,3.003906,3.085938,3.015625,-1,172.363264,23.695539
2025-08-11T09:08:43.364596,23297,3.007812,3.085938,3.0117190000000003,-1,172.424299,23.695539
2025-08-11T09:08:43.839715,23298,3.003906,3.085938,3.0117190000000003,-1,172.424299,23.695539
2025-08-11T09:08:44.230717,23299,3.003906,3.085938,3.015625,-1,172.424299,23.695539
2025-08-11T09:08:44.657711,23300,3.003906,3.089844,3.0117190000000003,-1,172.241193,23.695539
2025-08-11T09:08:45.145711,23301,3.003906,3.085938,3.015625,-1,172.241193,23.695539
2025-08-11T09:08:45.571711,23302,3.003906,3.085938,3.015625,-1,172.363264,23.695539
2025-08-11T09:08:46.011711,23303,3.007812,3.089844,3.007812,-1,172.363264,23.704979
2025-08-11T09:08:46.513711,23304,3.007812,3.085938,3.0117190000000003,-1,172.180158,23.704979
2025-08-11T09:08:46.938714,23305,3.003906,3.089844,3.0117190000000003,-1,172.424299,23.714419
2025-08-11T09:08:47.657537,23306,3.011719,3.085938,3.019531,-1,172.241193,23.704979
2025-08-11T09:08:48.120537,23307,3.003906,3.085938,3.0117190000000003,-1,172.241193,23.714419
2025-08-11T09:08:49.206409,23308,3.007812,3.082031,3.015625,-1,172.241193,23.714419
2025-08-11T09:08:49.906912,23309,3.007812,3.082031,3.019531,-1,172.363264,23.714419
2025-08-11T09:08:50.372910,23310,3.007812,3.085938,3.015625,-1,172.424299,23.714419
2025-08-11T09:08:51.012911,23311,3.007812,3.085938,3.007812,-1,172.241193,23.714419
2025-08-11T09:08:51.808911,23312,3.003906,3.089844,3.0117190000000003,-1,172.363264,23.714419
2025-08-11T09:08:52.299911,23313,3.003906,3.085938,3.007812,-1,172.180158,23.714419
2025-08-11T09:08:52.860622,23314,3.007812,3.085938,3.015625,-1,172.424299,23.723859
2025-08-11T09:08:53.342379,23315,3.003906,3.089844,3.019531,-1,172.241193,23.714419
2025-08-11T09:08:53.856378,23316,3.003906,3.089844,3.0117190000000003,-1,172.302228,23.714419
2025-08-11T09:08:54.766727,23317,3.003906,3.089844,3.015625,-1,172.241193,23.723859
2025-08-11T09:09:01.141356,23318,3.003906,3.085938,3.007812,-1,172.241193,23.714419
2025-08-11T09:09:03.539170,23319,3.003906,3.09375,3.015625,-1,172.302228,23.733298
2025-08-11T09:09:04.213169,23320,3.003906,3.089844,3.0117190000000003,-1,172.302228,23.733298
2025-08-11T09:09:04.734169,23321,3.003906,3.082031,3.0117190000000003,-1,172.180158,23.733298
2025-08-11T09:09:05.193170,23322,3.003906,3.089844,3.007812,-1,172.241193,23.742738
2025-08-11T09:09:05.743308,23323,3.007812,3.085938,3.0117190000000003,-1,172.302228,23.742738
2025-08-11T09:09:06.219305,23324,3.003906,3.089844,3.0117190000000003,-1,172.119123,23.742738
2025-08-11T09:09:07.593666,23325,3.003906,3.085938,3.015625,-1,172.058088,23.742738
2025-08-11T09:09:08.036048,23326,3.011719,3.085938,3.019531,-1,172.241193,23.752178
2025-08-11T09:09:08.515040,23327,3.003906,3.085938,3.015625,-1,172.058088,23.742738
2025-08-11T09:09:08.940040,23328,3.007812,3.082031,3.0117190000000003,-1,172.302228,23.742738
2025-08-11T09:09:09.492040,23329,3.003906,3.085938,3.015625,-1,172.241193,23.742738
2025-08-11T09:09:09.924018,23330,3.003906,3.082031,3.007812,-1,172.302228,23.733298
2025-08-11T09:09:10.439044,23331,3.003906,3.085938,3.007812,-1,172.180158,23.742738
2025-08-11T09:09:10.875037,23332,3.003906,3.085938,3.019531,-1,172.302228,23.742738
2025-08-11T09:09:11.338036,23333,3.007812,3.085938,3.015625,-1,172.119123,23.742738
2025-08-11T09:09:11.767036,23334,3.011719,3.085938,3.0117190000000003,-1,172.119123,23.742738
2025-08-11T09:09:12.227036,23335,3.003906,3.085938,3.003906,-1,172.119123,23.733298
2025-08-11T09:09:12.675037,23336,3.007812,3.085938,3.0117190000000003,-1,172.241193,23.742738
2025-08-11T09:09:13.201038,23337,3.007812,3.085938,3.015625,-1,172.180158,23.733298
2025-08-11T09:09:13.639042,23338,3.003906,3.089844,3.0117190000000003,-1,172.058088,23.742738
2025-08-11T09:09:14.015036,23339,3.003906,3.085938,3.007812,-1,172.119123,23.733298
2025-08-11T09:09:14.476037,23340,3.003906,3.085938,3.0117190000000003,-1,172.241193,23.733298
2025-08-11T09:09:14.898037,23341,3.003906,3.085938,3.007812,-1,172.119123,23.742738
2025-08-11T09:09:15.364036,23342,3.011719,3.089844,3.015625,-1,172.180158,23.742738
2025-08-11T09:09:15.789036,23343,3.003906,3.089844,3.007812,-1,172.241193,23.742738
2025-08-11T09:09:16.270037,23344,3.003906,3.085938,3.019531,-1,172.241193,23.742738
2025-08-11T09:09:16.709036,23345,3.011719,3.085938,3.007812,-1,172.241193,23.752178
2025-08-11T09:09:17.164036,23346,3.003906,3.089844,3.019531,-1,172.241193,23.742738
2025-08-11T09:09:17.591044,23347,3.003906,3.085938,3.007812,-1,172.241193,23.752178
2025-08-11T09:09:17.956044,23348,3.007812,3.085938,3.0117190000000003,-1,172.119123,23.752178
2025-08-11T09:09:18.468046,23349,3.003906,3.089844,3.015625,-1,172.119123,23.752178
2025-08-11T09:09:18.947044,23350,3.011719,3.082031,3.0117190000000003,-1,172.241193,23.752178
2025-08-11T09:09:19.419045,23351,3.003906,3.085938,3.019531,-1,172.058088,23.742738
2025-08-11T09:09:19.873044,23352,3.011719,3.085938,3.023438,-1,172.241193,23.752178
2025-08-11T09:09:20.312346,23353,3.003906,3.085938,3.015625,-1,172.119123,23.752178
2025-08-11T09:09:20.760347,23354,3.003906,3.089844,3.003906,-1,172.180158,23.742738
2025-08-11T09:09:21.263347,23355,3.003906,3.085938,3.0117190000000003,-1,172.180158,23.752178
2025-08-11T09:09:21.711345,23356,3.003906,3.09375,3.019531,-1,172.180158,23.752178
2025-08-11T09:09:22.212757,23357,3.007812,3.082031,3.003906,-1,172.180158,23.742738
2025-08-11T09:09:22.699757,23358,3.003906,3.089844,3.019531,-1,172.180158,23.752178
2025-08-11T09:09:23.240758,23359,3.011719,3.089844,3.0117190000000003,-1,172.180158,23.752178
2025-08-11T09:09:23.670760,23360,3.003906,3.085938,3.0117190000000003,-1,171.997053,23.761618
2025-08-11T09:09:24.151757,23361,3.003906,3.089844,3.0117190000000003,-1,171.997053,23.761618
2025-08-11T09:09:24.570757,23362,3.003906,3.085938,3.0117190000000003,-1,172.058088,23.761618
2025-08-11T09:09:25.214759,23363,3.003906,3.089844,3.0117190000000003,-1,171.997053,23.761618
2025-08-11T09:09:25.633133,23364,3.003906,3.085938,3.0117190000000003,-1,171.997053,23.761618
2025-08-11T09:09:26.005134,23365,3.003906,3.089844,3.0117190000000003,-1,171.936018,23.761618
2025-08-11T09:09:26.477135,23366,3.003906,3.082031,3.007812,-1,172.058088,23.761618
2025-08-11T09:09:26.938134,23367,3.003906,3.085938,3.0117190000000003,-1,172.119123,23.771058
2025-08-11T09:09:27.410134,23368,3.003906,3.085938,3.0117190000000003,-1,172.058088,23.771058
2025-08-11T09:09:27.852135,23369,3.007812,3.085938,3.0117190000000003,-1,172.058088,23.761618
2025-08-11T09:09:28.296133,23370,3.003906,3.085938,3.015625,-1,172.119123,23.771058
2025-08-11T09:09:28.724133,23371,3.007812,3.089844,3.0117190000000003,-1,172.119123,23.771058
2025-08-11T09:09:29.210172,23372,3.003906,3.082031,3.007812,-1,171.997053,23.771058
2025-08-11T09:09:29.675173,23373,3.007812,3.085938,3.0117190000000003,-1,172.119123,23.771058
2025-08-11T09:09:30.257172,23374,3.007812,3.085938,3.015625,-1,171.936018,23.771058
2025-08-11T09:09:30.996236,23375,3.007812,3.085938,3.015625,-1,172.119123,23.761618
2025-08-11T09:09:32.346315,23376,3.007812,3.085938,3.019531,-1,172.058088,23.771058
2025-08-11T09:09:33.532313,23377,3.003906,3.09375,3.0117190000000003,-1,172.058088,23.771058
2025-08-11T09:09:34.074313,23378,3.007812,3.089844,3.015625,-1,171.874982,23.780498
2025-08-11T09:09:34.520313,23379,3.003906,3.089844,3.0117190000000003,-1,171.936018,23.789937
2025-08-11T09:09:35.004316,23380,3.003906,3.085938,3.0117190000000003,-1,171.874982,23.780498
2025-08-11T09:09:35.645313,23381,3.003906,3.089844,3.0117190000000003,-1,171.936018,23.780498
2025-08-11T09:09:37.526317,23382,3.003906,3.085938,3.015625,-1,171.813947,23.771058
2025-08-11T09:09:38.198313,23383,3.007812,3.085938,3.0117190000000003,-1,171.752912,23.789937
2025-08-11T09:09:38.629314,23384,3.003906,3.085938,3.015625,-1,171.936018,23.780498
2025-08-11T09:09:39.107316,23385,3.003906,3.089844,3.0117190000000003,-1,171.874982,23.780498
2025-08-11T09:09:39.615313,23386,3.003906,3.082031,3.015625,-1,171.874982,23.780498
2025-08-11T09:09:40.080316,23387,3.007812,3.085938,3.015625,-1,171.936018,23.780498
2025-08-11T09:09:40.500314,23388,3.003906,3.089844,3.015625,-1,171.874982,23.789937
2025-08-11T09:09:40.996317,23389,3.007812,3.082031,3.007812,-1,171.752912,23.780498
2025-08-11T09:09:41.511316,23390,3.003906,3.082031,3.0117190000000003,-1,171.813947,23.789937
2025-08-11T09:09:41.951316,23391,3.003906,3.085938,3.007812,-1,171.813947,23.789937
2025-08-11T09:09:42.465313,23392,3.003906,3.085938,3.0,-1,171.936018,23.789937
2025-08-11T09:09:42.939313,23393,3.007812,3.085938,3.015625,-1,171.936018,23.789937
2025-08-11T09:09:43.410315,23394,3.011719,3.085938,3.0117190000000003,-1,171.752912,23.789937
2025-08-11T09:09:43.857314,23395,3.007812,3.085938,3.007812,-1,171.813947,23.789937
2025-08-11T09:09:44.328315,23396,3.003906,3.085938,3.0117190000000003,-1,171.936018,23.789937
2025-08-11T09:09:44.771314,23397,3.003906,3.089844,3.007812,-1,171.752912,23.789937
2025-08-11T09:09:45.256313,23398,3.003906,3.082031,3.015625,-1,171.936018,23.789937
2025-08-11T09:09:45.698316,23399,3.003906,3.089844,3.007812,-1,171.813947,23.799377
2025-08-11T09:09:46.224313,23400,3.003906,3.089844,3.0117190000000003,-1,171.752912,23.799377
2025-08-11T09:09:46.696330,23401,3.007812,3.085938,3.015625,-1,171.752912,23.799377
2025-08-11T09:09:47.137314,23402,3.007812,3.082031,3.015625,-1,171.936018,23.799377
2025-08-11T09:09:47.614314,23403,3.007812,3.085938,3.015625,-1,171.813947,23.789937
2025-08-11T09:09:48.178313,23404,3.003906,3.089844,3.023438,-1,171.874982,23.780498
2025-08-11T09:09:48.650315,23405,3.011719,3.082031,3.015625,-1,171.936018,23.780498
2025-08-11T09:09:49.177317,23406,3.003906,3.085938,3.019531,-1,171.874982,23.771058
2025-08-11T09:09:49.621315,23407,3.007812,3.082031,3.015625,-1,171.813947,23.771058
2025-08-11T09:09:50.139314,23408,3.003906,3.085938,3.007812,-1,171.874982,23.771058
2025-08-11T09:09:50.603316,23409,3.007812,3.089844,3.015625,-1,171.752912,23.780498
2025-08-11T09:09:50.973315,23410,3.003906,3.085938,3.015625,-1,171.874982,23.780498
2025-08-11T09:09:51.450323,23411,3.003906,3.089844,3.0117190000000003,-1,171.752912,23.771058
2025-08-11T09:09:51.892314,23412,3.003906,3.085938,3.015625,-1,171.936018,23.780498
2025-08-11T09:09:52.373318,23413,3.007812,3.085938,3.015625,-1,171.874982,23.771058
2025-08-11T09:09:52.815315,23414,3.007812,3.085938,3.015625,-1,171.752912,23.771058
2025-08-11T09:09:53.389313,23415,3.003906,3.085938,3.007812,-1,171.813947,23.789937
2025-08-11T09:09:53.819313,23416,3.003906,3.082031,3.0117190000000003,-1,171.874982,23.789937
2025-08-11T09:09:54.282965,23417,3.003906,3.085938,3.0117190000000003,-1,171.691877,23.780498
2025-08-11T09:09:54.767975,23418,3.003906,3.085938,3.015625,-1,171.752912,23.789937
2025-08-11T09:09:55.265972,23419,3.007812,3.085938,3.0117190000000003,-1,171.752912,23.789937
2025-08-11T09:09:55.724970,23420,3.011719,3.085938,3.015625,-1,171.813947,23.799377
2025-08-11T09:09:56.230974,23421,3.003906,3.089844,3.015625,-1,171.630842,23.789937
2025-08-11T09:09:56.718967,23422,3.003906,3.085938,3.015625,-1,171.813947,23.789937
2025-08-11T09:09:57.201968,23423,3.003906,3.089844,3.0117190000000003,-1,171.752912,23.799377
2025-08-11T09:09:57.686967,23424,3.007812,3.085938,3.019531,-1,171.630842,23.799377
2025-08-11T09:09:58.157971,23425,3.003906,3.082031,3.0117190000000003,-1,171.630842,23.799377
2025-08-11T09:09:58.641971,23426,3.007812,3.085938,3.007812,-1,171.630842,23.808817
2025-08-11T09:09:59.118972,23427,3.007812,3.085938,3.0117190000000003,-1,171.813947,23.808817
2025-08-11T09:09:59.623969,23428,3.007812,3.082031,3.007812,-1,171.691877,23.808817
2025-08-11T09:10:00.035969,23429,3.007812,3.085938,3.015625,-1,171.630842,23.799377
2025-08-11T09:10:00.537970,23430,3.007812,3.089844,3.015625,-1,171.691877,23.799377
2025-08-11T09:10:01.031970,23431,3.003906,3.085938,3.007812,-1,171.813947,23.808817
2025-08-11T09:10:01.562967,23432,3.003906,3.089844,3.015625,-1,171.752912,23.808817
2025-08-11T09:10:02.028966,23433,3.003906,3.089844,3.015625,-1,171.630842,23.808817
2025-08-11T09:10:02.515968,23434,3.007812,3.089844,3.0117190000000003,-1,171.691877,23.808817
2025-08-11T09:10:03.006968,23435,3.003906,3.085938,3.015625,-1,171.752912,23.808817
2025-08-11T09:10:03.492970,23436,3.003906,3.085938,3.015625,-1,171.630842,23.799377
2025-08-11T09:10:03.944967,23437,3.003906,3.089844,3.019531,-1,171.569807,23.799377
2025-08-11T09:10:04.500969,23438,3.003906,3.085938,3.0117190000000003,-1,171.569807,23.799377
2025-08-11T09:10:04.942965,23439,3.003906,3.085938,3.0117190000000003,-1,171.813947,23.799377
2025-08-11T09:10:05.426967,23440,3.007812,3.089844,3.015625,-1,171.752912,23.799377
2025-08-11T09:10:05.859968,23441,3.007812,3.089844,3.019531,-1,171.630842,23.799377
2025-08-11T09:10:06.327970,23442,3.003906,3.082031,3.015625,-1,171.813947,23.799377
2025-08-11T09:10:06.856967,23443,3.015625,3.082031,3.019531,-1,171.813947,23.799377
2025-08-11T09:10:07.356973,23444,3.003906,3.085938,3.015625,-1,171.691877,23.780498
2025-08-11T09:10:07.884966,23445,3.011719,3.085938,3.0117190000000003,-1,171.813947,23.789937
2025-08-11T09:10:08.371966,23446,3.003906,3.085938,3.019531,-1,171.752912,23.789937
2025-08-11T09:10:08.804966,23447,3.003906,3.085938,3.019531,-1,171.936018,23.780498
2025-08-11T09:10:09.266970,23448,3.003906,3.085938,3.019531,-1,171.752912,23.789937
2025-08-11T09:10:09.700967,23449,3.003906,3.085938,3.019531,-1,171.691877,23.789937
2025-08-11T09:10:10.215067,23450,3.003906,3.085938,3.019531,-1,171.813947,23.789937
2025-08-11T09:10:10.655067,23451,3.007812,3.085938,3.007812,-1,171.813947,23.789937
2025-08-11T09:10:11.021066,23452,3.007812,3.082031,3.019531,-1,171.874982,23.789937
2025-08-11T09:10:11.490065,23453,3.003906,3.082031,3.015625,-1,171.691877,23.780498
2025-08-11T09:10:11.945065,23454,3.003906,3.085938,3.0117190000000003,-1,171.691877,23.780498
2025-08-11T09:10:12.425065,23455,3.007812,3.085938,3.007812,-1,171.813947,23.780498
2025-08-11T09:10:12.896065,23456,3.007812,3.089844,3.007812,-1,171.691877,23.789937
2025-08-11T09:10:13.363065,23457,3.011719,3.089844,3.0117190000000003,-1,171.691877,23.789937
2025-08-11T09:10:13.782065,23458,3.007812,3.089844,3.007812,-1,171.691877,23.780498
2025-08-11T09:10:14.273071,23459,3.003906,3.085938,3.0117190000000003,-1,171.630842,23.789937
2025-08-11T09:10:14.710065,23460,3.007812,3.089844,3.015625,-1,171.813947,23.789937
2025-08-11T09:10:15.177065,23461,3.007812,3.085938,3.0117190000000003,-1,171.752912,23.780498
2025-08-11T09:10:15.629066,23462,3.003906,3.085938,3.0273440000000003,-1,171.874982,23.789937
2025-08-11T09:10:15.989066,23463,3.003906,3.089844,3.019531,-1,171.691877,23.789937
2025-08-11T09:10:16.459067,23464,3.003906,3.085938,3.007812,-1,171.752912,23.789937
2025-08-11T09:10:16.892068,23465,3.007812,3.085938,3.019531,-1,171.813947,23.789937
2025-08-11T09:10:17.357066,23466,3.003906,3.089844,3.019531,-1,171.691877,23.789937
2025-08-11T09:10:17.785067,23467,3.003906,3.085938,3.015625,-1,171.752912,23.789937
2025-08-11T09:10:18.245069,23468,3.003906,3.085938,3.019531,-1,171.874982,23.808817
2025-08-11T09:10:18.714952,23469,3.003906,3.089844,3.0117190000000003,-1,171.630842,23.789937
2025-08-11T09:10:19.244953,23470,3.003906,3.089844,3.015625,-1,171.752912,23.799377
2025-08-11T09:10:19.714952,23471,3.003906,3.085938,3.0117190000000003,-1,171.630842,23.799377
2025-08-11T09:10:20.177953,23472,3.007812,3.085938,3.0117190000000003,-1,171.813947,23.789937
2025-08-11T09:10:20.615953,23473,3.003906,3.089844,3.019531,-1,171.874982,23.789937
2025-08-11T09:10:20.997956,23474,3.011719,3.085938,3.019531,-1,171.874982,23.799377
2025-08-11T09:10:21.467952,23475,3.003906,3.085938,3.019531,-1,171.874982,23.789937
2025-08-11T09:10:21.917954,23476,3.003906,3.089844,3.007812,-1,171.874982,23.799377
2025-08-11T09:10:22.370953,23477,3.007812,3.085938,3.015625,-1,171.691877,23.808817
2025-08-11T09:10:22.807953,23478,3.007812,3.082031,3.0117190000000003,-1,171.752912,23.799377
2025-08-11T09:10:23.262952,23479,3.007812,3.089844,3.0117190000000003,-1,171.813947,23.799377
2025-08-11T09:10:23.931188,23480,3.011719,3.085938,3.015625,-1,171.752912,23.799377
2025-08-11T09:10:24.419188,23481,3.007812,3.082031,3.019531,-1,171.630842,23.799377
2025-08-11T09:10:24.868795,23482,3.003906,3.085938,3.015625,-1,171.813947,23.799377
2025-08-11T09:10:25.416794,23483,3.003906,3.089844,3.0117190000000003,-1,171.569807,23.799377
2025-08-11T09:10:25.845147,23484,3.011719,3.089844,3.0117190000000003,-1,171.752912,23.799377
2025-08-11T09:10:26.333146,23485,3.003906,3.085938,3.015625,-1,171.691877,23.799377
2025-08-11T09:10:26.769149,23486,3.003906,3.085938,3.015625,-1,171.630842,23.808817
2025-08-11T09:10:27.264084,23487,3.007812,3.085938,3.015625,-1,171.508772,23.808817
2025-08-11T09:10:27.697113,23488,3.007812,3.089844,3.007812,-1,171.630842,23.799377
2025-08-11T09:10:28.148113,23489,3.003906,3.089844,3.015625,-1,171.630842,23.808817
2025-08-11T09:10:28.508113,23490,3.007812,3.089844,3.015625,-1,171.569807,23.808817
2025-08-11T09:10:28.942112,23491,3.003906,3.082031,3.007812,-1,171.630842,23.808817
2025-08-11T09:10:29.393113,23492,3.007812,3.089844,3.0117190000000003,-1,171.569807,23.799377
2025-08-11T09:10:29.808111,23493,3.003906,3.085938,3.019531,-1,171.752912,23.808817
2025-08-11T09:10:30.283112,23494,3.003906,3.089844,3.0117190000000003,-1,171.630842,23.799377
2025-08-11T09:10:30.702114,23495,3.007812,3.082031,3.0117190000000003,-1,171.752912,23.799377
2025-08-11T09:10:31.127093,23496,3.003906,3.085938,3.0117190000000003,-1,171.569807,23.789937
2025-08-11T09:10:31.515706,23497,3.007812,3.085938,3.015625,-1,171.691877,23.799377
2025-08-11T09:10:32.067706,23498,3.003906,3.085938,3.0117190000000003,-1,171.447736,23.799377
2025-08-11T09:10:32.564876,23499,3.003906,3.089844,3.015625,-1,171.630842,23.799377
2025-08-11T09:10:32.986876,23500,3.003906,3.085938,3.015625,-1,171.508772,23.799377
2025-08-11T09:10:33.737674,23501,3.003906,3.085938,3.0117190000000003,-1,171.569807,23.799377
2025-08-11T09:10:34.223666,23502,3.007812,3.085938,3.019531,-1,171.508772,23.789937
2025-08-11T09:10:34.650240,23503,3.003906,3.082031,3.015625,-1,171.569807,23.789937
2025-08-11T09:10:35.150297,23504,3.007812,3.085938,3.0117190000000003,-1,171.691877,23.789937
2025-08-11T09:10:35.583298,23505,3.003906,3.089844,3.0117190000000003,-1,171.691877,23.789937
2025-08-11T09:10:36.086649,23506,3.003906,3.089844,3.015625,-1,171.508772,23.789937
2025-08-11T09:10:36.558123,23507,3.007812,3.09375,3.0117190000000003,-1,171.691877,23.799377
2025-08-11T09:10:37.013732,23508,3.011719,3.082031,3.015625,-1,171.508772,23.799377
2025-08-11T09:10:37.516742,23509,3.007812,3.085938,3.0117190000000003,-1,171.569807,23.808817
2025-08-11T09:10:37.945958,23510,3.003906,3.085938,3.019531,-1,171.691877,23.808817
2025-08-11T09:10:38.376955,23511,3.003906,3.089844,3.0117190000000003,-1,171.630842,23.808817
2025-08-11T09:10:38.810956,23512,3.007812,3.085938,3.019531,-1,171.569807,23.818257
2025-08-11T09:10:39.185957,23513,3.003906,3.085938,3.0117190000000003,-1,171.630842,23.808817
2025-08-11T09:10:39.622967,23514,3.003906,3.085938,3.007812,-1,171.569807,23.818257
2025-08-11T09:10:40.090965,23515,3.003906,3.089844,3.007812,-1,171.752912,23.818257
2025-08-11T09:10:40.537787,23516,3.003906,3.085938,3.019531,-1,171.569807,23.827697
2025-08-11T09:10:40.968787,23517,3.003906,3.085938,3.0117190000000003,-1,171.630842,23.827697
2025-08-11T09:10:41.408767,23518,3.007812,3.082031,3.015625,-1,171.630842,23.827697
2025-08-11T09:10:41.839768,23519,3.015625,3.089844,3.0117190000000003,-1,171.569807,23.818257
2025-08-11T09:10:42.218837,23520,3.011719,3.085938,3.0117190000000003,-1,171.569807,23.827697
2025-08-11T09:10:42.737836,23521,3.003906,3.089844,3.0117190000000003,-1,171.569807,23.827697
2025-08-11T09:10:43.433579,23522,3.007812,3.085938,3.0117190000000003,-1,171.752912,23.827697
2025-08-11T09:10:43.892591,23523,3.003906,3.082031,3.015625,-1,171.691877,23.827697
2025-08-11T09:10:44.335100,23524,3.003906,3.089844,3.015625,-1,171.691877,23.827697
2025-08-11T09:10:44.817123,23525,3.003906,3.085938,3.015625,-1,171.691877,23.827697
2025-08-11T09:10:45.281131,23526,3.003906,3.085938,3.015625,-1,171.752912,23.827697
2025-08-11T09:10:45.744971,23527,3.015625,3.082031,3.0117190000000003,-1,171.630842,23.827697
2025-08-11T09:10:46.220492,23528,3.007812,3.089844,3.019531,-1,171.569807,23.827697
2025-08-11T09:10:46.674382,23529,3.003906,3.082031,3.015625,-1,171.569807,23.827697
2025-08-11T09:10:47.154983,23530,3.003906,3.085938,3.015625,-1,171.630842,23.827697
2025-08-11T09:10:47.579988,23531,3.007812,3.085938,3.015625,-1,171.569807,23.827697
2025-08-11T09:10:48.003988,23532,3.003906,3.085938,3.0117190000000003,-1,171.752912,23.827697
2025-08-11T09:10:48.383001,23533,3.007812,3.085938,3.015625,-1,171.630842,23.827697
2025-08-11T09:10:48.813011,23534,3.003906,3.089844,3.0117190000000003,-1,171.630842,23.837137
2025-08-11T09:10:49.275399,23535,3.003906,3.085938,3.007812,-1,171.752912,23.827697
2025-08-11T09:10:49.810731,23536,3.003906,3.089844,3.015625,-1,171.752912,23.827697
2025-08-11T09:10:50.240727,23537,3.003906,3.082031,3.015625,-1,171.752912,23.827697
2025-08-11T09:10:50.704738,23538,3.007812,3.085938,3.0117190000000003,-1,171.691877,23.827697
2025-08-11T09:10:51.184740,23539,3.003906,3.082031,3.007812,-1,171.691877,23.827697
2025-08-11T09:10:51.638738,23540,3.003906,3.089844,3.007812,-1,171.752912,23.827697
2025-08-11T09:10:52.091493,23541,3.003906,3.089844,3.007812,-1,171.752912,23.827697
2025-08-11T09:10:52.561323,23542,3.003906,3.085938,3.007812,-1,171.569807,23.818257
2025-08-11T09:10:52.995324,23543,3.003906,3.09375,3.015625,-1,171.813947,23.818257
2025-08-11T09:10:53.399320,23544,3.011719,3.089844,3.0117190000000003,-1,171.691877,23.818257
2025-08-11T09:10:53.847321,23545,3.011719,3.085938,3.007812,-1,171.813947,23.818257
2025-08-11T09:10:54.273320,23546,3.007812,3.089844,3.015625,-1,171.691877,23.818257
2025-08-11T09:10:54.726321,23547,3.011719,3.089844,3.015625,-1,171.752912,23.818257
2025-08-11T09:10:55.174320,23548,3.011719,3.082031,3.015625,-1,171.752912,23.818257
2025-08-11T09:10:55.662320,23549,3.007812,3.085938,3.019531,-1,171.691877,23.818257
2025-08-11T09:10:56.108321,23550,3.003906,3.085938,3.015625,-1,171.752912,23.818257
2025-08-11T09:10:56.553323,23551,3.007812,3.089844,3.015625,-1,171.691877,23.818257
2025-08-11T09:10:57.003320,23552,3.003906,3.085938,3.015625,-1,171.691877,23.818257
2025-08-11T09:10:57.467320,23553,3.011719,3.089844,3.015625,-1,171.813947,23.818257
2025-08-11T09:10:57.889320,23554,3.003906,3.082031,3.019531,-1,171.874982,23.818257
2025-08-11T09:10:58.325319,23555,3.003906,3.089844,3.007812,-1,171.691877,23.818257
2025-08-11T09:10:58.773067,23556,3.011719,3.089844,3.0117190000000003,-1,171.752912,23.808817
2025-08-11T09:10:59.210068,23557,3.003906,3.085938,3.0117190000000003,-1,171.813947,23.818257
2025-08-11T09:10:59.650067,23558,3.003906,3.085938,3.015625,-1,171.691877,23.808817
2025-08-11T09:11:00.075566,23559,3.011719,3.085938,3.007812,-1,171.813947,23.818257
2025-08-11T09:11:00.517568,23560,3.011719,3.085938,3.019531,-1,171.691877,23.818257
2025-08-11T09:11:00.942566,23561,3.007812,3.089844,3.019531,-1,171.630842,23.818257
2025-08-11T09:11:01.310565,23562,3.003906,3.085938,3.015625,-1,171.691877,23.818257
2025-08-11T09:11:01.740566,23563,3.007812,3.085938,3.003906,-1,171.691877,23.818257
2025-08-11T09:11:02.175567,23564,3.003906,3.085938,3.007812,-1,171.813947,23.808817
2025-08-11T09:11:02.647566,23565,3.003906,3.085938,3.0117190000000003,-1,171.691877,23.818257
2025-08-11T09:11:03.090566,23566,3.007812,3.085938,3.0117190000000003,-1,171.691877,23.818257
2025-08-11T09:11:03.558566,23567,3.003906,3.085938,3.007812,-1,171.813947,23.799377
2025-08-11T09:11:05.313851,23568,3.007812,3.085938,3.0117190000000003,-1,171.752912,23.818257
2025-08-11T09:11:05.764851,23569,3.003906,3.085938,3.019531,-1,171.691877,23.799377
2025-08-11T09:11:06.227852,23570,3.007812,3.089844,3.007812,-1,171.691877,23.808817
2025-08-11T09:11:06.717851,23571,3.007812,3.089844,3.0117190000000003,-1,171.813947,23.799377
2025-08-11T09:11:07.177851,23572,3.003906,3.078125,3.015625,-1,171.630842,23.808817
2025-08-11T09:11:07.621852,23573,3.003906,3.085938,3.015625,-1,171.691877,23.808817
2025-08-11T09:11:08.076853,23574,3.003906,3.089844,3.019531,-1,171.630842,23.808817
2025-08-11T09:11:08.535851,23575,3.007812,3.085938,3.0117190000000003,-1,171.630842,23.808817
2025-08-11T09:11:09.011851,23576,3.007812,3.085938,3.019531,-1,171.813947,23.808817
2025-08-11T09:11:09.472851,23577,3.007812,3.085938,3.015625,-1,171.813947,23.818257
2025-08-11T09:11:09.907853,23578,3.003906,3.089844,3.015625,-1,171.691877,23.808817
2025-08-11T09:11:10.358850,23579,3.007812,3.085938,3.0117190000000003,-1,171.630842,23.818257
2025-08-11T09:11:10.729851,23580,3.007812,3.085938,3.007812,-1,171.630842,23.808817
2025-08-11T09:11:11.175851,23581,3.007812,3.085938,3.019531,-1,171.813947,23.808817
2025-08-11T09:11:11.617854,23582,3.003906,3.082031,3.007812,-1,171.691877,23.818257
2025-08-11T09:11:12.066861,23583,3.003906,3.085938,3.023438,-1,171.752912,23.818257
2025-08-11T09:11:12.502851,23584,3.011719,3.089844,3.015625,-1,171.813947,23.818257
2025-08-11T09:11:12.932851,23585,3.007812,3.085938,3.0117190000000003,-1,171.813947,23.818257
2025-08-11T09:11:13.399851,23586,3.003906,3.085938,3.007812,-1,171.752912,23.818257
2025-08-11T09:11:13.831851,23587,3.011719,3.089844,3.015625,-1,171.752912,23.808817
2025-08-11T09:11:14.201851,23588,3.007812,3.089844,3.0117190000000003,-1,171.630842,23.818257
2025-08-11T09:11:14.697858,23589,3.003906,3.089844,3.0117190000000003,-1,171.752912,23.808817
2025-08-11T09:11:15.131852,23590,3.003906,3.082031,3.019531,-1,171.630842,23.818257
2025-08-11T09:11:15.618465,23591,3.003906,3.082031,3.015625,-1,171.630842,23.818257
2025-08-11T09:11:16.083782,23592,3.011719,3.085938,3.003906,-1,171.691877,23.818257
2025-08-11T09:11:16.601576,23593,3.007812,3.085938,3.019531,-1,171.630842,23.818257
2025-08-11T09:11:17.190576,23594,3.007812,3.089844,3.0117190000000003,-1,171.691877,23.818257
2025-08-11T09:11:17.682576,23595,3.011719,3.085938,3.007812,-1,171.691877,23.818257
2025-08-11T09:11:18.162577,23596,3.007812,3.085938,3.007812,-1,171.630842,23.818257
2025-08-11T09:11:18.779275,23597,3.003906,3.085938,3.0117190000000003,-1,171.691877,23.818257
2025-08-11T09:11:19.255275,23598,3.011719,3.089844,3.015625,-1,171.813947,23.818257
2025-08-11T09:11:19.684275,23599,3.003906,3.085938,3.0117190000000003,-1,171.752912,23.808817
2025-08-11T09:11:20.326981,23600,3.003906,3.085938,3.007812,-1,171.630842,23.827697
2025-08-11T09:11:20.807347,23601,3.007812,3.085938,3.0273440000000003,-1,171.752912,23.818257
2025-08-11T09:11:21.285346,23602,3.003906,3.089844,3.0117190000000003,-1,171.813947,23.818257
2025-08-11T09:11:21.736349,23603,3.007812,3.085938,3.015625,-1,171.691877,23.818257
2025-08-11T09:11:22.445346,23604,3.007812,3.085938,3.003906,-1,171.752912,23.818257
2025-08-11T09:11:22.906347,23605,3.011719,3.089844,3.015625,-1,171.752912,23.818257
2025-08-11T09:11:23.339365,23606,3.003906,3.089844,3.0117190000000003,-1,171.691877,23.818257
2025-08-11T09:11:23.775786,23607,3.003906,3.085938,3.019531,-1,171.813947,23.818257
2025-08-11T09:11:24.243938,23608,3.003906,3.089844,3.003906,-1,171.752912,23.818257
2025-08-11T09:11:24.673939,23609,3.003906,3.082031,3.0117190000000003,-1,171.630842,23.827697
2025-08-11T09:11:25.102939,23610,3.007812,3.085938,3.0117190000000003,-1,171.752912,23.827697
2025-08-11T09:11:25.529678,23611,3.003906,3.085938,3.015625,-1,171.752912,23.818257
2025-08-11T09:11:25.987679,23612,3.003906,3.085938,3.0117190000000003,-1,171.691877,23.827697
2025-08-11T09:11:26.375556,23613,3.007812,3.089844,3.003906,-1,171.691877,23.818257
2025-08-11T09:11:26.799187,23614,3.007812,3.085938,3.0117190000000003,-1,171.874982,23.827697
2025-08-11T09:11:27.243197,23615,3.003906,3.085938,3.015625,-1,171.691877,23.827697
2025-08-11T09:11:27.690100,23616,3.003906,3.082031,3.015625,-1,171.630842,23.827697
2025-08-11T09:11:28.120541,23617,3.003906,3.089844,3.0117190000000003,-1,171.630842,23.827697
2025-08-11T09:11:28.565924,23618,3.007812,3.089844,3.015625,-1,171.630842,23.827697
2025-08-11T09:11:28.998924,23619,3.011719,3.085938,3.0117190000000003,-1,171.691877,23.818257
2025-08-11T09:11:29.368920,23620,3.007812,3.085938,3.0117190000000003,-1,171.569807,23.818257
2025-08-11T09:11:29.809920,23621,3.003906,3.085938,3.0117190000000003,-1,171.813947,23.827697
2025-08-11T09:11:30.247948,23622,3.003906,3.085938,3.015625,-1,171.630842,23.827697
2025-08-11T09:11:30.751960,23623,3.007812,3.082031,3.007812,-1,171.630842,23.827697
2025-08-11T09:11:31.184958,23624,3.007812,3.085938,3.015625,-1,171.752912,23.818257
2025-08-11T09:11:31.636967,23625,3.003906,3.085938,3.0117190000000003,-1,171.630842,23.827697
2025-08-11T09:11:32.064968,23626,3.011719,3.085938,3.015625,-1,171.752912,23.818257
2025-08-11T09:11:32.505588,23627,3.003906,3.085938,3.0117190000000003,-1,171.569807,23.827697
2025-08-11T09:11:32.873095,23628,3.003906,3.089844,3.0117190000000003,-1,171.813947,23.818257
2025-08-11T09:11:33.348468,23629,3.003906,3.089844,3.0117190000000003,-1,171.630842,23.818257
2025-08-11T09:11:33.790470,23630,3.003906,3.082031,3.015625,-1,171.813947,23.818257
2025-08-11T09:11:34.216469,23631,3.007812,3.085938,3.015625,-1,171.630842,23.818257
2025-08-11T09:11:34.658469,23632,3.003906,3.089844,3.0117190000000003,-1,171.569807,23.818257
2025-08-11T09:11:35.153474,23633,3.003906,3.085938,3.015625,-1,171.569807,23.827697
2025-08-11T09:11:35.588472,23634,3.003906,3.085938,3.0117190000000003,-1,171.691877,23.827697
2025-08-11T09:11:36.034469,23635,3.003906,3.085938,3.015625,-1,171.691877,23.827697
2025-08-11T09:11:36.521470,23636,3.003906,3.085938,3.015625,-1,171.691877,23.818257
2025-08-11T09:11:37.009469,23637,3.007812,3.089844,3.015625,-1,171.630842,23.818257
2025-08-11T09:11:37.384469,23638,3.003906,3.085938,3.0117190000000003,-1,171.691877,23.827697
2025-08-11T09:11:37.816469,23639,3.003906,3.089844,3.007812,-1,171.569807,23.818257
2025-08-11T09:11:38.265771,23640,3.003906,3.085938,3.015625,-1,171.752912,23.827697
2025-08-11T09:11:38.701774,23641,3.003906,3.085938,3.019531,-1,171.630842,23.827697
2025-08-11T09:11:39.130792,23642,3.003906,3.089844,3.019531,-1,171.691877,23.827697
2025-08-11T09:11:39.575794,23643,3.003906,3.085938,3.007812,-1,171.691877,23.827697
2025-08-11T09:11:40.008208,23644,3.003906,3.089844,3.015625,-1,171.447736,23.827697
2025-08-11T09:11:40.381102,23645,3.003906,3.082031,3.015625,-1,171.447736,23.827697
2025-08-11T09:11:40.824539,23646,3.003906,3.085938,3.015625,-1,171.264631,23.827697
2025-08-11T09:11:41.287937,23647,3.003906,3.09375,3.015625,-1,171.447736,23.837137
2025-08-11T09:11:41.727934,23648,3.003906,3.085938,3.015625,-1,171.447736,23.827697
2025-08-11T09:11:42.210932,23649,3.011719,3.085938,3.0117190000000003,-1,171.264631,23.827697
2025-08-11T09:11:42.643932,23650,3.003906,3.085938,3.007812,-1,171.325666,23.827697
2025-08-11T09:11:43.081933,23651,3.007812,3.085938,3.019531,-1,171.447736,23.818257
2025-08-11T09:11:43.515932,23652,3.003906,3.085938,3.019531,-1,171.386701,23.827697
2025-08-11T09:11:43.877931,23653,3.003906,3.089844,3.007812,-1,171.325666,23.827697
2025-08-11T09:11:44.458931,23654,3.003906,3.085938,3.015625,-1,171.386701,23.827697
2025-08-11T09:11:44.821954,23655,3.007812,3.089844,3.019531,-1,171.203596,23.827697
2025-08-11T09:11:45.283951,23656,3.003906,3.085938,3.015625,-1,171.386701,23.837137
2025-08-11T09:11:45.744950,23657,3.007812,3.085938,3.015625,-1,171.203596,23.827697
2025-08-11T09:11:46.172472,23658,3.003906,3.085938,3.0117190000000003,-1,171.386701,23.818257
2025-08-11T09:11:46.719472,23659,3.003906,3.089844,3.015625,-1,171.325666,23.837137
2025-08-11T09:11:47.144472,23660,3.007812,3.085938,3.019531,-1,171.325666,23.818257
2025-08-11T09:11:47.593473,23661,3.003906,3.089844,3.015625,-1,171.386701,23.837137
2025-08-11T09:11:48.026472,23662,3.003906,3.09375,3.019531,-1,171.264631,23.827697
2025-08-11T09:11:48.394473,23663,3.007812,3.085938,3.0117190000000003,-1,171.203596,23.827697
2025-08-11T09:11:48.866483,23664,3.007812,3.089844,3.015625,-1,171.264631,23.827697
2025-08-11T09:11:49.308482,23665,3.003906,3.082031,3.015625,-1,171.386701,23.827697
2025-08-11T09:11:49.746483,23666,3.007812,3.082031,3.0117190000000003,-1,171.264631,23.827697
2025-08-11T09:11:50.181255,23667,3.003906,3.085938,3.0117190000000003,-1,171.325666,23.818257
2025-08-11T09:11:50.615723,23668,3.003906,3.09375,3.015625,-1,171.203596,23.827697
2025-08-11T09:11:51.183631,23669,3.003906,3.089844,3.019531,-1,171.447736,23.827697
2025-08-11T09:11:51.687631,23670,3.003906,3.082031,3.0117190000000003,-1,171.325666,23.818257
2025-08-11T09:11:52.149644,23671,3.007812,3.085938,3.015625,-1,171.203596,23.827697
2025-08-11T09:11:52.597644,23672,3.003906,3.085938,3.007812,-1,171.447736,23.827697
2025-08-11T09:11:53.048644,23673,3.003906,3.082031,3.015625,-1,171.386701,23.827697
2025-08-11T09:11:53.484645,23674,3.007812,3.085938,3.015625,-1,171.386701,23.818257
2025-08-11T09:11:53.868644,23675,3.003906,3.085938,3.023438,-1,171.386701,23.818257
2025-08-11T09:11:54.303668,23676,3.011719,3.085938,3.007812,-1,171.325666,23.818257
2025-08-11T09:11:54.753357,23677,3.015625,3.085938,3.015625,-1,171.325666,23.818257
2025-08-11T09:11:55.229356,23678,3.007812,3.085938,3.015625,-1,171.325666,23.818257
2025-08-11T09:11:55.712225,23679,3.007812,3.089844,3.0117190000000003,-1,171.264631,23.818257
2025-08-11T09:11:56.342281,23680,3.007812,3.085938,3.0117190000000003,-1,171.447736,23.818257
2025-08-11T09:11:56.779282,23681,3.003906,3.089844,3.0117190000000003,-1,171.386701,23.827697
2025-08-11T09:11:57.288283,23682,3.007812,3.085938,3.0117190000000003,-1,171.447736,23.818257
2025-08-11T09:11:57.733281,23683,3.003906,3.089844,3.015625,-1,171.508772,23.837137
2025-08-11T09:11:58.186281,23684,3.007812,3.085938,3.015625,-1,171.691877,23.827697
2025-08-11T09:11:58.654282,23685,3.003906,3.085938,3.007812,-1,171.508772,23.827697
2025-08-11T09:11:59.098281,23686,3.003906,3.089844,3.015625,-1,171.630842,23.827697
2025-08-11T09:11:59.561282,23687,3.003906,3.085938,3.0117190000000003,-1,171.569807,23.827697
2025-08-11T09:11:59.994281,23688,3.003906,3.085938,3.019531,-1,171.569807,23.827697
2025-08-11T09:12:00.362282,23689,3.007812,3.085938,3.015625,-1,171.630842,23.837137
2025-08-11T09:12:00.821284,23690,3.003906,3.089844,3.0117190000000003,-1,171.691877,23.837137
2025-08-11T09:12:01.260282,23691,3.011719,3.085938,3.019531,-1,171.691877,23.827697
2025-08-11T09:12:01.711282,23692,3.007812,3.085938,3.007812,-1,171.752912,23.827697
2025-08-11T09:12:02.169280,23693,3.007812,3.085938,3.015625,-1,171.813947,23.827697
2025-08-11T09:12:02.597281,23694,3.003906,3.089844,3.015625,-1,171.691877,23.818257
2025-08-11T09:12:03.089281,23695,3.003906,3.089844,3.019531,-1,171.752912,23.818257
2025-08-11T09:12:03.525281,23696,3.003906,3.085938,3.0117190000000003,-1,171.813947,23.818257
2025-08-11T09:12:03.888281,23697,3.003906,3.089844,3.015625,-1,171.691877,23.818257
2025-08-11T09:12:04.307282,23698,3.003906,3.082031,3.015625,-1,171.630842,23.818257
2025-08-11T09:12:04.740284,23699,3.007812,3.085938,3.019531,-1,171.691877,23.818257
2025-08-11T09:12:05.174281,23700,3.003906,3.089844,3.0117190000000003,-1,171.752912,23.818257
2025-08-11T09:12:05.609282,23701,3.007812,3.089844,3.007812,-1,171.691877,23.818257
2025-08-11T09:12:06.036787,23702,3.003906,3.085938,3.023438,-1,171.691877,23.818257
2025-08-11T09:12:06.396787,23703,3.007812,3.085938,3.015625,-1,171.874982,23.818257
2025-08-11T09:12:07.011750,23704,3.007812,3.085938,3.015625,-1,171.691877,23.818257
2025-08-11T09:12:07.440751,23705,3.007812,3.082031,3.019531,-1,171.813947,23.818257
2025-08-11T09:12:07.924930,23706,3.003906,3.085938,3.0117190000000003,-1,171.691877,23.818257
2025-08-11T09:12:08.379929,23707,3.007812,3.085938,3.015625,-1,171.691877,23.808817
2025-08-11T09:12:08.897544,23708,3.003906,3.082031,3.015625,-1,171.691877,23.818257
2025-08-11T09:12:09.414545,23709,3.007812,3.085938,3.015625,-1,171.691877,23.808817
2025-08-11T09:12:09.850396,23710,3.007812,3.085938,3.0117190000000003,-1,171.691877,23.799377
2025-08-11T09:12:10.284398,23711,3.003906,3.082031,3.015625,-1,171.691877,23.799377
2025-08-11T09:12:10.714398,23712,3.003906,3.085938,3.019531,-1,171.691877,23.799377
2025-08-11T09:12:11.160398,23713,3.003906,3.089844,3.0117190000000003,-1,171.569807,23.799377
2025-08-11T09:12:11.597398,23714,3.007812,3.085938,3.0117190000000003,-1,171.813947,23.789937
2025-08-11T09:12:12.029397,23715,3.003906,3.082031,3.015625,-1,171.630842,23.780498
2025-08-11T09:12:12.459398,23716,3.003906,3.085938,3.019531,-1,171.691877,23.780498
2025-08-11T09:12:12.928397,23717,3.007812,3.082031,3.019531,-1,171.752912,23.771058
2025-08-11T09:12:13.369397,23718,3.003906,3.085938,3.015625,-1,171.691877,23.771058
2025-08-11T09:12:13.803397,23719,3.003906,3.089844,3.019531,-1,171.630842,23.771058
2025-08-11T09:12:14.232397,23720,3.003906,3.082031,3.015625,-1,171.813947,23.780498
2025-08-11T09:12:14.664397,23721,3.007812,3.085938,3.015625,-1,171.691877,23.761618
2025-08-11T09:12:15.113400,23722,3.003906,3.089844,3.0117190000000003,-1,171.752912,23.771058
2025-08-11T09:12:15.545358,23723,3.003906,3.089844,3.015625,-1,171.752912,23.771058
2025-08-11T09:12:15.919357,23724,3.003906,3.082031,3.015625,-1,171.569807,23.771058
2025-08-11T09:12:16.346357,23725,3.003906,3.089844,3.0117190000000003,-1,171.813947,23.771058
2025-08-11T09:12:16.779358,23726,3.003906,3.089844,3.015625,-1,171.691877,23.771058
2025-08-11T09:12:17.215357,23727,3.007812,3.085938,3.0117190000000003,-1,171.569807,23.771058
2025-08-11T09:12:17.643855,23728,3.007812,3.085938,3.019531,-1,171.630842,23.761618
2025-08-11T09:12:18.161857,23729,3.007812,3.089844,3.0117190000000003,-1,171.691877,23.761618
2025-08-11T09:12:18.599857,23730,3.003906,3.089844,3.007812,-1,171.813947,23.771058
2025-08-11T09:12:19.035856,23731,3.007812,3.089844,3.007812,-1,171.752912,23.771058
2025-08-11T09:12:19.406855,23732,3.003906,3.085938,3.007812,-1,171.813947,23.771058
2025-08-11T09:12:19.835569,23733,3.003906,3.085938,3.007812,-1,171.752912,23.771058
2025-08-11T09:12:20.276566,23734,3.007812,3.089844,3.0117190000000003,-1,171.813947,23.780498
2025-08-11T09:12:20.710566,23735,3.003906,3.082031,3.019531,-1,171.752912,23.780498
2025-08-11T09:12:21.151566,23736,3.003906,3.085938,3.0117190000000003,-1,171.874982,23.780498
2025-08-11T09:12:21.581566,23737,3.003906,3.085938,3.019531,-1,171.630842,23.789937
2025-08-11T09:12:22.012567,23738,3.003906,3.089844,3.015625,-1,171.691877,23.780498
2025-08-11T09:12:22.389565,23739,3.003906,3.089844,3.015625,-1,171.752912,23.789937
2025-08-11T09:12:22.825567,23740,3.003906,3.085938,3.007812,-1,171.691877,23.789937
2025-08-11T09:12:23.301566,23741,3.003906,3.085938,3.0117190000000003,-1,171.691877,23.789937
2025-08-11T09:12:23.736566,23742,3.003906,3.082031,3.0117190000000003,-1,171.813947,23.789937
2025-08-11T09:12:24.191566,23743,3.003906,3.089844,3.0117190000000003,-1,171.691877,23.799377
2025-08-11T09:12:24.712566,23744,3.007812,3.085938,3.007812,-1,171.752912,23.799377
2025-08-11T09:12:25.174566,23745,3.007812,3.089844,3.015625,-1,171.691877,23.799377
2025-08-11T09:12:25.827566,23746,3.011719,3.082031,3.015625,-1,171.752912,23.799377
2025-08-11T09:12:26.302567,23747,3.003906,3.089844,3.0117190000000003,-1,171.691877,23.808817
2025-08-11T09:12:26.785566,23748,3.007812,3.085938,3.015625,-1,171.691877,23.808817
2025-08-11T09:12:27.249566,23749,3.007812,3.089844,3.007812,-1,171.752912,23.808817
2025-08-11T09:12:27.675566,23750,3.011719,3.085938,3.015625,-1,171.569807,23.799377
2025-08-11T09:12:28.104565,23751,3.003906,3.089844,3.007812,-1,171.691877,23.808817
2025-08-11T09:12:28.544569,23752,3.011719,3.085938,3.015625,-1,171.630842,23.808817
2025-08-11T09:12:28.914567,23753,3.007812,3.089844,3.015625,-1,171.630842,23.808817
2025-08-11T09:12:29.349568,23754,3.003906,3.082031,3.0117190000000003,-1,171.752912,23.808817
2025-08-11T09:12:29.780568,23755,3.007812,3.085938,3.0273440000000003,-1,171.752912,23.808817
2025-08-11T09:12:30.229568,23756,3.003906,3.085938,3.019531,-1,171.691877,23.808817
2025-08-11T09:12:30.680567,23757,3.007812,3.085938,3.015625,-1,171.752912,23.808817
2025-08-11T09:12:31.117566,23758,3.003906,3.089844,3.007812,-1,171.630842,23.818257
2025-08-11T09:12:31.558566,23759,3.003906,3.085938,3.015625,-1,171.813947,23.808817
2025-08-11T09:12:31.934565,23760,3.007812,3.085938,3.019531,-1,171.691877,23.808817
2025-08-11T09:12:32.372734,23761,3.007812,3.085938,3.007812,-1,171.752912,23.808817
2025-08-11T09:12:32.816733,23762,3.003906,3.089844,3.007812,-1,171.752912,23.808817
2025-08-11T09:12:33.255736,23763,3.003906,3.089844,3.0117190000000003,-1,171.874982,23.818257
2025-08-11T09:12:33.745170,23764,3.003906,3.082031,3.015625,-1,171.813947,23.808817
2025-08-11T09:12:34.216172,23765,3.003906,3.085938,3.0117190000000003,-1,171.752912,23.789937
2025-08-11T09:12:34.651169,23766,3.007812,3.085938,3.019531,-1,171.752912,23.780498
2025-08-11T09:12:35.077169,23767,3.003906,3.089844,3.015625,-1,171.874982,23.780498
2025-08-11T09:12:35.462170,23768,3.003906,3.089844,3.023438,-1,171.752912,23.780498
2025-08-11T09:12:35.916169,23769,3.003906,3.085938,3.0117190000000003,-1,171.936018,23.780498
2025-08-11T09:12:36.351187,23770,3.003906,3.089844,3.015625,-1,171.813947,23.780498
2025-08-11T09:12:36.834362,23771,3.003906,3.085938,3.0117190000000003,-1,171.691877,23.771058
2025-08-11T09:12:37.316363,23772,3.011719,3.089844,3.0117190000000003,-1,171.874982,23.780498
2025-08-11T09:12:37.748106,23773,3.003906,3.089844,3.023438,-1,171.752912,23.771058
2025-08-11T09:12:38.180106,23774,3.007812,3.082031,3.007812,-1,171.874982,23.771058
2025-08-11T09:12:38.641106,23775,3.007812,3.089844,3.0117190000000003,-1,171.813947,23.761618
2025-08-11T09:12:39.082111,23776,3.003906,3.089844,3.007812,-1,171.691877,23.761618
2025-08-11T09:12:39.718602,23777,3.007812,3.082031,3.015625,-1,171.752912,23.761618
2025-08-11T09:12:40.156602,23778,3.003906,3.082031,3.0117190000000003,-1,171.752912,23.761618
2025-08-11T09:12:40.624601,23779,3.007812,3.085938,3.007812,-1,171.691877,23.761618
2025-08-11T09:12:41.057555,23780,3.003906,3.085938,3.0117190000000003,-1,171.874982,23.771058
2025-08-11T09:12:41.439559,23781,3.007812,3.085938,3.007812,-1,171.691877,23.780498
2025-08-11T09:12:41.877556,23782,3.003906,3.085938,3.003906,-1,171.813947,23.771058
2025-08-11T09:12:42.352557,23783,3.003906,3.085938,3.015625,-1,171.813947,23.780498
2025-08-11T09:12:42.794556,23784,3.003906,3.085938,3.019531,-1,171.752912,23.789937
2025-08-11T09:12:43.247555,23785,3.003906,3.082031,3.015625,-1,171.874982,23.789937
2025-08-11T09:12:43.675555,23786,3.007812,3.089844,3.0117190000000003,-1,171.813947,23.780498
2025-08-11T09:12:44.151556,23787,3.015625,3.085938,3.019531,-1,171.813947,23.771058
2025-08-11T09:12:44.605555,23788,3.011719,3.085938,3.015625,-1,171.691877,23.771058
2025-08-11T09:12:45.046555,23789,3.003906,3.089844,3.0117190000000003,-1,171.691877,23.771058
2025-08-11T09:12:45.431555,23790,3.003906,3.085938,3.019531,-1,171.691877,23.761618
2025-08-11T09:12:45.852555,23791,3.007812,3.082031,3.019531,-1,171.691877,23.771058
2025-08-11T09:12:46.274556,23792,3.003906,3.089844,3.015625,-1,171.997053,23.780498
2025-08-11T09:12:46.742556,23793,3.003906,3.085938,3.015625,-1,171.813947,23.789937
2025-08-11T09:12:47.208555,23794,3.007812,3.089844,3.015625,-1,171.874982,23.789937
2025-08-11T09:12:47.677556,23795,3.003906,3.089844,3.015625,-1,171.874982,23.789937
2025-08-11T09:12:48.151556,23796,3.007812,3.085938,3.019531,-1,171.813947,23.799377
2025-08-11T09:12:48.642556,23797,3.003906,3.089844,3.015625,-1,171.813947,23.789937
2025-08-11T09:12:49.143555,23798,3.003906,3.085938,3.015625,-1,171.752912,23.799377
2025-08-11T09:12:49.616555,23799,3.003906,3.085938,3.0117190000000003,-1,171.813947,23.789937
2025-08-11T09:12:50.080556,23800,3.003906,3.082031,3.015625,-1,171.874982,23.799377
2025-08-11T09:12:50.474555,23801,3.003906,3.085938,3.0273440000000003,-1,171.691877,23.789937
2025-08-11T09:12:50.952556,23802,3.011719,3.09375,3.0117190000000003,-1,171.936018,23.789937
2025-08-11T09:12:51.539556,23803,3.003906,3.082031,3.0117190000000003,-1,171.752912,23.799377
2025-08-11T09:12:51.953555,23804,3.003906,3.085938,3.0117190000000003,-1,171.813947,23.799377
2025-08-11T09:12:52.509557,23805,3.007812,3.089844,3.0117190000000003,-1,171.752912,23.799377
2025-08-11T09:12:53.010556,23806,3.003906,3.085938,3.007812,-1,171.752912,23.808817
2025-08-11T09:12:53.472557,23807,3.007812,3.085938,3.015625,-1,171.874982,23.808817
2025-08-11T09:12:53.951556,23808,3.003906,3.085938,3.0117190000000003,-1,171.752912,23.808817
2025-08-11T09:12:54.407557,23809,3.003906,3.089844,3.015625,-1,171.691877,23.799377
2025-08-11T09:12:54.885563,23810,3.007812,3.085938,3.015625,-1,171.813947,23.808817
2025-08-11T09:12:55.341555,23811,3.003906,3.085938,3.007812,-1,171.874982,23.799377
2025-08-11T09:12:55.817557,23812,3.003906,3.085938,3.015625,-1,171.691877,23.808817
2025-08-11T09:12:56.308555,23813,3.007812,3.085938,3.015625,-1,171.752912,23.808817
2025-08-11T09:12:56.775557,23814,3.003906,3.085938,3.0117190000000003,-1,171.874982,23.799377
2025-08-11T09:12:57.304557,23815,3.003906,3.085938,3.0117190000000003,-1,171.752912,23.808817
2025-08-11T09:12:57.747556,23816,3.003906,3.085938,3.015625,-1,171.752912,23.808817
2025-08-11T09:12:58.246557,23817,3.007812,3.09375,3.007812,-1,171.874982,23.818257
2025-08-11T09:12:58.717554,23818,3.003906,3.082031,3.0117190000000003,-1,171.936018,23.818257
2025-08-11T09:12:59.165555,23819,3.003906,3.082031,3.023438,-1,171.874982,23.818257
2025-08-11T09:12:59.615556,23820,3.003906,3.085938,3.015625,-1,171.813947,23.818257
2025-08-11T09:13:00.032555,23821,3.003906,3.082031,3.015625,-1,171.752912,23.818257
2025-08-11T09:13:00.477555,23822,3.007812,3.085938,3.0117190000000003,-1,171.874982,23.818257
2025-08-11T09:13:00.939556,23823,3.003906,3.085938,3.019531,-1,171.874982,23.808817
2025-08-11T09:13:01.403557,23824,3.003906,3.085938,3.0117190000000003,-1,171.752912,23.799377
2025-08-11T09:13:01.849556,23825,3.007812,3.085938,3.015625,-1,171.874982,23.808817
2025-08-11T09:13:02.289557,23826,3.003906,3.085938,3.019531,-1,171.874982,23.799377
2025-08-11T09:13:02.761556,23827,3.007812,3.085938,3.0117190000000003,-1,171.874982,23.808817
2025-08-11T09:13:03.203555,23828,3.007812,3.089844,3.0117190000000003,-1,171.813947,23.799377
2025-08-11T09:13:03.634229,23829,3.003906,3.089844,3.015625,-1,171.691877,23.808817
2025-08-11T09:13:04.074240,23830,3.003906,3.085938,3.019531,-1,171.813947,23.808817
2025-08-11T09:13:04.571229,23831,3.007812,3.085938,3.015625,-1,171.874982,23.808817
2025-08-11T09:13:04.939228,23832,3.007812,3.089844,3.019531,-1,171.752912,23.808817
2025-08-11T09:13:05.367229,23833,3.003906,3.089844,3.0117190000000003,-1,171.813947,23.818257
2025-08-11T09:13:05.805229,23834,3.007812,3.082031,3.0117190000000003,-1,171.691877,23.818257
2025-08-11T09:13:06.236229,23835,3.007812,3.085938,3.0117190000000003,-1,171.936018,23.808817
2025-08-11T09:13:06.656229,23836,3.003906,3.089844,3.015625,-1,171.813947,23.808817
2025-08-11T09:13:07.650680,23837,3.003906,3.085938,3.015625,-1,171.874982,23.818257
2025-08-11T09:13:08.099680,23838,3.003906,3.082031,3.019531,-1,171.874982,23.818257
2025-08-11T09:13:08.563124,23839,3.007812,3.085938,3.015625,-1,171.936018,23.818257
2025-08-11T09:13:08.992450,23840,3.003906,3.089844,3.007812,-1,171.813947,23.818257
2025-08-11T09:13:09.423452,23841,3.007812,3.085938,3.0117190000000003,-1,171.691877,23.827697
2025-08-11T09:13:09.859451,23842,3.003906,3.089844,3.015625,-1,171.874982,23.818257
2025-08-11T09:13:10.327450,23843,3.007812,3.089844,3.015625,-1,171.936018,23.827697
2025-08-11T09:13:10.758665,23844,3.003906,3.089844,3.007812,-1,171.752912,23.827697
2025-08-11T09:13:11.191667,23845,3.007812,3.082031,3.0117190000000003,-1,171.813947,23.827697
2025-08-11T09:13:11.568666,23846,3.003906,3.085938,3.0117190000000003,-1,171.874982,23.827697
2025-08-11T09:13:12.007666,23847,3.003906,3.085938,3.019531,-1,171.691877,23.827697
2025-08-11T09:13:12.443217,23848,3.007812,3.085938,3.0117190000000003,-1,171.874982,23.827697
2025-08-11T09:13:12.919215,23849,3.007812,3.089844,3.0117190000000003,-1,171.874982,23.827697
2025-08-11T09:13:13.350215,23850,3.003906,3.085938,3.0117190000000003,-1,171.874982,23.827697
2025-08-11T09:13:13.771126,23851,3.007812,3.085938,3.019531,-1,171.752912,23.827697
2025-08-11T09:13:14.214131,23852,3.003906,3.085938,3.015625,-1,171.936018,23.827697
2025-08-11T09:13:14.580724,23853,3.007812,3.089844,3.0117190000000003,-1,171.752912,23.837137
2025-08-11T09:13:15.022723,23854,3.003906,3.089844,3.0117190000000003,-1,171.874982,23.827697
2025-08-11T09:13:15.471570,23855,3.011719,3.085938,3.003906,-1,171.813947,23.837137
2025-08-11T09:13:15.898571,23856,3.007812,3.089844,3.019531,-1,171.936018,23.837137
2025-08-11T09:13:16.332570,23857,3.011719,3.089844,3.0117190000000003,-1,171.813947,23.827697
2025-08-11T09:13:16.770683,23858,3.003906,3.085938,3.015625,-1,171.752912,23.827697
2025-08-11T09:13:17.219684,23859,3.003906,3.089844,3.023438,-1,171.691877,23.827697
2025-08-11T09:13:17.596684,23860,3.003906,3.085938,3.0117190000000003,-1,171.752912,23.837137
2025-08-11T09:13:18.023684,23861,3.007812,3.085938,3.007812,-1,171.752912,23.837137
2025-08-11T09:13:18.463683,23862,3.003906,3.085938,3.023438,-1,171.752912,23.837137
2025-08-11T09:13:18.943683,23863,3.003906,3.085938,3.019531,-1,171.874982,23.837137
2025-08-11T09:13:19.382683,23864,3.003906,3.085938,3.0117190000000003,-1,171.874982,23.827697
2025-08-11T09:13:19.810231,23865,3.007812,3.089844,3.019531,-1,171.813947,23.827697
2025-08-11T09:13:20.252236,23866,3.003906,3.09375,3.0117190000000003,-1,171.936018,23.837137
2025-08-11T09:13:20.699233,23867,3.003906,3.085938,3.019531,-1,171.752912,23.827697
2025-08-11T09:13:21.068232,23868,3.003906,3.09375,3.015625,-1,171.874982,23.818257
2025-08-11T09:13:21.507231,23869,3.011719,3.085938,3.015625,-1,171.813947,23.818257
2025-08-11T09:13:21.960289,23870,3.003906,3.082031,3.015625,-1,171.936018,23.818257
2025-08-11T09:13:22.425290,23871,3.003906,3.085938,3.015625,-1,171.936018,23.818257
2025-08-11T09:13:22.941290,23872,3.003906,3.085938,3.003906,-1,171.752912,23.827697
2025-08-11T09:13:23.385860,23873,3.003906,3.089844,3.015625,-1,171.691877,23.818257
2025-08-11T09:13:23.836859,23874,3.003906,3.085938,3.007812,-1,171.813947,23.818257
2025-08-11T09:13:24.284859,23875,3.003906,3.085938,3.0117190000000003,-1,171.752912,23.827697
2025-08-11T09:13:24.739445,23876,3.003906,3.082031,3.007812,-1,171.874982,23.818257
2025-08-11T09:13:25.198445,23877,3.007812,3.089844,3.015625,-1,171.691877,23.818257
2025-08-11T09:13:25.679354,23878,3.003906,3.085938,3.0117190000000003,-1,171.813947,23.827697
2025-08-11T09:13:26.068354,23879,3.007812,3.085938,3.015625,-1,171.752912,23.827697
2025-08-11T09:13:26.499354,23880,3.003906,3.085938,3.003906,-1,171.874982,23.827697
2025-08-11T09:13:26.937356,23881,3.003906,3.089844,3.0117190000000003,-1,171.752912,23.837137
2025-08-11T09:13:27.393355,23882,3.011719,3.085938,3.015625,-1,171.874982,23.827697
2025-08-11T09:13:27.848356,23883,3.007812,3.085938,3.015625,-1,171.691877,23.837137
2025-08-11T09:13:28.314354,23884,3.003906,3.085938,3.003906,-1,171.691877,23.837137
2025-08-11T09:13:28.770356,23885,3.003906,3.082031,3.019531,-1,171.874982,23.827697
2025-08-11T09:13:29.235354,23886,3.003906,3.089844,3.0117190000000003,-1,171.752912,23.837137
2025-08-11T09:13:29.728357,23887,3.003906,3.089844,3.015625,-1,171.630842,23.837137
2025-08-11T09:13:30.208357,23888,3.011719,3.082031,3.0117190000000003,-1,171.691877,23.827697
2025-08-11T09:13:30.595357,23889,3.003906,3.089844,3.015625,-1,171.691877,23.827697
2025-08-11T09:13:31.061358,23890,3.003906,3.089844,3.007812,-1,171.752912,23.827697
2025-08-11T09:13:31.519936,23891,3.003906,3.085938,3.0117190000000003,-1,171.630842,23.837137
2025-08-11T09:13:32.023935,23892,3.003906,3.09375,3.015625,-1,171.691877,23.837137
2025-08-11T09:13:32.515936,23893,3.003906,3.089844,3.0117190000000003,-1,171.813947,23.837137
2025-08-11T09:13:32.991381,23894,3.007812,3.085938,3.0117190000000003,-1,171.691877,23.837137
2025-08-11T09:13:33.521382,23895,3.007812,3.085938,3.019531,-1,171.691877,23.837137
2025-08-11T09:13:33.987381,23896,3.003906,3.085938,3.0117190000000003,-1,171.691877,23.837137
2025-08-11T09:13:34.501382,23897,3.007812,3.085938,3.0117190000000003,-1,171.569807,23.837137
2025-08-11T09:13:35.022382,23898,3.003906,3.085938,3.015625,-1,171.752912,23.837137
2025-08-11T09:13:35.489381,23899,3.003906,3.085938,3.003906,-1,171.630842,23.837137
2025-08-11T09:13:35.957382,23900,3.007812,3.082031,3.007812,-1,171.691877,23.837137
2025-08-11T09:13:36.406385,23901,3.011719,3.085938,3.023438,-1,171.752912,23.837137
2025-08-11T09:13:36.868381,23902,3.003906,3.089844,3.0117190000000003,-1,171.752912,23.837137
2025-08-11T09:13:37.372381,23903,3.003906,3.085938,3.0117190000000003,-1,171.874982,23.837137
2025-08-11T09:13:37.856382,23904,3.007812,3.09375,3.019531,-1,171.874982,23.837137
2025-08-11T09:13:38.345382,23905,3.003906,3.082031,3.0117190000000003,-1,171.813947,23.837137
2025-08-11T09:13:38.800382,23906,3.007812,3.085938,3.015625,-1,171.752912,23.837137
2025-08-11T09:13:39.249382,23907,3.003906,3.085938,3.015625,-1,171.874982,23.846577
2025-08-11T09:22:20.581416,23908,3.003906,3.085938,3.019531,-1,171.386701,23.846577
2025-08-11T09:22:21.082417,23909,3.003906,3.089844,3.015625,-1,171.386701,23.846577
2025-08-11T09:22:21.556417,23910,3.003906,3.089844,3.019531,-1,171.569807,23.856017
2025-08-11T09:22:22.032417,23911,3.003906,3.085938,3.019531,-1,171.447736,23.856017
2025-08-11T09:22:22.507418,23912,3.003906,3.082031,3.0117190000000003,-1,171.569807,23.856017
2025-08-11T09:22:23.001417,23913,3.011719,3.085938,3.015625,-1,171.447736,23.846577
2025-08-11T09:22:23.423418,23914,3.003906,3.089844,3.015625,-1,171.508772,23.856017
2025-08-11T09:22:23.905418,23915,3.003906,3.085938,3.003906,-1,171.508772,23.846577
2025-08-11T09:22:24.417417,23916,3.003906,3.089844,3.015625,-1,171.447736,23.837137
2025-08-11T09:22:24.937417,23917,3.007812,3.085938,3.019531,-1,171.508772,23.837137
2025-08-11T09:22:25.431439,23918,3.007812,3.085938,3.0117190000000003,-1,171.508772,23.837137
2025-08-11T09:22:25.919439,23919,3.003906,3.085938,3.019531,-1,171.569807,23.837137
2025-08-11T09:22:26.427439,23920,3.007812,3.085938,3.0117190000000003,-1,171.447736,23.837137
2025-08-11T09:22:26.952440,23921,3.003906,3.085938,3.015625,-1,171.325666,23.846577
2025-08-11T09:22:27.481439,23922,3.011719,3.089844,3.015625,-1,171.447736,23.837137
2025-08-11T09:22:27.934439,23923,3.003906,3.09375,3.0117190000000003,-1,171.508772,23.837137
2025-08-11T09:22:28.408439,23924,3.007812,3.085938,3.019531,-1,171.447736,23.827697
2025-08-11T09:22:28.882439,23925,3.003906,3.085938,3.015625,-1,171.325666,23.818257
2025-08-11T09:22:29.373438,23926,3.007812,3.085938,3.019531,-1,171.325666,23.818257
2025-08-11T09:22:29.838438,23927,3.003906,3.089844,3.015625,-1,171.447736,23.808817
2025-08-11T09:22:30.319439,23928,3.003906,3.09375,3.015625,-1,171.386701,23.818257
2025-08-11T09:22:30.768440,23929,3.007812,3.085938,3.0117190000000003,-1,171.447736,23.818257
2025-08-11T09:22:31.299438,23930,3.003906,3.085938,3.015625,-1,171.386701,23.818257
2025-08-11T09:22:31.750440,23931,3.003906,3.089844,3.0117190000000003,-1,171.386701,23.818257
2025-08-11T09:22:32.249512,23932,3.011719,3.085938,3.0117190000000003,-1,171.325666,23.818257
2025-08-11T09:22:32.707514,23933,3.003906,3.082031,3.007812,-1,171.447736,23.818257
2025-08-11T09:22:33.204028,23934,3.011719,3.09375,3.007812,-1,171.447736,23.799377
2025-08-11T09:22:33.691028,23935,3.003906,3.089844,3.015625,-1,171.447736,23.789937
2025-08-11T09:22:34.186028,23936,3.003906,3.089844,3.0117190000000003,-1,171.447736,23.789937
2025-08-11T09:22:34.637670,23937,3.003906,3.085938,3.015625,-1,171.386701,23.789937
2025-08-11T09:22:35.117681,23938,3.003906,3.085938,3.007812,-1,171.325666,23.780498
2025-08-11T09:22:35.648681,23939,3.011719,3.09375,3.007812,-1,171.447736,23.780498
2025-08-11T09:22:36.124680,23940,3.011719,3.089844,3.019531,-1,171.386701,23.789937
2025-08-11T09:22:36.603681,23941,3.003906,3.085938,3.0117190000000003,-1,171.508772,23.799377
2025-08-11T09:22:37.167830,23942,3.003906,3.082031,3.015625,-1,171.508772,23.799377
2025-08-11T09:22:37.643828,23943,3.007812,3.089844,3.019531,-1,171.569807,23.808817
2025-08-11T09:22:38.119829,23944,3.007812,3.09375,3.0117190000000003,-1,171.508772,23.808817
2025-08-11T09:22:38.595831,23945,3.007812,3.082031,3.015625,-1,171.508772,23.818257
2025-08-11T09:22:39.104828,23946,3.003906,3.089844,3.015625,-1,171.569807,23.818257
2025-08-11T09:22:39.599828,23947,3.003906,3.089844,3.019531,-1,171.569807,23.818257
2025-08-11T09:22:40.079829,23948,3.003906,3.089844,3.023438,-1,171.386701,23.818257
2025-08-11T09:22:41.315996,23949,3.011719,3.085938,3.019531,-1,171.386701,23.827697
2025-08-11T09:22:41.789996,23950,3.003906,3.085938,3.019531,-1,171.447736,23.827697
2025-08-11T09:22:42.264999,23951,3.003906,3.085938,3.015625,-1,171.569807,23.827697
2025-08-11T09:22:42.794996,23952,3.007812,3.089844,3.023438,-1,171.386701,23.818257
2025-08-11T09:22:43.268997,23953,3.007812,3.089844,3.019531,-1,171.386701,23.827697
2025-08-11T09:22:43.748996,23954,3.007812,3.085938,3.015625,-1,171.386701,23.827697
2025-08-11T09:22:44.213072,23955,3.003906,3.089844,3.0117190000000003,-1,171.569807,23.818257
2025-08-11T09:22:44.730071,23956,3.007812,3.085938,3.0117190000000003,-1,171.508772,23.837137
2025-08-11T09:22:45.213071,23957,3.003906,3.089844,3.0117190000000003,-1,171.508772,23.827697
2025-08-11T09:22:45.699071,23958,3.003906,3.085938,3.015625,-1,171.386701,23.827697
2025-08-11T09:22:46.181072,23959,3.007812,3.085938,3.015625,-1,171.508772,23.837137
2025-08-11T09:22:46.710072,23960,3.007812,3.09375,3.019531,-1,171.508772,23.827697
2025-08-11T09:22:47.358707,23961,3.003906,3.082031,3.015625,-1,171.569807,23.837137
2025-08-11T09:22:47.858707,23962,3.007812,3.085938,3.0117190000000003,-1,171.508772,23.837137
2025-08-11T09:22:48.374707,23963,3.007812,3.085938,3.0117190000000003,-1,171.508772,23.837137
2025-08-11T09:22:48.867706,23964,3.003906,3.082031,3.023438,-1,171.569807,23.837137
2025-08-11T09:22:49.435706,23965,3.007812,3.089844,3.007812,-1,171.569807,23.837137
2025-08-11T09:22:49.847707,23966,3.003906,3.085938,3.015625,-1,171.386701,23.837137
2025-08-11T09:22:50.330707,23967,3.003906,3.085938,3.0117190000000003,-1,171.508772,23.837137
2025-08-11T09:22:50.839493,23968,3.003906,3.085938,3.015625,-1,171.386701,23.837137
2025-08-11T09:22:51.363490,23969,3.003906,3.085938,3.023438,-1,171.386701,23.837137
2025-08-11T09:22:51.864490,23970,3.003906,3.085938,3.015625,-1,171.447736,23.837137
2025-08-11T09:22:52.364491,23971,3.003906,3.09375,3.015625,-1,171.569807,23.837137
2025-08-11T09:22:52.960491,23972,3.007812,3.082031,3.007812,-1,171.508772,23.837137
2025-08-11T09:22:53.499492,23973,3.003906,3.089844,3.0117190000000003,-1,171.508772,23.837137
2025-08-11T09:22:55.745475,23974,3.003906,3.082031,3.0117190000000003,-1,171.447736,23.818257
2025-08-11T09:22:56.315474,23975,3.003906,3.085938,3.015625,-1,171.386701,23.808817
2025-08-11T09:22:56.727475,23976,3.003906,3.089844,3.023438,-1,171.325666,23.808817
2025-08-11T09:22:57.214474,23977,3.007812,3.085938,3.015625,-1,171.386701,23.799377
2025-08-11T09:22:57.687475,23978,3.003906,3.085938,3.015625,-1,171.386701,23.799377
2025-08-11T09:22:58.160475,23979,3.007812,3.082031,3.015625,-1,171.325666,23.789937
2025-08-11T09:22:58.611474,23980,3.003906,3.082031,3.015625,-1,171.386701,23.789937
2025-08-11T09:22:59.073474,23981,3.003906,3.082031,3.003906,-1,171.386701,23.780498
2025-08-11T09:22:59.556476,23982,3.003906,3.085938,3.0117190000000003,-1,171.447736,23.771058
2025-08-11T09:23:00.015475,23983,3.003906,3.089844,3.015625,-1,171.386701,23.761618
2025-08-11T09:23:00.581474,23984,3.003906,3.085938,3.0117190000000003,-1,171.386701,23.761618
2025-08-11T09:23:01.092474,23985,3.007812,3.085938,3.015625,-1,171.447736,23.761618
2025-08-11T09:23:01.593474,23986,3.007812,3.089844,3.015625,-1,171.386701,23.761618
2025-08-11T09:23:02.066474,23987,3.003906,3.089844,3.0117190000000003,-1,171.508772,23.771058
2025-08-11T09:23:02.540475,23988,3.007812,3.085938,3.007812,-1,171.386701,23.771058
2025-08-11T09:23:03.033474,23989,3.007812,3.085938,3.0117190000000003,-1,171.386701,23.771058
2025-08-11T09:23:03.492474,23990,3.007812,3.085938,3.0117190000000003,-1,171.447736,23.771058
2025-08-11T09:23:04.004474,23991,3.003906,3.089844,3.015625,-1,171.447736,23.771058
2025-08-11T09:23:04.489474,23992,3.003906,3.089844,3.007812,-1,171.508772,23.780498
2025-08-11T09:23:04.983475,23993,3.003906,3.085938,3.019531,-1,171.569807,23.771058
2025-08-11T09:23:05.551474,23994,3.003906,3.082031,3.007812,-1,171.508772,23.780498
2025-08-11T09:23:05.988474,23995,3.003906,3.09375,3.007812,-1,171.386701,23.771058
2025-08-11T09:23:06.476479,23996,3.003906,3.085938,3.007812,-1,171.325666,23.771058
2025-08-11T09:23:07.000471,23997,3.007812,3.089844,3.0117190000000003,-1,171.447736,23.780498
2025-08-11T09:23:07.477470,23998,3.003906,3.082031,3.0117190000000003,-1,171.447736,23.780498
2025-08-11T09:23:07.912471,23999,3.003906,3.089844,3.023438,-1,171.325666,23.780498
2025-08-11T09:23:08.387473,24000,3.003906,3.085938,3.0117190000000003,-1,171.325666,23.771058
2025-08-11T09:23:08.836470,24001,3.003906,3.089844,3.015625,-1,171.447736,23.771058
2025-08-11T09:23:09.263471,24002,3.003906,3.085938,3.015625,-1,171.386701,23.771058
2025-08-11T09:23:09.761471,24003,3.007812,3.089844,3.007812,-1,171.508772,23.771058
2025-08-11T09:23:10.246471,24004,3.003906,3.089844,3.0117190000000003,-1,171.325666,23.771058
2025-08-11T09:23:10.715471,24005,3.007812,3.089844,3.015625,-1,171.447736,23.761618
2025-08-11T09:23:11.967113,24006,3.003906,3.09375,3.015625,-1,171.325666,23.771058
2025-08-11T09:23:12.473113,24007,3.003906,3.085938,3.0117190000000003,-1,171.508772,23.780498
2025-08-11T09:23:12.953112,24008,3.007812,3.082031,3.0117190000000003,-1,171.508772,23.771058
2025-08-11T09:23:13.440111,24009,3.007812,3.085938,3.015625,-1,171.386701,23.789937
2025-08-11T09:23:13.888112,24010,3.003906,3.085938,3.023438,-1,171.386701,23.789937
2025-08-11T09:23:14.347112,24011,3.007812,3.089844,3.015625,-1,171.386701,23.789937
2025-08-11T10:26:53.544484,24012,3.003906,3.089844,3.007812,-1,170.227033,24.016511
2025-08-11T10:26:54.036483,24013,3.003906,3.085938,3.0117190000000003,-1,170.104963,24.016511
2025-08-11T10:26:54.514483,24014,3.003906,3.089844,3.015625,-1,170.227033,24.025953
2025-08-11T10:26:55.170485,24015,3.003906,3.085938,3.019531,-1,170.165998,24.035394
2025-08-11T10:26:55.813487,24016,3.011719,3.089844,3.0117190000000003,-1,170.043928,24.035394
2025-08-11T10:26:56.320483,24017,3.003906,3.085938,3.0117190000000003,-1,170.227033,24.044836
2025-08-11T10:26:56.840485,24018,3.003906,3.089844,3.015625,-1,170.165998,24.035394
2025-08-11T10:26:57.395484,24019,3.007812,3.089844,3.019531,-1,170.227033,24.035394
2025-08-11T10:26:57.918485,24020,3.007812,3.089844,3.0117190000000003,-1,170.165998,24.035394
2025-08-11T10:26:58.454486,24021,3.003906,3.085938,3.015625,-1,170.227033,24.044836
2025-08-11T10:26:59.087485,24022,3.007812,3.089844,3.015625,-1,170.104963,24.044836
2025-08-11T10:26:59.742485,24023,3.007812,3.089844,3.019531,-1,170.227033,24.044836
2025-08-11T10:27:00.369486,24024,3.007812,3.085938,3.019531,-1,170.043928,24.044836
2025-08-11T10:27:01.049484,24025,3.003906,3.089844,3.007812,-1,170.104963,24.044836
2025-08-11T10:27:01.625483,24026,3.003906,3.085938,3.007812,-1,170.104963,24.044836
2025-08-11T10:27:02.122483,24027,3.007812,3.085938,3.0117190000000003,-1,170.104963,24.054279
2025-08-11T10:27:02.668485,24028,3.007812,3.089844,3.015625,-1,170.104963,24.054279
2025-08-11T10:27:03.163484,24029,3.007812,3.089844,3.003906,-1,170.104963,24.063721
2025-08-11T10:27:03.686485,24030,3.003906,3.089844,3.007812,-1,170.104963,24.063721
2025-08-11T10:27:04.224488,24031,3.003906,3.085938,3.015625,-1,170.043928,24.063721
2025-08-11T10:27:04.697484,24032,3.007812,3.085938,3.019531,-1,170.165998,24.063721
2025-08-11T10:27:05.190484,24033,3.011719,3.089844,3.015625,-1,170.104963,24.063721
2025-08-11T10:27:05.658483,24034,3.003906,3.089844,3.0117190000000003,-1,170.165998,24.073163
2025-08-11T10:27:06.277483,24035,3.003906,3.089844,3.007812,-1,170.288069,24.082606
2025-08-11T10:27:06.728484,24036,3.003906,3.089844,3.015625,-1,170.104963,24.092049
2025-08-11T10:27:07.235484,24037,3.003906,3.09375,3.019531,-1,170.227033,24.082606
2025-08-11T10:27:07.692484,24038,3.007812,3.085938,3.015625,-1,170.104963,24.082606
2025-08-11T10:27:08.224486,24039,3.007812,3.089844,3.019531,-1,170.043928,24.082606
2025-08-11T10:27:08.742485,24040,3.003906,3.085938,3.015625,-1,170.043928,24.063721
2025-08-11T10:27:09.235483,24041,3.003906,3.089844,3.0117190000000003,-1,170.227033,24.063721
2025-08-11T10:27:09.693484,24042,3.003906,3.089844,3.015625,-1,170.227033,24.054279
2025-08-11T10:27:10.225485,24043,3.003906,3.085938,3.019531,-1,170.104963,24.044836
2025-08-11T10:27:10.706485,24044,3.003906,3.089844,3.015625,-1,170.043928,24.035394
2025-08-11T10:27:11.324485,24045,3.015625,3.089844,3.015625,-1,170.165998,24.035394
2025-08-11T10:27:11.794485,24046,3.003906,3.089844,3.019531,-1,170.104963,24.016511
2025-08-11T10:27:12.283487,24047,3.003906,3.09375,3.023438,-1,170.227033,24.016511
2025-08-11T10:27:12.739484,24048,3.007812,3.089844,3.003906,-1,170.104963,24.016511
2025-08-11T10:27:13.258484,24049,3.003906,3.089844,3.0117190000000003,-1,170.227033,24.025953
2025-08-11T10:27:13.757485,24050,3.003906,3.085938,3.015625,-1,170.165998,24.025953
2025-08-11T10:27:14.334485,24051,3.007812,3.089844,3.015625,-1,170.104963,24.016511
2025-08-11T10:27:14.819483,24052,3.003906,3.089844,3.015625,-1,170.104963,24.025953
2025-08-11T10:27:15.363484,24053,3.011719,3.09375,3.0117190000000003,-1,170.043928,24.025953
2025-08-11T10:27:15.868486,24054,3.003906,3.085938,3.015625,-1,169.982893,24.025953
2025-08-11T10:27:16.413485,24055,3.003906,3.089844,3.0117190000000003,-1,170.104963,24.016511
2025-08-11T10:27:16.912486,24056,3.003906,3.089844,3.0117190000000003,-1,170.165998,24.016511
2025-08-11T10:27:17.462486,24057,3.003906,3.085938,3.023438,-1,170.165998,23.997628
2025-08-11T10:27:17.961486,24058,3.003906,3.089844,3.015625,-1,169.921858,23.997628
2025-08-11T10:27:18.506483,24059,3.003906,3.085938,3.0117190000000003,-1,170.043928,24.007069
2025-08-11T10:27:18.993485,24060,3.003906,3.085938,3.015625,-1,170.104963,23.997628
2025-08-11T10:27:19.604484,24061,3.003906,3.089844,3.015625,-1,170.104963,24.007069
2025-08-11T10:27:20.161484,24062,3.007812,3.089844,3.015625,-1,170.104963,24.007069
2025-08-11T10:27:20.664485,24063,3.003906,3.085938,3.015625,-1,170.104963,24.016511
2025-08-11T10:27:21.167483,24064,3.003906,3.089844,3.015625,-1,170.104963,24.016511
2025-08-11T10:27:21.655485,24065,3.007812,3.09375,3.0273440000000003,-1,170.227033,24.016511
2025-08-11T10:27:22.178484,24066,3.003906,3.09375,3.015625,-1,170.227033,24.016511
2025-08-11T10:27:22.681484,24067,3.003906,3.089844,3.0117190000000003,-1,170.165998,24.016511
2025-08-11T10:27:23.173485,24068,3.003906,3.089844,3.015625,-1,170.104963,24.025953
2025-08-11T10:27:23.640485,24069,3.007812,3.085938,3.015625,-1,170.227033,24.025953
2025-08-11T10:27:24.113484,24070,3.003906,3.089844,3.007812,-1,170.288069,24.025953
2025-08-11T10:27:24.637486,24071,3.003906,3.082031,3.0117190000000003,-1,170.104963,24.025953
2025-08-11T10:27:25.146485,24072,3.007812,3.09375,3.0117190000000003,-1,170.288069,24.035394
2025-08-11T10:27:25.747483,24073,3.003906,3.085938,3.019531,-1,170.165998,24.044836
2025-08-11T10:27:26.183484,24074,3.003906,3.09375,3.015625,-1,170.104963,24.044836
2025-08-11T10:27:26.647483,24075,3.003906,3.085938,3.007812,-1,170.165998,24.044836
2025-08-11T10:27:27.284484,24076,3.007812,3.085938,3.015625,-1,170.165998,24.044836
2025-08-11T10:27:27.758483,24077,3.003906,3.085938,3.0117190000000003,-1,170.288069,24.054279
2025-08-11T10:27:28.182483,24078,3.003906,3.089844,3.015625,-1,170.165998,24.054279
2025-08-11T10:27:28.751484,24079,3.003906,3.09375,3.015625,-1,170.288069,24.054279
2025-08-11T10:27:29.206486,24080,3.007812,3.089844,3.015625,-1,170.165998,24.063721
2025-08-11T10:27:29.674486,24081,3.003906,3.089844,3.015625,-1,170.349104,24.063721
2025-08-11T10:27:30.154485,24082,3.003906,3.089844,3.0117190000000003,-1,170.349104,24.054279
2025-08-11T10:27:30.621484,24083,3.003906,3.085938,3.0117190000000003,-1,170.165998,24.054279
2025-08-11T10:27:31.085490,24084,3.003906,3.089844,3.0117190000000003,-1,170.288069,24.054279
2025-08-11T10:27:31.595483,24085,3.007812,3.085938,3.0117190000000003,-1,170.165998,24.054279
2025-08-11T10:27:32.076483,24086,3.003906,3.089844,3.007812,-1,170.104963,24.063721
2025-08-11T10:27:32.562483,24087,3.003906,3.089844,3.019531,-1,170.288069,24.054279
2025-08-11T10:27:33.021489,24088,3.003906,3.085938,3.023438,-1,170.165998,24.063721
2025-08-11T10:27:33.514485,24089,3.003906,3.089844,3.0117190000000003,-1,170.288069,24.063721
2025-08-11T10:27:33.998484,24090,3.007812,3.085938,3.019531,-1,170.288069,24.054279
2025-08-11T10:27:34.571486,24091,3.003906,3.089844,3.0117190000000003,-1,170.104963,24.063721
2025-08-11T10:27:35.072483,24092,3.003906,3.089844,3.0117190000000003,-1,170.227033,24.063721
2025-08-11T10:27:35.561484,24093,3.003906,3.085938,3.0117190000000003,-1,170.288069,24.063721
2025-08-11T10:27:36.027483,24094,3.003906,3.085938,3.0117190000000003,-1,170.227033,24.054279
2025-08-11T10:27:36.568483,24095,3.007812,3.089844,3.0117190000000003,-1,170.165998,24.054279
2025-08-11T10:27:37.056484,24096,3.003906,3.089844,3.0117190000000003,-1,170.349104,24.054279
2025-08-11T10:27:37.638485,24097,3.003906,3.09375,3.0117190000000003,-1,170.349104,24.054279
2025-08-11T10:27:38.183485,24098,3.003906,3.085938,3.007812,-1,170.165998,24.063721
2025-08-11T10:27:38.643483,24099,3.003906,3.089844,3.0117190000000003,-1,170.227033,24.063721
2025-08-11T10:27:39.171490,24100,3.007812,3.085938,3.0117190000000003,-1,170.165998,24.063721
2025-08-11T10:27:39.665484,24101,3.007812,3.085938,3.0117190000000003,-1,170.227033,24.054279
2025-08-11T10:27:40.274483,24102,3.003906,3.09375,3.019531,-1,170.349104,24.054279
2025-08-11T10:27:40.809485,24103,3.003906,3.085938,3.015625,-1,170.288069,24.063721
2025-08-11T10:27:41.361485,24104,3.003906,3.085938,3.023438,-1,170.104963,24.054279
2025-08-11T10:27:41.852489,24105,3.003906,3.085938,3.0117190000000003,-1,170.288069,24.063721
2025-08-11T10:27:42.429483,24106,3.003906,3.089844,3.015625,-1,170.104963,24.044836
2025-08-11T10:27:42.911483,24107,3.003906,3.089844,3.0117190000000003,-1,170.104963,24.063721
2025-08-11T10:27:43.478483,24108,3.003906,3.085938,3.019531,-1,170.165998,24.063721
2025-08-11T10:27:43.972484,24109,3.003906,3.085938,3.015625,-1,170.043928,24.073163
2025-08-11T10:27:44.495484,24110,3.003906,3.089844,3.0117190000000003,-1,170.104963,24.063721
2025-08-11T10:27:45.057483,24111,3.003906,3.085938,3.003906,-1,170.165998,24.063721
2025-08-11T10:27:45.566486,24112,3.003906,3.085938,3.007812,-1,170.104963,24.063721
2025-08-11T10:27:46.095483,24113,3.003906,3.089844,3.015625,-1,170.104963,24.063721
2025-08-11T10:27:46.681488,24114,3.007812,3.085938,3.0117190000000003,-1,169.799787,24.063721
2025-08-11T10:27:47.368483,24115,3.007812,3.097656,3.015625,-1,169.860822,24.063721
2025-08-11T10:27:47.881484,24116,3.003906,3.089844,3.015625,-1,169.799787,24.073163
2025-08-11T10:27:48.451483,24117,3.003906,3.085938,3.019531,-1,169.799787,24.073163
2025-08-11T10:27:48.949484,24118,3.007812,3.089844,3.007812,-1,169.677717,24.082606
2025-08-11T10:27:49.567484,24119,3.003906,3.089844,3.0117190000000003,-1,169.616682,24.082606
2025-08-11T10:27:50.230491,24120,3.007812,3.085938,3.019531,-1,169.738752,24.073163
2025-08-11T10:27:50.771487,24121,3.003906,3.089844,3.015625,-1,169.555647,24.073163
2025-08-11T10:27:51.273485,24122,3.007812,3.09375,3.015625,-1,169.616682,24.063721
2025-08-11T10:27:51.746484,24123,3.003906,3.09375,3.015625,-1,169.738752,24.063721
2025-08-11T10:27:52.270484,24124,3.003906,3.089844,3.007812,-1,169.616682,24.073163
2025-08-11T10:27:52.774485,24125,3.003906,3.089844,3.0117190000000003,-1,169.677717,24.063721
2025-08-11T10:27:53.310483,24126,3.003906,3.089844,3.019531,-1,169.616682,24.054279
2025-08-11T10:27:53.863488,24127,3.007812,3.082031,3.023438,-1,169.311506,24.054279
2025-08-11T10:27:54.413483,24128,3.003906,3.085938,3.015625,-1,169.250471,24.025953
2025-08-11T10:27:54.884484,24129,3.007812,3.089844,3.0117190000000003,-1,169.494612,24.007069
2025-08-11T10:27:55.403485,24130,3.003906,3.085938,3.019531,-1,169.494612,23.997628
2025-08-11T10:27:55.901483,24131,3.003906,3.089844,3.0117190000000003,-1,169.555647,23.988186
2025-08-11T10:27:56.456487,24132,3.003906,3.089844,3.015625,-1,169.555647,23.969304
2025-08-11T10:27:57.060483,24133,3.003906,3.09375,3.0117190000000003,-1,169.738752,23.959863
2025-08-11T10:27:57.624483,24134,3.007812,3.085938,3.0117190000000003,-1,169.738752,23.950422
2025-08-11T10:27:58.148486,24135,3.003906,3.089844,3.0117190000000003,-1,169.921858,23.959863
2025-08-11T10:27:58.669493,24136,3.003906,3.089844,3.0117190000000003,-1,169.982893,23.969304
2025-08-11T10:27:59.207483,24137,3.003906,3.09375,3.007812,-1,170.104963,23.969304
2025-08-11T10:27:59.699486,24138,3.007812,3.085938,3.015625,-1,170.043928,23.969304
2025-08-11T10:28:00.195483,24139,3.007812,3.085938,3.0117190000000003,-1,170.104963,23.959863
2025-08-11T10:28:00.681487,24140,3.007812,3.089844,3.019531,-1,170.165998,23.959863
2025-08-11T10:28:01.210485,24141,3.007812,3.089844,3.0117190000000003,-1,170.165998,23.950422
2025-08-11T10:28:01.696484,24142,3.011719,3.085938,3.007812,-1,170.165998,23.950422
2025-08-11T10:28:02.272490,24143,3.003906,3.089844,3.015625,-1,170.227033,23.940981
2025-08-11T10:28:02.924485,24144,3.003906,3.089844,3.0117190000000003,-1,170.227033,23.93154
2025-08-11T10:28:03.456486,24145,3.007812,3.09375,3.007812,-1,170.043928,23.93154
2025-08-11T10:28:04.147486,24146,3.007812,3.085938,3.023438,-1,170.227033,23.93154
2025-08-11T10:28:04.709485,24147,3.007812,3.09375,3.019531,-1,170.043928,23.93154
2025-08-11T10:28:05.254487,24148,3.003906,3.09375,3.015625,-1,170.165998,23.93154
2025-08-11T10:28:05.808483,24149,3.003906,3.085938,3.019531,-1,170.043928,23.950422
2025-08-11T10:28:06.393483,24150,3.003906,3.085938,3.015625,-1,170.165998,23.940981
2025-08-11T10:28:06.954484,24151,3.007812,3.085938,3.019531,-1,170.104963,23.940981
2025-08-11T10:28:07.487486,24152,3.007812,3.085938,3.0117190000000003,-1,170.043928,23.940981
2025-08-11T10:28:08.023485,24153,3.003906,3.085938,3.015625,-1,170.227033,23.9221
2025-08-11T10:28:08.674485,24154,3.003906,3.09375,3.007812,-1,170.165998,23.93154
2025-08-11T10:28:09.261483,24155,3.007812,3.089844,3.007812,-1,170.104963,23.940981
2025-08-11T10:28:09.831484,24156,3.003906,3.089844,3.0117190000000003,-1,170.165998,23.940981
2025-08-11T10:28:10.350483,24157,3.007812,3.089844,3.0117190000000003,-1,170.165998,23.940981
2025-08-11T10:28:10.893487,24158,3.003906,3.09375,3.015625,-1,170.165998,23.940981
2025-08-11T10:28:11.423484,24159,3.003906,3.085938,3.015625,-1,170.165998,23.93154
2025-08-11T10:28:12.248486,24160,3.003906,3.085938,3.015625,-1,170.043928,23.93154
2025-08-11T10:28:12.837483,24161,3.003906,3.085938,3.015625,-1,170.104963,23.93154
2025-08-11T10:28:13.393486,24162,3.003906,3.089844,3.019531,-1,170.227033,23.93154
2025-08-11T10:28:13.949484,24163,3.003906,3.085938,3.015625,-1,170.104963,23.93154
2025-08-11T10:28:14.605487,24164,3.007812,3.089844,3.015625,-1,170.104963,23.940981
2025-08-11T10:28:15.334486,24165,3.011719,3.089844,3.015625,-1,170.165998,23.940981
2025-08-11T10:28:16.169485,24166,3.003906,3.089844,3.0117190000000003,-1,170.104963,23.940981
2025-08-11T10:28:16.689122,24167,3.003906,3.09375,3.015625,-1,170.165998,23.940981
2025-08-11T10:28:17.225122,24168,3.003906,3.089844,3.019531,-1,170.165998,23.940981
2025-08-11T10:28:17.901124,24169,3.003906,3.089844,3.015625,-1,170.227033,23.940981
2025-08-11T10:28:18.570123,24170,3.003906,3.089844,3.019531,-1,170.043928,23.950422
2025-08-11T10:28:19.205121,24171,3.003906,3.089844,3.0117190000000003,-1,170.104963,23.950422
2025-08-11T10:28:19.915124,24172,3.003906,3.09375,3.0117190000000003,-1,170.227033,23.950422
2025-08-11T10:28:20.859127,24173,3.003906,3.089844,3.0117190000000003,-1,170.104963,23.940981
2025-08-11T10:28:21.545122,24174,3.011719,3.082031,3.019531,-1,170.104963,23.959863
2025-08-11T10:28:22.087121,24175,3.003906,3.089844,3.015625,-1,170.043928,23.969304
2025-08-11T10:28:22.676121,24176,3.011719,3.089844,3.019531,-1,170.288069,23.969304
2025-08-11T10:28:23.543121,24177,3.003906,3.089844,3.019531,-1,170.043928,23.978745
2025-08-11T10:28:24.204397,24178,3.007812,3.085938,3.007812,-1,169.738752,23.978745
2025-08-11T10:28:24.807401,24179,3.019531,3.007812,3.070312,-1,171.630842,23.827697
2025-08-11T10:28:25.412397,24180,3.003906,3.085938,3.019531,-1,171.997053,23.827697
2025-08-11T10:28:26.011397,24181,3.011719,3.101562,3.007812,-1,172.119123,23.818257
2025-08-11T10:28:26.580397,24182,3.007812,3.097656,3.015625,-1,172.302228,23.818257
2025-08-11T10:28:27.174404,24183,3.011719,3.097656,3.007812,-1,172.546369,23.808817
2025-08-11T10:28:27.797397,24184,3.011719,3.101562,3.015625,-1,172.485334,23.799377
2025-08-11T10:28:28.435396,24185,3.015625,3.097656,3.015625,-1,172.607404,23.808817
2025-08-11T10:28:29.025397,24186,3.011719,3.097656,3.015625,-1,172.546369,23.799377
2025-08-11T10:28:29.676400,24187,3.011719,3.101562,3.015625,-1,172.668439,23.799377
2025-08-11T10:28:30.276398,24188,3.007812,3.09375,3.0117190000000003,-1,172.729475,23.799377
2025-08-11T10:28:30.913396,24189,3.007812,3.101562,3.0117190000000003,-1,172.607404,23.818257
2025-08-11T10:28:31.539401,24190,3.011719,3.097656,3.0117190000000003,-1,172.729475,23.808817
2025-08-11T10:28:32.208401,24191,3.011719,3.097656,3.019531,-1,172.729475,23.818257
2025-08-11T10:28:32.828399,24192,3.007812,3.097656,3.0117190000000003,-1,172.607404,23.818257
2025-08-11T10:28:33.362398,24193,3.007812,3.097656,3.019531,-1,172.607404,23.818257
2025-08-11T10:28:34.071400,24194,3.011719,3.097656,3.007812,-1,172.607404,23.818257
2025-08-11T10:28:34.713399,24195,3.011719,3.097656,3.0117190000000003,-1,172.546369,23.818257
2025-08-11T10:28:35.647401,24196,3.003906,3.101562,3.015625,-1,172.607404,23.837137
2025-08-11T10:28:36.244397,24197,3.011719,3.09375,3.015625,-1,172.546369,23.837137
2025-08-11T10:28:36.901397,24198,3.011719,3.097656,3.007812,-1,172.546369,23.827697
2025-08-11T10:28:37.465400,24199,3.011719,3.097656,3.0273440000000003,-1,172.668439,23.837137
2025-08-11T10:28:38.011397,24200,3.007812,3.097656,3.007812,-1,172.607404,23.837137
2025-08-11T10:28:38.537396,24201,3.011719,3.101562,3.019531,-1,172.424299,23.846577
2025-08-11T10:28:39.055400,24202,3.011719,3.097656,3.015625,-1,172.607404,23.837137
2025-08-11T10:28:39.586396,24203,3.015625,3.097656,3.019531,-1,172.668439,23.846577
2025-08-11T10:28:40.105399,24204,3.011719,3.097656,3.007812,-1,172.79051,23.837137
2025-08-11T10:28:40.649397,24205,3.011719,3.105469,3.0117190000000003,-1,172.851545,23.846577
2025-08-11T10:28:41.164397,24206,3.011719,3.097656,3.015625,-1,172.668439,23.856017
2025-08-11T10:28:41.714398,24207,3.011719,3.09375,3.0117190000000003,-1,172.241193,23.865457
2025-08-11T10:28:42.258396,24208,3.011719,3.097656,3.015625,-1,172.302228,23.856017
2025-08-11T10:28:42.805399,24209,3.011719,3.097656,3.007812,-1,172.241193,23.856017
2025-08-11T10:28:43.360400,24210,3.007812,3.097656,3.0117190000000003,-1,172.546369,23.856017
2025-08-11T10:28:43.924398,24211,3.007812,3.097656,3.007812,-1,172.424299,23.846577
2025-08-11T10:28:44.457399,24212,3.007812,3.101562,3.015625,-1,172.607404,23.837137
2025-08-11T10:28:44.981397,24213,3.011719,3.101562,3.0117190000000003,-1,172.668439,23.837137
2025-08-11T10:28:45.491398,24214,3.011719,3.097656,3.019531,-1,172.607404,23.846577
2025-08-11T10:28:45.999400,24215,3.011719,3.097656,3.015625,-1,172.424299,23.846577
2025-08-11T10:28:46.527397,24216,3.007812,3.097656,3.015625,-1,172.546369,23.846577
2025-08-11T10:28:47.048398,24217,3.007812,3.101562,3.007812,-1,172.546369,23.846577
2025-08-11T10:28:47.591398,24218,3.011719,3.097656,3.0117190000000003,-1,172.485334,23.846577
2025-08-11T10:28:48.128398,24219,3.007812,3.097656,3.0117190000000003,-1,172.485334,23.846577
2025-08-11T10:28:48.577356,24220,3.011719,3.097656,3.015625,-1,172.424299,23.846577
2025-08-11T10:28:49.097355,24221,3.011719,3.097656,3.0117190000000003,-1,172.485334,23.837137
2025-08-11T10:28:49.604357,24222,3.011719,3.097656,3.0117190000000003,-1,172.424299,23.827697
2025-08-11T10:28:50.101356,24223,3.011719,3.101562,3.015625,-1,172.424299,23.818257
2025-08-11T10:28:50.604355,24224,3.007812,3.09375,3.015625,-1,172.485334,23.827697
2025-08-11T10:28:51.105357,24225,3.007812,3.097656,3.0117190000000003,-1,172.607404,23.837137
2025-08-11T10:28:51.638356,24226,3.003906,3.097656,3.015625,-1,172.607404,23.818257
2025-08-11T10:28:52.124356,24227,3.011719,3.097656,3.007812,-1,172.546369,23.827697
2025-08-11T10:28:52.624356,24228,3.015625,3.097656,3.0117190000000003,-1,172.424299,23.818257
2025-08-11T10:28:53.114356,24229,3.007812,3.097656,3.0117190000000003,-1,172.546369,23.827697
2025-08-11T10:28:53.611884,24230,3.015625,3.097656,3.007812,-1,172.607404,23.818257
2025-08-11T10:28:54.084883,24231,3.007812,3.097656,3.0117190000000003,-1,172.485334,23.808817
2025-08-11T10:28:54.585883,24232,3.011719,3.097656,3.007812,-1,172.424299,23.808817
2025-08-11T10:28:55.085886,24233,3.007812,3.101562,3.0117190000000003,-1,172.485334,23.808817
2025-08-11T10:28:55.609886,24234,3.015625,3.097656,3.0117190000000003,-1,172.363264,23.808817
2025-08-11T10:28:56.108884,24235,3.011719,3.097656,3.007812,-1,172.424299,23.818257
2025-08-11T10:28:56.588883,24236,3.015625,3.097656,3.015625,-1,172.485334,23.818257
2025-08-11T10:28:57.038884,24237,3.007812,3.101562,3.0117190000000003,-1,172.546369,23.818257
2025-08-11T10:28:57.524884,24238,3.011719,3.097656,3.015625,-1,172.607404,23.799377
2025-08-11T10:28:57.963886,24239,3.007812,3.097656,3.015625,-1,172.607404,23.799377
2025-08-11T10:28:58.443883,24240,3.007812,3.097656,3.015625,-1,172.485334,23.808817
2025-08-11T10:28:58.921885,24241,3.011719,3.097656,3.007812,-1,172.424299,23.808817
2025-08-11T10:28:59.401884,24242,3.007812,3.097656,3.015625,-1,172.546369,23.789937
2025-08-11T10:28:59.880884,24243,3.011719,3.101562,3.007812,-1,172.485334,23.789937
2025-08-11T10:29:00.404888,24244,3.003906,3.097656,3.015625,-1,172.607404,23.789937
2025-08-11T10:29:00.848884,24245,3.015625,3.101562,3.015625,-1,172.546369,23.799377
2025-08-11T10:29:01.340884,24246,3.011719,3.097656,3.019531,-1,172.485334,23.799377
2025-08-11T10:29:01.776884,24247,3.007812,3.097656,3.0117190000000003,-1,172.607404,23.799377
2025-08-11T10:29:02.294065,24248,3.011719,3.097656,3.0117190000000003,-1,172.424299,23.808817
2025-08-11T10:29:02.758063,24249,3.007812,3.097656,3.019531,-1,172.485334,23.808817
2025-08-11T10:29:03.232064,24250,3.011719,3.105469,3.015625,-1,172.546369,23.808817
2025-08-11T10:29:03.665064,24251,3.011719,3.101562,3.0117190000000003,-1,172.607404,23.808817
2025-08-11T10:29:04.194066,24252,3.007812,3.101562,3.019531,-1,172.607404,23.808817
2025-08-11T10:29:04.662064,24253,3.007812,3.101562,3.015625,-1,172.424299,23.827697
2025-08-11T10:29:05.130063,24254,3.007812,3.09375,3.0117190000000003,-1,172.424299,23.827697
2025-08-11T10:29:05.632113,24255,3.007812,3.105469,3.0117190000000003,-1,172.485334,23.827697
2025-08-11T10:29:06.107112,24256,3.007812,3.097656,3.015625,-1,172.424299,23.837137
2025-08-11T10:29:06.588761,24257,3.011719,3.101562,3.0117190000000003,-1,172.607404,23.837137
2025-08-11T10:29:07.063761,24258,3.011719,3.097656,3.003906,-1,172.485334,23.837137
2025-08-11T10:29:07.559762,24259,3.011719,3.097656,3.015625,-1,172.607404,23.846577
2025-08-11T10:29:08.001761,24260,3.011719,3.097656,3.0117190000000003,-1,172.424299,23.837137
2025-08-11T10:29:08.487761,24261,3.011719,3.101562,3.015625,-1,172.363264,23.846577
2025-08-11T10:29:08.930837,24262,3.007812,3.097656,3.019531,-1,172.546369,23.837137
2025-08-11T10:29:09.424847,24263,3.007812,3.097656,3.0117190000000003,-1,172.546369,23.837137
2025-08-11T10:29:09.883837,24264,3.011719,3.101562,3.015625,-1,172.546369,23.846577
2025-08-11T10:29:10.373842,24265,3.011719,3.101562,3.015625,-1,172.668439,23.837137
2025-08-11T10:29:10.849837,24266,3.007812,3.097656,3.015625,-1,172.546369,23.818257
2025-08-11T10:29:11.339837,24267,3.007812,3.097656,3.015625,-1,172.546369,23.808817
2025-08-11T10:29:11.790428,24268,3.011719,3.097656,3.015625,-1,172.546369,23.808817
2025-08-11T10:29:12.327429,24269,3.003906,3.109375,3.015625,-1,172.668439,23.799377
2025-08-11T10:29:12.820427,24270,3.011719,3.09375,3.019531,-1,172.729475,23.808817
2025-08-11T10:29:13.344429,24271,3.011719,3.097656,3.015625,-1,172.729475,23.818257
2025-08-11T10:29:13.806428,24272,3.003906,3.097656,3.019531,-1,172.485334,23.818257
2025-08-11T10:29:14.327428,24273,3.015625,3.101562,3.019531,-1,172.363264,23.818257
2025-08-11T10:29:14.829428,24274,3.015625,3.09375,3.0117190000000003,-1,172.363264,23.818257
2025-08-11T10:29:15.330428,24275,3.011719,3.097656,3.0273440000000003,-1,172.546369,23.808817
2025-08-11T10:29:15.811429,24276,3.007812,3.097656,3.0117190000000003,-1,172.424299,23.808817
2025-08-11T10:29:16.372431,24277,3.003906,3.097656,3.015625,-1,172.424299,23.789937
2025-08-11T10:29:16.949428,24278,3.015625,3.097656,3.007812,-1,172.363264,23.789937
2025-08-11T10:29:17.528428,24279,3.007812,3.097656,3.015625,-1,172.363264,23.780498
2025-08-11T10:29:18.025432,24280,3.007812,3.101562,3.019531,-1,172.363264,23.780498
2025-08-11T10:29:18.594429,24281,3.011719,3.097656,3.007812,-1,172.363264,23.799377
2025-08-11T10:29:19.130429,24282,3.007812,3.09375,3.019531,-1,172.485334,23.799377
2025-08-11T10:29:19.668428,24283,3.007812,3.097656,3.007812,-1,172.302228,23.818257
2025-08-11T10:29:20.195427,24284,3.011719,3.105469,3.019531,-1,172.363264,23.808817
2025-08-11T10:29:20.735429,24285,3.011719,3.097656,3.019531,-1,172.363264,23.818257
2025-08-11T10:29:21.258427,24286,3.007812,3.097656,3.015625,-1,172.302228,23.808817
2025-08-11T10:29:21.726429,24287,3.007812,3.097656,3.015625,-1,172.485334,23.818257
2025-08-11T10:29:22.256429,24288,3.011719,3.097656,3.0117190000000003,-1,172.424299,23.808817
2025-08-11T10:29:22.800427,24289,3.007812,3.097656,3.007812,-1,172.424299,23.808817
2025-08-11T10:29:23.340427,24290,3.007812,3.097656,3.0117190000000003,-1,172.546369,23.818257
2025-08-11T10:29:23.795428,24291,3.015625,3.101562,3.0117190000000003,-1,172.241193,23.818257
2025-08-11T10:29:24.293492,24292,3.011719,3.101562,3.0117190000000003,-1,172.363264,23.827697
2025-08-11T10:29:24.768491,24293,3.011719,3.097656,3.015625,-1,172.424299,23.827697
2025-08-11T10:29:25.287507,24294,3.011719,3.097656,3.0117190000000003,-1,172.363264,23.837137
2025-08-11T10:29:25.757491,24295,3.015625,3.097656,3.015625,-1,172.363264,23.837137
2025-08-11T10:29:26.271491,24296,3.007812,3.097656,3.015625,-1,172.485334,23.846577
2025-08-11T10:29:26.741492,24297,3.007812,3.101562,3.0117190000000003,-1,172.546369,23.846577
2025-08-11T10:29:27.280492,24298,3.011719,3.097656,3.015625,-1,172.485334,23.856017
2025-08-11T10:29:27.788497,24299,3.007812,3.097656,3.015625,-1,172.363264,23.865457
2025-08-11T10:29:28.358493,24300,3.011719,3.101562,3.015625,-1,172.363264,23.865457
2025-08-11T10:29:28.840492,24301,3.015625,3.101562,3.0117190000000003,-1,172.363264,23.874898
2025-08-11T10:29:29.377492,24302,3.003906,3.101562,3.015625,-1,172.302228,23.884338
2025-08-11T10:29:29.829492,24303,3.007812,3.101562,3.0117190000000003,-1,172.302228,23.884338
2025-08-11T10:29:30.471497,24304,3.011719,3.097656,3.019531,-1,172.424299,23.884338
2025-08-11T10:29:31.030493,24305,3.007812,3.097656,3.015625,-1,172.363264,23.903219
2025-08-11T10:29:31.627492,24306,3.011719,3.097656,3.0117190000000003,-1,172.241193,23.903219
2025-08-11T10:29:32.259491,24307,3.007812,3.101562,3.0117190000000003,-1,172.302228,23.9221
2025-08-11T10:29:32.812492,24308,3.011719,3.101562,3.015625,-1,172.241193,23.912659
2025-08-11T10:29:33.320491,24309,3.007812,3.101562,3.0117190000000003,-1,172.363264,23.9221
2025-08-11T10:29:33.826492,24310,3.011719,3.09375,3.0117190000000003,-1,172.180158,23.9221
2025-08-11T10:29:34.376493,24311,3.007812,3.101562,3.0117190000000003,-1,172.302228,23.9221
2025-08-11T10:29:34.901494,24312,3.007812,3.105469,3.019531,-1,172.363264,23.93154
2025-08-11T10:29:35.451493,24313,3.007812,3.101562,3.019531,-1,172.363264,23.93154
2025-08-11T10:29:35.972491,24314,3.011719,3.101562,3.015625,-1,172.241193,23.93154
2025-08-11T10:29:36.500493,24315,3.011719,3.097656,3.0117190000000003,-1,172.302228,23.940981
2025-08-11T10:29:36.999494,24316,3.011719,3.097656,3.015625,-1,172.180158,23.93154
2025-08-11T10:29:37.485491,24317,3.007812,3.097656,3.007812,-1,172.302228,23.9221
2025-08-11T10:29:38.120764,24318,3.011719,3.101562,3.023438,-1,172.363264,23.93154
2025-08-11T10:29:38.603762,24319,3.007812,3.101562,3.019531,-1,172.302228,23.9221
2025-08-11T10:29:39.069102,24320,3.007812,3.101562,3.0117190000000003,-1,172.363264,23.9221
2025-08-11T10:29:39.564103,24321,3.007812,3.101562,3.019531,-1,172.363264,23.9221
2025-08-11T10:29:40.030101,24322,3.007812,3.101562,3.019531,-1,172.424299,23.9221
2025-08-11T10:29:40.528101,24323,3.007812,3.097656,3.0117190000000003,-1,172.302228,23.93154
2025-08-11T10:29:40.998103,24324,3.003906,3.097656,3.003906,-1,172.302228,23.93154
2025-08-11T10:29:41.474101,24325,3.011719,3.105469,3.015625,-1,172.424299,23.93154
2025-08-11T10:29:41.965102,24326,3.011719,3.097656,3.019531,-1,172.485334,23.93154
2025-08-11T10:29:42.568104,24327,3.011719,3.101562,3.015625,-1,172.424299,23.93154
2025-08-11T10:29:43.091103,24328,3.011719,3.101562,3.007812,-1,172.424299,23.9221
2025-08-11T10:29:43.598103,24329,3.015625,3.097656,3.019531,-1,172.424299,23.9221
2025-08-11T10:29:44.101103,24330,3.015625,3.097656,3.0117190000000003,-1,172.424299,23.9221
2025-08-11T10:29:44.626104,24331,3.007812,3.097656,3.019531,-1,172.302228,23.9221
2025-08-11T10:29:45.156104,24332,3.007812,3.101562,3.0117190000000003,-1,172.241193,23.9221
2025-08-11T10:29:45.645103,24333,3.011719,3.101562,3.019531,-1,172.424299,23.9221
2025-08-11T10:29:46.118102,24334,3.003906,3.105469,3.007812,-1,172.241193,23.93154
2025-08-11T10:29:46.592102,24335,3.003906,3.097656,3.015625,-1,172.241193,23.912659
2025-08-11T10:29:47.173105,24336,3.011719,3.097656,3.015625,-1,172.363264,23.903219
2025-08-11T10:29:47.646102,24337,3.007812,3.097656,3.015625,-1,172.241193,23.884338
2025-08-11T10:29:48.133103,24338,3.007812,3.097656,3.015625,-1,172.485334,23.874898
2025-08-11T10:29:48.600865,24339,3.011719,3.09375,3.0117190000000003,-1,172.302228,23.874898
2025-08-11T10:35:38.741363,24340,3.003906,3.101562,3.0117190000000003,-1,172.668439,23.818257
2025-08-11T10:35:39.248363,24341,3.007812,3.097656,3.0117190000000003,-1,172.668439,23.818257
2025-08-11T10:35:39.721362,24342,3.007812,3.101562,3.0117190000000003,-1,172.546369,23.808817
2025-08-11T10:35:40.220365,24343,3.011719,3.097656,3.015625,-1,172.607404,23.808817
2025-08-11T10:35:40.729364,24344,3.003906,3.097656,3.019531,-1,172.668439,23.808817
2025-08-11T10:35:41.268363,24345,3.011719,3.101562,3.007812,-1,172.668439,23.818257
2025-08-11T10:35:41.802367,24346,3.011719,3.097656,3.0117190000000003,-1,172.668439,23.808817
2025-08-11T10:35:42.335362,24347,3.011719,3.097656,3.007812,-1,172.729475,23.818257
2025-08-11T10:35:42.844363,24348,3.011719,3.097656,3.007812,-1,172.607404,23.827697
2025-08-11T10:35:43.364363,24349,3.011719,3.097656,3.0117190000000003,-1,172.668439,23.827697
2025-08-11T10:35:43.874364,24350,3.011719,3.101562,3.0117190000000003,-1,172.729475,23.827697
2025-08-11T10:35:44.392362,24351,3.007812,3.101562,3.015625,-1,172.546369,23.818257
2025-08-11T10:35:44.899362,24352,3.007812,3.097656,3.0117190000000003,-1,172.485334,23.808817
2025-08-11T10:35:45.414362,24353,3.015625,3.101562,3.0117190000000003,-1,172.485334,23.818257
2025-08-11T10:35:45.920363,24354,3.003906,3.09375,3.007812,-1,172.607404,23.799377
2025-08-11T10:35:46.440363,24355,3.007812,3.097656,3.015625,-1,172.424299,23.789937
2025-08-11T10:35:46.952363,24356,3.011719,3.101562,3.015625,-1,172.424299,23.771058
2025-08-11T10:35:47.441363,24357,3.011719,3.097656,3.015625,-1,172.424299,23.761618
2025-08-11T10:35:47.973364,24358,3.011719,3.097656,3.015625,-1,172.607404,23.752178
2025-08-11T10:35:48.480365,24359,3.011719,3.09375,3.0117190000000003,-1,172.424299,23.742738
2025-08-11T10:35:49.000364,24360,3.011719,3.097656,3.0117190000000003,-1,172.424299,23.742738
2025-08-11T10:35:49.509362,24361,3.007812,3.097656,3.0117190000000003,-1,172.485334,23.752178
2025-08-11T10:35:50.034364,24362,3.011719,3.097656,3.0117190000000003,-1,172.546369,23.752178
2025-08-11T10:35:50.591776,24363,3.015625,3.09375,3.015625,-1,172.546369,23.771058
2025-08-11T10:35:51.106188,24364,3.007812,3.097656,3.015625,-1,172.668439,23.761618
2025-08-11T10:35:51.620187,24365,3.011719,3.097656,3.019531,-1,172.607404,23.771058
2025-08-11T10:35:52.125190,24366,3.007812,3.097656,3.015625,-1,172.607404,23.761618
2025-08-11T10:35:52.667708,24367,3.011719,3.101562,3.003906,-1,172.668439,23.752178
2025-08-11T10:35:53.178706,24368,3.011719,3.097656,3.0117190000000003,-1,172.546369,23.752178
2025-08-11T10:35:53.701706,24369,3.011719,3.101562,3.0117190000000003,-1,172.546369,23.752178
2025-08-11T10:35:54.201706,24370,3.007812,3.097656,3.015625,-1,172.668439,23.733298
2025-08-11T10:35:54.713705,24371,3.011719,3.097656,3.019531,-1,172.485334,23.733298
2025-08-11T10:35:55.229707,24372,3.007812,3.097656,3.019531,-1,172.607404,23.733298
2025-08-11T10:35:55.738705,24373,3.011719,3.101562,3.015625,-1,172.546369,23.733298
2025-08-11T10:35:56.268705,24374,3.007812,3.097656,3.015625,-1,172.485334,23.742738
2025-08-11T10:35:56.792705,24375,3.011719,3.097656,3.015625,-1,172.485334,23.742738
2025-08-11T10:35:57.306706,24376,3.011719,3.09375,3.015625,-1,172.485334,23.742738
2025-08-11T10:35:57.847705,24377,3.007812,3.09375,3.015625,-1,172.607404,23.742738
2025-08-11T10:35:58.356706,24378,3.015625,3.09375,3.019531,-1,172.668439,23.742738
2025-08-11T10:35:58.875706,24379,3.011719,3.097656,3.015625,-1,172.607404,23.752178
2025-08-11T10:35:59.384705,24380,3.007812,3.101562,3.019531,-1,172.668439,23.752178
2025-08-11T10:35:59.910705,24381,3.011719,3.097656,3.015625,-1,172.607404,23.771058
2025-08-11T10:36:00.432706,24382,3.003906,3.09375,3.015625,-1,172.546369,23.771058
2025-08-11T10:36:00.946705,24383,3.011719,3.097656,3.023438,-1,172.607404,23.761618
2025-08-11T10:36:01.463705,24384,3.007812,3.101562,3.015625,-1,172.546369,23.771058
2025-08-11T10:36:01.979706,24385,3.011719,3.097656,3.019531,-1,172.607404,23.771058
2025-08-11T10:36:02.493707,24386,3.007812,3.097656,3.015625,-1,171.997053,23.771058
2025-08-11T10:36:03.000706,24387,3.003906,3.101562,3.0117190000000003,-1,170.77635,23.780498
2025-08-11T10:36:03.513704,24388,3.003906,3.097656,3.0,-1,167.541487,23.771058
2025-08-11T10:36:04.048705,24389,3.003906,3.101562,3.015625,-1,165.954573,23.780498
2025-08-11T10:36:04.577705,24390,3.007812,3.089844,3.007812,-1,165.893538,23.780498
2025-08-11T10:36:05.099706,24391,3.007812,3.097656,3.023438,-1,165.222151,23.771058
2025-08-11T10:36:05.622713,24392,3.011719,3.097656,3.0117190000000003,-1,166.320784,23.780498
2025-08-11T10:36:06.156718,24393,3.011719,3.101562,3.0117190000000003,-1,171.997053,23.780498
2025-08-11T10:36:06.691438,24394,3.011719,3.101562,3.015625,-1,172.424299,23.780498
2025-08-11T10:36:07.233438,24395,3.007812,3.097656,3.015625,-1,172.485334,23.780498
2025-08-11T10:36:07.742439,24396,3.015625,3.09375,3.007812,-1,172.485334,23.771058
2025-08-11T10:36:08.265438,24397,3.007812,3.101562,3.0117190000000003,-1,172.424299,23.771058
2025-08-11T10:36:08.769440,24398,3.011719,3.097656,3.0117190000000003,-1,172.485334,23.789937
2025-08-11T10:36:09.277439,24399,3.003906,3.097656,3.019531,-1,172.485334,23.799377
2025-08-11T10:36:09.788439,24400,3.011719,3.101562,3.0117190000000003,-1,172.424299,23.789937
2025-08-11T10:36:10.309439,24401,3.011719,3.101562,3.015625,-1,172.424299,23.799377
2025-08-11T10:36:10.756440,24402,3.011719,3.101562,3.007812,-1,172.424299,23.808817
2025-08-11T10:36:11.358439,24403,3.011719,3.101562,3.007812,-1,172.302228,23.808817
2025-08-11T10:36:11.963439,24404,3.007812,3.09375,3.0117190000000003,-1,172.424299,23.808817
2025-08-11T10:36:12.524438,24405,3.003906,3.101562,3.015625,-1,172.363264,23.818257
2025-08-11T10:36:13.026442,24406,3.007812,3.089844,3.0117190000000003,-1,172.363264,23.818257
2025-08-11T10:36:13.572439,24407,3.015625,3.101562,3.015625,-1,172.302228,23.808817
2025-08-11T10:36:14.070440,24408,3.011719,3.101562,3.0117190000000003,-1,172.424299,23.818257
2025-08-11T10:36:14.630439,24409,3.007812,3.097656,3.0117190000000003,-1,172.241193,23.808817
2025-08-11T10:36:15.105439,24410,3.011719,3.097656,3.015625,-1,172.485334,23.808817
2025-08-11T10:36:15.704440,24411,3.011719,3.101562,3.0117190000000003,-1,172.363264,23.789937
2025-08-11T10:36:16.225441,24412,3.007812,3.097656,3.007812,-1,172.302228,23.789937
2025-08-11T10:36:16.749442,24413,3.015625,3.097656,3.023438,-1,172.241193,23.780498
2025-08-11T10:36:17.261438,24414,3.011719,3.097656,3.0117190000000003,-1,172.302228,23.761618
2025-08-11T10:36:17.791439,24415,3.007812,3.097656,3.019531,-1,172.424299,23.761618
2025-08-11T10:36:18.289439,24416,3.011719,3.101562,3.015625,-1,172.302228,23.761618
2025-08-11T10:36:18.796439,24417,3.007812,3.097656,3.0117190000000003,-1,172.302228,23.761618
2025-08-11T10:36:19.326442,24418,3.011719,3.101562,3.019531,-1,172.424299,23.761618
2025-08-11T10:36:19.906439,24419,3.011719,3.101562,3.015625,-1,172.363264,23.771058
2025-08-11T10:36:20.430441,24420,3.011719,3.097656,3.015625,-1,172.302228,23.771058
2025-08-11T10:36:20.937440,24421,3.007812,3.097656,3.015625,-1,172.485334,23.780498
2025-08-11T10:36:21.452441,24422,3.011719,3.097656,3.0117190000000003,-1,172.363264,23.780498
2025-08-11T10:36:21.951445,24423,3.011719,3.101562,3.0117190000000003,-1,172.485334,23.780498
2025-08-11T10:36:22.461440,24424,3.011719,3.097656,3.007812,-1,172.302228,23.771058
2025-08-11T10:36:22.954439,24425,3.011719,3.097656,3.015625,-1,172.424299,23.771058
2025-08-11T10:36:23.424447,24426,3.007812,3.101562,3.015625,-1,172.363264,23.771058
2025-08-11T10:36:23.945459,24427,3.015625,3.101562,3.015625,-1,172.424299,23.771058
2025-08-11T10:36:24.447469,24428,3.011719,3.097656,3.023438,-1,172.302228,23.771058
2025-08-11T10:36:24.947492,24429,3.011719,3.101562,3.007812,-1,172.424299,23.789937
2025-08-11T10:36:25.468499,24430,3.007812,3.097656,3.015625,-1,172.302228,23.780498
2025-08-11T10:36:25.969510,24431,3.011719,3.097656,3.023438,-1,172.485334,23.780498
2025-08-11T10:36:26.506511,24432,3.011719,3.101562,3.015625,-1,172.302228,23.789937
2025-08-11T10:36:26.959519,24433,3.003906,3.097656,3.007812,-1,172.363264,23.789937
2025-08-11T10:36:27.455510,24434,3.007812,3.101562,3.007812,-1,172.241193,23.799377
2025-08-11T10:36:27.908511,24435,3.015625,3.105469,3.0117190000000003,-1,172.363264,23.789937
2025-08-11T10:36:28.390510,24436,3.011719,3.097656,3.015625,-1,172.363264,23.808817
2025-08-11T10:36:28.879511,24437,3.011719,3.09375,3.015625,-1,172.302228,23.808817
2025-08-11T10:36:29.365510,24438,3.007812,3.09375,3.023438,-1,172.424299,23.789937
2025-08-11T10:36:29.843510,24439,3.003906,3.101562,3.015625,-1,172.302228,23.789937
2025-08-11T10:36:30.310511,24440,3.011719,3.097656,3.007812,-1,172.302228,23.789937
2025-08-11T10:36:30.776511,24441,3.007812,3.097656,3.015625,-1,172.302228,23.789937
2025-08-11T10:36:31.284510,24442,3.011719,3.097656,3.007812,-1,172.363264,23.780498
2025-08-11T10:36:31.803156,24443,3.011719,3.101562,3.0117190000000003,-1,172.424299,23.780498
2025-08-11T10:36:32.347151,24444,3.011719,3.101562,3.007812,-1,172.302228,23.771058
2025-08-11T10:36:32.858155,24445,3.007812,3.101562,3.0117190000000003,-1,172.424299,23.771058
2025-08-11T10:36:33.355150,24446,3.011719,3.097656,3.015625,-1,172.302228,23.771058
2025-08-11T10:36:33.869150,24447,3.011719,3.097656,3.007812,-1,172.302228,23.761618
2025-08-11T10:36:34.529158,24448,3.011719,3.101562,3.015625,-1,172.302228,23.761618
2025-08-11T10:36:35.082150,24449,3.007812,3.101562,3.019531,-1,172.485334,23.771058
2025-08-11T10:36:35.590150,24450,3.007812,3.097656,3.0117190000000003,-1,172.363264,23.771058
2025-08-11T10:36:36.073151,24451,3.007812,3.101562,3.019531,-1,172.485334,23.780498
2025-08-11T10:36:36.662128,24452,3.011719,3.101562,3.0117190000000003,-1,172.302228,23.780498
2025-08-11T10:36:37.182124,24453,3.007812,3.101562,3.019531,-1,172.302228,23.789937
2025-08-11T10:36:37.694124,24454,3.015625,3.09375,3.007812,-1,172.302228,23.789937
2025-08-11T10:36:38.201125,24455,3.007812,3.097656,3.0117190000000003,-1,172.485334,23.789937
2025-08-11T10:36:38.801125,24456,3.003906,3.097656,3.015625,-1,172.302228,23.780498
2025-08-11T10:36:39.318043,24457,3.011719,3.097656,3.0117190000000003,-1,172.424299,23.771058
2025-08-11T10:36:39.896042,24458,3.007812,3.101562,3.0117190000000003,-1,172.363264,23.771058
2025-08-11T10:36:40.423045,24459,3.007812,3.097656,3.0117190000000003,-1,172.363264,23.771058
2025-08-11T10:36:40.974043,24460,3.011719,3.101562,3.0117190000000003,-1,172.546369,23.780498
2025-08-11T10:36:41.496057,24461,3.011719,3.097656,3.015625,-1,172.363264,23.789937
2025-08-11T10:36:42.091113,24462,3.007812,3.097656,3.0117190000000003,-1,172.363264,23.780498
2025-08-11T10:36:42.654112,24463,3.011719,3.101562,3.0117190000000003,-1,172.546369,23.780498
2025-08-11T10:36:43.246112,24464,3.007812,3.097656,3.003906,-1,172.363264,23.799377
2025-08-11T10:36:43.806110,24465,3.007812,3.09375,3.007812,-1,172.485334,23.799377
2025-08-11T10:36:44.327110,24466,3.007812,3.101562,3.015625,-1,172.424299,23.808817
2025-08-11T10:36:44.836110,24467,3.007812,3.101562,3.015625,-1,172.363264,23.808817
2025-08-11T10:36:45.381131,24468,3.011719,3.101562,3.015625,-1,172.546369,23.808817
2025-08-11T10:36:45.868130,24469,3.011719,3.097656,3.007812,-1,172.607404,23.818257
2025-08-11T10:36:46.375131,24470,3.011719,3.101562,3.0117190000000003,-1,172.363264,23.808817
2025-08-11T10:36:46.903130,24471,3.015625,3.097656,3.0117190000000003,-1,172.546369,23.818257
2025-08-11T10:36:47.404130,24472,3.011719,3.105469,3.015625,-1,172.485334,23.808817
2025-08-11T10:36:47.894130,24473,3.007812,3.101562,3.015625,-1,172.485334,23.808817
2025-08-11T10:36:48.368132,24474,3.011719,3.09375,3.0117190000000003,-1,172.424299,23.808817
2025-08-11T10:36:48.848133,24475,3.011719,3.101562,3.019531,-1,172.424299,23.808817
2025-08-11T10:36:49.392134,24476,3.011719,3.097656,3.019531,-1,172.546369,23.799377
2025-08-11T10:36:49.866130,24477,3.011719,3.097656,3.015625,-1,172.363264,23.799377
2025-08-11T10:36:50.370130,24478,3.007812,3.097656,3.0117190000000003,-1,172.424299,23.799377
2025-08-11T10:36:50.832130,24479,3.011719,3.097656,3.023438,-1,172.546369,23.808817
2025-08-11T10:36:51.321132,24480,3.007812,3.09375,3.0117190000000003,-1,172.363264,23.808817
2025-08-11T10:36:51.774131,24481,3.011719,3.097656,3.0117190000000003,-1,172.363264,23.808817
2025-08-11T10:36:52.252132,24482,3.011719,3.097656,3.0117190000000003,-1,172.424299,23.799377
2025-08-11T10:36:52.713131,24483,3.007812,3.101562,3.015625,-1,172.546369,23.789937
2025-08-11T10:36:53.204131,24484,3.011719,3.101562,3.007812,-1,172.546369,23.789937
2025-08-11T10:36:53.675132,24485,3.011719,3.097656,3.015625,-1,172.363264,23.799377
2025-08-11T10:36:54.158131,24486,3.007812,3.101562,3.0117190000000003,-1,172.424299,23.799377
2025-08-11T10:36:54.635131,24487,3.011719,3.097656,3.0117190000000003,-1,172.546369,23.808817
2025-08-11T10:36:55.132132,24488,3.011719,3.097656,3.0117190000000003,-1,172.424299,23.799377
2025-08-11T10:36:55.614131,24489,3.007812,3.09375,3.0117190000000003,-1,172.424299,23.799377
2025-08-11T10:36:56.089132,24490,3.007812,3.101562,3.019531,-1,172.363264,23.808817
2025-08-11T10:36:56.575141,24491,3.007812,3.097656,3.007812,-1,172.485334,23.808817
2025-08-11T10:36:57.039140,24492,3.011719,3.101562,3.007812,-1,172.485334,23.808817
2025-08-11T10:36:57.526141,24493,3.003906,3.105469,3.0117190000000003,-1,172.546369,23.799377
2025-08-11T10:36:58.020140,24494,3.007812,3.09375,3.019531,-1,172.485334,23.780498
2025-08-11T10:36:58.506939,24495,3.011719,3.097656,3.0117190000000003,-1,172.424299,23.771058
2025-08-11T10:36:58.965940,24496,3.011719,3.101562,3.007812,-1,172.546369,23.761618
2025-08-11T10:36:59.383940,24497,3.011719,3.097656,3.019531,-1,172.546369,23.761618
2025-08-11T10:36:59.865300,24498,3.011719,3.101562,3.019531,-1,172.546369,23.761618
2025-08-11T10:37:00.342299,24499,3.015625,3.097656,3.0117190000000003,-1,172.485334,23.761618
2025-08-11T10:37:00.813299,24500,3.007812,3.097656,3.015625,-1,172.607404,23.761618
2025-08-11T10:37:01.290464,24501,3.003906,3.101562,3.0117190000000003,-1,172.424299,23.761618
2025-08-11T10:37:01.744464,24502,3.003906,3.097656,3.0117190000000003,-1,172.485334,23.771058
2025-08-11T10:37:02.239465,24503,3.007812,3.097656,3.015625,-1,172.302228,23.771058
2025-08-11T10:37:02.703066,24504,3.011719,3.097656,3.0117190000000003,-1,172.424299,23.789937
2025-08-11T10:37:03.224857,24505,3.007812,3.097656,3.015625,-1,172.302228,23.780498
2025-08-11T10:37:03.676857,24506,3.011719,3.097656,3.015625,-1,172.485334,23.771058
2025-08-11T10:37:04.169857,24507,3.011719,3.097656,3.019531,-1,172.424299,23.780498
2025-08-11T10:37:04.645857,24508,3.011719,3.101562,3.0117190000000003,-1,172.302228,23.771058
2025-08-11T10:37:05.132882,24509,3.015625,3.101562,3.0117190000000003,-1,172.485334,23.771058
2025-08-11T10:37:05.638882,24510,3.007812,3.097656,3.015625,-1,172.546369,23.771058
2025-08-11T10:37:06.143886,24511,3.007812,3.097656,3.015625,-1,172.363264,23.761618
2025-08-11T10:37:06.613882,24512,3.011719,3.101562,3.007812,-1,172.424299,23.761618
2025-08-11T10:37:07.123882,24513,3.007812,3.101562,3.007812,-1,172.363264,23.771058
2025-08-11T10:37:07.600884,24514,3.007812,3.09375,3.0117190000000003,-1,172.485334,23.771058
2025-08-11T10:37:08.093883,24515,3.011719,3.101562,3.019531,-1,172.424299,23.771058
2025-08-11T10:37:08.591887,24516,3.015625,3.097656,3.0117190000000003,-1,172.363264,23.780498
2025-08-11T10:37:09.058882,24517,3.003906,3.09375,3.015625,-1,172.424299,23.761618
2025-08-11T10:37:09.536883,24518,3.015625,3.101562,3.015625,-1,172.363264,23.780498
2025-08-11T10:37:09.997332,24519,3.011719,3.097656,3.015625,-1,172.302228,23.771058
2025-08-11T10:37:10.498330,24520,3.011719,3.097656,3.007812,-1,172.302228,23.771058
2025-08-11T10:37:10.956260,24521,3.011719,3.097656,3.015625,-1,172.424299,23.771058
2025-08-11T10:37:11.398262,24522,3.011719,3.097656,3.007812,-1,172.424299,23.771058
2025-08-11T10:37:11.879260,24523,3.011719,3.097656,3.0117190000000003,-1,172.363264,23.771058
2025-08-11T10:37:12.372262,24524,3.011719,3.097656,3.0117190000000003,-1,172.485334,23.771058
2025-08-11T10:37:12.860259,24525,3.007812,3.097656,3.015625,-1,172.302228,23.780498
2025-08-11T10:37:13.346263,24526,3.011719,3.097656,3.0117190000000003,-1,172.485334,23.780498
2025-08-11T10:37:13.812259,24527,3.011719,3.097656,3.015625,-1,172.485334,23.771058
2025-08-11T10:37:14.301259,24528,3.011719,3.101562,3.015625,-1,172.363264,23.771058
2025-08-11T10:37:14.770261,24529,3.011719,3.101562,3.0117190000000003,-1,172.302228,23.771058
2025-08-11T10:37:15.295261,24530,3.007812,3.101562,3.0117190000000003,-1,172.485334,23.771058
2025-08-11T10:37:15.767266,24531,3.007812,3.101562,3.015625,-1,172.363264,23.771058
2025-08-11T10:37:16.260260,24532,3.011719,3.09375,3.0117190000000003,-1,172.424299,23.771058
2025-08-11T10:37:16.728261,24533,3.007812,3.097656,3.0117190000000003,-1,172.302228,23.771058
2025-08-11T10:37:17.234267,24534,3.003906,3.101562,3.0117190000000003,-1,172.363264,23.761618
2025-08-11T10:37:17.721260,24535,3.007812,3.101562,3.007812,-1,172.485334,23.761618
2025-08-11T10:37:18.203261,24536,3.011719,3.097656,3.007812,-1,172.302228,23.752178
2025-08-11T10:37:18.679260,24537,3.015625,3.101562,3.015625,-1,172.363264,23.761618
2025-08-11T10:37:19.187260,24538,3.015625,3.097656,3.0117190000000003,-1,172.424299,23.761618
2025-08-11T10:37:19.651355,24539,3.007812,3.09375,3.015625,-1,172.363264,23.761618
2025-08-11T10:37:20.136357,24540,3.011719,3.097656,3.0117190000000003,-1,172.363264,23.761618
2025-08-11T10:37:20.611357,24541,3.007812,3.101562,3.023438,-1,172.424299,23.761618
2025-08-11T10:37:21.095355,24542,3.011719,3.09375,3.019531,-1,172.485334,23.771058
2025-08-11T10:37:21.627355,24543,3.011719,3.101562,3.0117190000000003,-1,172.363264,23.761618
2025-08-11T10:37:22.120355,24544,3.011719,3.101562,3.0117190000000003,-1,172.302228,23.771058
2025-08-11T10:37:22.665355,24545,3.011719,3.101562,3.019531,-1,172.485334,23.752178
2025-08-11T10:37:23.223356,24546,3.015625,3.097656,3.015625,-1,172.363264,23.780498
2025-08-11T10:37:23.752355,24547,3.007812,3.09375,3.015625,-1,172.363264,23.771058
2025-08-11T10:37:24.232355,24548,3.011719,3.101562,3.0117190000000003,-1,172.485334,23.780498
2025-08-11T10:37:24.724376,24549,3.007812,3.105469,3.0117190000000003,-1,172.363264,23.780498
2025-08-11T10:37:25.209375,24550,3.007812,3.089844,3.019531,-1,172.546369,23.771058
2025-08-11T10:37:25.689385,24551,3.007812,3.09375,3.019531,-1,172.058088,23.780498
2025-08-11T10:37:26.178387,24552,3.007812,3.097656,3.015625,-1,171.997053,23.780498
2025-08-11T10:37:26.660402,24553,3.011719,3.097656,3.007812,-1,172.119123,23.771058
2025-08-11T10:37:27.161393,24554,3.011719,3.101562,3.0117190000000003,-1,171.997053,23.771058
2025-08-11T10:37:27.661393,24555,3.007812,3.101562,3.007812,-1,172.058088,23.761618
2025-08-11T10:37:28.153393,24556,3.007812,3.097656,3.007812,-1,172.241193,23.761618
2025-08-11T10:37:28.685393,24557,3.011719,3.101562,3.0117190000000003,-1,172.241193,23.761618
2025-08-11T10:37:29.189393,24558,3.007812,3.101562,3.0273440000000003,-1,172.607404,23.761618
2025-08-11T10:37:29.690393,24559,3.011719,3.097656,3.007812,-1,172.424299,23.761618
2025-08-11T10:37:30.175395,24560,3.007812,3.101562,3.0117190000000003,-1,172.424299,23.761618
2025-08-11T10:37:30.669397,24561,3.011719,3.101562,3.0117190000000003,-1,172.485334,23.761618
2025-08-11T10:37:31.159393,24562,3.011719,3.097656,3.007812,-1,172.546369,23.761618
2025-08-11T10:37:31.686393,24563,3.011719,3.101562,3.0117190000000003,-1,172.363264,23.761618
2025-08-11T10:37:32.181393,24564,3.007812,3.101562,3.007812,-1,172.363264,23.761618
2025-08-11T10:37:32.676393,24565,3.011719,3.101562,3.015625,-1,172.363264,23.761618
2025-08-11T10:37:33.163393,24566,3.003906,3.101562,3.0117190000000003,-1,172.363264,23.752178
2025-08-11T10:37:33.710394,24567,3.007812,3.097656,3.019531,-1,172.363264,23.752178
2025-08-11T10:37:34.214397,24568,3.007812,3.09375,3.015625,-1,172.485334,23.723859
2025-08-11T10:37:34.707393,24569,3.007812,3.097656,3.019531,-1,172.546369,23.723859
2025-08-11T10:37:35.182393,24570,3.011719,3.101562,3.0117190000000003,-1,172.424299,23.714419
2025-08-11T10:37:35.674397,24571,3.011719,3.097656,3.0117190000000003,-1,172.485334,23.723859
2025-08-11T10:37:36.153393,24572,3.011719,3.097656,3.007812,-1,172.363264,23.723859
2025-08-11T10:37:36.665393,24573,3.007812,3.101562,3.015625,-1,172.485334,23.733298
2025-08-11T10:37:37.161393,24574,3.011719,3.097656,3.007812,-1,172.363264,23.733298
2025-08-11T10:37:37.666393,24575,3.007812,3.097656,3.0117190000000003,-1,172.424299,23.733298
2025-08-11T10:37:38.169399,24576,3.003906,3.097656,3.015625,-1,172.485334,23.742738
2025-08-11T10:37:38.692704,24577,3.003906,3.097656,3.0117190000000003,-1,172.424299,23.733298
2025-08-11T10:37:39.195705,24578,3.011719,3.09375,3.0117190000000003,-1,172.546369,23.723859
2025-08-11T10:37:39.684704,24579,3.007812,3.097656,3.015625,-1,172.363264,23.733298
2025-08-11T10:37:40.172707,24580,3.007812,3.097656,3.007812,-1,172.363264,23.714419
2025-08-11T10:37:40.677444,24581,3.011719,3.105469,3.015625,-1,172.424299,23.714419
2025-08-11T10:37:41.160446,24582,3.011719,3.105469,3.0117190000000003,-1,172.363264,23.704979
2025-08-11T10:37:41.651444,24583,3.011719,3.101562,3.015625,-1,172.363264,23.714419
2025-08-11T10:37:42.137444,24584,3.007812,3.097656,3.015625,-1,172.424299,23.714419
2025-08-11T10:37:42.649445,24585,3.011719,3.101562,3.007812,-1,172.485334,23.714419
2025-08-11T10:37:43.133444,24586,3.015625,3.097656,3.015625,-1,172.363264,23.714419
2025-08-11T10:37:43.612443,24587,3.007812,3.097656,3.015625,-1,172.363264,23.723859
2025-08-11T10:37:44.111444,24588,3.011719,3.097656,3.015625,-1,172.363264,23.723859
2025-08-11T10:37:44.621445,24589,3.007812,3.097656,3.0117190000000003,-1,172.363264,23.723859
2025-08-11T10:37:45.133447,24590,3.011719,3.09375,3.019531,-1,172.485334,23.714419
2025-08-11T10:37:45.668462,24591,3.011719,3.097656,3.0117190000000003,-1,172.363264,23.704979
2025-08-11T10:37:46.181896,24592,3.011719,3.101562,3.0117190000000003,-1,172.546369,23.704979
2025-08-11T10:37:46.674896,24593,3.011719,3.101562,3.0117190000000003,-1,172.424299,23.695539
2025-08-11T10:37:47.167897,24594,3.007812,3.101562,3.0117190000000003,-1,172.363264,23.704979
2025-08-11T10:37:47.658899,24595,3.007812,3.097656,3.019531,-1,172.424299,23.704979
2025-08-11T10:37:48.154897,24596,3.011719,3.101562,3.015625,-1,172.363264,23.714419
2025-08-11T10:37:48.651898,24597,3.011719,3.101562,3.0117190000000003,-1,172.485334,23.714419
2025-08-11T10:37:49.158921,24598,3.015625,3.101562,3.015625,-1,172.363264,23.704979
2025-08-11T10:37:49.636919,24599,3.015625,3.09375,3.0117190000000003,-1,172.363264,23.723859
2025-08-11T10:37:50.122918,24600,3.003906,3.101562,3.015625,-1,172.546369,23.704979
2025-08-11T10:37:50.607919,24601,3.011719,3.09375,3.015625,-1,172.546369,23.704979
2025-08-11T10:37:51.126919,24602,3.007812,3.09375,3.0117190000000003,-1,172.485334,23.704979
2025-08-11T10:37:51.617918,24603,3.011719,3.097656,3.007812,-1,172.485334,23.714419
2025-08-11T10:37:52.105919,24604,3.011719,3.101562,3.0117190000000003,-1,172.485334,23.704979
2025-08-11T10:37:52.600919,24605,3.015625,3.097656,3.0117190000000003,-1,172.546369,23.704979
2025-08-11T10:37:53.106918,24606,3.007812,3.101562,3.0117190000000003,-1,172.546369,23.704979
2025-08-11T10:37:53.601918,24607,3.007812,3.101562,3.0117190000000003,-1,172.424299,23.686099
2025-08-11T10:37:54.085920,24608,3.011719,3.101562,3.015625,-1,172.485334,23.686099
2025-08-11T10:37:54.598921,24609,3.011719,3.097656,3.023438,-1,172.363264,23.667219
2025-08-11T10:37:55.077918,24610,3.011719,3.097656,3.007812,-1,172.485334,23.667219
2025-08-11T10:37:55.553919,24611,3.007812,3.09375,3.0117190000000003,-1,172.363264,23.657779
2025-08-11T10:37:56.036918,24612,3.011719,3.097656,3.023438,-1,172.363264,23.648339
2025-08-11T10:37:56.528919,24613,3.011719,3.101562,3.015625,-1,172.363264,23.638899
2025-08-11T10:37:57.011920,24614,3.011719,3.105469,3.0117190000000003,-1,172.485334,23.638899
2025-08-11T10:37:57.425918,24615,3.007812,3.09375,3.0117190000000003,-1,172.485334,23.638899
2025-08-11T10:37:57.909918,24616,3.011719,3.097656,3.0117190000000003,-1,172.363264,23.648339
2025-08-11T10:37:58.386357,24617,3.011719,3.101562,3.015625,-1,172.424299,23.648339
2025-08-11T10:37:58.876357,24618,3.011719,3.097656,3.007812,-1,172.607404,23.657779
2025-08-11T10:37:59.343357,24619,3.015625,3.105469,3.015625,-1,172.363264,23.657779
2025-08-11T10:37:59.826360,24620,3.003906,3.097656,3.0117190000000003,-1,172.363264,23.657779
2025-08-11T10:38:00.290314,24621,3.007812,3.097656,3.015625,-1,172.485334,23.667219
2025-08-11T10:38:00.768340,24622,3.011719,3.097656,3.019531,-1,172.485334,23.667219
2025-08-11T10:38:01.254065,24623,3.007812,3.09375,3.007812,-1,172.485334,23.667219
2025-08-11T10:38:01.759066,24624,3.011719,3.097656,3.019531,-1,172.424299,23.667219
2025-08-11T10:38:02.253065,24625,3.007812,3.101562,3.0117190000000003,-1,172.424299,23.676659
2025-08-11T10:38:02.716068,24626,3.007812,3.097656,3.0117190000000003,-1,172.424299,23.695539
2025-08-11T10:38:03.195066,24627,3.011719,3.101562,3.007812,-1,172.424299,23.695539
2025-08-11T10:38:03.657222,24628,3.011719,3.101562,3.0117190000000003,-1,172.485334,23.695539
2025-08-11T10:38:04.126065,24629,3.011719,3.101562,3.0117190000000003,-1,172.302228,23.704979
2025-08-11T10:38:04.598075,24630,3.015625,3.097656,3.0117190000000003,-1,172.302228,23.704979
2025-08-11T10:38:05.064074,24631,3.011719,3.097656,3.015625,-1,172.302228,23.714419
2025-08-11T10:38:05.555084,24632,3.007812,3.101562,3.019531,-1,172.363264,23.723859
2025-08-11T10:38:06.107083,24633,3.007812,3.097656,3.0117190000000003,-1,172.302228,23.723859
2025-08-11T10:38:06.664083,24634,3.007812,3.09375,3.0117190000000003,-1,172.302228,23.723859
2025-08-11T10:38:07.158084,24635,3.003906,3.097656,3.003906,-1,172.302228,23.723859
2025-08-11T10:38:07.658084,24636,3.011719,3.097656,3.015625,-1,172.363264,23.742738
2025-08-11T10:38:08.216085,24637,3.011719,3.097656,3.0117190000000003,-1,172.241193,23.733298
2025-08-11T10:38:08.723083,24638,3.011719,3.101562,3.015625,-1,172.485334,23.733298
2025-08-11T10:38:09.209084,24639,3.007812,3.097656,3.015625,-1,172.424299,23.742738
2025-08-11T10:38:09.717089,24640,3.007812,3.101562,3.015625,-1,172.424299,23.752178
2025-08-11T10:38:10.228083,24641,3.007812,3.101562,3.015625,-1,172.485334,23.752178
2025-08-11T10:38:10.729085,24642,3.011719,3.097656,3.019531,-1,172.485334,23.752178
2025-08-11T10:38:11.230083,24643,3.007812,3.097656,3.015625,-1,172.302228,23.752178
2025-08-11T10:38:11.738084,24644,3.007812,3.097656,3.003906,-1,172.363264,23.752178
2025-08-11T10:38:12.233083,24645,3.007812,3.101562,3.019531,-1,172.302228,23.733298
2025-08-11T10:38:12.724084,24646,3.011719,3.097656,3.0117190000000003,-1,172.546369,23.714419
2025-08-11T10:38:13.205084,24647,3.007812,3.101562,3.0117190000000003,-1,172.302228,23.695539
2025-08-11T10:38:13.680084,24648,3.015625,3.101562,3.0117190000000003,-1,172.180158,23.686099
2025-08-11T10:38:14.162086,24649,3.007812,3.101562,3.015625,-1,172.180158,23.695539
2025-08-11T10:38:14.641091,24650,3.011719,3.097656,3.015625,-1,172.058088,23.686099
2025-08-11T10:38:15.119091,24651,3.007812,3.097656,3.0117190000000003,-1,171.997053,23.676659
2025-08-11T10:38:15.615091,24652,3.011719,3.097656,3.0117190000000003,-1,172.180158,23.695539
2025-08-11T10:38:16.442565,24653,3.011719,3.097656,3.019531,-1,171.997053,23.686099
2025-08-11T10:38:16.933565,24654,3.011719,3.101562,3.015625,-1,171.936018,23.676659
2025-08-11T10:38:17.430565,24655,3.011719,3.105469,3.015625,-1,171.936018,23.686099
2025-08-11T10:38:17.938568,24656,3.011719,3.101562,3.015625,-1,171.936018,23.676659
2025-08-11T10:38:18.469583,24657,3.011719,3.101562,3.023438,-1,172.180158,23.667219
2025-08-11T10:38:19.089582,24658,3.007812,3.097656,3.0117190000000003,-1,172.119123,23.667219
2025-08-11T10:38:19.563582,24659,3.007812,3.097656,3.015625,-1,172.363264,23.648339
2025-08-11T10:38:20.089586,24660,3.011719,3.101562,3.015625,-1,172.302228,23.648339
2025-08-11T10:38:20.778335,24661,3.007812,3.09375,3.003906,-1,172.424299,23.638899
2025-08-11T10:38:21.288335,24662,3.007812,3.101562,3.007812,-1,172.485334,23.648339
2025-08-11T10:38:21.768344,24663,3.011719,3.101562,3.015625,-1,172.485334,23.657779
2025-08-11T10:38:22.287346,24664,3.003906,3.105469,3.0117190000000003,-1,172.424299,23.657779
2025-08-11T10:38:22.781079,24665,3.007812,3.101562,3.0117190000000003,-1,172.363264,23.648339
2025-08-11T10:38:23.342381,24666,3.003906,3.101562,3.0117190000000003,-1,172.485334,23.648339
2025-08-11T10:38:23.831378,24667,3.007812,3.097656,3.007812,-1,172.424299,23.648339
2025-08-11T10:38:24.318407,24668,3.007812,3.09375,3.003906,-1,172.424299,23.657779
2025-08-11T10:38:24.863402,24669,3.007812,3.101562,3.0117190000000003,-1,172.363264,23.667219
2025-08-11T10:38:25.393403,24670,3.011719,3.097656,3.015625,-1,172.363264,23.648339
2025-08-11T10:38:25.890402,24671,3.011719,3.09375,3.015625,-1,172.546369,23.686099
2025-08-11T10:38:26.403779,24672,3.015625,3.101562,3.015625,-1,172.546369,23.667219
2025-08-11T10:38:26.996077,24673,3.007812,3.097656,3.0117190000000003,-1,172.546369,23.667219
2025-08-11T10:38:27.556077,24674,3.011719,3.097656,3.0117190000000003,-1,172.363264,23.676659
2025-08-11T10:38:28.043077,24675,3.011719,3.101562,3.015625,-1,172.485334,23.686099
2025-08-11T10:38:28.525077,24676,3.011719,3.097656,3.015625,-1,172.546369,23.686099
2025-08-11T10:38:29.016077,24677,3.007812,3.105469,3.015625,-1,172.546369,23.686099
2025-08-11T10:38:29.481078,24678,3.003906,3.097656,3.0117190000000003,-1,172.424299,23.695539
2025-08-11T10:38:29.972077,24679,3.007812,3.097656,3.019531,-1,172.424299,23.704979
2025-08-11T10:38:30.448078,24680,3.011719,3.097656,3.007812,-1,172.546369,23.714419
2025-08-11T10:38:30.932076,24681,3.003906,3.101562,3.0117190000000003,-1,172.424299,23.714419
2025-08-11T10:38:31.428090,24682,3.011719,3.101562,3.0117190000000003,-1,172.485334,23.714419
2025-08-11T10:38:31.918089,24683,3.007812,3.097656,3.0117190000000003,-1,172.363264,23.714419
2025-08-11T10:38:32.396090,24684,3.011719,3.097656,3.007812,-1,172.485334,23.714419
2025-08-11T10:38:32.889090,24685,3.007812,3.09375,3.007812,-1,172.485334,23.723859
2025-08-11T10:38:33.497981,24686,3.015625,3.097656,3.019531,-1,172.485334,23.714419
2025-08-11T10:38:33.979983,24687,3.011719,3.097656,3.019531,-1,172.485334,23.695539
2025-08-11T10:38:34.470981,24688,3.011719,3.101562,3.023438,-1,172.424299,23.686099
2025-08-11T10:38:34.959982,24689,3.011719,3.097656,3.0117190000000003,-1,172.424299,23.676659
2025-08-11T10:38:35.447981,24690,3.007812,3.101562,3.015625,-1,172.302228,23.676659
2025-08-11T10:38:35.936981,24691,3.007812,3.097656,3.0117190000000003,-1,172.485334,23.676659
2025-08-11T10:38:36.423981,24692,3.003906,3.101562,3.007812,-1,172.546369,23.676659
2025-08-11T10:38:36.909982,24693,3.007812,3.101562,3.007812,-1,172.363264,23.676659
2025-08-11T10:38:37.405040,24694,3.007812,3.097656,3.003906,-1,172.546369,23.667219
2025-08-11T10:38:37.893037,24695,3.011719,3.09375,3.0273440000000003,-1,172.363264,23.686099
2025-08-11T10:38:38.386035,24696,3.011719,3.097656,3.007812,-1,172.546369,23.686099
2025-08-11T10:38:38.874037,24697,3.011719,3.101562,3.0117190000000003,-1,172.363264,23.704979
2025-08-11T10:38:39.360911,24698,3.011719,3.101562,3.015625,-1,172.424299,23.714419
2025-08-11T10:38:39.860911,24699,3.011719,3.097656,3.019531,-1,172.424299,23.714419
2025-08-11T10:38:40.349922,24700,3.007812,3.097656,3.015625,-1,172.485334,23.723859
2025-08-11T10:38:40.844912,24701,3.011719,3.097656,3.0117190000000003,-1,172.424299,23.733298
2025-08-11T10:38:41.347912,24702,3.015625,3.097656,3.019531,-1,172.241193,23.742738
2025-08-11T10:38:41.858713,24703,3.007812,3.105469,3.015625,-1,172.241193,23.742738
2025-08-11T10:38:42.366713,24704,3.007812,3.097656,3.007812,-1,172.424299,23.752178
2025-08-11T10:38:42.863714,24705,3.007812,3.097656,3.0117190000000003,-1,172.363264,23.752178
2025-08-11T10:38:43.370310,24706,3.007812,3.097656,3.007812,-1,172.485334,23.761618
2025-08-11T10:38:43.864074,24707,3.003906,3.101562,3.007812,-1,172.485334,23.752178
2025-08-11T10:38:44.362106,24708,3.007812,3.101562,3.0117190000000003,-1,172.485334,23.761618
2025-08-11T10:38:44.857621,24709,3.007812,3.101562,3.0117190000000003,-1,172.546369,23.771058
2025-08-11T10:38:45.370653,24710,3.007812,3.097656,3.0117190000000003,-1,172.607404,23.771058
2025-08-11T10:38:45.871651,24711,3.007812,3.101562,3.007812,-1,172.424299,23.780498
2025-08-11T10:38:46.358651,24712,3.011719,3.097656,3.019531,-1,172.424299,23.780498
2025-08-11T10:38:46.859683,24713,3.007812,3.097656,3.0117190000000003,-1,172.424299,23.789937
2025-08-11T10:38:47.357682,24714,3.011719,3.09375,3.007812,-1,172.424299,23.789937
2025-08-11T10:38:47.854683,24715,3.011719,3.09375,3.0117190000000003,-1,172.546369,23.780498
2025-08-11T10:38:48.344683,24716,3.011719,3.097656,3.003906,-1,172.424299,23.780498
2025-08-11T10:38:48.847683,24717,3.007812,3.101562,3.023438,-1,172.607404,23.780498
2025-08-11T10:38:49.340682,24718,3.007812,3.105469,3.015625,-1,172.485334,23.780498
2025-08-11T10:38:49.828709,24719,3.003906,3.097656,3.015625,-1,172.485334,23.780498
2025-08-11T10:38:50.316724,24720,3.015625,3.097656,3.007812,-1,172.607404,23.771058
2025-08-11T10:38:50.815579,24721,3.003906,3.101562,3.019531,-1,172.546369,23.771058
2025-08-11T10:38:51.419243,24722,3.011719,3.105469,3.007812,-1,172.424299,23.771058
2025-08-11T10:38:51.903243,24723,3.015625,3.101562,3.015625,-1,172.546369,23.780498
2025-08-11T10:38:52.389277,24724,3.011719,3.097656,3.0117190000000003,-1,172.607404,23.780498
2025-08-11T10:38:52.900341,24725,3.007812,3.097656,3.019531,-1,172.607404,23.789937
2025-08-11T10:38:53.401340,24726,3.011719,3.097656,3.007812,-1,172.424299,23.789937
2025-08-11T10:38:53.903340,24727,3.007812,3.101562,3.015625,-1,172.668439,23.780498
2025-08-11T10:38:54.406340,24728,3.007812,3.09375,3.0117190000000003,-1,172.424299,23.780498
2025-08-11T10:38:54.928339,24729,3.011719,3.097656,3.015625,-1,172.607404,23.780498
2025-08-11T10:38:55.429511,24730,3.003906,3.097656,3.0117190000000003,-1,172.424299,23.780498
2025-08-11T10:38:55.922511,24731,3.011719,3.101562,3.007812,-1,172.424299,23.771058
2025-08-11T10:38:56.409778,24732,3.015625,3.09375,3.003906,-1,172.424299,23.752178
2025-08-11T10:38:56.904780,24733,3.011719,3.101562,3.015625,-1,172.485334,23.733298
2025-08-11T10:38:57.398777,24734,3.007812,3.097656,3.0117190000000003,-1,172.424299,23.723859
2025-08-11T10:38:57.889778,24735,3.007812,3.097656,3.007812,-1,172.485334,23.723859
2025-08-11T10:38:58.373777,24736,3.011719,3.101562,3.023438,-1,172.485334,23.704979
2025-08-11T10:38:58.901777,24737,3.007812,3.097656,3.015625,-1,172.424299,23.704979
2025-08-11T10:38:59.397780,24738,3.015625,3.097656,3.015625,-1,172.485334,23.704979
2025-08-11T10:38:59.910779,24739,3.011719,3.097656,3.015625,-1,172.607404,23.686099
2025-08-11T10:39:00.449777,24740,3.003906,3.101562,3.019531,-1,172.607404,23.676659
2025-08-11T10:39:00.944488,24741,3.007812,3.097656,3.019531,-1,172.363264,23.676659
2025-08-11T10:39:01.437487,24742,3.007812,3.101562,3.003906,-1,172.485334,23.676659
2025-08-11T10:39:01.922027,24743,3.011719,3.09375,3.015625,-1,172.546369,23.686099
2025-08-11T10:39:02.407442,24744,3.003906,3.097656,3.023438,-1,172.485334,23.686099
2025-08-11T10:39:03.045443,24745,3.007812,3.097656,3.019531,-1,172.424299,23.686099
2025-08-11T10:39:03.521441,24746,3.007812,3.097656,3.015625,-1,172.363264,23.695539
2025-08-11T10:39:04.009624,24747,3.011719,3.101562,3.015625,-1,172.485334,23.704979
2025-08-11T10:39:04.480624,24748,3.011719,3.097656,3.019531,-1,172.424299,23.704979
2025-08-11T10:39:04.964624,24749,3.007812,3.097656,3.015625,-1,172.424299,23.704979
2025-08-11T10:39:05.444624,24750,3.011719,3.105469,3.019531,-1,172.424299,23.704979
2025-08-11T10:39:05.934624,24751,3.015625,3.097656,3.007812,-1,172.363264,23.714419
2025-08-11T10:39:06.439624,24752,3.007812,3.09375,3.015625,-1,172.485334,23.723859
2025-08-11T10:39:06.931624,24753,3.011719,3.097656,3.0117190000000003,-1,172.546369,23.733298
2025-08-11T10:39:07.423624,24754,3.011719,3.101562,3.0117190000000003,-1,172.546369,23.733298
2025-08-11T10:39:07.920626,24755,3.015625,3.101562,3.015625,-1,172.546369,23.733298
2025-08-11T10:39:08.417624,24756,3.003906,3.097656,3.019531,-1,172.424299,23.733298
2025-08-11T10:39:08.912627,24757,3.011719,3.097656,3.015625,-1,172.546369,23.733298
2025-08-11T10:39:09.399624,24758,3.007812,3.101562,3.003906,-1,172.485334,23.733298
2025-08-11T10:39:09.891624,24759,3.003906,3.097656,3.015625,-1,172.607404,23.742738
2025-08-11T10:39:10.379329,24760,3.011719,3.097656,3.019531,-1,172.607404,23.733298
2025-08-11T10:39:10.879327,24761,3.007812,3.101562,3.015625,-1,172.424299,23.723859
2025-08-11T10:39:11.376328,24762,3.011719,3.101562,3.0117190000000003,-1,172.485334,23.723859
2025-08-11T10:39:11.879328,24763,3.007812,3.097656,3.007812,-1,172.424299,23.723859
2025-08-11T10:39:12.371327,24764,3.011719,3.09375,3.015625,-1,172.363264,23.733298
2025-08-11T10:39:12.891332,24765,3.007812,3.097656,3.023438,-1,172.363264,23.733298
2025-08-11T10:39:13.388779,24766,3.011719,3.097656,3.015625,-1,172.485334,23.733298
2025-08-11T10:39:13.879785,24767,3.011719,3.097656,3.015625,-1,172.424299,23.733298
2025-08-11T10:39:14.386316,24768,3.007812,3.097656,3.007812,-1,172.485334,23.742738
2025-08-11T10:39:14.884317,24769,3.011719,3.097656,3.015625,-1,172.668439,23.742738
2025-08-11T10:39:15.386316,24770,3.011719,3.097656,3.015625,-1,172.546369,23.742738
2025-08-11T10:39:15.884869,24771,3.007812,3.097656,3.007812,-1,172.180158,23.742738
2025-08-11T10:39:16.380867,24772,3.007812,3.101562,3.015625,-1,172.180158,23.742738
2025-08-11T10:39:16.910866,24773,3.007812,3.097656,3.019531,-1,172.119123,23.742738
2025-08-11T10:39:17.393671,24774,3.011719,3.101562,3.015625,-1,172.241193,23.714419
2025-08-11T10:39:17.902671,24775,3.007812,3.101562,3.0117190000000003,-1,172.241193,23.723859
2025-08-11T10:39:18.386671,24776,3.011719,3.101562,3.0117190000000003,-1,172.119123,23.723859
2025-08-11T10:39:18.881696,24777,3.003906,3.101562,3.019531,-1,172.363264,23.714419
2025-08-11T10:39:19.389706,24778,3.007812,3.097656,3.015625,-1,172.241193,23.704979
2025-08-11T10:39:19.880061,24779,3.003906,3.101562,3.015625,-1,172.119123,23.686099
2025-08-11T10:39:20.370400,24780,3.007812,3.101562,3.007812,-1,172.241193,23.686099
2025-08-11T10:39:21.034363,24781,3.011719,3.101562,3.015625,-1,172.119123,23.686099
2025-08-11T10:39:23.012364,24782,3.015625,3.09375,3.015625,-1,172.119123,23.657779
2025-08-11T10:39:24.764363,24783,3.011719,3.097656,3.0117190000000003,-1,172.119123,23.610579
2025-08-11T10:39:26.529362,24784,3.007812,3.097656,3.0117190000000003,-1,171.569807,23.610579
2025-08-11T10:39:27.487382,24785,3.011719,3.101562,3.019531,-1,171.569807,23.591698
2025-08-11T10:39:29.007569,24786,3.011719,3.097656,3.019531,-1,171.508772,23.572817
2025-08-11T10:39:30.463252,24787,3.007812,3.101562,3.0117190000000003,-1,171.630842,23.563376
2025-08-11T10:39:31.950295,24788,3.015625,3.097656,3.0117190000000003,-1,171.691877,23.563376
2025-08-11T10:39:33.410880,24789,3.003906,3.097656,3.023438,-1,171.813947,23.563376
2025-08-11T10:39:34.834261,24790,3.007812,3.09375,3.0117190000000003,-1,171.936018,23.563376
2025-08-11T10:39:36.301554,24791,3.007812,3.097656,3.0117190000000003,-1,171.874982,23.572817
2025-08-11T10:39:37.815124,24792,3.007812,3.097656,3.015625,-1,171.997053,23.582258
2025-08-11T10:39:39.256469,24793,3.007812,3.097656,3.0117190000000003,-1,172.180158,23.572817
2025-08-11T10:39:40.705842,24794,3.007812,3.097656,3.007812,-1,172.302228,23.601138
2025-08-11T10:39:42.146955,24795,3.011719,3.097656,3.0117190000000003,-1,172.485334,23.610579
2025-08-11T10:39:43.557780,24796,3.011719,3.101562,3.015625,-1,172.424299,23.610579
2025-08-11T10:39:45.004512,24797,3.003906,3.097656,3.0117190000000003,-1,172.546369,23.620019
2025-08-11T10:39:46.420031,24798,3.007812,3.097656,3.019531,-1,172.546369,23.629459
2025-08-11T10:39:47.884394,24799,3.007812,3.097656,3.0117190000000003,-1,172.546369,23.657779
2025-08-11T10:39:49.407559,24800,3.015625,3.097656,3.019531,-1,172.607404,23.667219
2025-08-11T10:39:50.795271,24801,3.007812,3.097656,3.007812,-1,172.546369,23.676659
2025-08-11T10:39:52.213898,24802,3.011719,3.101562,3.015625,-1,172.485334,23.676659
2025-08-11T10:39:53.764843,24803,3.015625,3.097656,3.019531,-1,172.546369,23.676659
2025-08-11T10:39:55.417333,24804,3.011719,3.101562,3.0117190000000003,-1,172.485334,23.686099
2025-08-11T10:39:56.903935,24805,3.011719,3.101562,3.019531,-1,172.363264,23.686099
2025-08-11T10:39:58.372548,24806,3.011719,3.09375,3.019531,-1,172.424299,23.695539
2025-08-11T10:39:59.804496,24807,3.007812,3.101562,3.015625,-1,172.607404,23.695539
2025-08-11T10:40:01.192240,24808,3.015625,3.097656,3.015625,-1,172.607404,23.704979
2025-08-11T10:40:02.643147,24809,3.007812,3.09375,3.015625,-1,172.607404,23.695539
2025-08-11T10:40:04.193213,24810,3.007812,3.097656,3.007812,-1,172.546369,23.676659
2025-08-11T10:40:05.674808,24811,3.015625,3.105469,3.007812,-1,172.546369,23.695539
2025-08-11T10:40:07.106195,24812,3.015625,3.101562,3.007812,-1,172.424299,23.667219
2025-08-11T10:40:09.339919,24813,3.015625,3.097656,3.0117190000000003,-1,172.424299,23.667219
2025-08-11T10:40:11.149261,24814,3.007812,3.089844,3.007812,-1,172.546369,23.695539
2025-08-11T10:40:12.699799,24815,3.011719,3.09375,3.015625,-1,172.363264,23.704979
2025-08-11T10:40:14.296010,24816,3.011719,3.097656,3.003906,-1,172.424299,23.704979
2025-08-11T10:40:15.966094,24817,3.003906,3.101562,3.0117190000000003,-1,172.424299,23.704979
2025-08-11T10:40:17.512759,24818,3.011719,3.101562,3.0117190000000003,-1,172.607404,23.695539
2025-08-11T10:40:18.995247,24819,3.007812,3.097656,3.007812,-1,172.363264,23.714419
2025-08-11T10:40:20.582605,24820,3.007812,3.097656,3.007812,-1,172.424299,23.723859
2025-08-11T10:40:22.173557,24821,3.007812,3.101562,3.019531,-1,172.607404,23.723859
2025-08-11T10:40:24.180526,24822,3.007812,3.101562,3.007812,-1,172.485334,23.723859
2025-08-11T10:40:25.724668,24823,3.015625,3.097656,3.007812,-1,172.546369,23.723859
2025-08-11T10:40:27.350069,24824,3.015625,3.101562,3.0117190000000003,-1,172.424299,23.704979
2025-08-11T10:40:29.011727,24825,3.011719,3.097656,3.0117190000000003,-1,172.485334,23.733298
2025-08-11T10:40:30.549182,24826,3.007812,3.101562,3.0117190000000003,-1,172.607404,23.714419
2025-08-11T10:40:32.179575,24827,3.007812,3.101562,3.019531,-1,172.424299,23.723859
2025-08-11T10:40:33.810436,24828,3.011719,3.101562,3.015625,-1,172.546369,23.695539
2025-08-11T10:40:35.435436,24829,3.011719,3.097656,3.0117190000000003,-1,172.668439,23.686099
2025-08-11T10:40:37.039557,24830,3.011719,3.097656,3.007812,-1,172.485334,23.686099
2025-08-11T10:40:38.873249,24831,3.011719,3.097656,3.015625,-1,172.485334,23.714419
2025-08-11T10:40:40.614190,24832,3.007812,3.097656,3.015625,-1,172.546369,23.714419
2025-08-11T10:40:42.248290,24833,3.011719,3.097656,3.015625,-1,172.363264,23.714419
2025-08-11T10:40:43.772014,24834,3.011719,3.097656,3.015625,-1,172.546369,23.704979
2025-08-11T10:40:45.637880,24835,3.015625,3.097656,3.0117190000000003,-1,172.424299,23.704979
2025-08-11T10:40:47.210420,24836,3.011719,3.101562,3.0117190000000003,-1,172.485334,23.704979
2025-08-11T10:40:48.727883,24837,3.007812,3.09375,3.0117190000000003,-1,172.424299,23.714419
2025-08-11T10:40:50.420673,24838,3.011719,3.097656,3.007812,-1,171.752912,23.714419
2025-08-11T10:40:51.929673,24839,3.015625,3.105469,3.015625,-1,172.180158,23.686099
2025-08-11T10:40:53.500801,24840,3.007812,3.105469,3.023438,-1,172.363264,23.667219
2025-08-11T10:40:55.108544,24841,3.011719,3.097656,3.015625,-1,172.363264,23.686099
2025-08-11T10:40:57.012842,24842,3.007812,3.097656,3.023438,-1,172.302228,23.676659
2025-08-11T10:40:58.555244,24843,3.007812,3.097656,3.0273440000000003,-1,172.302228,23.686099
2025-08-11T10:41:00.108195,24844,3.015625,3.101562,3.015625,-1,172.241193,23.714419
2025-08-11T10:41:01.642897,24845,3.007812,3.097656,3.007812,-1,172.302228,23.695539
2025-08-11T10:41:03.209552,24846,3.011719,3.097656,3.0117190000000003,-1,172.485334,23.667219
2025-08-11T10:41:04.732604,24847,3.003906,3.101562,3.015625,-1,172.363264,23.676659
2025-08-11T10:41:06.281118,24848,3.007812,3.101562,3.0117190000000003,-1,172.302228,23.695539
2025-08-11T10:41:07.833861,24849,3.011719,3.101562,3.007812,-1,172.241193,23.704979
2025-08-11T10:41:09.353561,24850,3.003906,3.101562,3.015625,-1,172.180158,23.714419
2025-08-11T10:41:10.960388,24851,3.011719,3.097656,3.015625,-1,172.241193,23.714419
2025-08-11T10:41:12.485057,24852,3.007812,3.097656,3.003906,-1,172.119123,23.695539
2025-08-11T10:41:14.042467,24853,3.003906,3.097656,3.0117190000000003,-1,172.180158,23.686099
2025-08-11T10:41:15.583691,24854,3.007812,3.097656,3.015625,-1,172.363264,23.704979
2025-08-11T10:41:17.124678,24855,3.011719,3.101562,3.015625,-1,172.546369,23.723859
2025-08-11T10:41:18.657926,24856,3.007812,3.105469,3.019531,-1,172.546369,23.723859
2025-08-11T10:41:20.264787,24857,3.007812,3.097656,3.0117190000000003,-1,172.363264,23.723859
2025-08-11T10:41:21.798237,24858,3.011719,3.101562,3.0117190000000003,-1,172.424299,23.733298
2025-08-11T10:41:23.375311,24859,3.011719,3.101562,3.003906,-1,172.302228,23.742738
2025-08-11T10:41:24.956106,24860,3.007812,3.097656,3.015625,-1,172.424299,23.742738
2025-08-11T10:41:26.548244,24861,3.011719,3.09375,3.007812,-1,172.546369,23.742738
2025-08-11T10:41:28.090392,24862,3.007812,3.097656,3.015625,-1,172.607404,23.733298
2025-08-11T10:41:29.618656,24863,3.007812,3.101562,3.0117190000000003,-1,172.424299,23.723859
2025-08-11T10:41:31.178370,24864,3.007812,3.105469,3.019531,-1,172.485334,23.733298
2025-08-11T10:41:32.749398,24865,3.007812,3.097656,3.007812,-1,172.546369,23.742738
2025-08-11T10:41:34.272032,24866,3.011719,3.101562,3.019531,-1,172.607404,23.742738
2025-08-11T10:41:35.901295,24867,3.011719,3.101562,3.015625,-1,172.607404,23.742738
2025-08-11T10:41:37.608097,24868,3.015625,3.101562,3.019531,-1,172.485334,23.733298
2025-08-11T10:41:39.142374,24869,3.011719,3.09375,3.015625,-1,172.424299,23.742738
2025-08-11T10:41:40.752397,24870,3.011719,3.097656,3.0117190000000003,-1,172.424299,23.723859
2025-08-11T10:41:42.212478,24871,3.011719,3.101562,3.015625,-1,172.607404,23.714419
2025-08-11T10:41:43.731345,24872,3.015625,3.097656,3.015625,-1,172.546369,23.704979
2025-08-11T10:41:45.247863,24873,3.007812,3.101562,3.015625,-1,172.546369,23.695539
2025-08-11T10:41:46.760489,24874,3.007812,3.097656,3.015625,-1,172.424299,23.704979
2025-08-11T10:41:48.299587,24875,3.003906,3.097656,3.015625,-1,172.546369,23.704979
2025-08-11T10:41:49.919026,24876,3.007812,3.101562,3.007812,-1,172.485334,23.695539
2025-08-11T10:41:51.498432,24877,3.007812,3.097656,3.015625,-1,172.546369,23.714419
2025-08-11T10:41:52.977959,24878,3.007812,3.097656,3.015625,-1,172.363264,23.704979
2025-08-11T10:41:54.469130,24879,3.007812,3.097656,3.015625,-1,172.485334,23.723859
2025-08-11T10:41:56.050413,24880,3.007812,3.097656,3.023438,-1,172.363264,23.723859
2025-08-11T10:41:57.560232,24881,3.011719,3.101562,3.019531,-1,172.485334,23.723859
2025-08-11T10:41:59.057003,24882,3.007812,3.097656,3.007812,-1,172.546369,23.723859
2025-08-11T10:42:00.600974,24883,3.011719,3.101562,3.0117190000000003,-1,172.363264,23.686099
2025-08-11T10:42:02.047849,24884,3.011719,3.101562,3.0117190000000003,-1,172.546369,23.657779
2025-08-11T10:42:03.584097,24885,3.007812,3.09375,3.015625,-1,172.485334,23.657779
2025-08-11T10:42:05.095327,24886,3.011719,3.101562,3.0117190000000003,-1,172.485334,23.667219
2025-08-11T10:42:06.618879,24887,3.003906,3.101562,3.007812,-1,172.424299,23.676659
2025-08-11T10:42:08.110779,24888,3.007812,3.097656,3.0117190000000003,-1,172.546369,23.657779
2025-08-11T10:42:09.631827,24889,3.011719,3.097656,3.015625,-1,172.607404,23.667219
2025-08-11T10:42:11.425798,24890,3.011719,3.097656,3.0117190000000003,-1,172.485334,23.676659
2025-08-11T10:42:13.038851,24891,3.011719,3.097656,3.019531,-1,172.485334,23.638899
2025-08-11T10:42:14.540535,24892,3.007812,3.097656,3.019531,-1,172.424299,23.648339
2025-08-11T10:42:16.033724,24893,3.011719,3.097656,3.003906,-1,172.546369,23.648339
2025-08-11T10:42:17.563770,24894,3.011719,3.097656,3.015625,-1,172.546369,23.648339
2025-08-11T10:42:19.136270,24895,3.007812,3.101562,3.0117190000000003,-1,172.424299,23.657779
2025-08-11T10:42:20.512657,24896,3.011719,3.097656,3.0117190000000003,-1,172.424299,23.657779
2025-08-11T10:42:21.799996,24897,3.011719,3.097656,3.015625,-1,172.363264,23.667219
2025-08-11T10:42:23.123450,24898,3.007812,3.097656,3.015625,-1,172.485334,23.657779
2025-08-11T10:42:24.409827,24899,3.007812,3.097656,3.015625,-1,172.363264,23.648339
2025-08-11T10:42:25.727643,24900,3.011719,3.097656,3.015625,-1,172.485334,23.648339
2025-08-11T10:42:27.005987,24901,3.003906,3.097656,3.0117190000000003,-1,172.485334,23.657779
2025-08-11T10:42:28.235513,24902,3.011719,3.097656,3.007812,-1,172.424299,23.648339
2025-08-11T10:42:29.540343,24903,3.015625,3.105469,3.015625,-1,172.363264,23.638899
2025-08-11T10:42:30.843219,24904,3.003906,3.097656,3.0117190000000003,-1,172.607404,23.638899
2025-08-11T10:42:32.073306,24905,3.011719,3.09375,3.015625,-1,172.485334,23.638899
2025-08-11T10:42:33.248020,24906,3.007812,3.097656,3.0117190000000003,-1,172.424299,23.629459
2025-08-11T10:42:34.419559,24907,3.007812,3.101562,3.015625,-1,172.485334,23.638899
2025-08-11T10:42:35.580737,24908,3.007812,3.097656,3.019531,-1,172.546369,23.638899
2025-08-11T10:42:36.717096,24909,3.015625,3.101562,3.0117190000000003,-1,172.607404,23.648339
2025-08-11T10:42:37.825211,24910,3.011719,3.101562,3.0117190000000003,-1,172.607404,23.638899
2025-08-11T10:42:38.949525,24911,3.011719,3.097656,3.015625,-1,172.607404,23.657779
2025-08-11T10:42:40.164746,24912,3.007812,3.101562,3.0117190000000003,-1,172.424299,23.648339
2025-08-11T10:42:41.340240,24913,3.007812,3.101562,3.0117190000000003,-1,172.546369,23.638899
2025-08-11T10:42:42.583219,24914,3.007812,3.09375,3.015625,-1,172.607404,23.629459
2025-08-11T10:42:43.749859,24915,3.007812,3.097656,3.0117190000000003,-1,172.607404,23.629459
2025-08-11T10:42:44.943391,24916,3.011719,3.09375,3.007812,-1,172.546369,23.620019
2025-08-11T10:42:46.132913,24917,3.011719,3.09375,3.0117190000000003,-1,172.424299,23.638899
2025-08-11T10:42:47.282882,24918,3.011719,3.097656,3.015625,-1,172.424299,23.648339
2025-08-11T10:42:48.504214,24919,3.011719,3.105469,3.023438,-1,172.546369,23.648339
2025-08-11T10:42:49.677323,24920,3.007812,3.097656,3.019531,-1,172.485334,23.629459
2025-08-11T10:42:50.796689,24921,3.011719,3.097656,3.015625,-1,172.546369,23.601138
2025-08-11T10:42:51.947746,24922,3.007812,3.097656,3.0117190000000003,-1,172.485334,23.601138
2025-08-11T10:42:53.776716,24923,3.011719,3.105469,3.0117190000000003,-1,172.607404,23.591698
2025-08-11T10:42:54.855700,24924,3.011719,3.101562,3.007812,-1,172.363264,23.610579
2025-08-11T10:42:56.204604,24925,3.011719,3.097656,3.019531,-1,172.302228,23.629459
2025-08-11T10:42:57.397386,24926,3.007812,3.09375,3.0117190000000003,-1,172.302228,23.620019
2025-08-11T10:42:58.578594,24927,3.011719,3.09375,3.007812,-1,172.302228,23.629459
2025-08-11T10:42:59.704207,24928,3.011719,3.097656,3.0117190000000003,-1,172.363264,23.620019
2025-08-11T10:43:00.821733,24929,3.003906,3.101562,3.007812,-1,172.241193,23.629459
2025-08-11T10:43:01.934548,24930,3.015625,3.101562,3.0117190000000003,-1,172.363264,23.629459
2025-08-11T10:43:03.150052,24931,3.007812,3.101562,3.015625,-1,172.302228,23.638899
2025-08-11T10:43:04.415451,24932,3.007812,3.097656,3.015625,-1,172.363264,23.638899
2025-08-11T10:43:06.282666,24933,3.011719,3.101562,3.007812,-1,172.302228,23.648339
2025-08-11T10:43:07.758798,24934,3.011719,3.097656,3.015625,-1,172.424299,23.648339
2025-08-11T10:43:09.116220,24935,3.007812,3.097656,3.0117190000000003,-1,172.485334,23.667219
2025-08-11T10:43:10.863347,24936,3.011719,3.097656,3.0117190000000003,-1,172.424299,23.676659
2025-08-11T10:43:12.181880,24937,3.011719,3.105469,3.015625,-1,172.302228,23.686099
2025-08-11T10:43:13.326154,24938,3.007812,3.097656,3.007812,-1,172.363264,23.704979
2025-08-11T10:43:14.488795,24939,3.011719,3.097656,3.015625,-1,172.485334,23.704979
2025-08-11T10:43:15.621088,24940,3.011719,3.101562,3.015625,-1,172.485334,23.695539
2025-08-11T10:43:16.790436,24941,3.011719,3.101562,3.015625,-1,172.485334,23.676659
2025-08-11T10:43:17.900926,24942,3.011719,3.101562,3.007812,-1,172.485334,23.676659
2025-08-11T10:43:19.270798,24943,3.007812,3.101562,3.0117190000000003,-1,172.485334,23.667219
2025-08-11T10:43:20.497903,24944,3.007812,3.101562,3.019531,-1,172.546369,23.667219
2025-08-11T10:43:21.699853,24945,3.007812,3.097656,3.019531,-1,172.302228,23.657779
2025-08-11T10:43:22.993607,24946,3.015625,3.101562,3.0117190000000003,-1,172.424299,23.648339
2025-08-11T10:43:24.206680,24947,3.011719,3.097656,3.019531,-1,172.302228,23.638899
2025-08-11T10:43:25.494447,24948,3.011719,3.097656,3.015625,-1,172.424299,23.648339
2025-08-11T10:43:26.843462,24949,3.003906,3.097656,3.015625,-1,172.363264,23.657779
2025-08-11T10:43:28.256320,24950,3.011719,3.097656,3.007812,-1,172.302228,23.657779
2025-08-11T10:43:29.585869,24951,3.015625,3.101562,3.0117190000000003,-1,172.302228,23.667219
2025-08-11T10:43:31.027289,24952,3.007812,3.101562,3.015625,-1,172.241193,23.667219
2025-08-11T10:43:32.217386,24953,3.007812,3.097656,3.007812,-1,172.363264,23.676659
2025-08-11T10:43:33.408371,24954,3.007812,3.097656,3.007812,-1,172.424299,23.667219
2025-08-11T10:43:34.701611,24955,3.015625,3.09375,3.003906,-1,172.241193,23.657779
2025-08-11T10:43:36.287673,24956,3.015625,3.101562,3.015625,-1,172.241193,23.657779
2025-08-11T10:43:37.555729,24957,3.011719,3.101562,3.007812,-1,172.424299,23.629459
2025-08-11T10:43:38.702813,24958,3.007812,3.097656,3.015625,-1,172.424299,23.610579
2025-08-11T10:43:39.843349,24959,3.011719,3.097656,3.015625,-1,172.363264,23.610579
2025-08-11T10:43:42.096262,24960,3.011719,3.09375,3.015625,-1,172.363264,23.620019
2025-08-11T10:43:43.319350,24961,3.011719,3.097656,3.015625,-1,172.485334,23.601138
2025-08-11T10:43:44.454263,24962,3.007812,3.105469,3.019531,-1,172.424299,23.591698
2025-08-11T10:43:45.651647,24963,3.011719,3.101562,3.015625,-1,172.424299,23.582258
2025-08-11T10:43:46.816832,24964,3.011719,3.101562,3.0117190000000003,-1,172.424299,23.572817
2025-08-11T10:43:47.936934,24965,3.007812,3.097656,3.015625,-1,172.546369,23.591698
2025-08-11T10:43:49.082607,24966,3.007812,3.097656,3.015625,-1,172.546369,23.610579
2025-08-11T10:43:50.315944,24967,3.007812,3.105469,3.003906,-1,172.546369,23.629459
2025-08-11T10:43:51.626141,24968,3.007812,3.101562,3.003906,-1,172.485334,23.610579
2025-08-11T10:43:53.082108,24969,3.015625,3.097656,3.007812,-1,172.485334,23.610579
2025-08-11T10:43:54.353483,24970,3.011719,3.09375,3.007812,-1,172.424299,23.620019
2025-08-11T10:43:55.594788,24971,3.015625,3.097656,3.019531,-1,172.485334,23.620019
2025-08-11T10:43:56.833985,24972,3.007812,3.101562,3.007812,-1,172.485334,23.610579
2025-08-11T10:43:58.006331,24973,3.011719,3.09375,3.015625,-1,172.546369,23.620019
2025-08-11T10:43:59.277638,24974,3.007812,3.101562,3.003906,-1,172.485334,23.620019
2025-08-11T10:44:00.553286,24975,3.011719,3.097656,3.0117190000000003,-1,172.485334,23.638899
2025-08-11T10:44:01.711484,24976,3.015625,3.105469,3.015625,-1,172.363264,23.629459
2025-08-11T10:44:03.121243,24977,3.007812,3.097656,3.015625,-1,172.485334,23.629459
2025-08-11T10:44:04.594266,24978,3.011719,3.097656,3.023438,-1,172.363264,23.601138
2025-08-11T10:44:05.968343,24979,3.003906,3.105469,3.0117190000000003,-1,172.546369,23.601138
2025-08-11T10:44:07.208206,24980,3.003906,3.097656,3.0117190000000003,-1,172.485334,23.591698
2025-08-11T10:44:08.402214,24981,3.011719,3.097656,3.0117190000000003,-1,172.546369,23.582258
2025-08-11T10:44:09.650772,24982,3.007812,3.097656,3.015625,-1,172.485334,23.563376
2025-08-11T10:44:11.049898,24983,3.011719,3.09375,3.0117190000000003,-1,172.424299,23.544495
2025-08-11T10:44:12.247954,24984,3.011719,3.097656,3.015625,-1,172.363264,23.525613
2025-08-11T10:44:13.500145,24985,3.011719,3.097656,3.019531,-1,172.424299,23.516172
2025-08-11T10:44:14.980187,24986,3.007812,3.097656,3.015625,-1,172.546369,23.506731
2025-08-11T10:44:16.580785,24987,3.003906,3.097656,3.0117190000000003,-1,172.424299,23.525613
2025-08-11T10:44:18.138106,24988,3.011719,3.09375,3.0117190000000003,-1,172.485334,23.535054
2025-08-11T10:44:19.568310,24989,3.007812,3.097656,3.015625,-1,172.363264,23.553936
2025-08-11T10:44:20.873665,24990,3.011719,3.097656,3.015625,-1,172.424299,23.563376
2025-08-11T10:44:22.263992,24991,3.007812,3.097656,3.019531,-1,172.180158,23.582258
2025-08-11T10:44:23.533362,24992,3.007812,3.097656,3.0117190000000003,-1,172.363264,23.601138
2025-08-11T10:44:24.702510,24993,3.007812,3.105469,3.0117190000000003,-1,172.424299,23.601138
2025-08-11T10:44:25.833974,24994,3.007812,3.097656,3.0117190000000003,-1,172.607404,23.610579
2025-08-11T10:44:26.971657,24995,3.011719,3.101562,3.0117190000000003,-1,172.607404,23.620019
2025-08-11T10:44:28.111536,24996,3.007812,3.097656,3.015625,-1,172.668439,23.638899
2025-08-11T10:44:29.223015,24997,3.003906,3.101562,3.0117190000000003,-1,172.607404,23.620019
2025-08-11T10:44:30.390799,24998,3.007812,3.097656,3.015625,-1,172.485334,23.601138
2025-08-11T10:44:31.619059,24999,3.011719,3.105469,3.015625,-1,172.729475,23.591698
2025-08-11T10:44:32.784244,25000,3.007812,3.101562,3.015625,-1,172.546369,23.582258
2025-08-11T10:44:33.989765,25001,3.011719,3.097656,3.0117190000000003,-1,172.668439,23.582258
2025-08-11T10:44:35.129593,25002,3.007812,3.101562,3.019531,-1,172.79051,23.591698
2025-08-11T10:44:36.532029,25003,3.011719,3.097656,3.015625,-1,172.546369,23.591698
2025-08-11T10:44:38.149288,25004,3.007812,3.101562,3.015625,-1,172.546369,23.572817
2025-08-11T10:44:39.443452,25005,3.011719,3.097656,3.0117190000000003,-1,172.668439,23.553936
2025-08-11T10:44:40.774831,25006,3.007812,3.097656,3.023438,-1,172.668439,23.544495
2025-08-11T10:44:42.580288,25007,3.015625,3.097656,3.015625,-1,172.546369,23.563376
2025-08-11T10:44:43.711312,25008,3.011719,3.09375,3.007812,-1,172.546369,23.563376
2025-08-11T10:44:44.909617,25009,3.007812,3.09375,3.015625,-1,172.607404,23.553936
2025-08-11T10:44:46.042831,25010,3.011719,3.097656,3.007812,-1,172.546369,23.572817
2025-08-11T10:44:47.208724,25011,3.007812,3.097656,3.007812,-1,172.668439,23.582258
2025-08-11T10:44:48.475808,25012,3.007812,3.101562,3.007812,-1,172.607404,23.591698
2025-08-11T10:44:49.627959,25013,3.015625,3.101562,3.015625,-1,172.668439,23.610579
2025-08-11T10:44:50.823269,25014,3.007812,3.097656,3.015625,-1,172.729475,23.601138
2025-08-11T10:44:52.688918,25015,3.007812,3.101562,3.007812,-1,172.729475,23.610579
2025-08-11T10:44:54.019781,25016,3.011719,3.101562,3.019531,-1,172.668439,23.601138
2025-08-11T10:44:55.291040,25017,3.011719,3.101562,3.0117190000000003,-1,172.607404,23.610579
2025-08-11T10:44:57.098853,25018,3.007812,3.097656,3.007812,-1,172.607404,23.629459
2025-08-11T10:44:58.379411,25019,3.007812,3.097656,3.019531,-1,172.607404,23.638899
2025-08-11T10:44:59.800383,25020,3.015625,3.09375,3.0117190000000003,-1,172.607404,23.648339
2025-08-11T10:45:01.387615,25021,3.007812,3.097656,3.0117190000000003,-1,172.668439,23.657779
2025-08-11T10:45:02.941804,25022,3.011719,3.097656,3.019531,-1,172.668439,23.648339
2025-08-11T10:45:04.469148,25023,3.003906,3.097656,3.007812,-1,172.729475,23.638899
2025-08-11T10:45:05.974740,25024,3.007812,3.097656,3.0117190000000003,-1,172.668439,23.620019
2025-08-11T10:45:07.514467,25025,3.011719,3.101562,3.019531,-1,172.607404,23.610579
2025-08-11T10:45:09.052149,25026,3.007812,3.105469,3.007812,-1,172.485334,23.610579
2025-08-11T10:45:10.642128,25027,3.011719,3.101562,3.015625,-1,172.424299,23.610579
2025-08-11T10:45:12.724312,25028,3.007812,3.097656,3.023438,-1,172.302228,23.620019
2025-08-11T10:45:14.191976,25029,3.003906,3.097656,3.015625,-1,172.180158,23.629459
2025-08-11T10:45:15.730839,25030,3.015625,3.097656,3.0117190000000003,-1,172.241193,23.610579
2025-08-11T10:45:17.214227,25031,3.011719,3.101562,3.015625,-1,172.363264,23.620019
2025-08-11T10:45:18.689423,25032,3.007812,3.097656,3.0117190000000003,-1,172.363264,23.610579
2025-08-11T10:45:20.195809,25033,3.007812,3.097656,3.019531,-1,172.302228,23.582258
2025-08-11T10:45:21.667401,25034,3.007812,3.101562,3.0117190000000003,-1,172.424299,23.582258
2025-08-11T10:45:23.285818,25035,3.011719,3.101562,3.019531,-1,172.485334,23.591698
2025-08-11T10:45:24.801808,25036,3.003906,3.101562,3.015625,-1,172.668439,23.582258
2025-08-11T10:45:26.078545,25037,3.007812,3.097656,3.0117190000000003,-1,172.668439,23.601138
2025-08-11T10:45:27.251343,25038,3.007812,3.101562,3.019531,-1,172.546369,23.601138
2025-08-11T10:45:28.474168,25039,3.011719,3.101562,3.015625,-1,172.607404,23.591698
2025-08-11T10:45:29.715732,25040,3.015625,3.097656,3.019531,-1,172.729475,23.572817
2025-08-11T10:45:30.940403,25041,3.011719,3.09375,3.0117190000000003,-1,172.607404,23.582258
2025-08-11T10:45:32.195468,25042,3.011719,3.105469,3.015625,-1,172.668439,23.591698
2025-08-11T10:45:33.513711,25043,3.011719,3.097656,3.0117190000000003,-1,172.729475,23.601138
2025-08-11T10:45:34.840364,25044,3.003906,3.097656,3.0117190000000003,-1,172.668439,23.610579
2025-08-11T10:45:36.168431,25045,3.007812,3.097656,3.019531,-1,172.546369,23.610579
2025-08-11T10:45:37.540914,25046,3.011719,3.097656,3.007812,-1,172.668439,23.601138
2025-08-11T10:45:38.701779,25047,3.011719,3.09375,3.015625,-1,172.546369,23.610579
2025-08-11T10:45:39.826006,25048,3.007812,3.101562,3.019531,-1,172.546369,23.629459
2025-08-11T10:45:40.926052,25049,3.007812,3.101562,3.015625,-1,172.546369,23.638899
2025-08-11T10:45:42.127232,25050,3.011719,3.097656,3.019531,-1,172.607404,23.629459
2025-08-11T10:45:43.359057,25051,3.007812,3.101562,3.015625,-1,172.546369,23.610579
2025-08-11T10:45:44.806497,25052,3.011719,3.097656,3.015625,-1,172.729475,23.620019
2025-08-11T10:45:46.069378,25053,3.007812,3.097656,3.007812,-1,172.546369,23.620019
2025-08-11T10:45:47.328133,25054,3.011719,3.097656,3.015625,-1,172.546369,23.610579
2025-08-11T10:45:48.566859,25055,3.011719,3.101562,3.0117190000000003,-1,172.607404,23.610579
2025-08-11T10:45:49.735027,25056,3.011719,3.101562,3.015625,-1,172.607404,23.601138
2025-08-11T10:45:50.897553,25057,3.007812,3.097656,3.007812,-1,172.668439,23.572817
2025-08-11T10:45:52.103347,25058,3.011719,3.097656,3.0117190000000003,-1,172.607404,23.582258
2025-08-11T10:45:53.278868,25059,3.011719,3.097656,3.019531,-1,172.546369,23.563376
2025-08-11T10:45:54.493538,25060,3.011719,3.097656,3.015625,-1,172.729475,23.553936
2025-08-11T10:45:55.654598,25061,3.003906,3.101562,3.007812,-1,172.546369,23.544495
2025-08-11T10:45:56.800586,25062,3.007812,3.101562,3.007812,-1,172.729475,23.553936
2025-08-11T10:45:57.970337,25063,3.011719,3.097656,3.0117190000000003,-1,172.546369,23.544495
2025-08-11T10:45:59.130081,25064,3.007812,3.097656,3.023438,-1,172.729475,23.535054
2025-08-11T10:46:00.324544,25065,3.011719,3.097656,3.015625,-1,172.729475,23.535054
2025-08-11T10:46:01.565533,25066,3.007812,3.101562,3.023438,-1,172.607404,23.544495
2025-08-11T10:46:02.745332,25067,3.011719,3.097656,3.007812,-1,172.668439,23.544495
2025-08-11T10:46:03.875065,25068,3.011719,3.097656,3.015625,-1,172.668439,23.563376
2025-08-11T10:46:05.191312,25069,3.007812,3.097656,3.019531,-1,172.546369,23.572817
2025-08-11T10:46:06.481148,25070,3.007812,3.097656,3.0117190000000003,-1,172.607404,23.563376
2025-08-11T10:46:07.717918,25071,3.011719,3.105469,3.0117190000000003,-1,172.607404,23.572817
2025-08-11T10:46:08.892053,25072,3.007812,3.09375,3.0117190000000003,-1,172.729475,23.572817
2025-08-11T10:46:10.171659,25073,3.011719,3.105469,3.0117190000000003,-1,172.729475,23.582258
2025-08-11T10:46:11.365975,25074,3.011719,3.097656,3.015625,-1,172.546369,23.582258
2025-08-11T10:46:12.554720,25075,3.011719,3.097656,3.015625,-1,172.729475,23.582258
2025-08-11T10:46:13.748718,25076,3.011719,3.097656,3.015625,-1,172.668439,23.572817
2025-08-11T10:46:14.884254,25077,3.007812,3.097656,3.015625,-1,172.607404,23.572817
2025-08-11T10:46:16.180354,25078,3.007812,3.097656,3.007812,-1,172.729475,23.572817
2025-08-11T10:46:17.611423,25079,3.003906,3.097656,3.015625,-1,172.729475,23.572817
2025-08-11T10:46:18.779735,25080,3.007812,3.101562,3.007812,-1,172.546369,23.582258
2025-08-11T11:25:10.491064,25081,3.011719,3.097656,3.0117190000000003,-1,172.607404,23.37454
2025-08-11T11:25:11.355743,25082,3.011719,3.101562,3.0117190000000003,-1,172.668439,23.383983
2025-08-11T11:25:12.185884,25083,3.007812,3.101562,3.007812,-1,172.485334,23.393426
2025-08-11T11:25:13.019612,25084,3.011719,3.09375,3.0117190000000003,-1,172.546369,23.393426
2025-08-11T11:25:13.904130,25085,3.011719,3.101562,3.015625,-1,172.668439,23.393426
2025-08-11T11:25:14.753136,25086,3.003906,3.097656,3.015625,-1,172.485334,23.37454
2025-08-11T11:25:15.682926,25087,3.015625,3.101562,3.007812,-1,172.546369,23.393426
2025-08-11T11:25:16.477755,25088,3.007812,3.09375,3.019531,-1,172.607404,23.402869
2025-08-11T11:25:17.295761,25089,3.007812,3.097656,3.007812,-1,172.485334,23.412312
2025-08-11T11:25:18.014757,25090,3.007812,3.097656,3.0117190000000003,-1,172.668439,23.412312
2025-08-11T11:25:18.740748,25091,3.007812,3.09375,3.023438,-1,172.546369,23.402869
2025-08-11T11:25:19.404861,25092,3.011719,3.101562,3.007812,-1,172.668439,23.402869
2025-08-11T11:25:20.086713,25093,3.011719,3.101562,3.0117190000000003,-1,172.607404,23.412312
2025-08-11T11:25:20.800316,25094,3.011719,3.097656,3.0,-1,172.485334,23.412312
2025-08-11T11:25:21.423468,25095,3.011719,3.097656,3.0117190000000003,-1,172.485334,23.412312
2025-08-11T11:25:22.134271,25096,3.015625,3.097656,3.015625,-1,172.668439,23.412312
2025-08-11T11:25:22.792245,25097,3.003906,3.097656,3.015625,-1,172.424299,23.402869
2025-08-11T11:25:23.541352,25098,3.011719,3.097656,3.007812,-1,172.668439,23.402869
2025-08-11T11:25:24.393880,25099,3.007812,3.097656,3.0117190000000003,-1,172.668439,23.393426
2025-08-11T11:25:25.140435,25100,3.011719,3.097656,3.007812,-1,172.546369,23.402869
2025-08-11T11:25:25.857445,25101,3.011719,3.097656,3.019531,-1,172.668439,23.412312
2025-08-11T11:25:26.648981,25102,3.007812,3.101562,3.015625,-1,172.607404,23.412312
2025-08-11T11:25:27.351338,25103,3.011719,3.09375,3.0117190000000003,-1,172.546369,23.412312
2025-08-11T11:25:29.124954,25104,3.011719,3.101562,3.015625,-1,172.607404,23.421754
2025-08-11T11:25:29.811953,25105,3.003906,3.097656,3.007812,-1,172.668439,23.431197
2025-08-11T11:25:30.569320,25106,3.007812,3.097656,3.0117190000000003,-1,172.668439,23.431197
2025-08-11T11:25:31.302333,25107,3.011719,3.101562,3.0117190000000003,-1,172.668439,23.431197
2025-08-11T11:25:32.040753,25108,3.011719,3.097656,3.015625,-1,172.668439,23.450081
2025-08-11T11:25:32.776431,25109,3.007812,3.097656,3.019531,-1,172.546369,23.450081
2025-08-11T11:25:33.525243,25110,3.011719,3.097656,3.0117190000000003,-1,172.668439,23.450081
2025-08-11T11:25:34.590422,25111,3.011719,3.097656,3.015625,-1,172.485334,23.440639
2025-08-11T11:25:35.310077,25112,3.011719,3.101562,3.007812,-1,172.485334,23.450081
2025-08-11T11:25:36.083022,25113,3.015625,3.097656,3.0117190000000003,-1,172.485334,23.459523
2025-08-11T11:25:36.817223,25114,3.007812,3.097656,3.003906,-1,172.546369,23.459523
2025-08-11T11:25:37.576988,25115,3.011719,3.09375,3.015625,-1,172.607404,23.478407
2025-08-11T11:25:38.373448,25116,3.011719,3.101562,3.015625,-1,172.607404,23.468965
2025-08-11T11:25:39.156684,25117,3.011719,3.101562,3.003906,-1,172.546369,23.468965
2025-08-11T11:25:39.815339,25118,3.011719,3.097656,3.0117190000000003,-1,172.485334,23.478407
2025-08-11T11:25:40.559946,25119,3.007812,3.097656,3.0117190000000003,-1,172.485334,23.468965
2025-08-11T11:25:41.293148,25120,3.007812,3.097656,3.007812,-1,172.485334,23.450081
2025-08-11T11:25:41.974156,25121,3.011719,3.09375,3.0117190000000003,-1,172.607404,23.440639
2025-08-11T11:25:42.642056,25122,3.007812,3.097656,3.019531,-1,172.546369,23.440639
2025-08-11T11:25:43.396630,25123,3.007812,3.101562,3.015625,-1,172.607404,23.450081
2025-08-11T11:25:44.156502,25124,3.011719,3.097656,3.019531,-1,172.607404,23.450081
2025-08-11T11:25:44.800408,25125,3.015625,3.097656,3.023438,-1,172.546369,23.450081
2025-08-11T11:25:45.541407,25126,3.011719,3.101562,3.019531,-1,172.546369,23.440639
2025-08-11T11:25:46.175232,25127,3.011719,3.097656,3.0117190000000003,-1,172.668439,23.440639
2025-08-11T11:25:46.867190,25128,3.011719,3.097656,3.007812,-1,172.485334,23.450081
2025-08-11T11:25:47.642113,25129,3.007812,3.101562,3.019531,-1,172.546369,23.450081
2025-08-11T11:25:48.287062,25130,3.007812,3.097656,3.007812,-1,172.485334,23.440639
2025-08-11T11:25:49.025048,25131,3.003906,3.097656,3.019531,-1,172.546369,23.431197
2025-08-11T11:25:49.651062,25132,3.007812,3.101562,3.015625,-1,172.668439,23.431197
2025-08-11T11:25:50.349632,25133,3.015625,3.101562,3.0117190000000003,-1,172.668439,23.440639
2025-08-11T11:25:51.021099,25134,3.007812,3.101562,3.015625,-1,172.668439,23.431197
2025-08-11T11:25:51.678538,25135,3.011719,3.097656,3.0117190000000003,-1,172.607404,23.431197
2025-08-11T11:25:52.386260,25136,3.011719,3.097656,3.015625,-1,172.668439,23.431197
2025-08-11T11:25:53.120664,25137,3.011719,3.09375,3.015625,-1,172.485334,23.431197
2025-08-11T11:25:53.796534,25138,3.007812,3.097656,3.0117190000000003,-1,172.668439,23.431197
2025-08-11T11:25:54.535534,25139,3.011719,3.097656,3.015625,-1,172.485334,23.412312
2025-08-11T11:25:55.679462,25140,3.015625,3.09375,3.007812,-1,172.668439,23.412312
2025-08-11T11:25:56.401636,25141,3.011719,3.101562,3.007812,-1,172.546369,23.402869
2025-08-11T11:25:57.159638,25142,3.011719,3.097656,3.019531,-1,172.668439,23.412312
2025-08-11T11:25:57.829528,25143,3.011719,3.101562,3.007812,-1,172.546369,23.421754
2025-08-11T11:25:58.596513,25144,3.011719,3.105469,3.015625,-1,172.485334,23.402869
2025-08-11T11:25:59.298102,25145,3.007812,3.101562,3.0117190000000003,-1,172.607404,23.412312
2025-08-11T11:26:00.022324,25146,3.011719,3.097656,3.019531,-1,172.485334,23.412312
2025-08-11T11:26:00.706160,25147,3.007812,3.097656,3.015625,-1,172.668439,23.402869
2025-08-11T11:26:01.478482,25148,3.007812,3.101562,3.007812,-1,172.668439,23.393426
2025-08-11T11:26:02.147297,25149,3.015625,3.097656,3.019531,-1,172.546369,23.402869
2025-08-11T11:26:02.862218,25150,3.007812,3.101562,3.0117190000000003,-1,172.546369,23.402869
2025-08-11T11:26:03.560802,25151,3.007812,3.097656,3.007812,-1,172.485334,23.402869
2025-08-11T11:26:04.176032,25152,3.011719,3.097656,3.019531,-1,172.607404,23.393426
2025-08-11T11:26:04.940497,25153,3.003906,3.09375,3.015625,-1,172.546369,23.393426
2025-08-11T11:26:05.660364,25154,3.015625,3.097656,3.007812,-1,172.607404,23.421754
2025-08-11T11:26:06.343191,25155,3.011719,3.101562,3.015625,-1,172.485334,23.412312
2025-08-11T11:26:07.069612,25156,3.003906,3.097656,3.0117190000000003,-1,172.607404,23.421754
2025-08-11T11:26:07.755554,25157,3.007812,3.097656,3.015625,-1,172.546369,23.431197
2025-08-11T11:49:35.675336,25158,3.132812,3.019531,2.984375,-1,162.353499,25.465325
2025-08-11T11:49:36.295664,25159,3.066406,3.007812,3.050781,-1,163.146956,25.370217
2025-08-11T11:49:37.699417,25160,3.019531,3.007812,3.0117190000000003,-1,164.062483,25.313191
2025-08-11T11:49:38.307595,25161,3.035156,3.015625,3.03125,-1,154.235824,25.284687
2025-08-11T11:49:38.907695,25162,3.042969,3.019531,2.929688,-1,157.287582,25.303689
2025-08-11T11:49:39.554182,25163,3.015625,3.011719,3.019531,-1,163.452132,25.294188
2025-08-11T11:49:40.114385,25164,3.027344,3.011719,3.0117190000000003,-1,164.97801,25.275188
2025-08-11T11:49:41.596146,25165,3.027344,3.015625,3.019531,-1,159.728988,25.256191
2025-08-11T11:49:42.237338,25166,3.027344,3.011719,3.0117190000000003,-1,164.489729,25.313191
2025-08-11T11:49:42.969291,25167,3.023438,3.011719,3.0117190000000003,-1,155.639633,25.332196
2025-08-11T11:49:43.611299,25168,3.019531,3.011719,3.019531,-1,156.494125,25.322693
2025-08-11T11:49:44.275475,25169,3.027344,3.007812,3.023438,-1,162.902815,25.332196
2025-08-11T11:49:44.918601,25170,3.023438,3.019531,3.0117190000000003,-1,163.269026,25.322693
2025-08-11T11:49:45.603237,25171,3.027344,3.015625,3.019531,-1,157.775863,25.3417
2025-08-11T11:49:46.259055,25172,3.125,3.0625,3.117188,-1,145.446762,25.58909
2025-08-11T11:49:46.893002,25173,3.027344,3.023438,2.9492190000000003,-1,156.494125,25.3417
2025-08-11T11:49:47.524281,25174,3.074219,3.015625,3.039062,-1,164.062483,25.332196
2025-08-11T11:49:48.168420,25175,3.023438,3.007812,3.015625,-1,165.832503,25.332196
2025-08-11T11:49:48.846794,25176,3.023438,3.003906,3.023438,-1,164.550764,25.332196
2025-08-11T11:49:49.448019,25177,3.011719,3.019531,3.0273440000000003,-1,165.100081,25.332196
2025-08-11T11:49:50.124373,25178,3.019531,3.003906,3.023438,-1,153.808578,25.3417
2025-08-11T11:49:50.687243,25179,3.019531,3.011719,3.0,-1,151.794418,25.3417
2025-08-11T11:49:51.264570,25180,3.003906,3.109375,3.046875,-1,144.836411,25.351205
2025-08-11T11:49:51.836292,25181,3.023438,3.007812,3.019531,-1,144.714341,25.351205
2025-08-11T11:49:52.439307,25182,3.066406,3.050781,3.0273440000000003,-1,142.822251,25.351205
2025-08-11T11:49:53.095240,25183,3.070312,3.101562,3.0273440000000003,-1,137.939439,25.351205
2025-08-11T11:49:53.726450,25184,3.015625,3.007812,3.0117190000000003,-1,137.756334,25.3417
2025-08-11T11:49:54.349297,25185,3.03125,3.007812,3.015625,-1,138.000474,25.360711
2025-08-11T11:49:54.961500,25186,3.054688,3.011719,3.015625,-1,137.634263,25.360711
2025-08-11T11:49:55.578564,25187,3.023438,3.007812,3.019531,-1,141.540513,25.360711
2025-08-11T11:49:56.238272,25188,3.027344,3.007812,3.015625,-1,142.150864,25.360711
2025-08-11T11:49:56.830881,25189,3.027344,3.003906,3.015625,-1,142.089829,25.360711
2025-08-11T11:49:57.417566,25190,3.019531,3.007812,3.015625,-1,141.601548,25.360711
2025-08-11T11:49:57.976895,25191,3.046875,3.042969,3.023438,-1,141.662583,25.360711
2025-08-11T11:49:58.591423,25192,3.027344,3.015625,3.023438,-1,140.808091,25.370217
2025-08-11T11:49:59.120003,25193,3.019531,3.011719,3.0117190000000003,-1,140.869126,25.360711
2025-08-11T11:49:59.714107,25194,3.027344,3.011719,3.023438,-1,139.648423,25.360711
2025-08-11T11:50:00.291069,25195,3.023438,3.011719,2.972656,-1,139.526353,25.360711
2025-08-11T11:50:00.871051,25196,3.050781,3.003906,3.019531,-1,140.075669,25.360711
2025-08-11T11:50:01.488184,25197,3.082031,3.019531,3.0117190000000003,-1,140.686021,25.360711
2025-08-11T11:50:02.036474,25198,3.023438,3.007812,3.0117190000000003,-1,140.930161,25.360711
2025-08-11T11:50:02.615365,25199,3.019531,3.007812,3.0117190000000003,-1,140.869126,25.408251
2025-08-11T11:50:03.396246,25200,3.019531,3.007812,3.015625,-1,142.150864,25.408251
2025-08-11T11:50:04.021857,25201,3.027344,3.007812,3.0117190000000003,-1,140.44188,25.379724
2025-08-11T11:50:04.635248,25202,3.027344,3.003906,3.015625,-1,140.44188,25.379724
2025-08-11T11:50:05.225589,25203,3.058594,3.046875,3.019531,-1,140.686021,25.379724
2025-08-11T11:50:05.842670,25204,3.050781,3.03125,2.941406,-1,140.991197,25.389232
2025-08-11T11:50:06.416056,25205,3.023438,3.003906,3.019531,-1,141.723618,25.379724
2025-08-11T11:50:07.200031,25206,3.0625,3.140625,2.882812,-1,142.150864,25.370217
2025-08-11T11:50:07.885097,25207,3.015625,3.023438,3.0117190000000003,-1,141.967759,25.370217
2025-08-11T11:50:11.677313,25208,3.019531,3.007812,3.015625,-1,171.447736,25.360711
2025-08-11T11:50:13.342211,25209,3.019531,3.039062,3.003906,-1,169.982893,25.389232
2025-08-11T11:50:14.631607,25210,3.023438,3.003906,3.023438,-1,168.945295,25.465325
2025-08-11T11:50:16.638079,25211,3.019531,3.003906,3.015625,-1,168.090803,25.398741
2025-08-11T11:50:17.485218,25212,3.011719,3.007812,3.007812,-1,173.950178,25.370217
2025-08-11T11:50:18.295338,25213,3.023438,3.003906,3.015625,-1,173.278791,25.379724
2025-08-11T11:50:20.981774,25214,3.023438,3.007812,3.015625,-1,173.461896,25.370217
2025-08-11T11:50:22.616640,25215,3.019531,3.003906,3.0117190000000003,-1,173.278791,25.360711
2025-08-11T11:50:25.731423,25216,3.03125,3.003906,3.0273440000000003,-1,173.339826,25.351205
2025-08-11T11:50:27.649353,25217,3.027344,3.003906,3.007812,-1,173.278791,25.360711
2025-08-11T11:50:28.574401,25218,3.027344,3.007812,3.019531,-1,173.339826,25.370217
2025-08-11T11:50:29.715737,25219,3.023438,3.007812,3.015625,-1,173.400861,25.370217
2025-08-11T11:50:30.792331,25220,3.027344,3.003906,3.0273440000000003,-1,173.278791,25.370217
2025-08-11T11:50:31.520109,25221,3.023438,3.003906,3.015625,-1,173.400861,25.360711
2025-08-11T11:50:34.809068,25222,3.023438,3.003906,3.0117190000000003,-1,173.339826,25.351205
2025-08-11T11:50:36.926371,25223,3.023438,3.003906,3.015625,-1,173.400861,25.351205
2025-08-11T11:50:38.138648,25224,3.027344,3.003906,3.019531,-1,173.339826,25.351205
2025-08-11T11:50:38.792718,25225,3.023438,3.007812,3.019531,-1,173.400861,25.360711
2025-08-11T11:50:39.596080,25226,3.027344,3.003906,3.023438,-1,173.522931,25.360711
2025-08-11T11:50:40.348743,25227,3.019531,3.007812,3.023438,-1,173.400861,25.360711
2025-08-11T11:50:40.923291,25228,3.019531,3.003906,3.015625,-1,173.339826,25.370217
2025-08-11T11:50:41.662108,25229,3.027344,3.003906,3.015625,-1,173.278791,25.379724
2025-08-11T11:50:42.297777,25230,3.019531,3.003906,3.015625,-1,173.339826,25.370217
2025-08-11T11:50:42.889013,25231,3.027344,3.003906,3.015625,-1,173.339826,25.370217
2025-08-11T11:50:43.502385,25232,3.023438,3.003906,3.019531,-1,173.339826,25.370217
2025-08-11T11:50:44.064651,25233,3.027344,3.003906,3.0117190000000003,-1,173.278791,25.379724
2025-08-11T11:50:44.649111,25234,3.023438,3.003906,3.019531,-1,173.217756,25.379724
2025-08-11T11:50:45.344056,25235,3.027344,3.007812,3.019531,-1,173.278791,25.379724
2025-08-11T11:50:45.992639,25236,3.023438,3.007812,3.0117190000000003,-1,173.400861,25.379724
2025-08-11T11:50:46.597546,25237,3.027344,3.007812,3.019531,-1,173.339826,25.389232
2025-08-11T11:50:47.172484,25238,3.027344,3.003906,3.019531,-1,173.400861,25.379724
2025-08-11T11:50:47.757354,25239,3.023438,3.007812,3.023438,-1,173.583967,25.370217
2025-08-11T11:50:48.337343,25240,3.027344,3.003906,3.0273440000000003,-1,174.255353,25.370217
2025-08-11T11:50:49.086161,25241,3.027344,3.007812,3.023438,-1,174.255353,25.370217
2025-08-11T11:50:49.725179,25242,3.027344,3.003906,3.023438,-1,174.194318,25.370217
2025-08-11T11:50:50.299380,25243,3.027344,3.003906,3.007812,-1,174.133283,25.370217
2025-08-11T11:50:51.033793,25244,3.023438,3.007812,3.019531,-1,174.255353,25.370217
2025-08-11T11:52:13.751886,25245,3.019531,3.003906,3.0117190000000003,-1,173.645002,25.398741
2025-08-11T11:52:15.651058,25246,3.023438,3.007812,3.019531,-1,173.706037,25.417761
2025-08-11T11:52:19.244553,25247,3.027344,3.007812,3.019531,-1,173.706037,25.417761
2025-08-11T11:52:21.450518,25248,3.023438,3.003906,3.019531,-1,173.706037,25.417761
2025-08-11T11:52:22.916867,25249,3.019531,3.011719,3.023438,-1,173.767072,25.417761
2025-08-11T11:52:23.608867,25250,3.023438,3.007812,3.015625,-1,174.011213,25.427272
2025-08-11T11:52:24.557088,25251,3.027344,3.007812,3.023438,-1,174.194318,25.427272
2025-08-11T11:52:25.713656,25252,3.019531,3.007812,3.0117190000000003,-1,174.316388,25.427272
2025-08-11T11:52:26.369564,25253,3.019531,3.007812,3.015625,-1,174.316388,25.417761
2025-08-11T11:52:27.164674,25254,3.023438,3.003906,3.015625,-1,174.194318,25.427272
2025-08-11T11:52:27.920370,25255,3.027344,3.007812,3.023438,-1,174.194318,25.436784
2025-08-11T11:52:28.690001,25256,3.03125,3.007812,3.015625,-1,174.194318,25.427272
2025-08-11T11:52:30.121433,25257,3.027344,3.003906,3.019531,-1,174.316388,25.427272
2025-08-11T11:52:30.771538,25258,3.019531,3.007812,3.015625,-1,174.194318,25.436784
2025-08-11T11:52:32.175396,25259,3.023438,3.007812,3.023438,-1,174.194318,25.436784
2025-08-11T11:52:34.571296,25260,3.027344,3.011719,3.023438,-1,174.255353,25.436784
2025-08-11T11:52:35.308342,25261,3.027344,3.007812,3.015625,-1,174.255353,25.436784
2025-08-11T11:52:36.219945,25262,3.023438,3.007812,3.015625,-1,174.255353,25.436784
2025-08-11T11:52:37.139025,25263,3.023438,3.007812,3.015625,-1,174.255353,25.436784
2025-08-11T11:52:37.724226,25264,3.019531,3.007812,3.007812,-1,174.316388,25.436784
2025-08-11T11:52:38.493869,25265,3.019531,3.007812,3.015625,-1,174.316388,25.436784
2025-08-11T11:52:39.177522,25266,3.023438,3.003906,3.019531,-1,174.377424,25.436784
2025-08-11T11:52:39.926367,25267,3.023438,3.007812,3.015625,-1,174.316388,25.436784
2025-08-11T11:52:40.605714,25268,3.027344,3.003906,3.019531,-1,174.255353,25.446297
2025-08-11T11:52:42.639294,25269,3.023438,3.003906,3.0117190000000003,-1,174.255353,25.436784
2025-08-11T11:52:43.415291,25270,3.027344,3.003906,3.019531,-1,174.377424,25.436784
2025-08-11T11:52:44.068791,25271,3.027344,3.003906,3.019531,-1,174.194318,25.436784
2025-08-11T11:52:45.017282,25272,3.023438,3.007812,3.0117190000000003,-1,174.133283,25.446297
2025-08-11T11:52:45.962247,25273,3.023438,3.007812,3.015625,-1,174.011213,25.436784
2025-08-11T11:52:46.854175,25274,3.023438,3.003906,3.015625,-1,174.011213,25.446297
2025-08-11T11:52:47.866288,25275,3.019531,3.003906,3.015625,-1,174.194318,25.446297
2025-08-11T11:52:49.054018,25276,3.023438,3.003906,3.03125,-1,174.072248,25.455811
2025-08-11T11:52:49.742700,25277,3.027344,3.007812,3.015625,-1,173.889142,25.408251
2025-08-11T11:52:50.453267,25278,3.027344,3.003906,3.019531,-1,173.889142,25.398741
2025-08-11T11:52:51.163351,25279,3.019531,3.007812,3.023438,-1,174.133283,25.398741
2025-08-11T11:52:51.991290,25280,3.027344,3.007812,3.019531,-1,174.255353,25.398741
2025-08-11T11:52:52.896798,25281,3.027344,3.007812,3.0,-1,174.072248,25.370217
2025-08-11T11:52:53.540266,25282,3.027344,3.007812,3.015625,-1,174.133283,25.360711
2025-08-11T11:52:54.456249,25283,3.023438,3.003906,3.015625,-1,174.133283,25.360711
2025-08-11T11:52:55.372359,25284,3.023438,3.003906,3.015625,-1,174.255353,25.3417
2025-08-11T11:52:56.178304,25285,3.023438,3.003906,3.0117190000000003,-1,174.255353,25.360711
2025-08-11T11:52:56.930882,25286,3.03125,3.003906,3.015625,-1,174.194318,25.360711
2025-08-11T11:52:57.678098,25287,3.019531,3.003906,3.019531,-1,174.133283,25.370217
2025-08-11T11:52:58.448485,25288,3.015625,3.003906,3.03125,-1,174.133283,25.370217
2025-08-11T11:52:59.185285,25289,3.027344,3.007812,3.023438,-1,174.194318,25.379724
2025-08-11T11:53:00.055699,25290,3.027344,3.007812,3.019531,-1,174.072248,25.389232
2025-08-11T11:53:00.716152,25291,3.027344,3.003906,3.015625,-1,171.874982,25.389232
2025-08-11T11:53:01.512268,25292,3.027344,3.007812,3.015625,-1,170.654279,25.389232
2025-08-11T11:53:02.169171,25293,3.023438,3.007812,3.023438,-1,169.677717,25.398741
2025-08-11T11:53:02.919300,25294,3.050781,3.011719,2.941406,-1,158.81346,25.398741
2025-08-11T11:53:03.630146,25295,3.023438,3.003906,3.0273440000000003,-1,158.81346,25.417761
2025-08-11T11:53:04.456288,25296,3.019531,3.003906,3.015625,-1,170.165998,25.398741
2025-08-11T11:53:05.430303,25297,3.019531,3.003906,3.0117190000000003,-1,170.89842,25.408251
2025-08-11T11:53:07.580844,25298,3.027344,3.007812,3.023438,-1,170.77635,25.408251
2025-08-11T11:53:08.221779,25299,3.027344,3.007812,3.003906,-1,171.02049,25.408251
2025-08-11T11:53:09.053301,25300,3.023438,3.003906,3.023438,-1,171.02049,25.417761
2025-08-11T11:53:09.948586,25301,3.019531,3.003906,3.015625,-1,170.959455,25.417761
2025-08-11T11:53:10.742375,25302,3.027344,3.003906,3.015625,-1,171.203596,25.408251
2025-08-11T11:53:11.545787,25303,3.023438,3.007812,3.0117190000000003,-1,171.142561,25.417761
2025-08-11T11:53:12.182299,25304,3.023438,3.003906,3.015625,-1,171.264631,25.417761
2025-08-11T11:53:12.957278,25305,3.027344,3.011719,3.023438,-1,171.02049,25.427272
2025-08-11T11:53:13.549923,25306,3.019531,3.003906,3.0117190000000003,-1,171.142561,25.417761
2025-08-11T11:53:14.197231,25307,3.023438,3.007812,3.019531,-1,171.02049,25.417761
2025-08-11T11:53:14.819532,25308,3.027344,3.003906,3.0117190000000003,-1,171.142561,25.427272
2025-08-11T11:53:16.372239,25309,3.023438,3.007812,3.019531,-1,171.081525,25.417761
2025-08-11T11:53:17.010482,25310,3.023438,3.003906,3.0273440000000003,-1,171.142561,25.427272
2025-08-11T11:53:17.624790,25311,3.023438,3.003906,3.015625,-1,170.715315,25.417761
2025-08-11T11:53:19.232551,25312,3.023438,3.003906,3.015625,-1,143.981919,25.446297
2025-08-11T11:53:19.847313,25313,3.023438,3.007812,3.0273440000000003,-1,146.118149,25.436784
2025-08-11T11:53:21.433706,25314,3.023438,3.011719,3.015625,-1,140.075669,25.436784
2025-08-11T11:53:21.995239,25315,3.023438,3.003906,3.023438,-1,142.028794,26.028303
2025-08-11T11:53:22.607248,25316,3.027344,3.011719,3.0117190000000003,-1,145.446762,26.383262
2025-08-11T11:53:23.371372,25317,3.019531,3.003906,3.0117190000000003,-1,145.812973,26.662691
2025-08-11T11:53:23.972319,25318,3.023438,3.011719,3.023438,-1,146.240219,26.817365
2025-08-11T11:53:24.560231,25319,3.019531,3.007812,3.0117190000000003,-1,145.202622,26.904538
2025-08-11T11:53:25.184559,25320,3.023438,3.011719,3.019531,-1,146.240219,26.962723
2025-08-11T11:53:25.842175,25321,3.023438,3.007812,3.019531,-1,147.705063,27.020965
2025-08-11T11:53:26.469268,25322,3.023438,3.007812,3.019531,-1,147.521958,27.059826
2025-08-11T11:53:27.044284,25323,3.03125,3.007812,3.0117190000000003,-1,146.545395,27.098712
2025-08-11T11:53:27.654210,25324,3.027344,3.007812,3.015625,-1,145.507798,27.098712
2025-08-11T11:53:28.274581,25325,3.027344,3.007812,3.019531,-1,169.250471,27.011254
2025-08-11T11:53:28.948210,25326,3.023438,3.007812,2.9804690000000003,-1,172.241193,26.836727
2025-08-11T11:53:29.563190,25327,3.023438,3.007812,3.015625,-1,172.058088,26.691664
2025-08-11T11:53:30.185271,25328,3.027344,3.011719,3.023438,-1,172.424299,26.585492
2025-08-11T11:53:30.833302,25329,3.019531,3.015625,3.023438,-1,172.302228,26.479489
2025-08-11T11:53:31.455365,25330,3.027344,3.007812,3.0117190000000003,-1,171.02049,26.383262
2025-08-11T11:53:32.072153,25331,3.023438,3.007812,3.0273440000000003,-1,162.902815,26.306374
2025-08-11T11:53:32.726424,25332,3.023438,3.007812,3.019531,-1,161.560042,26.24876
2025-08-11T11:53:33.394256,25333,3.019531,3.003906,3.015625,-1,161.437972,26.296768
2025-08-11T11:53:35.000202,25334,3.023438,3.003906,3.0117190000000003,-1,160.522445,26.344808
2025-08-11T11:53:35.659902,25335,3.023438,3.007812,3.015625,-1,162.353499,26.450607
2025-08-11T11:53:36.335211,25336,3.03125,3.003906,3.023438,-1,162.658675,26.46986
2025-08-11T11:53:36.993262,25337,3.019531,3.003906,3.015625,-1,162.658675,26.518016
2025-08-11T11:53:37.664157,25338,3.023438,3.003906,3.023438,-1,162.536604,26.537288
2025-08-11T11:53:38.264510,25339,3.023438,3.003906,3.023438,-1,162.414534,26.556566
2025-08-11T11:53:38.872391,25340,3.023438,3.007812,3.015625,-1,162.414534,26.566207
2025-08-11T11:53:39.476111,25341,3.023438,3.007812,3.019531,-1,167.724592,26.49875
2025-08-11T11:53:40.105318,25342,3.023438,3.007812,3.023438,-1,171.447736,26.392879
2025-08-11T11:53:40.752243,25343,3.023438,3.011719,3.023438,-1,171.508772,26.306374
2025-08-11T11:53:41.417313,25344,3.023438,3.007812,3.019531,-1,171.447736,26.229565
2025-08-11T11:53:42.360198,25345,3.019531,3.007812,3.003906,-1,171.142561,26.152833
2025-08-11T11:53:43.130423,25346,3.023438,3.007812,3.0117190000000003,-1,170.837385,26.0666
2025-08-11T11:53:43.797256,25347,3.027344,3.007812,3.015625,-1,170.89842,26.009162
2025-08-11T11:53:44.415131,25348,3.023438,3.007812,3.023438,-1,170.837385,25.980458
2025-08-11T11:53:45.002584,25349,3.023438,3.011719,3.019531,-1,170.715315,25.942201
2025-08-11T11:53:45.703359,25350,3.023438,3.007812,3.023438,-1,170.837385,25.894403
2025-08-11T11:53:46.396181,25351,3.027344,3.007812,3.015625,-1,170.715315,25.865737
2025-08-11T11:53:47.049478,25352,3.019531,3.003906,3.0273440000000003,-1,170.715315,25.846632
2025-08-11T11:53:47.723166,25353,3.027344,3.003906,3.0117190000000003,-1,170.471174,25.817981
2025-08-11T11:53:48.367314,25354,3.023438,3.003906,3.007812,-1,170.471174,25.779794
2025-08-11T11:53:48.987298,25355,3.019531,3.007812,3.0117190000000003,-1,170.227033,25.77025
2025-08-11T11:53:49.998286,25356,3.023438,3.007812,3.019531,-1,170.410139,25.751164
2025-08-11T11:53:50.829959,25357,3.027344,3.003906,3.015625,-1,170.715315,25.741623
2025-08-11T11:53:51.714943,25358,3.027344,3.003906,3.0117190000000003,-1,171.386701,25.703467
2025-08-11T11:53:52.324779,25359,3.023438,3.003906,3.015625,-1,171.691877,25.703467
2025-08-11T11:53:52.899328,25360,3.023438,3.007812,3.019531,-1,171.447736,25.684395
2025-08-11T11:53:53.487234,25361,3.023438,3.003906,3.015625,-1,171.386701,25.67486
2025-08-11T11:53:54.097766,25362,3.027344,3.011719,3.0117190000000003,-1,171.447736,25.665327
2025-08-11T11:53:54.736292,25363,3.027344,3.007812,3.015625,-1,171.569807,25.655794
2025-08-11T11:53:55.668351,25364,3.023438,3.003906,3.019531,-1,171.569807,25.655794
2025-08-11T11:53:56.336143,25365,3.023438,3.007812,3.023438,-1,171.569807,25.636731
2025-08-11T11:53:57.022404,25366,3.019531,3.003906,3.019531,-1,171.508772,25.627201
2025-08-11T11:53:57.648257,25367,3.027344,3.007812,3.023438,-1,171.447736,25.627201
2025-08-11T11:53:58.981166,25368,3.015625,3.003906,3.015625,-1,171.386701,25.617672
2025-08-11T11:54:00.086326,25369,3.023438,3.003906,3.015625,-1,171.569807,25.617672
2025-08-11T11:54:01.186715,25370,3.027344,3.007812,3.023438,-1,171.447736,25.608144
2025-08-11T11:54:01.869621,25371,3.023438,3.003906,3.019531,-1,171.569807,25.598616
2025-08-11T11:54:02.602943,25372,3.023438,3.007812,3.019531,-1,171.569807,25.598616
2025-08-11T11:54:03.264531,25373,3.023438,3.003906,3.007812,-1,171.386701,25.58909
2025-08-11T11:54:03.920985,25374,3.019531,3.011719,3.019531,-1,171.325666,25.58909
2025-08-11T11:54:04.627209,25375,3.023438,3.007812,3.0273440000000003,-1,170.593244,25.579564
2025-08-11T11:54:05.452213,25376,3.023438,3.003906,3.015625,-1,170.165998,25.598616
2025-08-11T11:54:06.151872,25377,3.027344,3.007812,3.015625,-1,171.203596,25.579564
2025-08-11T11:54:06.730421,25378,3.027344,3.007812,3.019531,-1,171.325666,25.579564
2025-08-11T11:54:07.336019,25379,3.027344,3.007812,3.0117190000000003,-1,171.569807,25.57004
2025-08-11T11:54:07.918332,25380,3.023438,3.007812,3.015625,-1,171.386701,25.579564
2025-08-11T11:54:08.508953,25381,3.027344,3.007812,3.007812,-1,171.325666,25.579564
2025-08-11T11:54:09.072647,25382,3.023438,3.007812,3.015625,-1,171.325666,25.57004
2025-08-11T11:54:09.661649,25383,3.027344,3.007812,3.015625,-1,171.569807,25.57004
2025-08-11T11:54:10.239089,25384,3.023438,3.007812,3.015625,-1,171.691877,25.560516
2025-08-11T11:54:10.853103,25385,3.023438,3.007812,3.007812,-1,171.691877,25.560516
2025-08-11T11:54:11.485438,25386,3.023438,3.007812,3.015625,-1,171.508772,25.560516
2025-08-11T11:54:12.094438,25387,3.027344,3.003906,3.007812,-1,171.508772,25.560516
2025-08-11T11:54:12.658030,25388,3.023438,3.007812,3.015625,-1,171.630842,25.550993
2025-08-11T11:54:13.250540,25389,3.019531,3.007812,3.0117190000000003,-1,171.569807,25.550993
2025-08-11T11:54:13.881831,25390,3.023438,3.003906,3.019531,-1,171.691877,25.550993
2025-08-11T11:54:14.477568,25391,3.019531,3.007812,3.023438,-1,171.691877,25.550993
2025-08-11T11:54:15.054005,25392,3.023438,3.007812,3.015625,-1,171.630842,25.550993
2025-08-11T11:54:15.644335,25393,3.019531,3.003906,3.015625,-1,171.569807,25.550993
2025-08-11T11:54:16.227610,25394,3.023438,3.007812,3.0117190000000003,-1,171.508772,25.550993
2025-08-11T11:54:16.838015,25395,3.023438,3.011719,3.023438,-1,171.813947,25.550993
2025-08-11T11:54:17.414749,25396,3.027344,3.007812,3.015625,-1,171.569807,25.541471
2025-08-11T11:54:18.046948,25397,3.027344,3.007812,3.015625,-1,171.569807,25.541471
2025-08-11T11:54:18.604413,25398,3.023438,3.003906,3.007812,-1,171.752912,25.541471
2025-08-11T11:54:19.562908,25399,3.023438,3.003906,3.023438,-1,171.325666,25.53195
2025-08-11T11:54:20.145951,25400,3.027344,3.003906,3.015625,-1,171.325666,25.53195
2025-08-11T11:54:20.743430,25401,3.027344,3.003906,3.015625,-1,171.447736,25.53195
2025-08-11T11:54:21.355204,25402,3.027344,3.003906,3.019531,-1,171.447736,25.53195
2025-08-11T11:54:21.932720,25403,3.023438,3.011719,3.015625,-1,171.508772,25.541471
2025-08-11T11:54:22.501100,25404,3.023438,3.003906,3.015625,-1,171.508772,25.53195
2025-08-11T11:54:23.102102,25405,3.023438,3.003906,3.015625,-1,171.386701,25.522429
2025-08-11T11:54:23.682207,25406,3.027344,3.007812,3.023438,-1,171.447736,25.522429
2025-08-11T11:54:24.295953,25407,3.027344,3.007812,3.019531,-1,171.386701,25.522429
2025-08-11T11:54:24.877202,25408,3.019531,3.003906,3.0273440000000003,-1,171.386701,25.522429
2025-08-11T11:54:25.464433,25409,3.027344,3.007812,3.015625,-1,171.447736,25.522429
2025-08-11T11:54:26.041820,25410,3.027344,3.003906,3.007812,-1,171.630842,25.522429
2025-08-11T11:54:26.657077,25411,3.019531,3.003906,3.015625,-1,171.508772,25.522429
2025-08-11T11:54:27.234677,25412,3.023438,3.007812,3.019531,-1,171.508772,25.522429
2025-08-11T11:54:27.835504,25413,3.019531,3.003906,3.019531,-1,171.630842,25.522429
2025-08-11T11:54:28.404210,25414,3.019531,3.003906,3.0273440000000003,-1,171.630842,25.522429
2025-08-11T11:54:29.051316,25415,3.027344,3.003906,3.0117190000000003,-1,171.508772,25.522429
2025-08-11T11:54:29.671795,25416,3.023438,3.007812,3.023438,-1,171.569807,25.51291
2025-08-11T11:54:30.259895,25417,3.03125,3.007812,3.015625,-1,171.630842,25.522429
2025-08-11T11:54:30.870728,25418,3.023438,3.007812,3.015625,-1,171.691877,25.51291
2025-08-11T11:54:31.916685,25419,3.023438,3.007812,3.015625,-1,171.691877,25.51291
2025-08-11T11:54:32.519179,25420,3.027344,3.011719,3.0117190000000003,-1,171.508772,25.51291
2025-08-11T11:54:33.113250,25421,3.023438,3.011719,3.0273440000000003,-1,171.508772,25.51291
2025-08-11T11:54:33.697354,25422,3.023438,3.007812,3.035156,-1,171.630842,25.51291
2025-08-11T11:54:34.301129,25423,3.023438,3.003906,3.023438,-1,171.691877,25.51291
2025-08-11T11:54:34.904834,25424,3.023438,3.007812,3.015625,-1,171.569807,25.51291
2025-08-11T11:54:35.481403,25425,3.027344,3.007812,3.015625,-1,171.691877,25.503391
2025-08-11T11:54:36.055417,25426,3.027344,3.003906,3.019531,-1,171.569807,25.51291
2025-08-11T11:54:36.716421,25427,3.027344,3.003906,3.023438,-1,171.569807,25.51291
2025-08-11T11:54:37.354684,25428,3.023438,3.007812,3.019531,-1,171.752912,25.51291
2025-08-11T11:54:37.920594,25429,3.023438,3.007812,3.023438,-1,171.691877,25.503391
2025-08-11T11:54:38.505599,25430,3.023438,3.007812,3.0117190000000003,-1,171.630842,25.503391
2025-08-11T11:54:39.087721,25431,3.023438,3.007812,3.007812,-1,171.569807,25.493873
2025-08-11T11:54:39.709509,25432,3.027344,3.007812,3.015625,-1,171.691877,25.493873
2025-08-11T11:54:40.346023,25433,3.023438,3.007812,3.015625,-1,171.752912,25.493873
2025-08-11T11:54:40.960142,25434,3.023438,3.007812,3.0117190000000003,-1,171.630842,25.503391
2025-08-11T11:54:41.575710,25435,3.027344,3.007812,3.007812,-1,171.630842,25.493873
2025-08-11T11:54:42.219764,25436,3.027344,3.003906,3.019531,-1,171.752912,25.493873
2025-08-11T11:54:42.977023,25437,3.023438,3.003906,3.019531,-1,171.630842,25.493873
2025-08-11T11:54:43.605586,25438,3.03125,3.003906,3.015625,-1,171.569807,25.484356
2025-08-11T11:54:44.205864,25439,3.023438,3.007812,3.03125,-1,171.569807,25.493873
2025-08-11T11:54:44.813925,25440,3.019531,3.007812,3.015625,-1,171.569807,25.503391
2025-08-11T11:54:45.442161,25441,3.023438,3.007812,3.0117190000000003,-1,171.691877,25.493873
2025-08-11T11:54:46.136059,25442,3.023438,3.003906,3.023438,-1,171.630842,25.493873
2025-08-11T11:54:46.903142,25443,3.027344,3.007812,3.015625,-1,171.569807,25.493873
2025-08-11T11:54:47.505796,25444,3.023438,3.011719,3.019531,-1,171.569807,25.493873
2025-08-11T11:54:48.262504,25445,3.027344,3.007812,3.023438,-1,171.630842,25.493873
2025-08-11T11:54:48.887098,25446,3.027344,3.003906,3.023438,-1,171.569807,25.484356
2025-08-11T11:54:49.501861,25447,3.027344,3.007812,3.007812,-1,171.630842,25.493873
2025-08-11T11:54:50.131875,25448,3.019531,3.003906,3.019531,-1,171.691877,25.484356
2025-08-11T11:54:50.745909,25449,3.023438,3.007812,3.015625,-1,171.630842,25.47484
2025-08-11T11:54:51.339237,25450,3.019531,3.007812,3.019531,-1,171.630842,25.484356
2025-08-11T11:54:51.968025,25451,3.019531,3.003906,3.023438,-1,171.569807,25.484356
2025-08-11T11:54:52.573841,25452,3.027344,3.007812,3.023438,-1,171.630842,25.484356
2025-08-11T11:54:53.155115,25453,3.027344,3.011719,3.023438,-1,171.569807,25.484356
2025-08-11T11:54:53.745876,25454,3.027344,3.003906,3.015625,-1,171.691877,25.484356
2025-08-11T11:54:54.372788,25455,3.023438,3.003906,3.0117190000000003,-1,171.569807,25.484356
2025-08-11T11:54:54.944860,25456,3.027344,3.003906,3.023438,-1,171.569807,25.484356
2025-08-11T11:54:55.551270,25457,3.023438,3.007812,3.015625,-1,171.691877,25.484356
2025-08-11T11:54:56.125494,25458,3.019531,3.007812,3.019531,-1,171.569807,25.484356
2025-08-11T11:54:56.714481,25459,3.027344,3.007812,3.0117190000000003,-1,171.752912,25.47484
2025-08-11T11:54:57.338135,25460,3.035156,3.007812,3.015625,-1,171.630842,25.484356
2025-08-11T11:54:57.922219,25461,3.027344,3.007812,3.015625,-1,171.630842,25.484356
2025-08-11T11:54:58.525432,25462,3.027344,3.007812,3.0117190000000003,-1,171.691877,25.484356
2025-08-11T11:54:59.123236,25463,3.019531,3.007812,3.019531,-1,171.691877,25.484356
2025-08-11T11:54:59.721235,25464,3.023438,3.003906,3.03125,-1,171.569807,25.484356
2025-08-11T11:55:00.324339,25465,3.023438,3.003906,3.019531,-1,171.569807,25.484356
2025-08-11T11:55:00.916350,25466,3.027344,3.007812,3.019531,-1,171.691877,25.484356
2025-08-11T11:55:01.502462,25467,3.027344,3.003906,3.015625,-1,171.630842,25.484356
2025-08-11T11:55:02.083499,25468,3.027344,3.007812,3.019531,-1,171.630842,25.484356
2025-08-11T11:55:02.674059,25469,3.027344,3.011719,3.015625,-1,171.630842,25.484356
2025-08-11T11:55:03.303910,25470,3.023438,3.007812,3.023438,-1,171.691877,25.484356
2025-08-11T11:55:03.897851,25471,3.023438,3.007812,3.023438,-1,171.630842,25.484356
2025-08-11T11:55:04.520385,25472,3.027344,3.003906,3.015625,-1,171.691877,25.484356
2025-08-11T11:55:05.153150,25473,3.023438,3.007812,3.0273440000000003,-1,171.630842,25.484356
2025-08-11T11:55:05.753364,25474,3.027344,3.007812,3.015625,-1,171.630842,25.484356
2025-08-11T11:55:06.347377,25475,3.027344,3.003906,3.015625,-1,171.752912,25.484356
2025-08-11T11:55:06.933152,25476,3.023438,3.003906,3.019531,-1,171.630842,25.484356
2025-08-11T11:55:07.552525,25477,3.027344,3.007812,3.019531,-1,171.691877,25.484356
2025-08-11T11:55:08.123326,25478,3.03125,3.007812,3.023438,-1,171.630842,25.484356
2025-08-11T11:55:08.728610,25479,3.023438,3.011719,3.015625,-1,171.752912,25.484356
2025-08-11T11:55:09.314723,25480,3.027344,3.007812,3.015625,-1,171.630842,25.484356
2025-08-11T11:55:09.891984,25481,3.027344,3.007812,3.0117190000000003,-1,171.630842,25.484356
2025-08-11T11:55:10.466564,25482,3.023438,3.007812,3.015625,-1,171.569807,25.484356
2025-08-11T11:55:11.054165,25483,3.023438,3.007812,3.015625,-1,171.569807,25.493873
2025-08-11T11:55:11.625509,25484,3.03125,3.011719,3.007812,-1,171.569807,25.493873
2025-08-11T11:55:12.235506,25485,3.023438,3.003906,3.007812,-1,171.752912,25.484356
2025-08-11T11:55:12.830302,25486,3.023438,3.011719,3.015625,-1,171.630842,25.484356
2025-08-11T11:55:13.415305,25487,3.023438,3.003906,3.015625,-1,171.569807,25.484356
2025-08-11T11:55:14.025496,25488,3.023438,3.003906,3.0117190000000003,-1,171.569807,25.484356
2025-08-11T11:55:14.616497,25489,3.023438,3.011719,3.019531,-1,171.752912,25.47484
2025-08-11T11:55:15.208077,25490,3.023438,3.003906,3.019531,-1,171.508772,25.484356
2025-08-11T11:55:15.793869,25491,3.027344,3.003906,3.015625,-1,171.569807,25.484356
2025-08-11T11:55:16.409922,25492,3.027344,3.007812,3.023438,-1,171.630842,25.484356
2025-08-11T11:55:17.025907,25493,3.023438,3.007812,3.015625,-1,171.691877,25.47484
2025-08-11T11:55:17.609919,25494,3.023438,3.007812,3.015625,-1,171.752912,25.484356
2025-08-11T11:55:18.211021,25495,3.019531,3.007812,3.015625,-1,171.752912,25.484356
2025-08-11T11:55:18.793649,25496,3.023438,3.003906,3.0117190000000003,-1,171.630842,25.484356
2025-08-11T11:55:19.435605,25497,3.023438,3.011719,3.015625,-1,171.569807,25.47484
2025-08-11T11:55:20.000863,25498,3.027344,3.007812,3.023438,-1,171.691877,25.47484
2025-08-11T11:55:20.615912,25499,3.019531,3.007812,3.023438,-1,171.569807,25.47484
2025-08-11T11:55:21.205843,25500,3.023438,3.007812,3.015625,-1,171.691877,25.47484
2025-08-11T11:55:21.856357,25501,3.027344,3.007812,3.019531,-1,171.752912,25.484356
2025-08-11T11:55:22.464960,25502,3.027344,3.007812,3.015625,-1,171.813947,25.484356
2025-08-11T11:55:23.057646,25503,3.023438,3.003906,3.023438,-1,171.752912,25.484356
2025-08-11T11:55:23.626809,25504,3.019531,3.007812,3.007812,-1,171.691877,25.47484
2025-08-11T11:55:24.202823,25505,3.027344,3.003906,3.019531,-1,171.691877,25.484356
2025-08-11T11:55:24.795544,25506,3.023438,3.007812,3.0117190000000003,-1,171.569807,25.484356
2025-08-11T11:55:25.374969,25507,3.027344,3.003906,3.019531,-1,171.752912,25.484356
2025-08-11T11:55:25.996988,25508,3.023438,3.007812,3.015625,-1,171.630842,25.484356
2025-08-11T11:55:26.605643,25509,3.023438,3.007812,3.019531,-1,171.691877,25.47484
2025-08-11T11:55:27.190760,25510,3.023438,3.007812,3.0117190000000003,-1,171.691877,25.484356
2025-08-11T11:55:27.823166,25511,3.023438,3.007812,3.015625,-1,171.691877,25.47484
2025-08-11T11:55:28.471835,25512,3.023438,3.007812,3.0273440000000003,-1,171.508772,25.47484
2025-08-11T11:55:29.139038,25513,3.023438,3.003906,3.023438,-1,171.630842,25.47484
2025-08-11T11:55:29.767644,25514,3.027344,3.003906,3.015625,-1,171.569807,25.47484
2025-08-11T11:55:30.395646,25515,3.023438,3.011719,3.019531,-1,171.630842,25.47484
2025-08-11T11:55:31.022932,25516,3.019531,3.007812,3.023438,-1,171.752912,25.47484
2025-08-11T11:55:31.618093,25517,3.019531,3.003906,3.015625,-1,171.752912,25.484356
2025-08-11T11:55:32.211967,25518,3.027344,3.003906,3.019531,-1,171.752912,25.47484
2025-08-11T11:55:32.787365,25519,3.027344,3.007812,3.007812,-1,171.691877,25.47484
2025-08-11T11:55:33.472982,25520,3.027344,3.007812,3.0273440000000003,-1,171.630842,25.47484
2025-08-11T11:55:34.087396,25521,3.023438,3.007812,3.007812,-1,171.691877,25.47484
2025-08-11T11:55:34.687297,25522,3.023438,3.003906,3.023438,-1,171.752912,25.47484
2025-08-11T11:55:35.332434,25523,3.023438,3.007812,3.023438,-1,171.691877,25.47484
2025-08-11T11:55:35.933042,25524,3.023438,3.011719,3.023438,-1,171.569807,25.47484
2025-08-11T11:55:36.546077,25525,3.023438,3.007812,3.019531,-1,171.691877,25.47484
2025-08-11T11:55:37.146662,25526,3.023438,3.007812,3.015625,-1,171.691877,25.484356
2025-08-11T11:55:37.768935,25527,3.027344,3.007812,3.019531,-1,171.691877,25.47484
2025-08-11T11:55:38.371682,25528,3.027344,3.003906,3.019531,-1,171.630842,25.47484
2025-08-11T11:55:38.960259,25529,3.023438,3.007812,3.019531,-1,171.691877,25.47484
2025-08-11T11:55:39.565389,25530,3.027344,3.011719,3.0117190000000003,-1,171.569807,25.465325
2025-08-11T11:55:40.175845,25531,3.023438,3.007812,3.015625,-1,171.752912,25.47484
2025-08-11T11:55:40.828727,25532,3.019531,3.003906,3.015625,-1,171.691877,25.465325
2025-08-11T11:55:41.440466,25533,3.023438,3.011719,3.023438,-1,171.569807,25.47484
2025-08-11T11:55:42.003459,25534,3.019531,3.007812,3.0273440000000003,-1,171.569807,25.465325
2025-08-11T11:55:42.604703,25535,3.023438,3.011719,3.015625,-1,171.569807,25.465325
2025-08-11T11:55:43.157777,25536,3.023438,3.003906,3.007812,-1,171.508772,25.47484
2025-08-11T11:55:43.754775,25537,3.023438,3.003906,3.019531,-1,171.691877,25.47484
2025-08-11T11:55:44.374528,25538,3.023438,3.003906,3.023438,-1,171.752912,25.47484
2025-08-11T11:55:44.974728,25539,3.027344,3.003906,3.015625,-1,171.630842,25.47484
2025-08-11T11:55:45.551216,25540,3.019531,3.007812,3.0273440000000003,-1,171.752912,25.47484
2025-08-11T11:55:46.128605,25541,3.023438,3.011719,3.015625,-1,171.630842,25.47484
2025-08-11T11:55:46.724232,25542,3.023438,3.003906,3.015625,-1,171.630842,25.47484
2025-08-11T11:55:47.310362,25543,3.023438,3.003906,3.015625,-1,171.630842,25.47484
2025-08-11T11:55:47.881851,25544,3.019531,3.007812,3.015625,-1,171.630842,25.47484
2025-08-11T11:55:48.483687,25545,3.023438,3.007812,3.015625,-1,171.752912,25.47484
2025-08-11T11:55:49.073016,25546,3.023438,3.007812,3.015625,-1,171.691877,25.47484
2025-08-11T11:55:49.738118,25547,3.023438,3.003906,3.015625,-1,171.691877,25.47484
2025-08-11T11:55:50.345586,25548,3.023438,3.007812,3.019531,-1,171.630842,25.455811
2025-08-11T11:55:50.940493,25549,3.027344,3.003906,3.0117190000000003,-1,171.386701,25.455811
2025-08-11T11:55:51.560493,25550,3.019531,3.007812,3.019531,-1,171.569807,25.446297
2025-08-11T11:55:52.148256,25551,3.023438,3.003906,3.007812,-1,171.813947,25.436784
2025-08-11T11:55:52.740532,25552,3.023438,3.003906,3.019531,-1,171.752912,25.417761
2025-08-11T11:55:53.338545,25553,3.027344,3.003906,3.0273440000000003,-1,171.752912,25.417761
2025-08-11T11:55:53.946929,25554,3.03125,3.003906,3.0117190000000003,-1,171.813947,25.417761
2025-08-11T11:55:54.515045,25555,3.023438,3.003906,3.0273440000000003,-1,171.752912,25.427272
2025-08-11T11:55:55.085043,25556,3.027344,3.011719,3.0273440000000003,-1,171.813947,25.417761
2025-08-11T11:55:55.701629,25557,3.023438,3.007812,3.015625,-1,171.813947,25.417761
2025-08-11T11:55:56.364356,25558,3.023438,3.007812,3.019531,-1,171.752912,25.417761
2025-08-11T11:55:56.954355,25559,3.027344,3.007812,3.019531,-1,171.752912,25.417761
2025-08-11T11:55:57.562040,25560,3.023438,3.003906,3.019531,-1,171.630842,25.417761
2025-08-11T11:55:58.210613,25561,3.027344,3.003906,3.015625,-1,171.752912,25.417761
2025-08-11T11:55:58.842615,25562,3.027344,3.011719,3.023438,-1,171.752912,25.427272
2025-08-11T11:55:59.533686,25563,3.019531,3.007812,3.023438,-1,171.752912,25.427272
2025-08-11T11:56:00.100638,25564,3.023438,3.003906,3.0117190000000003,-1,171.752912,25.427272
2025-08-11T11:56:00.683320,25565,3.023438,3.003906,3.0117190000000003,-1,171.630842,25.427272
2025-08-11T11:56:01.247153,25566,3.027344,3.011719,3.019531,-1,171.630842,25.436784
2025-08-11T11:56:01.855368,25567,3.03125,3.003906,3.023438,-1,171.630842,25.446297
2025-08-11T11:56:02.413370,25568,3.023438,3.003906,3.023438,-1,171.691877,25.446297
2025-08-11T11:56:03.028762,25569,3.035156,3.003906,3.019531,-1,171.752912,25.446297
2025-08-11T11:56:03.595406,25570,3.023438,3.007812,3.015625,-1,171.630842,25.446297
2025-08-11T11:56:04.197121,25571,3.023438,3.003906,3.0273440000000003,-1,171.752912,25.455811
2025-08-11T11:56:04.835077,25572,3.023438,3.003906,3.0117190000000003,-1,171.630842,25.455811
2025-08-11T11:56:05.403066,25573,3.027344,3.003906,3.03125,-1,171.630842,25.455811
2025-08-11T11:56:05.994446,25574,3.019531,3.003906,3.023438,-1,171.630842,25.455811
2025-08-11T11:56:06.555444,25575,3.023438,3.007812,3.023438,-1,171.691877,25.455811
2025-08-11T11:56:07.104012,25576,3.027344,3.011719,3.03125,-1,171.569807,25.465325
2025-08-11T11:56:07.669998,25577,3.023438,3.007812,3.023438,-1,171.752912,25.455811
2025-08-11T11:56:08.283642,25578,3.023438,3.007812,3.019531,-1,171.813947,25.455811
2025-08-11T11:56:08.847589,25579,3.023438,3.003906,3.019531,-1,171.691877,25.455811
2025-08-11T11:56:09.384266,25580,3.019531,3.011719,3.015625,-1,171.691877,25.465325
2025-08-11T11:56:09.964845,25581,3.019531,3.007812,3.015625,-1,171.752912,25.455811
2025-08-11T11:56:10.545106,25582,3.023438,3.003906,3.007812,-1,171.813947,25.465325
2025-08-11T11:56:11.104310,25583,3.027344,3.007812,3.0117190000000003,-1,171.752912,25.465325
2025-08-11T11:56:11.684583,25584,3.027344,3.003906,3.007812,-1,171.813947,25.465325
2025-08-11T11:56:12.257987,25585,3.023438,3.007812,3.0117190000000003,-1,171.630842,25.465325
2025-08-11T11:56:12.874684,25586,3.03125,3.003906,3.015625,-1,171.752912,25.465325
2025-08-11T11:56:13.549764,25587,3.023438,3.007812,3.015625,-1,171.813947,25.465325
2025-08-11T11:56:14.164425,25588,3.03125,3.003906,3.0117190000000003,-1,171.813947,25.465325
2025-08-11T11:56:14.713435,25589,3.027344,3.007812,3.019531,-1,171.752912,25.465325
2025-08-11T11:56:15.341884,25590,3.023438,3.003906,3.0117190000000003,-1,171.752912,25.47484
2025-08-11T11:56:15.931399,25591,3.023438,3.003906,3.015625,-1,171.813947,25.465325
2025-08-11T11:56:16.549395,25592,3.019531,3.007812,3.023438,-1,171.691877,25.465325
2025-08-11T11:56:17.169648,25593,3.023438,3.003906,3.015625,-1,171.813947,25.465325
2025-08-11T11:56:17.804682,25594,3.027344,3.011719,3.023438,-1,171.813947,25.465325
2025-08-11T11:56:18.401760,25595,3.023438,3.003906,3.019531,-1,171.813947,25.455811
2025-08-11T11:56:18.997591,25596,3.023438,3.003906,3.0117190000000003,-1,171.813947,25.465325
2025-08-11T11:56:19.630436,25597,3.023438,3.007812,3.023438,-1,171.691877,25.455811
2025-08-11T11:56:20.203680,25598,3.027344,3.003906,3.0273440000000003,-1,171.813947,25.455811
2025-08-11T11:56:20.831073,25599,3.027344,3.007812,3.019531,-1,171.691877,25.455811
2025-08-11T11:56:21.422358,25600,3.023438,3.007812,3.015625,-1,171.813947,25.455811
2025-08-11T11:56:21.980777,25601,3.023438,3.007812,3.0117190000000003,-1,171.813947,25.446297
2025-08-11T11:56:22.555537,25602,3.023438,3.007812,3.019531,-1,171.874982,25.446297
2025-08-11T11:56:23.152733,25603,3.019531,3.003906,3.023438,-1,171.936018,25.436784
2025-08-11T11:56:23.752651,25604,3.027344,3.003906,3.0273440000000003,-1,171.752912,25.446297
2025-08-11T11:56:24.339899,25605,3.023438,3.007812,3.0273440000000003,-1,171.691877,25.446297
2025-08-11T11:56:24.921963,25606,3.027344,3.007812,3.019531,-1,171.447736,25.446297
2025-08-11T11:56:25.522886,25607,3.027344,3.003906,3.019531,-1,171.02049,25.446297
2025-08-11T11:56:26.099900,25608,3.03125,3.003906,3.015625,-1,170.410139,25.446297
2025-08-11T11:56:26.691176,25609,3.027344,3.007812,3.019531,-1,169.677717,25.455811
2025-08-11T11:56:27.387297,25610,3.027344,3.003906,3.0117190000000003,-1,170.959455,25.455811
2025-08-11T11:56:28.031204,25611,3.027344,3.007812,3.0117190000000003,-1,171.264631,25.465325
2025-08-11T11:56:28.625099,25612,3.027344,3.007812,3.015625,-1,171.813947,25.455811
2025-08-11T11:56:29.255634,25613,3.027344,3.003906,3.015625,-1,171.386701,25.455811
2025-08-11T11:56:29.841695,25614,3.023438,3.003906,3.019531,-1,171.447736,25.465325
2025-08-11T11:56:30.433865,25615,3.027344,3.003906,3.019531,-1,171.203596,25.455811
2025-08-11T11:56:31.148283,25616,3.027344,3.011719,3.023438,-1,170.959455,25.465325
2025-08-11T11:56:32.825286,25617,3.027344,3.007812,3.023438,-1,170.77635,25.465325
2025-08-11T11:56:33.422022,25618,3.019531,3.015625,3.019531,-1,170.593244,25.47484
2025-08-11T11:56:34.014743,25619,3.023438,3.007812,3.015625,-1,170.89842,25.47484
2025-08-11T11:56:34.653915,25620,3.027344,3.011719,3.023438,-1,167.480452,25.465325
2025-08-11T11:56:35.541046,25621,3.03125,3.003906,3.023438,-1,171.264631,25.465325
2025-08-11T11:56:36.222939,25622,3.019531,3.003906,3.015625,-1,170.959455,25.47484
2025-08-11T11:56:36.866023,25623,3.027344,3.011719,3.0117190000000003,-1,171.02049,25.465325
2025-08-11T11:56:37.510715,25624,3.015625,3.007812,3.015625,-1,171.02049,25.465325
2025-08-11T11:56:38.163246,25625,3.023438,3.007812,3.019531,-1,170.959455,25.465325
2025-08-11T11:56:38.880771,25626,3.027344,3.007812,3.019531,-1,170.837385,25.465325
2025-08-11T11:56:39.515840,25627,3.023438,3.007812,3.0273440000000003,-1,171.02049,25.47484
2025-08-11T11:56:40.182205,25628,3.027344,3.007812,3.015625,-1,170.77635,25.47484
2025-08-11T11:56:40.851906,25629,3.023438,3.007812,3.019531,-1,170.715315,25.47484
2025-08-11T11:56:41.482835,25630,3.023438,3.007812,3.015625,-1,170.593244,25.47484
2025-08-11T11:56:42.100213,25631,3.023438,3.007812,3.0273440000000003,-1,170.593244,25.465325
2025-08-11T11:56:42.763367,25632,3.027344,3.011719,3.019531,-1,170.593244,25.47484
2025-08-11T11:56:43.420863,25633,3.023438,3.007812,3.019531,-1,170.471174,25.47484
2025-08-11T11:56:44.003188,25634,3.023438,3.003906,3.019531,-1,170.288069,25.47484
2025-08-11T11:56:44.630345,25635,3.023438,3.007812,3.019531,-1,170.410139,25.47484
2025-08-11T11:56:45.255193,25636,3.023438,3.007812,3.023438,-1,163.513167,25.47484
2025-08-11T11:56:45.994013,25637,3.023438,3.007812,3.019531,-1,169.982893,25.465325
2025-08-11T11:56:46.652837,25638,3.03125,3.003906,3.015625,-1,170.165998,25.47484
2025-08-11T11:56:47.365765,25639,3.023438,3.007812,3.015625,-1,170.410139,25.484356
2025-08-11T11:56:47.998477,25640,3.019531,3.007812,3.019531,-1,170.77635,25.484356
2025-08-11T11:56:48.638284,25641,3.023438,3.007812,3.0117190000000003,-1,170.593244,25.47484
2025-08-11T11:56:49.367443,25642,3.027344,3.007812,3.0117190000000003,-1,170.715315,25.47484
2025-08-11T11:56:49.974819,25643,3.027344,3.003906,3.019531,-1,170.77635,25.484356
2025-08-11T11:56:50.620798,25644,3.023438,3.007812,3.019531,-1,170.837385,25.47484
2025-08-11T11:56:51.292772,25645,3.019531,3.007812,3.023438,-1,170.959455,25.465325
2025-08-11T11:56:51.906507,25646,3.03125,3.007812,3.0117190000000003,-1,170.77635,25.484356
2025-08-11T11:56:52.566931,25647,3.027344,3.011719,3.023438,-1,170.77635,25.47484
2025-08-11T11:56:53.383940,25648,3.027344,3.007812,3.007812,-1,170.593244,25.47484
2025-08-11T11:56:54.045458,25649,3.027344,3.007812,3.015625,-1,170.532209,25.47484
2025-08-11T11:56:54.743245,25650,3.027344,3.003906,3.019531,-1,170.715315,25.47484
2025-08-11T11:56:55.510575,25651,3.023438,3.007812,3.023438,-1,170.532209,25.465325
2025-08-11T11:56:56.160560,25652,3.019531,3.003906,3.0117190000000003,-1,170.654279,25.47484
2025-08-11T11:56:56.828231,25653,3.023438,3.007812,3.015625,-1,170.654279,25.47484
2025-08-11T11:56:57.451577,25654,3.027344,3.007812,3.007812,-1,170.77635,25.47484
2025-08-11T11:56:58.585122,25655,3.023438,3.007812,3.019531,-1,170.593244,25.484356
2025-08-11T11:56:59.347739,25656,3.023438,3.011719,3.0117190000000003,-1,170.593244,25.465325
2025-08-11T11:56:59.985823,25657,3.03125,3.007812,3.023438,-1,170.837385,25.465325
2025-08-11T11:57:00.674462,25658,3.019531,3.003906,3.0273440000000003,-1,170.715315,25.47484
2025-08-11T11:57:01.542288,25659,3.03125,3.011719,3.023438,-1,170.593244,25.465325
2025-08-11T11:57:02.231292,25660,3.019531,3.011719,3.023438,-1,170.471174,25.47484
2025-08-11T11:57:03.086548,25661,3.023438,3.007812,3.023438,-1,170.349104,25.47484
2025-08-11T11:57:03.945143,25662,3.023438,3.007812,3.0117190000000003,-1,170.471174,25.484356
2025-08-11T11:57:04.579122,25663,3.023438,3.007812,3.023438,-1,170.165998,25.484356
2025-08-11T11:57:05.348731,25664,3.027344,3.003906,3.0117190000000003,-1,166.62596,25.47484
2025-08-11T11:57:06.098209,25665,3.019531,3.003906,3.019531,-1,166.8701,25.484356
2025-08-11T11:57:06.827022,25666,3.027344,3.003906,3.015625,-1,167.236311,25.484356
2025-08-11T11:57:07.518032,25667,3.027344,3.011719,3.015625,-1,165.344221,25.484356
2025-08-11T11:57:08.388911,25668,3.03125,3.007812,3.003906,-1,157.958968,25.484356
2025-08-11T11:57:09.177684,25669,3.023438,3.007812,3.019531,-1,157.653792,25.503391
2025-08-11T11:57:09.831871,25670,3.019531,3.007812,3.0117190000000003,-1,164.062483,25.493873
2025-08-11T11:57:10.477694,25671,3.019531,3.007812,3.019531,-1,161.621077,25.493873
2025-08-11T11:58:28.598663,25672,3.027344,3.011719,3.015625,-1,169.372541,25.455811
2025-08-11T11:58:29.756689,25673,3.023438,3.015625,3.0117190000000003,-1,168.395979,25.465325
2025-08-11T11:58:30.807667,25674,3.019531,3.011719,3.015625,-1,169.555647,25.47484
2025-08-11T11:58:31.640579,25675,3.023438,3.015625,3.019531,-1,168.823225,25.47484
2025-08-11T11:58:32.441661,25676,3.023438,3.007812,3.015625,-1,168.945295,25.47484
2025-08-11T11:58:33.175819,25677,3.023438,3.011719,3.015625,-1,169.128401,25.47484
2025-08-11T11:58:34.009661,25678,3.023438,3.011719,3.023438,-1,169.00633,25.47484
2025-08-11T11:58:34.872721,25679,3.023438,3.015625,3.0273440000000003,-1,167.663557,25.47484
2025-08-11T11:58:35.897981,25680,3.027344,3.007812,3.03125,-1,169.860822,25.47484
2025-08-11T11:58:36.884741,25681,3.027344,3.011719,3.015625,-1,169.128401,25.47484
2025-08-11T11:58:37.794903,25682,3.027344,3.007812,3.023438,-1,168.88426,25.484356
2025-08-11T11:58:38.583644,25683,3.027344,3.015625,3.0117190000000003,-1,168.579084,25.47484
2025-08-11T11:58:39.351792,25684,3.023438,3.019531,3.015625,-1,169.982893,25.484356
2025-08-11T11:58:40.236206,25685,3.027344,3.011719,3.03125,-1,170.043928,25.47484
2025-08-11T11:58:41.063595,25686,3.019531,3.015625,3.0117190000000003,-1,169.860822,25.465325
2025-08-11T11:58:41.675257,25687,3.027344,3.015625,3.03125,-1,169.799787,25.465325
2025-08-11T11:58:42.356306,25688,3.023438,3.011719,3.023438,-1,169.860822,25.465325
2025-08-11T11:58:43.414700,25689,3.023438,3.011719,3.019531,-1,167.724592,25.455811
2025-08-11T11:58:44.421610,25690,3.019531,3.015625,3.015625,-1,168.945295,25.455811
2025-08-11T11:58:45.794654,25691,3.023438,3.015625,3.019531,-1,169.00633,25.455811
2025-08-11T11:58:47.553569,25692,3.027344,3.015625,3.0273440000000003,-1,168.88426,25.465325
2025-08-11T11:58:50.941453,25693,3.023438,3.015625,3.019531,-1,169.067366,25.47484
2025-08-11T11:59:00.031483,25694,3.027344,3.015625,3.0117190000000003,-1,169.311506,25.436784
2025-08-11T11:59:00.945998,25695,3.023438,3.015625,3.019531,-1,169.860822,25.446297
2025-08-11T11:59:01.571349,25696,3.027344,3.019531,3.023438,-1,169.860822,25.436784
2025-08-11T11:59:02.481506,25697,3.027344,3.011719,3.023438,-1,169.799787,25.436784
2025-08-11T11:59:03.367630,25698,3.03125,3.011719,3.015625,-1,169.738752,25.446297
2025-08-11T11:59:04.142185,25699,3.023438,3.003906,3.0117190000000003,-1,169.921858,25.436784
2025-08-11T11:59:04.823553,25700,3.03125,3.015625,3.015625,-1,169.921858,25.446297
2025-08-11T11:59:05.589732,25701,3.023438,3.007812,3.015625,-1,169.921858,25.446297
2025-08-11T11:59:06.432807,25702,3.027344,3.007812,3.015625,-1,170.043928,25.436784
2025-08-11T11:59:07.378451,25703,3.027344,3.011719,3.019531,-1,169.677717,25.427272
2025-08-11T11:59:08.366095,25704,3.023438,3.011719,3.019531,-1,169.433576,25.417761
2025-08-11T11:59:09.189882,25705,3.023438,3.011719,3.015625,-1,169.860822,25.417761
2025-08-11T11:59:09.958496,25706,3.027344,3.011719,3.019531,-1,170.043928,25.417761
2025-08-11T11:59:10.640440,25707,3.027344,3.011719,3.023438,-1,169.982893,25.417761
2025-08-11T11:59:11.418566,25708,3.023438,3.007812,3.019531,-1,169.555647,25.427272
2025-08-11T11:59:12.074568,25709,3.03125,3.011719,3.015625,-1,169.982893,25.427272
2025-08-11T11:59:12.826558,25710,3.023438,3.019531,3.015625,-1,169.921858,25.436784
2025-08-11T11:59:13.448083,25711,3.03125,3.015625,3.0273440000000003,-1,169.921858,25.446297
2025-08-11T11:59:14.384917,25712,3.019531,3.011719,3.007812,-1,169.616682,25.446297
2025-08-11T11:59:15.326774,25713,3.023438,3.019531,3.0117190000000003,-1,169.433576,25.446297
2025-08-11T11:59:16.018782,25714,3.027344,3.007812,3.015625,-1,169.372541,25.446297
2025-08-11T11:59:16.990604,25715,3.027344,3.015625,3.015625,-1,169.128401,25.455811
2025-08-11T11:59:17.712906,25716,3.027344,3.011719,3.0117190000000003,-1,169.311506,25.465325
2025-08-11T11:59:18.600796,25717,3.023438,3.015625,3.019531,-1,169.250471,25.465325
2025-08-11T11:59:21.897892,25718,3.019531,3.015625,3.015625,-1,169.189436,25.455811
2025-08-11T11:59:22.563857,25719,3.023438,3.011719,3.015625,-1,168.823225,25.47484
2025-08-11T11:59:23.341624,25720,3.023438,3.019531,3.019531,-1,169.189436,25.465325
2025-08-11T11:59:24.217765,25721,3.027344,3.015625,3.015625,-1,169.067366,25.47484
2025-08-11T11:59:24.971884,25722,3.027344,3.011719,3.03125,-1,169.067366,25.47484
2025-08-11T11:59:25.654908,25723,3.027344,3.011719,3.007812,-1,168.640119,25.47484
2025-08-11T11:59:26.460062,25724,3.027344,3.015625,3.019531,-1,168.151838,25.484356
2025-08-11T11:59:27.062732,25725,3.023438,3.007812,3.019531,-1,168.151838,25.484356
2025-08-11T11:59:27.835654,25726,3.019531,3.011719,3.015625,-1,169.250471,25.484356
2025-08-11T11:59:28.496546,25727,3.019531,3.015625,3.015625,-1,169.067366,25.484356
2025-08-11T11:59:29.314139,25728,3.023438,3.011719,3.015625,-1,168.640119,25.484356
2025-08-11T11:59:29.941611,25729,3.023438,3.011719,3.015625,-1,169.311506,25.484356
2025-08-11T11:59:30.791999,25730,3.023438,3.015625,3.023438,-1,168.945295,25.484356
2025-08-11T11:59:31.420521,25731,3.03125,3.011719,3.0117190000000003,-1,169.067366,25.484356
2025-08-11T11:59:32.209603,25732,3.027344,3.011719,3.003906,-1,169.250471,25.484356
2025-08-11T11:59:32.900009,25733,3.027344,3.015625,3.0273440000000003,-1,169.128401,25.484356
2025-08-11T11:59:33.701760,25734,3.027344,3.015625,3.023438,-1,168.823225,25.47484
2025-08-11T11:59:34.539727,25735,3.027344,3.007812,3.023438,-1,168.76219,25.47484
2025-08-11T11:59:35.340722,25736,3.027344,3.015625,3.019531,-1,168.457014,25.465325
2025-08-11T11:59:35.997731,25737,3.027344,3.011719,3.019531,-1,168.395979,25.47484
2025-08-11T11:59:36.746871,25738,3.023438,3.015625,3.0117190000000003,-1,169.555647,25.47484
2025-08-11T11:59:37.556489,25739,3.027344,3.007812,3.019531,-1,169.677717,25.47484
2025-08-11T11:59:38.390773,25740,3.023438,3.007812,3.03125,-1,165.588362,25.47484
2025-08-11T11:59:39.083666,25741,3.023438,3.007812,3.023438,-1,165.405257,25.47484
2025-08-11T11:59:39.842991,25742,3.023438,3.011719,3.0273440000000003,-1,165.344221,25.465325
2025-08-11T11:59:40.452758,25743,3.019531,3.011719,3.019531,-1,168.029768,25.465325
2025-08-11T11:59:41.084400,25744,3.03125,3.015625,3.0117190000000003,-1,167.968733,25.465325
2025-08-11T11:59:42.704621,25745,3.027344,3.015625,3.023438,-1,167.724592,25.465325
2025-08-11T11:59:43.517494,25746,3.023438,3.011719,3.0117190000000003,-1,168.518049,25.465325
2025-08-11T11:59:44.194414,25747,3.027344,3.015625,3.015625,-1,169.372541,25.465325
2025-08-11T11:59:44.900784,25748,3.027344,3.015625,3.019531,-1,169.250471,25.465325
2025-08-11T11:59:45.564593,25749,3.027344,3.011719,3.015625,-1,169.311506,25.465325
2025-08-11T11:59:46.187551,25750,3.023438,3.011719,3.023438,-1,169.250471,25.465325
2025-08-11T11:59:46.839439,25751,3.027344,3.007812,3.007812,-1,169.433576,25.465325
2025-08-11T11:59:47.488564,25752,3.019531,3.011719,3.015625,-1,169.372541,25.465325
2025-08-11T11:59:48.326619,25753,3.027344,3.011719,3.023438,-1,169.067366,25.47484
2025-08-11T11:59:49.053087,25754,3.019531,3.007812,3.015625,-1,169.372541,25.47484
2025-08-11T11:59:49.842753,25755,3.023438,3.015625,3.0117190000000003,-1,169.433576,25.47484
2025-08-11T11:59:50.589891,25756,3.027344,3.011719,3.019531,-1,169.250471,25.47484
2025-08-11T11:59:51.420355,25757,3.03125,3.015625,3.015625,-1,169.372541,25.455811
2025-08-11T11:59:52.289713,25758,3.023438,3.015625,3.0117190000000003,-1,169.311506,25.465325
2025-08-11T11:59:53.734634,25759,3.027344,3.015625,3.015625,-1,169.311506,25.455811
2025-08-11T11:59:54.656373,25760,3.027344,3.011719,3.007812,-1,169.250471,25.427272
2025-08-11T11:59:55.368611,25761,3.023438,3.015625,3.0117190000000003,-1,169.372541,25.427272
2025-08-11T11:59:56.062760,25762,3.023438,3.011719,3.0117190000000003,-1,169.372541,25.436784
2025-08-11T11:59:56.839616,25763,3.027344,3.011719,3.023438,-1,169.372541,25.436784
2025-08-11T11:59:57.479419,25764,3.027344,3.011719,3.015625,-1,169.250471,25.436784
2025-08-11T11:59:58.114771,25765,3.03125,3.015625,3.019531,-1,169.189436,25.446297
2025-08-11T11:59:58.909615,25766,3.027344,3.011719,3.019531,-1,169.250471,25.446297
2025-08-11T11:59:59.559571,25767,3.019531,3.011719,3.0117190000000003,-1,169.311506,25.455811
2025-08-11T12:00:00.216680,25768,3.023438,3.007812,3.007812,-1,169.189436,25.455811
2025-08-11T12:00:01.091600,25769,3.027344,3.015625,3.019531,-1,169.311506,25.455811
2025-08-11T12:00:01.775313,25770,3.023438,3.011719,3.015625,-1,169.250471,25.455811
2025-08-11T12:00:02.416487,25771,3.019531,3.011719,3.015625,-1,169.128401,25.455811
2025-08-11T12:00:03.198615,25772,3.027344,3.007812,3.023438,-1,169.250471,25.465325
2025-08-11T12:00:04.170622,25773,3.027344,3.011719,3.015625,-1,169.250471,25.465325
2025-08-11T12:00:04.861947,25774,3.023438,3.011719,3.019531,-1,168.334944,25.47484
2025-08-11T12:00:05.532714,25775,3.027344,3.011719,3.023438,-1,169.189436,25.465325
2025-08-11T12:00:06.354503,25776,3.023438,3.007812,3.023438,-1,169.250471,25.465325
2025-08-11T12:00:07.180837,25777,3.023438,3.019531,3.019531,-1,169.128401,25.465325
2025-08-11T12:00:07.935663,25778,3.023438,3.007812,3.023438,-1,169.189436,25.465325
2025-08-11T12:00:08.737580,25779,3.03125,3.011719,3.023438,-1,169.250471,25.465325
2025-08-11T12:00:09.431740,25780,3.023438,3.015625,3.019531,-1,169.189436,25.465325
2025-08-11T12:00:10.135536,25781,3.023438,3.019531,3.015625,-1,169.250471,25.47484
2025-08-11T12:00:10.790473,25782,3.019531,3.015625,3.015625,-1,169.250471,25.465325
2025-08-11T12:00:11.545765,25783,3.023438,3.011719,3.019531,-1,169.250471,25.47484
2025-08-11T12:00:12.188809,25784,3.027344,3.019531,3.035156,-1,169.433576,25.465325
2025-08-11T12:00:12.856290,25785,3.019531,3.019531,3.023438,-1,169.189436,25.47484
2025-08-11T12:00:13.772374,25786,3.023438,3.011719,3.015625,-1,169.494612,25.47484
2025-08-11T12:00:14.524763,25787,3.023438,3.007812,3.019531,-1,169.128401,25.47484
2025-08-11T12:00:15.172639,25788,3.023438,3.015625,3.019531,-1,169.372541,25.47484
2025-08-11T12:00:16.183340,25789,3.027344,3.015625,3.023438,-1,168.029768,25.484356
2025-08-11T12:00:16.881580,25790,3.019531,3.015625,3.023438,-1,167.785627,25.484356
2025-08-11T12:00:17.615583,25791,3.023438,3.015625,3.015625,-1,168.090803,25.484356
2025-08-11T12:00:18.469536,25792,3.015625,3.007812,3.0117190000000003,-1,168.457014,25.465325
2025-08-11T12:00:19.322266,25793,3.023438,3.011719,3.019531,-1,168.395979,25.465325
2025-08-11T12:00:19.993611,25794,3.03125,3.011719,3.0117190000000003,-1,167.602522,25.465325
2025-08-11T12:00:20.819050,25795,3.023438,3.015625,3.0117190000000003,-1,168.823225,25.455811
2025-08-11T12:00:21.441809,25796,3.023438,3.011719,3.0117190000000003,-1,168.76219,25.446297
2025-08-11T12:00:22.068733,25797,3.023438,3.015625,3.0117190000000003,-1,168.823225,25.455811
2025-08-11T12:00:22.813816,25798,3.023438,3.015625,3.023438,-1,168.701155,25.455811
2025-08-11T12:00:23.435485,25799,3.027344,3.011719,3.019531,-1,168.518049,25.455811
2025-08-11T12:00:24.359772,25800,3.023438,3.011719,3.019531,-1,168.457014,25.455811
2025-08-11T12:00:25.063900,25801,3.023438,3.011719,3.0117190000000003,-1,168.823225,25.465325
2025-08-11T12:00:26.255872,25802,3.023438,3.015625,3.015625,-1,168.701155,25.455811
2025-08-11T12:00:27.118584,25803,3.027344,3.007812,3.023438,-1,168.701155,25.455811
2025-08-11T12:00:28.779663,25804,3.019531,3.015625,3.023438,-1,168.88426,25.446297
2025-08-11T12:00:29.679672,25805,3.027344,3.015625,3.015625,-1,169.250471,25.427272
2025-08-11T12:00:30.342310,25806,3.027344,3.011719,3.015625,-1,169.067366,25.436784
2025-08-11T12:00:30.955786,25807,3.023438,3.015625,3.015625,-1,169.311506,25.436784
2025-08-11T12:00:31.616883,25808,3.027344,3.011719,3.015625,-1,169.250471,25.417761
2025-08-11T12:00:32.367818,25809,3.027344,3.015625,3.019531,-1,169.128401,25.408251
2025-08-11T12:00:33.037384,25810,3.023438,3.015625,3.019531,-1,169.250471,25.408251
2025-08-11T12:00:33.803914,25811,3.03125,3.011719,3.015625,-1,168.945295,25.408251
2025-08-11T12:00:34.572799,25812,3.03125,3.011719,3.0117190000000003,-1,167.846663,25.408251
2025-08-11T12:00:35.267567,25813,3.019531,3.011719,3.019531,-1,167.907698,25.427272
2025-08-11T12:00:36.025711,25814,3.03125,3.011719,3.0117190000000003,-1,168.029768,25.427272
2025-08-11T12:00:36.643616,25815,3.019531,3.011719,3.015625,-1,167.907698,25.427272
2025-08-11T12:00:37.433837,25816,3.023438,3.015625,3.0117190000000003,-1,167.846663,25.417761
2025-08-11T12:00:38.193736,25817,3.023438,3.011719,3.023438,-1,167.785627,25.436784
2025-08-11T12:00:39.135652,25818,3.023438,3.007812,3.0117190000000003,-1,169.189436,25.436784
2025-08-11T12:00:39.867756,25819,3.019531,3.011719,3.0273440000000003,-1,168.945295,25.436784
2025-08-11T12:00:40.531882,25820,3.019531,3.011719,3.019531,-1,169.00633,25.446297
2025-08-11T12:00:41.348691,25821,3.023438,3.015625,3.019531,-1,167.663557,25.446297
2025-08-11T12:00:41.970503,25822,3.023438,3.003906,3.023438,-1,167.419416,25.455811
2025-08-11T12:00:42.753600,25823,3.027344,3.015625,3.0273440000000003,-1,168.640119,25.455811
2025-08-11T12:00:43.629310,25824,3.019531,3.015625,3.015625,-1,168.945295,25.455811
2025-08-11T12:00:44.342831,25825,3.023438,3.011719,3.0117190000000003,-1,169.00633,25.446297
2025-08-11T12:00:44.969628,25826,3.023438,3.011719,3.015625,-1,168.945295,25.455811
2025-08-11T12:00:45.603585,25827,3.023438,3.015625,3.015625,-1,168.945295,25.455811
2025-08-11T12:00:46.373631,25828,3.023438,3.011719,3.007812,-1,168.945295,25.455811
2025-08-11T12:00:47.011403,25829,3.027344,3.011719,3.023438,-1,168.945295,25.455811
2025-08-11T12:00:47.676798,25830,3.023438,3.015625,3.019531,-1,168.88426,25.465325
2025-08-11T12:00:48.485718,25831,3.027344,3.015625,3.019531,-1,169.128401,25.455811
2025-08-11T12:00:49.247191,25832,3.023438,3.011719,3.019531,-1,169.311506,25.455811
2025-08-11T12:00:49.995797,25833,3.023438,3.015625,3.007812,-1,169.128401,25.455811
2025-08-11T12:00:50.673065,25834,3.027344,3.011719,3.0117190000000003,-1,168.823225,25.455811
2025-08-11T12:00:51.421494,25835,3.027344,3.011719,3.015625,-1,168.823225,25.47484
2025-08-11T12:00:52.087860,25836,3.027344,3.011719,3.023438,-1,169.067366,25.47484
2025-08-11T12:00:52.843568,25837,3.023438,3.007812,3.019531,-1,168.945295,25.47484
2025-08-11T12:00:53.549563,25838,3.019531,3.015625,3.015625,-1,169.00633,25.47484
2025-08-11T12:00:54.361807,25839,3.027344,3.007812,3.015625,-1,169.128401,25.47484
2025-08-11T12:00:54.970683,25840,3.03125,3.019531,3.019531,-1,169.128401,25.47484
2025-08-11T12:00:55.679217,25841,3.023438,3.015625,3.015625,-1,169.128401,25.484356
2025-08-11T12:00:56.323066,25842,3.027344,3.007812,3.019531,-1,169.067366,25.47484
2025-08-11T12:00:57.140644,25843,3.027344,3.015625,3.0273440000000003,-1,168.945295,25.47484
2025-08-11T12:00:57.898688,25844,3.019531,3.011719,3.019531,-1,168.88426,25.47484
2025-08-11T12:00:58.588645,25845,3.027344,3.015625,3.0117190000000003,-1,168.88426,25.47484
2025-08-11T12:00:59.724517,25846,3.023438,3.015625,3.019531,-1,169.00633,25.47484
2025-08-11T12:01:01.441872,25847,3.019531,3.011719,3.0117190000000003,-1,168.88426,25.465325
2025-08-11T12:01:02.247535,25848,3.023438,3.011719,3.019531,-1,170.104963,25.465325
2025-08-11T12:01:02.970598,25849,3.023438,3.011719,3.019531,-1,169.982893,25.47484
2025-08-11T12:01:03.825282,25850,3.019531,3.007812,3.019531,-1,169.372541,25.47484
2025-08-11T12:01:04.491742,25851,3.023438,3.011719,3.0273440000000003,-1,169.616682,25.47484
2025-08-11T12:01:05.122853,25852,3.023438,3.015625,3.023438,-1,169.372541,25.465325
2025-08-11T12:01:05.854673,25853,3.027344,3.011719,3.019531,-1,167.358381,25.47484
2025-08-11T12:01:06.551614,25854,3.023438,3.011719,3.0117190000000003,-1,168.945295,25.47484
2025-08-11T12:01:07.369499,25855,3.019531,3.011719,3.0117190000000003,-1,169.189436,25.47484
2025-08-11T12:01:08.039093,25856,3.027344,3.011719,3.015625,-1,169.189436,25.47484
2025-08-11T12:01:08.963980,25857,3.027344,3.007812,3.03125,-1,169.128401,25.47484
2025-08-11T12:01:09.648991,25858,3.027344,3.015625,3.015625,-1,168.640119,25.47484
2025-08-11T12:01:10.309224,25859,3.027344,3.007812,3.019531,-1,168.212873,25.47484
2025-08-11T12:01:10.927813,25860,3.027344,3.015625,3.0117190000000003,-1,167.968733,25.484356
2025-08-11T12:01:11.543257,25861,3.023438,3.011719,3.019531,-1,168.579084,25.47484
2025-08-11T12:01:12.473144,25862,3.027344,3.011719,3.015625,-1,168.579084,25.47484
2025-08-11T12:01:13.193853,25863,3.023438,3.011719,3.0117190000000003,-1,168.945295,25.484356
2025-08-11T12:01:13.857500,25864,3.03125,3.019531,3.015625,-1,169.00633,25.47484
2025-08-11T12:01:14.634040,25865,3.023438,3.015625,3.019531,-1,169.00633,25.484356
2025-08-11T12:01:15.207362,25866,3.023438,3.015625,3.0117190000000003,-1,169.128401,25.484356
2025-08-11T12:01:15.811220,25867,3.027344,3.019531,3.015625,-1,169.128401,25.47484
2025-08-11T12:01:16.358582,25868,3.027344,3.011719,3.0117190000000003,-1,169.067366,25.484356
2025-08-11T12:01:17.008578,25869,3.023438,3.007812,3.019531,-1,169.00633,25.484356
2025-08-11T12:01:17.632273,25870,3.019531,3.015625,3.023438,-1,168.945295,25.484356
2025-08-11T12:01:18.338608,25871,3.03125,3.011719,3.007812,-1,168.945295,25.484356
2025-08-11T12:01:18.986206,25872,3.023438,3.015625,3.0117190000000003,-1,168.945295,25.484356
2025-08-11T12:01:19.641656,25873,3.027344,3.011719,3.019531,-1,169.250471,25.484356
2025-08-11T12:01:20.253678,25874,3.027344,3.011719,3.019531,-1,169.189436,25.484356
2025-08-11T12:01:20.857029,25875,3.023438,3.011719,3.023438,-1,169.189436,25.484356
2025-08-11T12:01:21.406028,25876,3.023438,3.011719,3.015625,-1,169.189436,25.484356
2025-08-11T12:01:22.002273,25877,3.023438,3.015625,3.0273440000000003,-1,169.189436,25.484356
2025-08-11T12:01:22.569159,25878,3.023438,3.007812,3.0117190000000003,-1,169.311506,25.484356
2025-08-11T12:01:23.269795,25879,3.023438,3.011719,3.023438,-1,169.250471,25.484356
2025-08-11T12:01:23.852063,25880,3.027344,3.015625,3.019531,-1,169.311506,25.484356
2025-08-11T12:01:24.433327,25881,3.027344,3.015625,3.0273440000000003,-1,169.067366,25.493873
2025-08-11T12:01:24.997853,25882,3.019531,3.015625,3.015625,-1,169.128401,25.493873
2025-08-11T12:01:25.588391,25883,3.023438,3.011719,3.015625,-1,169.128401,25.493873
2025-08-11T12:01:26.285501,25884,3.019531,3.011719,3.0273440000000003,-1,169.067366,25.484356
2025-08-11T12:01:26.888622,25885,3.015625,3.015625,3.007812,-1,169.067366,25.484356
2025-08-11T12:01:27.460205,25886,3.027344,3.011719,3.015625,-1,169.128401,25.493873
2025-08-11T12:01:28.036205,25887,3.023438,3.015625,3.0273440000000003,-1,169.067366,25.484356
2025-08-11T12:01:28.658441,25888,3.023438,3.015625,3.015625,-1,169.128401,25.484356
2025-08-11T12:01:29.254655,25889,3.023438,3.011719,3.019531,-1,169.128401,25.484356
2025-08-11T12:01:29.833948,25890,3.03125,3.011719,3.019531,-1,168.945295,25.493873
2025-08-11T12:01:30.429185,25891,3.023438,3.011719,3.015625,-1,168.945295,25.484356
2025-08-11T12:01:31.022550,25892,3.027344,3.015625,3.0117190000000003,-1,169.128401,25.493873
2025-08-11T12:01:31.602337,25893,3.027344,3.019531,3.019531,-1,168.945295,25.493873
2025-08-11T12:01:32.194349,25894,3.03125,3.007812,3.003906,-1,168.945295,25.484356
2025-08-11T12:01:32.854539,25895,3.023438,3.015625,3.015625,-1,169.00633,25.493873
2025-08-11T12:01:33.445168,25896,3.03125,3.023438,3.007812,-1,169.00633,25.493873
2025-08-11T12:01:34.226161,25897,3.023438,3.011719,3.015625,-1,168.518049,25.484356
2025-08-11T12:01:35.029347,25898,3.023438,3.011719,3.019531,-1,168.579084,25.493873
2025-08-11T12:01:35.881504,25899,3.023438,3.015625,3.0117190000000003,-1,168.518049,25.503391
2025-08-11T12:01:36.968850,25900,3.023438,3.015625,3.023438,-1,168.76219,25.493873
2025-08-11T12:01:37.563209,25901,3.023438,3.015625,3.023438,-1,169.372541,25.493873
2025-08-11T12:01:38.149027,25902,3.015625,3.015625,3.019531,-1,169.494612,25.484356
2025-08-11T12:01:38.747655,25903,3.027344,3.015625,3.015625,-1,169.311506,25.493873
2025-08-11T12:01:39.338791,25904,3.027344,3.015625,3.015625,-1,169.372541,25.493873
2025-08-11T12:01:39.921857,25905,3.027344,3.015625,3.015625,-1,169.189436,25.503391
2025-08-11T12:01:40.478150,25906,3.023438,3.015625,3.015625,-1,169.250471,25.503391
2025-08-11T12:01:41.045488,25907,3.023438,3.011719,3.023438,-1,169.128401,25.493873
2025-08-11T12:01:41.630485,25908,3.023438,3.011719,3.0117190000000003,-1,169.372541,25.503391
2025-08-11T12:01:42.488319,25909,3.023438,3.007812,3.0273440000000003,-1,169.250471,25.503391
2025-08-11T12:01:43.105423,25910,3.023438,3.019531,3.019531,-1,169.250471,25.503391
2025-08-11T12:16:38.515402,25911,3.0625,3.035156,3.0117190000000003,-1,162.963851,24.365981
2025-08-11T12:16:39.418041,25912,3.054688,3.050781,3.007812,-1,163.269026,24.365981
2025-08-11T12:16:40.234197,25913,3.070312,3.035156,3.0117190000000003,-1,163.207991,24.375431
2025-08-11T12:16:41.084785,25914,3.058594,3.039062,3.019531,-1,163.269026,24.375431
2025-08-11T12:16:41.899327,25915,3.066406,3.039062,3.015625,-1,163.146956,24.384881
2025-08-11T12:16:42.710327,25916,3.066406,3.042969,3.007812,-1,163.085921,24.384881
2025-08-11T12:16:43.489886,25917,3.0625,3.042969,3.015625,-1,163.269026,24.384881
2025-08-11T12:16:44.298101,25918,3.058594,3.039062,3.015625,-1,163.330061,24.375431
2025-08-11T12:16:45.056954,25919,3.066406,3.046875,3.015625,-1,163.513167,24.384881
2025-08-11T12:16:45.796998,25920,3.058594,3.035156,3.0273440000000003,-1,163.452132,24.384881
2025-08-11T12:16:46.486987,25921,3.058594,3.042969,3.0117190000000003,-1,163.391097,24.384881
2025-08-11T12:16:47.253988,25922,3.058594,3.035156,3.015625,-1,163.330061,24.384881
2025-08-11T12:16:47.918987,25923,3.058594,3.039062,3.019531,-1,163.330061,24.384881
2025-08-11T12:16:48.519986,25924,3.097656,3.011719,3.0,-1,163.024886,24.384881
2025-08-11T12:16:49.111987,25925,3.0625,3.035156,3.0117190000000003,-1,163.085921,24.384881
2025-08-11T12:16:49.686989,25926,3.058594,3.035156,3.023438,-1,163.391097,24.384881
2025-08-11T12:16:50.756136,25927,3.058594,3.042969,3.015625,-1,163.391097,24.375431
2025-08-11T12:16:51.388137,25928,3.054688,3.046875,3.0117190000000003,-1,163.635237,24.365981
2025-08-11T12:16:52.008137,25929,3.058594,3.039062,3.019531,-1,163.513167,24.365981
2025-08-11T12:16:52.618138,25930,3.058594,3.039062,3.019531,-1,163.696272,24.356532
2025-08-11T12:16:53.229137,25931,3.058594,3.046875,3.007812,-1,163.513167,24.337633
2025-08-11T12:16:53.842136,25932,3.0625,3.042969,3.007812,-1,163.391097,24.337633
2025-08-11T12:18:07.294386,25933,3.058594,3.042969,3.0117190000000003,-1,163.452132,24.233713
2025-08-11T12:18:07.832386,25934,3.058594,3.039062,3.015625,-1,163.330061,24.214822
2025-08-11T12:18:08.378386,25935,3.058594,3.039062,3.023438,-1,163.513167,24.205377
2025-08-11T12:18:08.921386,25936,3.066406,3.039062,3.007812,-1,163.574202,24.186487
2025-08-11T12:18:09.437386,25937,3.058594,3.042969,3.015625,-1,163.269026,24.167598
2025-08-11T12:18:09.973394,25938,3.066406,3.039062,3.019531,-1,163.330061,24.167598
2025-08-11T12:18:10.509388,25939,3.058594,3.042969,3.019531,-1,163.085921,24.158153
2025-08-11T12:18:11.056386,25940,3.058594,3.039062,3.019531,-1,163.269026,24.139265
2025-08-11T12:18:11.656385,25941,3.050781,3.046875,3.015625,-1,163.207991,24.129822
2025-08-11T12:18:12.238386,25942,3.066406,3.042969,3.007812,-1,163.146956,24.110935
2025-08-11T12:18:12.757386,25943,3.066406,3.042969,3.019531,-1,163.269026,24.092049
2025-08-11T12:18:13.298386,25944,3.0625,3.035156,3.007812,-1,163.146956,24.082606
2025-08-11T12:18:13.811386,25945,3.0625,3.046875,3.019531,-1,163.085921,24.073163
2025-08-11T12:18:14.361387,25946,3.066406,3.042969,3.007812,-1,163.085921,24.054279
2025-08-11T12:18:14.924386,25947,3.066406,3.03125,3.015625,-1,163.269026,24.044836
2025-08-11T12:18:15.465387,25948,3.078125,3.039062,3.0117190000000003,-1,163.207991,24.035394
2025-08-11T12:18:15.998386,25949,3.066406,3.035156,3.007812,-1,163.085921,24.035394
2025-08-11T12:18:16.584387,25950,3.0625,3.039062,3.015625,-1,163.146956,24.044836
2025-08-11T12:18:17.208386,25951,3.058594,3.042969,3.015625,-1,163.024886,24.054279
2025-08-11T12:18:17.717386,25952,3.058594,3.039062,3.015625,-1,163.085921,24.054279
2025-08-11T12:18:18.257387,25953,3.058594,3.039062,3.0117190000000003,-1,163.024886,24.054279
2025-08-11T12:18:18.749386,25954,3.0625,3.039062,3.007812,-1,163.269026,24.054279
2025-08-11T12:18:19.282386,25955,3.054688,3.039062,3.015625,-1,163.024886,24.054279
2025-08-11T12:18:19.904388,25956,3.058594,3.042969,3.019531,-1,163.146956,24.073163
2025-08-11T12:18:20.423386,25957,3.0625,3.046875,3.019531,-1,163.085921,24.082606
2025-08-11T12:18:20.960387,25958,3.054688,3.046875,3.023438,-1,163.391097,24.101492
2025-08-11T12:18:21.496386,25959,3.0625,3.042969,3.007812,-1,163.391097,24.101492
2025-08-11T12:18:22.073385,25960,3.0625,3.042969,3.019531,-1,163.269026,24.110935
2025-08-11T12:18:22.629385,25961,3.0625,3.042969,3.015625,-1,163.207991,24.120378
2025-08-11T12:18:23.188386,25962,3.058594,3.039062,3.015625,-1,163.146956,24.129822
2025-08-11T12:18:23.721386,25963,3.070312,3.039062,3.019531,-1,163.269026,24.129822
2025-08-11T12:18:24.281386,25964,3.0625,3.035156,3.015625,-1,163.269026,24.139265
2025-08-11T12:18:24.824369,25965,3.058594,3.042969,3.015625,-1,163.146956,24.148709
2025-08-11T12:18:25.397371,25966,3.058594,3.039062,3.015625,-1,163.146956,24.139265
2025-08-11T12:18:26.039371,25967,3.066406,3.039062,3.015625,-1,163.207991,24.148709
2025-08-11T12:18:26.710370,25968,3.0625,3.042969,3.007812,-1,163.330061,24.158153
2025-08-11T12:18:27.355371,25969,3.058594,3.039062,3.015625,-1,163.207991,24.167598
2025-08-11T12:18:27.910709,25970,3.058594,3.042969,3.015625,-1,163.085921,24.167598
2025-08-11T12:18:28.449709,25971,3.066406,3.039062,3.023438,-1,163.085921,24.158153
2025-08-11T12:18:29.018709,25972,3.058594,3.042969,3.0273440000000003,-1,163.024886,24.167598
2025-08-11T12:18:29.613709,25973,3.0625,3.039062,3.015625,-1,163.146956,24.167598
2025-08-11T12:18:30.189708,25974,3.0625,3.039062,3.015625,-1,163.024886,24.177042
2025-08-11T12:18:30.745708,25975,3.0625,3.046875,3.0117190000000003,-1,163.024886,24.167598
2025-08-11T12:18:31.312711,25976,3.054688,3.042969,3.0117190000000003,-1,163.207991,24.167598
2025-08-11T12:18:31.855710,25977,3.070312,3.039062,3.007812,-1,163.146956,24.158153
2025-08-11T12:18:32.428712,25978,3.058594,3.035156,3.023438,-1,163.207991,24.148709
2025-08-11T12:18:32.955709,25979,3.0625,3.042969,3.019531,-1,163.269026,24.129822
2025-08-11T12:18:33.491718,25980,3.0625,3.039062,3.015625,-1,163.146956,24.129822
2025-08-11T12:18:33.992708,25981,3.058594,3.035156,3.019531,-1,163.330061,24.110935
2025-08-11T12:18:34.557709,25982,3.054688,3.042969,3.0117190000000003,-1,163.146956,24.092049
2025-08-11T12:18:35.053709,25983,3.066406,3.042969,3.019531,-1,163.269026,24.082606
2025-08-11T12:18:36.398712,25984,3.0625,3.046875,3.003906,-1,163.330061,24.073163
2025-08-11T12:18:37.035709,25985,3.058594,3.042969,3.019531,-1,163.085921,24.054279
2025-08-11T12:18:37.573708,25986,3.0625,3.039062,3.015625,-1,163.330061,24.044836
2025-08-11T12:18:38.218709,25987,3.058594,3.042969,3.015625,-1,163.207991,24.035394
2025-08-11T12:18:38.725711,25988,3.050781,3.039062,3.0117190000000003,-1,163.330061,24.025953
2025-08-11T12:18:39.268708,25989,3.054688,3.035156,3.0117190000000003,-1,163.330061,24.025953
2025-08-11T12:18:39.767273,25990,3.058594,3.046875,3.015625,-1,163.146956,24.025953
2025-08-11T12:18:40.302271,25991,3.066406,3.042969,3.015625,-1,163.269026,24.016511
2025-08-11T12:18:40.797013,25992,3.058594,3.042969,3.0117190000000003,-1,163.207991,24.035394
2025-08-11T12:18:41.330026,25993,3.0625,3.039062,3.015625,-1,163.269026,24.025953
2025-08-11T12:18:41.827013,25994,3.058594,3.039062,3.019531,-1,163.207991,24.016511
2025-08-11T12:18:42.349012,25995,3.058594,3.039062,3.019531,-1,163.269026,24.007069
2025-08-11T12:18:42.839816,25996,3.0625,3.035156,3.007812,-1,163.330061,23.997628
2025-08-11T12:18:43.360816,25997,3.058594,3.042969,3.019531,-1,163.330061,23.997628
2025-08-11T12:18:43.862820,25998,3.058594,3.035156,3.015625,-1,163.207991,24.007069
2025-08-11T12:18:44.374816,25999,3.0625,3.042969,3.0117190000000003,-1,163.146956,23.997628
2025-08-11T12:18:44.871816,26000,3.058594,3.039062,3.007812,-1,163.085921,23.988186
2025-08-11T12:18:45.392816,26001,3.058594,3.039062,3.0117190000000003,-1,163.085921,23.978745
2025-08-11T12:18:45.894819,26002,3.0625,3.039062,3.015625,-1,163.207991,23.969304
2025-08-11T12:18:46.426638,26003,3.054688,3.039062,3.015625,-1,163.207991,23.978745
2025-08-11T12:18:46.930641,26004,3.070312,3.035156,3.019531,-1,163.146956,23.969304
2025-08-11T12:18:47.458638,26005,3.058594,3.035156,3.0117190000000003,-1,163.146956,23.969304
2025-08-11T12:18:47.950638,26006,3.0625,3.046875,3.007812,-1,163.024886,23.978745
2025-08-11T12:18:48.472639,26007,3.058594,3.035156,3.015625,-1,163.085921,23.978745
2025-08-11T12:18:48.970641,26008,3.0625,3.046875,3.023438,-1,163.024886,23.978745
2025-08-11T12:18:49.492639,26009,3.0625,3.039062,3.015625,-1,163.146956,23.978745
2025-08-11T12:18:49.984639,26010,3.066406,3.039062,3.03125,-1,163.085921,23.969304
2025-08-11T12:18:50.505639,26011,3.066406,3.046875,3.007812,-1,163.024886,23.969304
2025-08-11T12:18:51.221606,26012,3.058594,3.042969,3.019531,-1,163.024886,23.969304
2025-08-11T12:18:51.774604,26013,3.066406,3.03125,3.007812,-1,163.207991,23.969304
2025-08-11T12:18:52.312605,26014,3.058594,3.042969,3.015625,-1,163.207991,23.969304
2025-08-11T12:18:52.858606,26015,3.066406,3.042969,3.0117190000000003,-1,163.146956,23.969304
2025-08-11T12:18:53.447605,26016,3.058594,3.039062,3.0117190000000003,-1,163.207991,23.969304
2025-08-11T12:18:54.066607,26017,3.058594,3.035156,3.007812,-1,163.146956,23.978745
2025-08-11T12:18:54.651606,26018,3.066406,3.039062,3.007812,-1,163.330061,23.988186
2025-08-11T12:18:55.187604,26019,3.066406,3.042969,3.007812,-1,163.146956,23.997628
2025-08-11T12:18:55.707604,26020,3.058594,3.046875,3.015625,-1,163.330061,24.016511
2025-08-11T12:18:56.229604,26021,3.066406,3.039062,3.019531,-1,163.207991,24.016511
2025-08-11T12:18:56.782607,26022,3.058594,3.042969,3.015625,-1,163.207991,24.025953
2025-08-11T12:18:57.317605,26023,3.058594,3.039062,3.0117190000000003,-1,163.146956,24.035394
2025-08-11T12:18:57.885605,26024,3.074219,3.035156,3.0273440000000003,-1,163.085921,24.044836
2025-08-11T12:18:58.530604,26025,3.066406,3.035156,3.019531,-1,162.963851,24.044836
2025-08-11T12:18:59.089608,26026,3.058594,3.039062,3.0117190000000003,-1,163.207991,24.054279
2025-08-11T12:18:59.712605,26027,3.054688,3.039062,3.007812,-1,163.207991,24.054279
2025-08-11T12:19:00.316605,26028,3.0625,3.039062,3.007812,-1,163.024886,24.054279
2025-08-11T12:19:00.871605,26029,3.0625,3.042969,3.015625,-1,163.085921,24.054279
2025-08-11T12:19:01.440604,26030,3.058594,3.035156,3.015625,-1,162.963851,24.054279
2025-08-11T12:19:01.986608,26031,3.0625,3.039062,3.0117190000000003,-1,163.207991,24.054279
2025-08-11T12:19:02.513604,26032,3.058594,3.042969,3.019531,-1,163.085921,24.063721
2025-08-11T12:19:03.059605,26033,3.058594,3.039062,3.007812,-1,163.024886,24.063721
2025-08-11T12:19:03.596604,26034,3.058594,3.039062,3.0117190000000003,-1,163.024886,24.063721
2025-08-11T12:19:04.128604,26035,3.0625,3.035156,3.019531,-1,163.024886,24.063721
2025-08-11T12:19:04.694604,26036,3.058594,3.039062,3.015625,-1,163.085921,24.063721
2025-08-11T12:19:05.229606,26037,3.058594,3.035156,3.023438,-1,163.085921,24.063721
2025-08-11T12:19:05.754604,26038,3.0625,3.042969,3.015625,-1,163.085921,24.073163
2025-08-11T12:19:06.347604,26039,3.058594,3.039062,3.007812,-1,163.330061,24.073163
2025-08-11T12:19:06.923605,26040,3.0625,3.039062,3.0117190000000003,-1,163.207991,24.073163
2025-08-11T12:19:07.562605,26041,3.0625,3.039062,3.015625,-1,163.330061,24.082606
2025-08-11T12:19:08.076605,26042,3.0625,3.035156,3.007812,-1,163.391097,24.082606
2025-08-11T12:19:08.604604,26043,3.066406,3.039062,3.015625,-1,163.330061,24.092049
2025-08-11T12:19:09.158606,26044,3.0625,3.035156,3.0117190000000003,-1,163.391097,24.092049
2025-08-11T12:19:09.673635,26045,3.054688,3.039062,3.007812,-1,163.330061,24.101492
2025-08-11T12:19:10.210634,26046,3.066406,3.039062,3.0117190000000003,-1,163.207991,24.092049
2025-08-11T12:19:10.703642,26047,3.0625,3.042969,3.015625,-1,163.207991,24.092049
2025-08-11T12:19:11.244642,26048,3.066406,3.035156,3.0117190000000003,-1,163.391097,24.073163
2025-08-11T12:19:11.743645,26049,3.058594,3.039062,3.007812,-1,163.330061,24.063721
2025-08-11T12:19:12.280152,26050,3.0625,3.046875,3.023438,-1,163.207991,24.054279
2025-08-11T12:19:12.787150,26051,3.066406,3.039062,3.0117190000000003,-1,163.330061,24.044836
2025-08-11T12:19:13.334151,26052,3.058594,3.035156,3.023438,-1,163.207991,24.025953
2025-08-11T12:19:13.849150,26053,3.058594,3.039062,3.0117190000000003,-1,163.207991,24.025953
2025-08-11T12:19:14.371155,26054,3.066406,3.042969,3.0117190000000003,-1,163.330061,24.025953
2025-08-11T12:19:14.885151,26055,3.0625,3.039062,3.007812,-1,163.146956,24.035394
2025-08-11T12:19:15.400151,26056,3.070312,3.039062,3.019531,-1,163.146956,24.035394
2025-08-11T12:19:15.896748,26057,3.0625,3.042969,3.019531,-1,163.269026,24.035394
2025-08-11T12:19:16.420748,26058,3.058594,3.039062,3.015625,-1,163.330061,24.025953
2025-08-11T12:19:16.913787,26059,3.0625,3.039062,3.015625,-1,163.269026,24.016511
2025-08-11T12:19:17.445788,26060,3.0625,3.035156,3.0117190000000003,-1,163.330061,24.007069
2025-08-11T12:19:17.948787,26061,3.066406,3.042969,3.023438,-1,163.330061,23.997628
2025-08-11T12:19:18.479787,26062,3.058594,3.035156,3.019531,-1,163.330061,23.997628
2025-08-11T12:19:18.987787,26063,3.0625,3.046875,3.023438,-1,163.269026,24.007069
2025-08-11T12:19:19.520786,26064,3.058594,3.035156,3.015625,-1,163.207991,24.016511
2025-08-11T12:19:20.019666,26065,3.066406,3.035156,3.023438,-1,163.207991,24.016511
2025-08-11T12:19:20.772000,26066,3.054688,3.042969,3.007812,-1,163.269026,24.025953
2025-08-11T12:19:21.318000,26067,3.0625,3.046875,3.023438,-1,163.391097,24.035394
2025-08-11T12:19:21.882000,26068,3.0625,3.039062,3.0117190000000003,-1,163.269026,24.044836
2025-08-11T12:19:22.421001,26069,3.0625,3.039062,3.019531,-1,163.391097,24.025953
2025-08-11T12:19:22.918002,26070,3.0625,3.035156,3.015625,-1,163.391097,24.025953
2025-08-11T12:19:23.462000,26071,3.058594,3.035156,3.023438,-1,163.391097,24.007069
2025-08-11T12:19:23.973000,26072,3.0625,3.039062,3.015625,-1,163.330061,23.988186
2025-08-11T12:19:24.523000,26073,3.058594,3.042969,3.0117190000000003,-1,163.207991,23.997628
2025-08-11T12:19:25.030947,26074,3.0625,3.042969,3.015625,-1,163.207991,23.997628
2025-08-11T12:19:25.580948,26075,3.0625,3.039062,3.0117190000000003,-1,163.207991,23.997628
2025-08-11T12:19:26.155948,26076,3.058594,3.039062,3.023438,-1,163.207991,24.007069
2025-08-11T12:19:26.717947,26077,3.054688,3.042969,3.019531,-1,163.269026,24.007069
2025-08-11T12:19:27.296949,26078,3.0625,3.039062,3.0117190000000003,-1,163.330061,24.007069
2025-08-11T12:19:27.836948,26079,3.0625,3.039062,3.019531,-1,163.330061,24.016511
2025-08-11T12:19:28.366948,26080,3.0625,3.039062,3.019531,-1,163.330061,24.016511
2025-08-11T12:19:28.877947,26081,3.066406,3.042969,3.0117190000000003,-1,163.207991,24.016511
2025-08-11T12:19:29.411947,26082,3.0625,3.042969,3.0117190000000003,-1,163.207991,24.016511
2025-08-11T12:19:29.911947,26083,3.058594,3.046875,3.023438,-1,163.330061,24.016511
2025-08-11T12:19:30.435947,26084,3.058594,3.035156,3.019531,-1,163.330061,24.016511
2025-08-11T12:19:30.945947,26085,3.0625,3.042969,3.007812,-1,163.269026,24.016511
2025-08-11T12:19:31.531800,26086,3.058594,3.039062,3.0117190000000003,-1,163.146956,24.016511
2025-08-11T12:19:32.040126,26087,3.058594,3.042969,3.0117190000000003,-1,163.330061,24.025953
2025-08-11T12:19:32.593126,26088,3.0625,3.035156,3.007812,-1,163.330061,24.025953
2025-08-11T12:19:33.150125,26089,3.0625,3.042969,3.015625,-1,163.330061,24.025953
2025-08-11T12:19:33.656126,26090,3.058594,3.039062,3.019531,-1,163.146956,24.016511
2025-08-11T12:19:34.195126,26091,3.058594,3.039062,3.007812,-1,163.330061,24.016511
2025-08-11T12:19:34.693963,26092,3.0625,3.039062,3.0117190000000003,-1,163.207991,24.016511
2025-08-11T12:19:35.244964,26093,3.058594,3.039062,3.0117190000000003,-1,163.330061,24.016511
2025-08-11T12:19:35.756964,26094,3.0625,3.042969,3.007812,-1,163.330061,24.016511
2025-08-11T12:19:36.317964,26095,3.0625,3.039062,3.007812,-1,163.269026,24.025953
2025-08-11T12:19:36.822964,26096,3.058594,3.042969,3.015625,-1,163.330061,24.025953
2025-08-11T12:19:37.372964,26097,3.066406,3.039062,3.007812,-1,163.146956,24.025953
2025-08-11T12:19:37.874964,26098,3.066406,3.039062,3.0117190000000003,-1,163.269026,24.035394
2025-08-11T12:19:38.409964,26099,3.066406,3.039062,3.015625,-1,163.330061,24.025953
2025-08-11T12:19:38.921968,26100,3.058594,3.039062,3.015625,-1,163.269026,24.035394
2025-08-11T12:19:39.451968,26101,3.058594,3.039062,3.019531,-1,163.269026,24.035394
2025-08-11T12:19:39.955833,26102,3.0625,3.039062,3.019531,-1,163.330061,24.035394
2025-08-11T12:19:40.486833,26103,3.066406,3.039062,3.015625,-1,163.330061,24.044836
2025-08-11T12:19:40.987707,26104,3.058594,3.042969,3.015625,-1,163.207991,24.044836
2025-08-11T12:19:41.506707,26105,3.054688,3.039062,3.007812,-1,163.146956,24.054279
2025-08-11T12:19:42.014708,26106,3.0625,3.039062,3.015625,-1,163.146956,24.044836
2025-08-11T12:19:42.538710,26107,3.058594,3.042969,3.003906,-1,163.330061,24.054279
2025-08-11T12:19:43.200707,26108,3.058594,3.042969,3.023438,-1,163.330061,24.054279
2025-08-11T12:19:43.693426,26109,3.058594,3.042969,3.003906,-1,163.146956,24.054279
2025-08-11T12:19:44.236426,26110,3.0625,3.042969,3.015625,-1,163.391097,24.054279
2025-08-11T12:19:44.740426,26111,3.058594,3.042969,3.0117190000000003,-1,163.146956,24.054279
2025-08-11T12:19:45.267428,26112,3.058594,3.039062,3.019531,-1,163.146956,24.063721
2025-08-11T12:19:45.779595,26113,3.058594,3.046875,3.015625,-1,163.146956,24.063721
2025-08-11T12:19:46.311593,26114,3.066406,3.035156,3.019531,-1,163.269026,24.063721
2025-08-11T12:19:46.816593,26115,3.058594,3.039062,3.015625,-1,163.330061,24.063721
2025-08-11T12:19:47.367595,26116,3.066406,3.039062,3.0117190000000003,-1,163.330061,24.063721
2025-08-11T12:19:47.885595,26117,3.070312,3.035156,3.019531,-1,163.330061,24.063721
2025-08-11T12:19:48.410594,26118,3.0625,3.035156,3.015625,-1,163.330061,24.073163
2025-08-11T12:19:48.917593,26119,3.0625,3.042969,3.015625,-1,163.330061,24.073163
2025-08-11T12:19:49.442596,26120,3.0625,3.035156,3.015625,-1,163.330061,24.073163
2025-08-11T12:19:49.940593,26121,3.0625,3.039062,3.0117190000000003,-1,163.330061,24.063721
2025-08-11T12:19:50.461594,26122,3.0625,3.042969,3.015625,-1,163.146956,24.073163
2025-08-11T12:19:50.963596,26123,3.054688,3.039062,3.019531,-1,163.207991,24.063721
2025-08-11T12:19:51.491594,26124,3.0625,3.042969,3.0117190000000003,-1,163.146956,24.044836
2025-08-11T12:19:52.015594,26125,3.0625,3.039062,3.0117190000000003,-1,163.085921,24.044836
2025-08-11T12:19:52.567593,26126,3.058594,3.039062,3.007812,-1,163.269026,24.044836
2025-08-11T12:19:53.120595,26127,3.058594,3.042969,3.015625,-1,163.146956,24.044836
2025-08-11T12:19:53.645594,26128,3.058594,3.039062,3.0117190000000003,-1,163.146956,24.044836
2025-08-11T12:19:54.209592,26129,3.058594,3.039062,3.0117190000000003,-1,163.269026,24.044836
2025-08-11T12:19:54.706594,26130,3.058594,3.042969,3.023438,-1,163.146956,24.044836
2025-08-11T12:19:55.247597,26131,3.0625,3.039062,3.023438,-1,163.330061,24.054279
2025-08-11T12:19:55.755606,26132,3.0625,3.039062,3.0117190000000003,-1,163.146956,24.054279
2025-08-11T12:19:56.306606,26133,3.0625,3.050781,3.019531,-1,163.330061,24.054279
2025-08-11T12:19:56.812605,26134,3.0625,3.039062,3.015625,-1,163.269026,24.044836
2025-08-11T12:19:57.345606,26135,3.0625,3.035156,3.019531,-1,163.207991,24.054279
2025-08-11T12:19:57.845605,26136,3.066406,3.042969,3.0117190000000003,-1,163.207991,24.054279
2025-08-11T12:19:58.379606,26137,3.058594,3.039062,3.0117190000000003,-1,163.269026,24.054279
2025-08-11T12:19:58.891605,26138,3.058594,3.039062,3.015625,-1,163.146956,24.054279
2025-08-11T12:19:59.427605,26139,3.0625,3.035156,3.007812,-1,163.330061,24.063721
2025-08-11T12:19:59.941573,26140,3.0625,3.039062,3.0117190000000003,-1,163.330061,24.063721
2025-08-11T12:20:00.476570,26141,3.058594,3.046875,3.015625,-1,163.330061,24.063721
2025-08-11T12:20:00.982571,26142,3.0625,3.042969,3.019531,-1,163.146956,24.054279
2025-08-11T12:20:01.508571,26143,3.0625,3.039062,3.023438,-1,163.146956,24.054279
2025-08-11T12:20:02.034571,26144,3.066406,3.042969,3.003906,-1,163.330061,24.054279
2025-08-11T12:20:02.557571,26145,3.066406,3.035156,3.015625,-1,163.146956,24.054279
2025-08-11T12:20:03.068571,26146,3.054688,3.035156,3.0117190000000003,-1,163.146956,24.054279
2025-08-11T12:20:03.599573,26147,3.054688,3.039062,3.0117190000000003,-1,163.330061,24.054279
2025-08-11T12:20:04.131572,26148,3.058594,3.035156,3.0117190000000003,-1,163.207991,24.054279
2025-08-11T12:20:04.644571,26149,3.0625,3.042969,3.003906,-1,163.146956,24.054279
2025-08-11T12:20:05.172571,26150,3.058594,3.042969,3.0117190000000003,-1,163.207991,24.044836
2025-08-11T12:20:05.680579,26151,3.058594,3.039062,3.023438,-1,163.146956,24.044836
2025-08-11T12:20:06.217579,26152,3.0625,3.042969,3.0117190000000003,-1,163.146956,24.025953
2025-08-11T12:20:06.737579,26153,3.0625,3.042969,3.015625,-1,163.085921,24.016511
2025-08-11T12:20:07.283331,26154,3.054688,3.039062,3.019531,-1,163.146956,24.016511
2025-08-11T12:20:07.790337,26155,3.066406,3.042969,3.015625,-1,163.207991,24.016511
2025-08-11T12:20:08.318331,26156,3.066406,3.046875,3.015625,-1,163.269026,24.016511
2025-08-11T12:20:08.827330,26157,3.0625,3.035156,3.019531,-1,163.146956,24.016511
2025-08-11T12:20:09.376331,26158,3.0625,3.039062,3.015625,-1,163.207991,24.016511
2025-08-11T12:20:09.884330,26159,3.070312,3.039062,3.0117190000000003,-1,163.207991,24.016511
2025-08-11T12:20:10.429331,26160,3.0625,3.035156,3.0117190000000003,-1,163.146956,24.025953
2025-08-11T12:20:10.936331,26161,3.058594,3.039062,3.015625,-1,163.269026,24.025953
2025-08-11T12:20:11.463332,26162,3.054688,3.042969,3.0117190000000003,-1,163.146956,24.016511
2025-08-11T12:20:12.002341,26163,3.058594,3.046875,3.007812,-1,163.269026,24.016511
2025-08-11T12:20:12.566334,26164,3.0625,3.039062,3.0117190000000003,-1,163.146956,24.016511
2025-08-11T12:20:13.164331,26165,3.0625,3.046875,3.015625,-1,163.207991,24.016511
2025-08-11T12:20:13.676330,26166,3.066406,3.039062,3.019531,-1,163.269026,24.025953
2025-08-11T12:20:14.271331,26167,3.0625,3.039062,3.0117190000000003,-1,163.207991,24.025953
2025-08-11T12:20:14.796331,26168,3.0625,3.035156,3.015625,-1,163.330061,24.035394
2025-08-11T12:20:15.350331,26169,3.066406,3.039062,3.015625,-1,163.207991,24.035394
2025-08-11T12:20:15.864330,26170,3.058594,3.039062,3.003906,-1,163.146956,24.035394
2025-08-11T12:20:16.386331,26171,3.0625,3.039062,3.0117190000000003,-1,163.269026,24.035394
2025-08-11T12:20:16.893330,26172,3.058594,3.046875,3.015625,-1,163.207991,24.044836
2025-08-11T12:20:17.417331,26173,3.0625,3.039062,3.0117190000000003,-1,163.085921,24.044836
2025-08-11T12:20:17.920360,26174,3.058594,3.039062,3.007812,-1,163.269026,24.035394
2025-08-11T12:20:18.469361,26175,3.058594,3.039062,3.007812,-1,163.085921,24.035394
2025-08-11T12:20:18.969360,26176,3.066406,3.039062,3.015625,-1,163.146956,24.035394
2025-08-11T12:20:19.521362,26177,3.058594,3.039062,3.0117190000000003,-1,163.085921,24.035394
2025-08-11T12:20:20.048360,26178,3.0625,3.042969,3.015625,-1,163.207991,24.025953
2025-08-11T12:20:20.575360,26179,3.0625,3.042969,3.019531,-1,163.146956,24.035394
2025-08-11T12:20:21.113360,26180,3.058594,3.039062,3.007812,-1,163.207991,24.035394
2025-08-11T12:20:21.671360,26181,3.058594,3.042969,3.0117190000000003,-1,163.146956,24.035394
2025-08-11T12:20:22.226360,26182,3.058594,3.039062,3.007812,-1,163.207991,24.044836
2025-08-11T12:20:22.750359,26183,3.0625,3.039062,3.019531,-1,163.207991,24.044836
2025-08-11T12:20:23.295361,26184,3.070312,3.039062,3.019531,-1,163.085921,24.044836
2025-08-11T12:20:23.934360,26185,3.0625,3.039062,3.019531,-1,163.085921,24.044836
2025-08-11T12:20:24.473360,26186,3.0625,3.042969,3.015625,-1,163.207991,24.044836
2025-08-11T12:20:24.986361,26187,3.054688,3.042969,3.015625,-1,162.963851,24.035394
2025-08-11T12:20:25.535362,26188,3.058594,3.042969,3.015625,-1,163.146956,24.044836
2025-08-11T12:20:26.060360,26189,3.066406,3.042969,3.0,-1,163.085921,24.044836
2025-08-11T12:20:26.610360,26190,3.058594,3.042969,3.015625,-1,163.146956,24.044836
2025-08-11T12:20:27.147360,26191,3.058594,3.046875,3.015625,-1,162.963851,24.044836
2025-08-11T12:20:27.671362,26192,3.066406,3.035156,3.0117190000000003,-1,163.146956,24.044836
2025-08-11T12:20:28.220360,26193,3.058594,3.042969,3.015625,-1,163.207991,24.044836
2025-08-11T12:20:28.716361,26194,3.066406,3.035156,3.003906,-1,163.207991,24.044836
2025-08-11T12:20:29.247362,26195,3.058594,3.039062,3.019531,-1,163.085921,24.035394
2025-08-11T12:20:29.754360,26196,3.058594,3.035156,3.007812,-1,163.207991,24.035394
2025-08-11T12:20:30.284360,26197,3.066406,3.035156,3.019531,-1,163.146956,24.035394
2025-08-11T12:20:30.785360,26198,3.058594,3.039062,3.0273440000000003,-1,163.024886,24.035394
2025-08-11T12:20:31.313952,26199,3.066406,3.042969,3.015625,-1,163.207991,24.035394
2025-08-11T12:20:31.832984,26200,3.066406,3.035156,3.007812,-1,163.085921,24.044836
2025-08-11T12:20:32.372983,26201,3.066406,3.039062,3.0117190000000003,-1,163.207991,24.044836
2025-08-11T12:20:32.921983,26202,3.0625,3.035156,3.019531,-1,163.085921,24.044836
2025-08-11T12:20:33.469984,26203,3.066406,3.039062,3.0117190000000003,-1,162.963851,24.044836
2025-08-11T12:20:33.971984,26204,3.066406,3.035156,3.019531,-1,163.207991,24.054279
2025-08-11T12:20:34.508982,26205,3.0625,3.039062,3.0117190000000003,-1,163.146956,24.044836
2025-08-11T12:20:35.013983,26206,3.058594,3.042969,3.0117190000000003,-1,163.146956,24.044836
2025-08-11T12:20:35.539982,26207,3.0625,3.042969,3.0117190000000003,-1,163.024886,24.035394
2025-08-11T12:20:36.083982,26208,3.058594,3.039062,3.007812,-1,163.207991,24.044836
2025-08-11T12:20:36.647985,26209,3.0625,3.035156,3.019531,-1,163.085921,24.035394
2025-08-11T12:20:37.188983,26210,3.066406,3.039062,3.007812,-1,163.207991,24.044836
2025-08-11T12:20:37.700984,26211,3.0625,3.035156,3.015625,-1,163.207991,24.044836
2025-08-11T12:20:38.230983,26212,3.058594,3.035156,3.007812,-1,163.085921,24.044836
2025-08-11T12:20:38.748983,26213,3.066406,3.042969,3.019531,-1,163.269026,24.044836
2025-08-11T12:20:39.286982,26214,3.054688,3.039062,3.019531,-1,163.269026,24.035394
2025-08-11T12:20:39.786984,26215,3.0625,3.042969,3.019531,-1,163.085921,24.035394
2025-08-11T12:20:40.367983,26216,3.058594,3.042969,3.015625,-1,163.207991,24.035394
2025-08-11T12:20:40.880983,26217,3.058594,3.039062,3.0117190000000003,-1,163.085921,24.016511
2025-08-11T12:20:41.439982,26218,3.0625,3.039062,3.015625,-1,163.085921,24.007069
2025-08-11T12:20:41.932983,26219,3.0625,3.042969,3.0117190000000003,-1,163.207991,24.007069
2025-08-11T12:20:42.477982,26220,3.0625,3.039062,3.019531,-1,163.085921,24.016511
2025-08-11T12:20:42.983986,26221,3.0625,3.035156,3.023438,-1,163.207991,24.016511
2025-08-11T12:20:43.550983,26222,3.058594,3.035156,3.015625,-1,163.024886,24.016511
2025-08-11T12:20:44.070982,26223,3.0625,3.039062,3.007812,-1,163.146956,24.016511
2025-08-11T12:20:44.610987,26224,3.0625,3.035156,3.007812,-1,163.269026,24.016511
2025-08-11T12:20:45.171985,26225,3.058594,3.042969,3.019531,-1,163.207991,23.997628
2025-08-11T12:20:45.685982,26226,3.066406,3.042969,3.015625,-1,163.207991,23.988186
2025-08-11T12:20:46.239983,26227,3.058594,3.042969,3.015625,-1,163.146956,23.969304
2025-08-11T12:20:46.745378,26228,3.058594,3.039062,3.015625,-1,163.269026,23.950422
2025-08-11T12:20:47.305364,26229,3.0625,3.035156,3.015625,-1,163.207991,23.950422
2025-08-11T12:20:47.809363,26230,3.0625,3.042969,3.019531,-1,163.024886,23.93154
2025-08-11T12:20:48.354945,26231,3.066406,3.039062,3.007812,-1,163.024886,23.912659
2025-08-11T12:20:48.854246,26232,3.0625,3.039062,3.007812,-1,163.146956,23.903219
2025-08-11T12:20:49.412245,26233,3.058594,3.039062,3.015625,-1,163.085921,23.903219
2025-08-11T12:20:49.918246,26234,3.058594,3.042969,3.019531,-1,163.024886,23.903219
2025-08-11T12:20:50.467244,26235,3.070312,3.035156,3.015625,-1,163.207991,23.903219
2025-08-11T12:20:50.978244,26236,3.058594,3.042969,3.023438,-1,163.269026,23.912659
2025-08-11T12:20:51.522245,26237,3.066406,3.039062,3.007812,-1,163.024886,23.9221
2025-08-11T12:20:52.089245,26238,3.0625,3.042969,3.019531,-1,163.146956,23.9221
2025-08-11T12:20:52.693245,26239,3.058594,3.039062,3.0117190000000003,-1,163.146956,23.9221
2025-08-11T12:20:53.260244,26240,3.058594,3.039062,3.015625,-1,163.146956,23.912659
2025-08-11T12:20:53.767244,26241,3.058594,3.046875,3.015625,-1,163.024886,23.903219
2025-08-11T12:20:54.310245,26242,3.054688,3.042969,3.0117190000000003,-1,163.207991,23.912659
2025-08-11T12:20:54.835244,26243,3.058594,3.039062,3.0117190000000003,-1,163.085921,23.903219
2025-08-11T12:20:55.407245,26244,3.0625,3.035156,3.0117190000000003,-1,163.146956,23.893778
2025-08-11T12:20:55.934489,26245,3.058594,3.039062,3.019531,-1,163.207991,23.893778
2025-08-11T12:20:56.475492,26246,3.054688,3.039062,3.019531,-1,163.146956,23.903219
2025-08-11T12:20:56.987489,26247,3.066406,3.042969,3.0117190000000003,-1,163.146956,23.893778
2025-08-11T12:20:57.537489,26248,3.0625,3.039062,3.0117190000000003,-1,163.085921,23.903219
2025-08-11T12:20:58.076261,26249,3.0625,3.039062,3.007812,-1,163.146956,23.893778
2025-08-11T12:20:58.593260,26250,3.0625,3.046875,3.019531,-1,163.085921,23.884338
2025-08-11T12:20:59.137263,26251,3.0625,3.039062,3.0117190000000003,-1,163.207991,23.893778
2025-08-11T12:20:59.652531,26252,3.0625,3.042969,3.015625,-1,163.269026,23.893778
2025-08-11T12:21:00.185531,26253,3.066406,3.042969,3.007812,-1,163.085921,23.893778
2025-08-11T12:21:00.678355,26254,3.058594,3.039062,3.0117190000000003,-1,163.207991,23.893778
2025-08-11T12:21:01.220355,26255,3.0625,3.042969,3.015625,-1,163.146956,23.893778
2025-08-11T12:21:01.728375,26256,3.0625,3.042969,3.019531,-1,163.146956,23.903219
2025-08-11T12:21:02.261375,26257,3.054688,3.042969,3.015625,-1,163.146956,23.903219
2025-08-11T12:21:02.774375,26258,3.066406,3.035156,3.015625,-1,163.146956,23.912659
2025-08-11T12:21:03.342578,26259,3.058594,3.042969,3.015625,-1,163.146956,23.912659
2025-08-11T12:21:03.847578,26260,3.0625,3.039062,3.015625,-1,163.146956,23.912659
2025-08-11T12:21:04.376579,26261,3.0625,3.046875,3.015625,-1,163.146956,23.912659
2025-08-11T12:21:04.919577,26262,3.0625,3.035156,3.007812,-1,163.146956,23.912659
2025-08-11T12:21:05.447577,26263,3.058594,3.039062,3.019531,-1,163.269026,23.9221
2025-08-11T12:21:05.950588,26264,3.058594,3.039062,3.0117190000000003,-1,163.146956,23.9221
2025-08-11T12:21:06.542588,26265,3.058594,3.042969,3.0117190000000003,-1,163.146956,23.9221
2025-08-11T12:21:07.069588,26266,3.0625,3.039062,3.0117190000000003,-1,163.330061,23.93154
2025-08-11T12:21:07.598588,26267,3.058594,3.046875,3.007812,-1,163.207991,23.93154
2025-08-11T12:21:08.124587,26268,3.0625,3.039062,3.019531,-1,163.207991,23.93154
2025-08-11T12:21:08.667590,26269,3.066406,3.042969,3.015625,-1,163.207991,23.93154
2025-08-11T12:21:09.393357,26270,3.070312,3.039062,3.015625,-1,163.330061,23.940981
2025-08-11T12:21:09.902356,26271,3.0625,3.042969,3.0117190000000003,-1,163.146956,23.940981
2025-08-11T12:21:10.418357,26272,3.058594,3.035156,3.019531,-1,163.085921,23.950422
2025-08-11T12:21:10.935357,26273,3.058594,3.039062,3.015625,-1,163.207991,23.959863
2025-08-11T12:21:11.494359,26274,3.0625,3.035156,3.015625,-1,163.269026,23.959863
2025-08-11T12:21:12.006357,26275,3.054688,3.039062,3.015625,-1,163.085921,23.969304
2025-08-11T12:21:12.543362,26276,3.058594,3.035156,3.0117190000000003,-1,163.269026,23.959863
2025-08-11T12:21:13.088383,26277,3.066406,3.042969,3.0117190000000003,-1,163.085921,23.969304
2025-08-11T12:21:13.612384,26278,3.066406,3.046875,3.015625,-1,163.146956,23.969304
2025-08-11T12:21:14.152383,26279,3.066406,3.042969,3.007812,-1,163.269026,23.959863
2025-08-11T12:21:14.669383,26280,3.0625,3.039062,3.0117190000000003,-1,163.085921,23.959863
2025-08-11T12:21:15.213383,26281,3.0625,3.042969,3.007812,-1,163.146956,23.950422
2025-08-11T12:21:15.729398,26282,3.0625,3.042969,3.015625,-1,163.269026,23.940981
2025-08-11T12:21:16.337200,26283,3.0625,3.042969,3.015625,-1,163.146956,23.93154
2025-08-11T12:21:16.858197,26284,3.066406,3.042969,3.019531,-1,163.085921,23.940981
2025-08-11T12:21:17.377199,26285,3.066406,3.039062,3.0117190000000003,-1,163.146956,23.93154
2025-08-11T12:21:17.892198,26286,3.0625,3.039062,3.007812,-1,163.207991,23.9221
2025-08-11T12:21:18.437198,26287,3.0625,3.039062,3.019531,-1,163.146956,23.903219
2025-08-11T12:21:18.945198,26288,3.0625,3.039062,3.019531,-1,163.207991,23.893778
2025-08-11T12:21:19.474199,26289,3.058594,3.042969,3.0117190000000003,-1,163.269026,23.884338
2025-08-11T12:21:19.976198,26290,3.0625,3.042969,3.007812,-1,163.207991,23.874898
2025-08-11T12:21:20.513199,26291,3.066406,3.03125,3.007812,-1,163.207991,23.865457
2025-08-11T12:21:21.025086,26292,3.058594,3.042969,3.0117190000000003,-1,163.146956,23.874898
2025-08-11T12:21:21.565085,26293,3.0625,3.042969,3.015625,-1,163.085921,23.874898
2025-08-11T12:21:22.152086,26294,3.0625,3.042969,3.0117190000000003,-1,163.085921,23.884338
2025-08-11T12:21:22.739086,26295,3.058594,3.039062,3.019531,-1,163.024886,23.893778
2025-08-11T12:21:23.280086,26296,3.0625,3.039062,3.019531,-1,163.024886,23.893778
2025-08-11T12:21:23.797087,26297,3.0625,3.039062,3.0117190000000003,-1,163.207991,23.903219
2025-08-11T12:21:24.330086,26298,3.058594,3.039062,3.0117190000000003,-1,163.024886,23.912659
2025-08-11T12:21:24.837815,26299,3.0625,3.042969,3.0117190000000003,-1,163.207991,23.9221
2025-08-11T12:21:25.361816,26300,3.066406,3.039062,3.015625,-1,163.207991,23.93154
2025-08-11T12:21:25.868824,26301,3.0625,3.042969,3.0117190000000003,-1,163.024886,23.93154
2025-08-11T12:21:26.401827,26302,3.0625,3.042969,3.0117190000000003,-1,163.085921,23.93154
2025-08-11T12:21:26.903825,26303,3.066406,3.042969,3.015625,-1,163.085921,23.950422
2025-08-11T12:21:27.480825,26304,3.066406,3.035156,3.015625,-1,163.024886,23.940981
2025-08-11T12:21:27.992826,26305,3.066406,3.035156,3.015625,-1,162.963851,23.940981
2025-08-11T12:21:28.545824,26306,3.054688,3.042969,3.0117190000000003,-1,163.085921,23.940981
2025-08-11T12:21:29.056689,26307,3.058594,3.042969,3.015625,-1,163.024886,23.940981
2025-08-11T12:21:29.589689,26308,3.066406,3.042969,3.015625,-1,163.024886,23.940981
2025-08-11T12:21:30.120853,26309,3.0625,3.042969,3.023438,-1,163.207991,23.950422
2025-08-11T12:21:30.649489,26310,3.0625,3.042969,3.015625,-1,163.146956,23.950422
2025-08-11T12:21:31.190490,26311,3.0625,3.042969,3.015625,-1,163.207991,23.959863
2025-08-11T12:21:31.708560,26312,3.058594,3.039062,3.007812,-1,163.269026,23.959863
2025-08-11T12:21:32.271562,26313,3.0625,3.042969,3.015625,-1,163.269026,23.959863
2025-08-11T12:21:32.787560,26314,3.054688,3.039062,3.0117190000000003,-1,163.146956,23.950422
2025-08-11T12:21:33.333562,26315,3.066406,3.042969,3.0117190000000003,-1,163.207991,23.959863
2025-08-11T12:21:33.845801,26316,3.058594,3.039062,3.0,-1,163.207991,23.950422
2025-08-11T12:21:34.370801,26317,3.058594,3.046875,3.0117190000000003,-1,163.269026,23.950422
2025-08-11T12:21:34.873801,26318,3.0625,3.039062,3.0117190000000003,-1,163.269026,23.959863
2025-08-11T12:21:35.416802,26319,3.058594,3.039062,3.0117190000000003,-1,163.269026,23.959863
2025-08-11T12:21:35.917058,26320,3.0625,3.035156,3.019531,-1,163.269026,23.959863
2025-08-11T12:21:36.460059,26321,3.058594,3.042969,3.015625,-1,163.330061,23.969304
2025-08-11T12:21:36.968770,26322,3.0625,3.039062,3.007812,-1,163.269026,23.969304
2025-08-11T12:21:37.519849,26323,3.058594,3.046875,3.015625,-1,163.269026,23.969304
2025-08-11T12:21:38.041850,26324,3.058594,3.039062,3.015625,-1,163.269026,23.959863
2025-08-11T12:21:38.576849,26325,3.0625,3.042969,3.0117190000000003,-1,163.330061,23.959863
2025-08-11T12:21:39.109850,26326,3.066406,3.042969,3.019531,-1,163.269026,23.959863
2025-08-11T12:21:39.650849,26327,3.054688,3.035156,3.023438,-1,163.391097,23.959863
2025-08-11T12:21:40.204850,26328,3.058594,3.039062,3.023438,-1,163.330061,23.969304
2025-08-11T12:21:40.706849,26329,3.0625,3.039062,3.0117190000000003,-1,163.452132,23.959863
2025-08-11T12:21:41.270849,26330,3.058594,3.039062,3.0117190000000003,-1,163.269026,23.959863
2025-08-11T12:21:41.778850,26331,3.0625,3.039062,3.015625,-1,163.330061,23.959863
2025-08-11T12:21:42.320850,26332,3.0625,3.039062,3.019531,-1,163.269026,23.950422
2025-08-11T12:21:42.831849,26333,3.058594,3.039062,3.015625,-1,163.269026,23.959863
2025-08-11T12:21:43.380849,26334,3.066406,3.039062,3.019531,-1,163.330061,23.959863
2025-08-11T12:21:43.882849,26335,3.0625,3.035156,3.0117190000000003,-1,163.391097,23.950422
2025-08-11T12:21:44.408849,26336,3.058594,3.039062,3.015625,-1,163.269026,23.959863
2025-08-11T12:21:44.917458,26337,3.0625,3.035156,3.007812,-1,163.330061,23.959863
2025-08-11T12:21:45.458458,26338,3.054688,3.042969,3.019531,-1,163.391097,23.959863
2025-08-11T12:21:45.976458,26339,3.058594,3.035156,3.019531,-1,163.330061,23.969304
2025-08-11T12:21:46.513460,26340,3.066406,3.039062,3.019531,-1,163.207991,23.969304
2025-08-11T12:21:47.061460,26341,3.058594,3.042969,3.015625,-1,163.269026,23.969304
2025-08-11T12:21:47.621458,26342,3.0625,3.039062,3.019531,-1,163.207991,23.969304
2025-08-11T12:21:48.204461,26343,3.0625,3.039062,3.0117190000000003,-1,163.391097,23.969304
2025-08-11T12:21:48.723458,26344,3.058594,3.046875,3.015625,-1,163.391097,23.969304
2025-08-11T12:21:49.268458,26345,3.058594,3.039062,3.0117190000000003,-1,163.269026,23.969304
2025-08-11T12:21:49.781459,26346,3.058594,3.039062,3.023438,-1,163.391097,23.969304
2025-08-11T12:21:50.337458,26347,3.058594,3.042969,3.003906,-1,163.391097,23.969304
2025-08-11T12:21:50.863460,26348,3.058594,3.042969,3.019531,-1,163.330061,23.969304
2025-08-11T12:21:51.396459,26349,3.0625,3.039062,3.015625,-1,163.330061,23.978745
2025-08-11T12:21:51.903460,26350,3.058594,3.039062,3.015625,-1,163.452132,23.969304
2025-08-11T12:21:52.461459,26351,3.058594,3.039062,3.019531,-1,163.269026,23.969304
2025-08-11T12:21:52.977458,26352,3.066406,3.042969,3.019531,-1,163.330061,23.959863
2025-08-11T12:21:53.544458,26353,3.058594,3.039062,3.015625,-1,163.330061,23.959863
2025-08-11T12:21:54.071462,26354,3.058594,3.042969,3.019531,-1,163.269026,23.959863
2025-08-11T12:21:54.596458,26355,3.058594,3.042969,3.015625,-1,163.330061,23.959863
2025-08-11T12:21:55.130460,26356,3.066406,3.046875,3.019531,-1,163.391097,23.950422
2025-08-11T12:21:55.650458,26357,3.058594,3.039062,3.0117190000000003,-1,163.330061,23.959863
2025-08-11T12:21:56.199181,26358,3.066406,3.039062,3.015625,-1,163.330061,23.959863
2025-08-11T12:21:56.714182,26359,3.066406,3.042969,3.015625,-1,163.330061,23.969304
2025-08-11T12:21:57.272183,26360,3.066406,3.039062,3.007812,-1,163.207991,23.959863
2025-08-11T12:21:57.786182,26361,3.066406,3.039062,3.015625,-1,163.024886,23.959863
2025-08-11T12:21:58.331181,26362,3.0625,3.039062,3.0117190000000003,-1,163.085921,23.959863
2025-08-11T12:21:58.841181,26363,3.0625,3.035156,3.015625,-1,163.024886,23.950422
2025-08-11T12:21:59.381181,26364,3.0625,3.035156,3.023438,-1,163.024886,23.940981
2025-08-11T12:21:59.903182,26365,3.0625,3.042969,3.019531,-1,162.963851,23.93154
2025-08-11T12:22:00.468182,26366,3.0625,3.042969,3.0117190000000003,-1,163.146956,23.93154
2025-08-11T12:22:00.974182,26367,3.0625,3.039062,3.019531,-1,163.024886,23.93154
2025-08-11T12:22:01.526182,26368,3.0625,3.042969,3.019531,-1,163.085921,23.9221
2025-08-11T12:22:02.048181,26369,3.0625,3.039062,3.007812,-1,163.085921,23.912659
2025-08-11T12:22:02.588181,26370,3.0625,3.042969,3.015625,-1,163.085921,23.903219
2025-08-11T12:22:03.112907,26371,3.058594,3.035156,3.015625,-1,163.146956,23.903219
2025-08-11T12:22:03.644904,26372,3.0625,3.042969,3.015625,-1,163.330061,23.903219
2025-08-11T12:22:04.200912,26373,3.0625,3.035156,3.015625,-1,163.146956,23.912659
2025-08-11T12:22:04.703606,26374,3.058594,3.039062,3.0117190000000003,-1,163.269026,23.912659
2025-08-11T12:22:05.247606,26375,3.066406,3.042969,3.0117190000000003,-1,163.391097,23.912659
2025-08-11T12:22:05.758606,26376,3.058594,3.039062,3.0117190000000003,-1,163.269026,23.912659
2025-08-11T12:22:06.314606,26377,3.066406,3.042969,3.015625,-1,163.269026,23.893778
2025-08-11T12:22:06.821606,26378,3.0625,3.035156,3.015625,-1,163.269026,23.884338
2025-08-11T12:22:07.369606,26379,3.0625,3.042969,3.0117190000000003,-1,163.146956,23.884338
2025-08-11T12:22:07.926606,26380,3.0625,3.039062,3.015625,-1,163.146956,23.884338
2025-08-11T12:22:08.490549,26381,3.0625,3.039062,3.015625,-1,163.146956,23.884338
2025-08-11T12:22:09.051560,26382,3.058594,3.039062,3.015625,-1,163.330061,23.893778
2025-08-11T12:22:09.591559,26383,3.054688,3.039062,3.007812,-1,163.146956,23.884338
2025-08-11T12:22:10.265558,26384,3.0625,3.042969,3.0273440000000003,-1,163.207991,23.884338
2025-08-11T12:22:10.786558,26385,3.058594,3.042969,3.007812,-1,163.146956,23.893778
2025-08-11T12:22:11.347559,26386,3.0625,3.042969,3.015625,-1,163.269026,23.893778
2025-08-11T12:22:11.855561,26387,3.0625,3.042969,3.019531,-1,163.330061,23.884338
2025-08-11T12:22:12.398559,26388,3.0625,3.035156,3.015625,-1,163.269026,23.903219
2025-08-11T12:22:12.924559,26389,3.0625,3.039062,3.0117190000000003,-1,163.207991,23.903219
2025-08-11T12:22:13.470559,26390,3.050781,3.039062,3.023438,-1,163.146956,23.903219
2025-08-11T12:22:14.001559,26391,3.066406,3.039062,3.023438,-1,163.146956,23.912659
2025-08-11T12:22:14.587560,26392,3.0625,3.035156,3.0117190000000003,-1,163.330061,23.9221
2025-08-11T12:22:15.165561,26393,3.0625,3.042969,3.0117190000000003,-1,163.207991,23.9221
2025-08-11T12:22:15.678482,26394,3.058594,3.039062,3.007812,-1,163.146956,23.9221
2025-08-11T12:22:16.265482,26395,3.054688,3.042969,3.0117190000000003,-1,163.391097,23.9221
2025-08-11T12:22:16.774840,26396,3.058594,3.035156,3.0117190000000003,-1,163.452132,23.93154
2025-08-11T12:22:17.354841,26397,3.054688,3.042969,3.0117190000000003,-1,163.269026,23.9221
2025-08-11T12:22:17.863839,26398,3.058594,3.03125,3.007812,-1,163.452132,23.93154
2025-08-11T12:22:18.412841,26399,3.0625,3.046875,3.019531,-1,163.330061,23.93154
2025-08-11T12:22:18.967840,26400,3.0625,3.039062,3.015625,-1,163.391097,23.93154
2025-08-11T12:22:19.516840,26401,3.0625,3.042969,3.0117190000000003,-1,163.269026,23.93154
2025-08-11T12:22:20.068840,26402,3.058594,3.039062,3.0117190000000003,-1,163.391097,23.93154
2025-08-11T12:22:20.604840,26403,3.058594,3.042969,3.0117190000000003,-1,163.207991,23.93154
2025-08-11T12:22:21.159842,26404,3.066406,3.042969,3.015625,-1,163.391097,23.9221
2025-08-11T12:22:21.684840,26405,3.058594,3.035156,3.0273440000000003,-1,163.207991,23.9221
2025-08-11T12:22:22.237840,26406,3.0625,3.035156,3.019531,-1,163.207991,23.912659
2025-08-11T12:22:22.756735,26407,3.0625,3.042969,3.015625,-1,163.391097,23.912659
2025-08-11T12:22:23.304735,26408,3.054688,3.039062,3.019531,-1,163.330061,23.893778
2025-08-11T12:22:23.851999,26409,3.058594,3.035156,3.0117190000000003,-1,163.391097,23.884338
2025-08-11T12:22:24.423019,26410,3.058594,3.039062,3.0117190000000003,-1,163.391097,23.874898
2025-08-11T12:22:24.930204,26411,3.0625,3.042969,3.007812,-1,163.391097,23.865457
2025-08-11T12:22:25.489999,26412,3.066406,3.035156,3.019531,-1,163.330061,23.856017
2025-08-11T12:22:26.041000,26413,3.050781,3.035156,3.0117190000000003,-1,163.085921,23.846577
2025-08-11T12:22:26.580999,26414,3.058594,3.035156,3.0117190000000003,-1,163.391097,23.837137
2025-08-11T12:22:27.141999,26415,3.0625,3.042969,3.0117190000000003,-1,163.391097,23.827697
2025-08-11T12:22:27.661999,26416,3.058594,3.039062,3.015625,-1,163.269026,23.818257
2025-08-11T12:22:28.219999,26417,3.0625,3.039062,3.0117190000000003,-1,163.269026,23.799377
2025-08-11T12:22:28.726999,26418,3.066406,3.035156,3.0117190000000003,-1,163.269026,23.799377
2025-08-11T12:22:29.293007,26419,3.058594,3.035156,3.015625,-1,163.330061,23.789937
2025-08-11T12:22:29.810999,26420,3.0625,3.042969,3.0117190000000003,-1,163.391097,23.789937
2025-08-11T12:22:30.352001,26421,3.0625,3.035156,3.015625,-1,163.330061,23.789937
2025-08-11T12:22:30.874999,26422,3.066406,3.039062,3.015625,-1,163.330061,23.789937
2025-08-11T12:22:31.418001,26423,3.058594,3.039062,3.0117190000000003,-1,163.391097,23.789937
2025-08-11T12:22:31.933007,26424,3.070312,3.046875,3.019531,-1,163.330061,23.789937
2025-08-11T12:22:32.469007,26425,3.066406,3.042969,3.015625,-1,163.391097,23.780498
2025-08-11T12:22:32.982007,26426,3.058594,3.046875,3.0117190000000003,-1,163.391097,23.789937
2025-08-11T12:22:33.524007,26427,3.066406,3.046875,3.015625,-1,163.207991,23.789937
2025-08-11T12:22:34.024009,26428,3.0625,3.042969,3.015625,-1,163.269026,23.789937
2025-08-11T12:22:34.539007,26429,3.054688,3.039062,3.0117190000000003,-1,163.330061,23.799377
2025-08-11T12:22:35.062008,26430,3.054688,3.039062,3.015625,-1,163.269026,23.799377
2025-08-11T12:22:35.581007,26431,3.0625,3.042969,3.0117190000000003,-1,163.330061,23.808817
2025-08-11T12:22:36.096008,26432,3.0625,3.039062,3.019531,-1,163.269026,23.818257
2025-08-11T12:22:36.629007,26433,3.0625,3.039062,3.015625,-1,163.269026,23.827697
2025-08-11T12:22:37.142007,26434,3.058594,3.046875,3.023438,-1,163.330061,23.837137
2025-08-11T12:22:37.655007,26435,3.066406,3.042969,3.015625,-1,163.207991,23.846577
2025-08-11T12:22:38.189007,26436,3.0625,3.039062,3.015625,-1,163.269026,23.846577
2025-08-11T12:22:38.687006,26437,3.0625,3.042969,3.015625,-1,163.330061,23.865457
2025-08-11T12:22:39.235007,26438,3.066406,3.042969,3.015625,-1,163.269026,23.865457
2025-08-11T12:22:39.735008,26439,3.066406,3.046875,3.015625,-1,163.269026,23.865457
2025-08-11T12:22:40.299007,26440,3.054688,3.042969,3.0117190000000003,-1,163.269026,23.874898
2025-08-11T12:22:40.826007,26441,3.0625,3.042969,3.015625,-1,163.269026,23.865457
2025-08-11T12:22:41.356008,26442,3.058594,3.039062,3.023438,-1,163.391097,23.856017
2025-08-11T12:22:41.848007,26443,3.0625,3.042969,3.007812,-1,163.269026,23.846577
2025-08-11T12:22:42.372007,26444,3.066406,3.039062,3.015625,-1,163.391097,23.837137
2025-08-11T12:22:42.859007,26445,3.066406,3.039062,3.0117190000000003,-1,163.269026,23.827697
2025-08-11T12:22:43.388007,26446,3.066406,3.046875,3.0273440000000003,-1,163.269026,23.827697
2025-08-11T12:22:43.896007,26447,3.070312,3.039062,3.003906,-1,163.391097,23.827697
2025-08-11T12:22:44.432007,26448,3.058594,3.039062,3.015625,-1,163.391097,23.818257
2025-08-11T12:22:44.955007,26449,3.058594,3.039062,3.015625,-1,163.269026,23.827697
2025-08-11T12:22:45.490007,26450,3.066406,3.042969,3.015625,-1,163.391097,23.837137
2025-08-11T12:22:46.030007,26451,3.054688,3.039062,3.007812,-1,163.269026,23.837137
2025-08-11T12:22:46.567011,26452,3.066406,3.046875,3.015625,-1,163.330061,23.846577
2025-08-11T12:22:47.109007,26453,3.054688,3.042969,3.015625,-1,163.207991,23.856017
2025-08-11T12:22:47.633007,26454,3.066406,3.039062,3.019531,-1,163.207991,23.856017
2025-08-11T12:22:48.194015,26455,3.066406,3.039062,3.019531,-1,163.146956,23.856017
2025-08-11T12:22:48.692008,26456,3.058594,3.039062,3.0273440000000003,-1,163.269026,23.865457
2025-08-11T12:22:49.248008,26457,3.066406,3.039062,3.015625,-1,163.146956,23.865457
2025-08-11T12:22:49.745007,26458,3.058594,3.039062,3.015625,-1,162.963851,23.874898
2025-08-11T12:22:50.319009,26459,3.0625,3.035156,3.0117190000000003,-1,163.024886,23.865457
2025-08-11T12:22:50.829007,26460,3.058594,3.042969,3.015625,-1,162.902815,23.874898
2025-08-11T12:22:51.352007,26461,3.058594,3.050781,3.019531,-1,162.84178,23.874898
2025-08-11T12:22:51.857007,26462,3.058594,3.042969,3.023438,-1,162.902815,23.865457
2025-08-11T12:22:53.233222,26463,3.066406,3.042969,3.023438,-1,162.84178,23.874898
2025-08-11T12:22:53.732221,26464,3.0625,3.042969,3.015625,-1,162.902815,23.874898
2025-08-11T12:22:54.277222,26465,3.058594,3.042969,3.007812,-1,162.902815,23.874898
2025-08-11T12:22:54.780222,26466,3.0625,3.039062,3.007812,-1,162.780745,23.874898
2025-08-11T12:22:55.313221,26467,3.0625,3.042969,3.007812,-1,162.84178,23.874898
2025-08-11T12:22:55.820221,26468,3.058594,3.035156,3.007812,-1,162.84178,23.865457
2025-08-11T12:22:56.356222,26469,3.058594,3.039062,3.007812,-1,163.085921,23.865457
2025-08-11T12:22:56.855222,26470,3.058594,3.039062,3.015625,-1,163.024886,23.865457
2025-08-11T12:22:57.395221,26471,3.0625,3.046875,3.0117190000000003,-1,162.84178,23.865457
2025-08-11T12:22:57.903511,26472,3.070312,3.042969,3.0117190000000003,-1,162.902815,23.846577
2025-08-11T12:22:58.432511,26473,3.058594,3.035156,3.0117190000000003,-1,162.902815,23.856017
2025-08-11T12:22:58.937510,26474,3.058594,3.042969,3.0117190000000003,-1,162.902815,23.846577
2025-08-11T12:22:59.482511,26475,3.066406,3.042969,3.007812,-1,162.963851,23.846577
2025-08-11T12:22:59.988511,26476,3.0625,3.039062,3.007812,-1,162.902815,23.837137
2025-08-11T12:23:00.538511,26477,3.058594,3.042969,3.007812,-1,162.963851,23.827697
2025-08-11T12:23:01.066086,26478,3.066406,3.042969,3.015625,-1,162.780745,23.827697
2025-08-11T12:23:01.611086,26479,3.054688,3.046875,3.015625,-1,162.963851,23.827697
2025-08-11T12:23:02.156087,26480,3.058594,3.042969,3.019531,-1,162.963851,23.818257
2025-08-11T12:23:02.680833,26481,3.058594,3.039062,3.019531,-1,162.902815,23.818257
2025-08-11T12:23:03.227833,26482,3.0625,3.042969,3.0117190000000003,-1,162.84178,23.808817
2025-08-11T12:23:03.731999,26483,3.0625,3.035156,3.019531,-1,162.902815,23.799377
2025-08-11T12:23:04.577959,26484,3.0625,3.046875,3.0117190000000003,-1,162.84178,23.808817
2025-08-11T12:23:05.639705,26485,3.0625,3.039062,3.023438,-1,162.84178,23.818257
2025-08-11T12:23:06.925598,26486,3.0625,3.039062,3.0273440000000003,-1,162.902815,23.827697
2025-08-11T12:23:07.495599,26487,3.0625,3.039062,3.015625,-1,162.780745,23.808817
2025-08-11T12:23:08.011599,26488,3.058594,3.035156,3.0117190000000003,-1,162.902815,23.799377
2025-08-11T12:23:08.571599,26489,3.0625,3.039062,3.019531,-1,162.84178,23.808817
2025-08-11T12:23:09.084600,26490,3.0625,3.039062,3.015625,-1,162.84178,23.818257
2025-08-11T12:23:09.636600,26491,3.058594,3.035156,3.015625,-1,162.902815,23.818257
2025-08-11T12:23:10.164600,26492,3.0625,3.042969,3.007812,-1,162.84178,23.827697
2025-08-11T12:23:10.694599,26493,3.058594,3.042969,3.0117190000000003,-1,162.963851,23.837137
2025-08-11T12:23:12.126400,26494,3.0625,3.035156,3.0117190000000003,-1,163.146956,23.827697
2025-08-11T12:23:13.289701,26495,3.0625,3.039062,3.0117190000000003,-1,163.146956,23.818257
2025-08-11T12:23:13.917366,26496,3.0625,3.039062,3.015625,-1,163.330061,23.827697
2025-08-11T12:23:14.663142,26497,3.058594,3.039062,3.0117190000000003,-1,163.207991,23.827697
2025-08-11T12:23:15.419143,26498,3.0625,3.039062,3.0117190000000003,-1,163.330061,23.837137
2025-08-11T12:23:16.080209,26499,3.058594,3.046875,3.023438,-1,163.330061,23.818257
2025-08-11T12:23:16.619188,26500,3.058594,3.039062,3.015625,-1,163.269026,23.808817
2025-08-11T12:23:17.159189,26501,3.0625,3.035156,3.015625,-1,163.330061,23.799377
2025-08-11T12:23:17.681188,26502,3.0625,3.046875,3.015625,-1,163.452132,23.799377
2025-08-11T12:23:18.228191,26503,3.066406,3.042969,3.0117190000000003,-1,163.269026,23.808817
2025-08-11T12:23:18.732189,26504,3.066406,3.042969,3.019531,-1,163.452132,23.808817
2025-08-11T12:23:19.283190,26505,3.0625,3.042969,3.007812,-1,163.269026,23.818257
2025-08-11T12:23:19.790188,26506,3.066406,3.039062,3.015625,-1,163.391097,23.818257
2025-08-11T12:23:20.345189,26507,3.0625,3.039062,3.0117190000000003,-1,163.330061,23.827697
2025-08-11T12:23:20.867188,26508,3.0625,3.042969,3.007812,-1,163.452132,23.837137
2025-08-11T12:23:21.410188,26509,3.066406,3.039062,3.019531,-1,163.330061,23.827697
2025-08-11T12:23:21.932188,26510,3.058594,3.042969,3.019531,-1,163.207991,23.837137
2025-08-11T12:23:22.513191,26511,3.058594,3.042969,3.015625,-1,163.391097,23.846577
2025-08-11T12:23:23.098188,26512,3.058594,3.042969,3.0273440000000003,-1,163.330061,23.846577
2025-08-11T12:23:23.628188,26513,3.054688,3.035156,3.0117190000000003,-1,163.452132,23.856017
2025-08-11T12:23:24.193143,26514,3.054688,3.042969,3.019531,-1,163.391097,23.846577
2025-08-11T12:23:24.697143,26515,3.058594,3.042969,3.0117190000000003,-1,163.269026,23.856017
2025-08-11T12:23:25.260746,26516,3.0625,3.039062,3.019531,-1,163.391097,23.856017
2025-08-11T12:23:25.768747,26517,3.058594,3.039062,3.0117190000000003,-1,163.269026,23.865457
2025-08-11T12:23:26.321747,26518,3.0625,3.042969,3.007812,-1,163.269026,23.865457
2025-08-11T12:23:26.833746,26519,3.066406,3.035156,3.015625,-1,163.269026,23.865457
2025-08-11T12:23:27.372746,26520,3.058594,3.039062,3.015625,-1,163.269026,23.865457
2025-08-11T12:23:27.893523,26521,3.0625,3.039062,3.0117190000000003,-1,163.391097,23.865457
2025-08-11T12:23:28.433520,26522,3.066406,3.039062,3.019531,-1,163.207991,23.865457
2025-08-11T12:23:28.938517,26523,3.066406,3.042969,3.015625,-1,163.146956,23.865457
2025-08-11T12:23:29.483517,26524,3.058594,3.039062,3.0117190000000003,-1,163.330061,23.846577
2025-08-11T12:23:29.988810,26525,3.0625,3.042969,3.0117190000000003,-1,163.146956,23.837137
2025-08-11T12:23:30.541818,26526,3.058594,3.042969,3.007812,-1,163.269026,23.827697
2025-08-11T12:23:31.050810,26527,3.0625,3.042969,3.007812,-1,163.146956,23.827697
2025-08-11T12:23:31.585809,26528,3.066406,3.039062,3.015625,-1,163.207991,23.827697
2025-08-11T12:23:32.124765,26529,3.058594,3.042969,3.007812,-1,163.269026,23.827697
2025-08-11T12:23:32.658766,26530,3.0625,3.042969,3.015625,-1,163.330061,23.827697
2025-08-11T12:23:33.208668,26531,3.058594,3.042969,3.03125,-1,163.146956,23.827697
2025-08-11T12:23:33.733668,26532,3.0625,3.035156,3.0117190000000003,-1,163.146956,23.827697
2025-08-11T12:23:34.274668,26533,3.058594,3.035156,3.007812,-1,163.207991,23.837137
2025-08-11T12:23:34.782467,26534,3.058594,3.039062,3.023438,-1,163.207991,23.837137
2025-08-11T12:23:35.341468,26535,3.066406,3.042969,3.023438,-1,163.146956,23.846577
2025-08-11T12:23:35.844467,26536,3.054688,3.050781,3.015625,-1,163.085921,23.846577
2025-08-11T12:23:36.400473,26537,3.0625,3.042969,3.015625,-1,163.024886,23.856017
2025-08-11T12:23:36.907323,26538,3.058594,3.039062,3.0117190000000003,-1,162.84178,23.846577
2025-08-11T12:23:37.476323,26539,3.058594,3.035156,3.007812,-1,162.59764,23.846577
2025-08-11T12:23:37.991341,26540,3.054688,3.042969,3.0117190000000003,-1,162.658675,23.846577
2025-08-11T12:23:38.552343,26541,3.058594,3.046875,3.019531,-1,162.658675,23.846577
2025-08-11T12:23:39.073056,26542,3.070312,3.035156,3.019531,-1,162.963851,23.846577
2025-08-11T12:23:39.611057,26543,3.0625,3.042969,3.0117190000000003,-1,163.024886,23.846577
2025-08-11T12:23:40.154058,26544,3.0625,3.039062,3.007812,-1,163.207991,23.837137
2025-08-11T12:23:40.675058,26545,3.058594,3.039062,3.015625,-1,163.146956,23.837137
2025-08-11T12:23:41.222576,26546,3.058594,3.042969,3.007812,-1,163.391097,23.837137
2025-08-11T12:23:41.737577,26547,3.058594,3.039062,3.015625,-1,163.452132,23.837137
2025-08-11T12:23:42.277577,26548,3.0625,3.039062,3.0117190000000003,-1,163.269026,23.827697
2025-08-11T12:23:42.792577,26549,3.058594,3.042969,3.019531,-1,163.330061,23.827697
2025-08-11T12:23:43.334577,26550,3.0625,3.042969,3.015625,-1,163.391097,23.827697
2025-08-11T12:23:43.846577,26551,3.058594,3.042969,3.003906,-1,163.391097,23.818257
2025-08-11T12:23:44.389577,26552,3.0625,3.042969,3.015625,-1,163.269026,23.818257
2025-08-11T12:23:44.911578,26553,3.0625,3.035156,3.0117190000000003,-1,163.452132,23.818257
2025-08-11T12:23:45.457576,26554,3.0625,3.039062,3.015625,-1,163.452132,23.827697
2025-08-11T12:23:45.977576,26555,3.066406,3.046875,3.007812,-1,163.391097,23.827697
2025-08-11T12:23:46.524577,26556,3.0625,3.042969,3.0117190000000003,-1,163.452132,23.827697
2025-08-11T12:23:47.050578,26557,3.070312,3.042969,3.019531,-1,163.330061,23.827697
2025-08-11T12:23:47.630577,26558,3.058594,3.042969,3.003906,-1,163.391097,23.827697
2025-08-11T12:23:48.185577,26559,3.0625,3.035156,3.007812,-1,163.269026,23.837137
2025-08-11T12:23:48.722577,26560,3.058594,3.039062,3.015625,-1,163.330061,23.837137
2025-08-11T12:23:49.287577,26561,3.0625,3.035156,3.007812,-1,163.269026,23.837137
2025-08-11T12:23:49.808576,26562,3.066406,3.039062,3.019531,-1,163.269026,23.837137
2025-08-11T12:23:50.351578,26563,3.058594,3.039062,3.0117190000000003,-1,163.330061,23.837137
2025-08-11T12:23:50.876577,26564,3.0625,3.042969,3.023438,-1,163.330061,23.846577
2025-08-11T12:23:51.419577,26565,3.0625,3.039062,3.015625,-1,163.269026,23.846577
2025-08-11T12:23:51.939577,26566,3.058594,3.042969,3.015625,-1,163.269026,23.856017
2025-08-11T12:23:52.486576,26567,3.0625,3.042969,3.007812,-1,163.269026,23.856017
2025-08-11T12:23:53.044577,26568,3.0625,3.042969,3.0117190000000003,-1,163.452132,23.856017
2025-08-11T12:23:53.612154,26569,3.0625,3.035156,3.015625,-1,163.452132,23.865457
2025-08-11T12:23:54.174154,26570,3.0625,3.046875,3.015625,-1,163.452132,23.856017
2025-08-11T12:23:54.696055,26571,3.058594,3.035156,3.007812,-1,163.391097,23.856017
2025-08-11T12:23:55.252055,26572,3.066406,3.039062,3.0117190000000003,-1,163.391097,23.865457
2025-08-11T12:23:55.773055,26573,3.0625,3.046875,3.0117190000000003,-1,163.452132,23.865457
2025-08-11T12:23:56.329055,26574,3.0625,3.046875,3.007812,-1,163.207991,23.865457
2025-08-11T12:23:56.836055,26575,3.0625,3.039062,3.015625,-1,163.146956,23.865457
2025-08-11T12:23:57.395055,26576,3.0625,3.035156,3.019531,-1,163.269026,23.856017
2025-08-11T12:23:57.912706,26577,3.0625,3.039062,3.019531,-1,163.269026,23.856017
2025-08-11T12:23:58.470706,26578,3.054688,3.035156,3.019531,-1,163.146956,23.856017
2025-08-11T12:23:58.982357,26579,3.066406,3.039062,3.0117190000000003,-1,163.146956,23.856017
2025-08-11T12:23:59.535358,26580,3.070312,3.042969,3.015625,-1,163.207991,23.856017
2025-08-11T12:24:00.073357,26581,3.0625,3.046875,3.015625,-1,163.024886,23.865457
2025-08-11T12:24:00.609977,26582,3.058594,3.042969,3.015625,-1,163.269026,23.865457
2025-08-11T12:24:01.157978,26583,3.054688,3.039062,3.0117190000000003,-1,163.146956,23.865457
2025-08-11T12:24:01.672768,26584,3.066406,3.039062,3.0117190000000003,-1,163.085921,23.856017
2025-08-11T12:24:02.237768,26585,3.058594,3.042969,3.019531,-1,163.024886,23.856017
2025-08-11T12:24:02.752768,26586,3.066406,3.042969,3.015625,-1,163.085921,23.856017
2025-08-11T12:24:03.317768,26587,3.0625,3.042969,3.015625,-1,163.269026,23.856017
2025-08-11T12:24:03.848768,26588,3.0625,3.039062,3.015625,-1,163.269026,23.856017
2025-08-11T12:24:04.392768,26589,3.058594,3.042969,3.0117190000000003,-1,163.146956,23.856017
2025-08-11T12:24:04.901768,26590,3.0625,3.035156,3.023438,-1,163.085921,23.865457
2025-08-11T12:24:05.437768,26591,3.0625,3.039062,3.0117190000000003,-1,163.269026,23.874898
2025-08-11T12:24:05.964768,26592,3.0625,3.042969,3.0117190000000003,-1,163.085921,23.865457
2025-08-11T12:24:06.477774,26593,3.058594,3.035156,3.0117190000000003,-1,163.146956,23.865457
2025-08-11T12:24:06.999768,26594,3.0625,3.035156,3.0117190000000003,-1,163.269026,23.865457
2025-08-11T12:24:07.515770,26595,3.070312,3.03125,3.015625,-1,163.146956,23.856017
2025-08-11T12:24:08.047490,26596,3.058594,3.039062,3.015625,-1,163.085921,23.865457
2025-08-11T12:24:08.575490,26597,3.0625,3.042969,3.019531,-1,163.207991,23.865457
2025-08-11T12:24:09.098490,26598,3.0625,3.035156,3.0117190000000003,-1,163.269026,23.865457
2025-08-11T12:24:09.610490,26599,3.058594,3.039062,3.0117190000000003,-1,163.146956,23.865457
2025-08-11T12:24:10.129489,26600,3.0625,3.042969,3.015625,-1,163.269026,23.865457
2025-08-11T12:24:10.651490,26601,3.0625,3.042969,3.0117190000000003,-1,163.146956,23.865457
2025-08-11T12:24:11.171490,26602,3.0625,3.039062,3.015625,-1,163.085921,23.865457
2025-08-11T12:24:11.684490,26603,3.0625,3.039062,3.0117190000000003,-1,163.085921,23.874898
2025-08-11T12:24:12.201490,26604,3.0625,3.035156,3.015625,-1,163.207991,23.865457
2025-08-11T12:24:12.730490,26605,3.0625,3.039062,3.0117190000000003,-1,163.146956,23.874898
2025-08-11T12:24:13.258490,26606,3.0625,3.035156,3.019531,-1,163.146956,23.874898
2025-08-11T12:24:13.780490,26607,3.070312,3.042969,3.007812,-1,163.085921,23.884338
2025-08-11T12:24:14.292683,26608,3.0625,3.046875,3.0273440000000003,-1,163.024886,23.874898
2025-08-11T12:24:14.826684,26609,3.0625,3.035156,3.015625,-1,163.146956,23.884338
2025-08-11T12:24:15.337683,26610,3.058594,3.042969,3.015625,-1,162.963851,23.884338
2025-08-11T12:24:15.847682,26611,3.066406,3.042969,3.0117190000000003,-1,163.085921,23.893778
2025-08-11T12:24:16.358682,26612,3.054688,3.039062,3.0117190000000003,-1,163.146956,23.893778
2025-08-11T12:24:16.879683,26613,3.0625,3.035156,3.015625,-1,163.146956,23.884338
2025-08-11T12:24:17.420683,26614,3.0625,3.042969,3.015625,-1,163.146956,23.884338
2025-08-11T12:24:17.961299,26615,3.0625,3.042969,3.0117190000000003,-1,163.085921,23.884338
2025-08-11T12:24:18.477298,26616,3.058594,3.042969,3.019531,-1,163.330061,23.884338
2025-08-11T12:24:18.992297,26617,3.054688,3.046875,3.015625,-1,163.207991,23.884338
2025-08-11T12:24:19.819839,26618,3.054688,3.039062,3.019531,-1,163.207991,23.874898
2025-08-11T12:24:20.378840,26619,3.066406,3.035156,3.0117190000000003,-1,163.391097,23.874898
2025-08-11T12:24:20.887840,26620,3.0625,3.035156,3.019531,-1,163.269026,23.884338
2025-08-11T12:24:21.400840,26621,3.0625,3.042969,3.007812,-1,163.207991,23.884338
2025-08-11T12:24:21.909839,26622,3.0625,3.042969,3.007812,-1,163.207991,23.884338
2025-08-11T12:24:22.430841,26623,3.058594,3.042969,3.015625,-1,163.391097,23.884338
2025-08-11T12:24:22.994839,26624,3.058594,3.039062,3.007812,-1,163.391097,23.884338
2025-08-11T12:24:23.555839,26625,3.054688,3.046875,3.015625,-1,163.269026,23.893778
2025-08-11T12:24:24.075840,26626,3.0625,3.039062,3.0117190000000003,-1,163.330061,23.874898
2025-08-11T12:24:24.598840,26627,3.066406,3.039062,3.0117190000000003,-1,163.452132,23.884338
2025-08-11T12:24:25.129840,26628,3.058594,3.039062,3.015625,-1,163.391097,23.865457
2025-08-11T12:24:25.644840,26629,3.0625,3.035156,3.015625,-1,163.269026,23.846577
2025-08-11T12:24:26.167839,26630,3.054688,3.039062,3.0117190000000003,-1,163.330061,23.827697
2025-08-11T12:24:26.682844,26631,3.058594,3.035156,3.019531,-1,163.330061,23.818257
2025-08-11T12:24:27.202839,26632,3.0625,3.042969,3.015625,-1,163.207991,23.808817
2025-08-11T12:24:27.720839,26633,3.054688,3.039062,3.019531,-1,163.207991,23.818257
2025-08-12T14:37:10.163523,26634,3.015625,3.105469,3.003906,-1,163.879378,24.271499
2025-08-12T14:37:10.609521,26635,3.011719,3.097656,3.015625,-1,163.879378,24.271499
2025-08-12T14:37:11.071524,26636,3.015625,3.097656,3.007812,-1,163.940413,24.262052
2025-08-12T14:37:11.516521,26637,3.015625,3.09375,3.019531,-1,164.001448,24.252606
2025-08-12T14:37:11.971521,26638,3.015625,3.097656,3.023438,-1,164.062483,24.252606
2025-08-12T14:37:12.415522,26639,3.015625,3.097656,3.003906,-1,163.879378,24.252606
2025-08-12T14:37:12.923521,26640,3.015625,3.105469,3.015625,-1,163.940413,24.252606
2025-08-12T14:37:13.419522,26641,3.015625,3.097656,3.0117190000000003,-1,164.001448,24.252606
2025-08-12T14:37:13.868523,26642,3.019531,3.101562,3.015625,-1,163.940413,24.262052
2025-08-12T14:37:14.350523,26643,3.015625,3.101562,3.015625,-1,163.879378,24.271499
2025-08-12T14:37:14.777521,26644,3.015625,3.101562,3.007812,-1,163.940413,24.271499
2025-08-12T14:37:15.265524,26645,3.015625,3.097656,3.015625,-1,164.001448,24.271499
2025-08-12T14:37:15.706540,26646,3.015625,3.097656,3.0117190000000003,-1,164.123518,24.271499
2025-08-12T14:37:16.161242,26647,3.011719,3.097656,3.015625,-1,164.001448,24.271499
2025-08-12T14:37:16.609241,26648,3.015625,3.097656,3.015625,-1,164.062483,24.262052
2025-08-12T14:37:17.127265,26649,3.011719,3.101562,3.007812,-1,164.001448,24.262052
2025-08-12T14:37:17.695267,26650,3.015625,3.101562,3.019531,-1,163.879378,24.262052
2025-08-12T14:37:18.152976,26651,3.023438,3.09375,3.015625,-1,163.879378,24.262052
2025-08-12T14:37:18.598975,26652,3.015625,3.101562,3.0117190000000003,-1,164.123518,24.262052
2025-08-12T14:37:19.052271,26653,3.011719,3.101562,3.015625,-1,163.879378,24.271499
2025-08-12T14:37:19.550266,26654,3.015625,3.097656,3.0,-1,164.062483,24.271499
2025-08-12T14:37:19.982594,26655,3.015625,3.101562,3.0,-1,164.062483,24.262052
2025-08-12T14:37:20.426593,26656,3.023438,3.097656,3.015625,-1,164.062483,24.280946
2025-08-12T14:37:20.867611,26657,3.015625,3.101562,3.0273440000000003,-1,164.062483,24.280946
2025-08-12T14:37:21.304593,26658,3.015625,3.101562,3.015625,-1,164.001448,24.290393
2025-08-12T14:37:21.742593,26659,3.015625,3.097656,3.007812,-1,163.879378,24.280946
2025-08-12T14:37:22.166806,26660,3.011719,3.097656,3.0117190000000003,-1,163.879378,24.280946
2025-08-12T14:37:22.603806,26661,3.015625,3.101562,3.003906,-1,163.879378,24.280946
2025-08-12T14:37:23.033804,26662,3.015625,3.09375,3.0117190000000003,-1,163.879378,24.280946
2025-08-12T14:37:23.459804,26663,3.019531,3.09375,3.015625,-1,163.879378,24.280946
2025-08-12T14:37:23.901807,26664,3.019531,3.101562,3.007812,-1,164.062483,24.290393
2025-08-12T14:37:24.339805,26665,3.019531,3.09375,3.019531,-1,164.062483,24.290393
2025-08-12T14:37:24.770804,26666,3.019531,3.101562,3.0117190000000003,-1,163.818343,24.290393
2025-08-12T14:37:25.215804,26667,3.023438,3.101562,3.015625,-1,164.001448,24.299841
2025-08-12T14:37:25.668412,26668,3.007812,3.089844,3.0117190000000003,-1,163.940413,24.299841
2025-08-12T14:37:26.114405,26669,3.019531,3.097656,3.019531,-1,164.062483,24.309288
2025-08-12T14:37:26.542426,26670,3.011719,3.101562,3.0117190000000003,-1,163.879378,24.309288
2025-08-12T14:37:26.993403,26671,3.015625,3.097656,3.015625,-1,164.123518,24.309288
2025-08-12T14:37:27.461405,26672,3.015625,3.09375,3.019531,-1,163.940413,24.309288
2025-08-12T14:37:27.918404,26673,3.015625,3.101562,3.015625,-1,164.062483,24.309288
2025-08-12T14:37:28.381402,26674,3.019531,3.101562,3.0117190000000003,-1,163.940413,24.309288
2025-08-12T14:37:28.830402,26675,3.011719,3.101562,3.015625,-1,164.062483,24.309288
2025-08-12T14:37:29.305402,26676,3.019531,3.101562,3.019531,-1,163.879378,24.318737
2025-08-12T14:37:29.774408,26677,3.011719,3.101562,3.0117190000000003,-1,164.062483,24.309288
2025-08-12T14:37:30.245402,26678,3.015625,3.101562,3.023438,-1,163.940413,24.318737
2025-08-12T14:37:30.698424,26679,3.015625,3.097656,3.0117190000000003,-1,163.879378,24.318737
2025-08-12T14:37:31.147423,26680,3.015625,3.097656,3.0117190000000003,-1,164.001448,24.328185
2025-08-12T14:37:31.582695,26681,3.015625,3.09375,3.023438,-1,164.001448,24.328185
2025-08-12T14:37:32.022615,26682,3.015625,3.101562,3.0117190000000003,-1,164.062483,24.337633
2025-08-12T14:37:32.523615,26683,3.011719,3.097656,3.019531,-1,163.940413,24.337633
2025-08-12T14:37:32.987614,26684,3.015625,3.101562,3.0117190000000003,-1,163.940413,24.356532
2025-08-12T14:37:33.437612,26685,3.015625,3.097656,3.007812,-1,163.879378,24.356532
2025-08-12T14:37:33.874612,26686,3.011719,3.097656,3.0117190000000003,-1,164.062483,24.347082
2025-08-12T14:37:34.332611,26687,3.019531,3.101562,3.015625,-1,163.879378,24.347082
2025-08-12T14:37:34.779925,26688,3.015625,3.097656,3.019531,-1,164.062483,24.347082
2025-08-12T14:37:35.218925,26689,3.015625,3.097656,3.015625,-1,163.940413,24.347082
2025-08-12T14:37:35.653925,26690,3.015625,3.101562,3.003906,-1,164.062483,24.337633
2025-08-12T14:37:36.095924,26691,3.011719,3.101562,3.019531,-1,163.879378,24.337633
2025-08-12T14:37:36.549925,26692,3.019531,3.101562,3.007812,-1,163.940413,24.337633
2025-08-12T14:37:37.009926,26693,3.019531,3.105469,3.019531,-1,164.001448,24.337633
2025-08-12T14:37:37.488925,26694,3.015625,3.101562,3.015625,-1,163.879378,24.328185
2025-08-12T14:37:37.937937,26695,3.015625,3.097656,3.007812,-1,164.001448,24.328185
2025-08-12T14:37:38.417886,26696,3.023438,3.101562,3.015625,-1,163.879378,24.328185
2025-08-12T14:37:38.858886,26697,3.011719,3.097656,3.019531,-1,163.940413,24.328185
2025-08-12T14:37:39.302886,26698,3.023438,3.097656,3.007812,-1,164.062483,24.337633
2025-08-12T14:37:39.760886,26699,3.015625,3.097656,3.015625,-1,164.001448,24.328185
2025-08-12T14:37:40.201886,26700,3.019531,3.101562,3.019531,-1,164.001448,24.318737
2025-08-12T14:37:40.707886,26701,3.015625,3.097656,3.0117190000000003,-1,164.062483,24.318737
2025-08-12T14:37:41.180885,26702,3.015625,3.097656,3.0117190000000003,-1,163.879378,24.318737
2025-08-12T14:37:41.653886,26703,3.015625,3.101562,3.0117190000000003,-1,163.879378,24.318737
2025-08-12T14:37:42.125886,26704,3.015625,3.105469,3.019531,-1,164.062483,24.318737
2025-08-12T14:37:42.582626,26705,3.015625,3.097656,3.003906,-1,164.001448,24.328185
2025-08-12T14:37:43.054627,26706,3.019531,3.101562,3.003906,-1,164.062483,24.328185
2025-08-12T14:37:43.562630,26707,3.019531,3.101562,3.015625,-1,164.062483,24.318737
2025-08-12T14:37:44.057627,26708,3.019531,3.101562,3.0117190000000003,-1,163.818343,24.309288
2025-08-12T14:37:44.519627,26709,3.015625,3.101562,3.003906,-1,164.001448,24.309288
2025-08-12T14:37:44.965634,26710,3.011719,3.097656,3.015625,-1,163.818343,24.299841
2025-08-12T14:37:45.413627,26711,3.011719,3.105469,3.015625,-1,163.879378,24.290393
2025-08-12T14:37:45.883626,26712,3.027344,3.097656,3.019531,-1,164.001448,24.290393
2025-08-12T14:37:46.368627,26713,3.011719,3.105469,3.015625,-1,164.001448,24.290393
2025-08-12T14:37:46.862276,26714,3.015625,3.097656,3.0117190000000003,-1,163.879378,24.290393
2025-08-12T14:37:47.328277,26715,3.015625,3.101562,3.007812,-1,163.818343,24.299841
2025-08-12T14:37:47.776276,26716,3.015625,3.097656,3.015625,-1,164.001448,24.309288
2025-08-12T14:37:48.220276,26717,3.011719,3.101562,3.0273440000000003,-1,164.062483,24.318737
2025-08-12T14:37:48.654733,26718,3.011719,3.101562,3.007812,-1,164.001448,24.318737
2025-08-12T14:37:49.129732,26719,3.019531,3.101562,3.003906,-1,163.879378,24.309288
2025-08-12T14:37:49.612732,26720,3.019531,3.101562,3.015625,-1,164.001448,24.318737
2025-08-12T14:37:50.065754,26721,3.011719,3.101562,3.007812,-1,164.001448,24.328185
2025-08-12T14:37:50.522753,26722,3.019531,3.101562,3.015625,-1,163.818343,24.337633
2025-08-12T14:37:50.966414,26723,3.019531,3.101562,3.0117190000000003,-1,163.879378,24.337633
2025-08-12T14:37:51.415412,26724,3.019531,3.097656,3.015625,-1,164.001448,24.337633
2025-08-12T14:37:51.863412,26725,3.015625,3.09375,3.0117190000000003,-1,163.940413,24.347082
2025-08-12T14:37:52.305979,26726,3.011719,3.097656,3.0117190000000003,-1,163.818343,24.347082
2025-08-12T14:37:52.760440,26727,3.019531,3.101562,3.0117190000000003,-1,164.062483,24.337633
2025-08-12T14:37:53.217438,26728,3.015625,3.097656,3.019531,-1,163.940413,24.337633
2025-08-12T14:37:53.669821,26729,3.015625,3.105469,3.007812,-1,164.062483,24.328185
2025-08-12T14:37:54.138822,26730,3.015625,3.105469,3.007812,-1,164.001448,24.328185
2025-08-12T14:37:54.628821,26731,3.019531,3.097656,3.0117190000000003,-1,163.818343,24.337633
2025-08-12T14:37:55.081821,26732,3.015625,3.097656,3.0117190000000003,-1,163.879378,24.337633
2025-08-12T14:37:55.529822,26733,3.015625,3.097656,3.0117190000000003,-1,164.001448,24.337633
2025-08-12T14:37:55.966664,26734,3.015625,3.101562,3.003906,-1,163.879378,24.337633
2025-08-12T14:37:56.407665,26735,3.015625,3.101562,3.019531,-1,164.062483,24.328185
2025-08-12T14:37:56.860504,26736,3.011719,3.101562,3.003906,-1,163.940413,24.337633
2025-08-12T14:37:57.305504,26737,3.015625,3.101562,3.015625,-1,163.940413,24.328185
2025-08-12T14:37:57.757513,26738,3.015625,3.097656,3.0117190000000003,-1,164.001448,24.328185
2025-08-12T14:37:58.208519,26739,3.011719,3.101562,3.007812,-1,163.879378,24.328185
2025-08-12T14:37:58.666272,26740,3.019531,3.097656,3.015625,-1,164.062483,24.328185
2025-08-12T14:37:59.114272,26741,3.019531,3.097656,3.0117190000000003,-1,163.940413,24.328185
2025-08-12T14:37:59.555274,26742,3.015625,3.101562,3.0117190000000003,-1,163.940413,24.328185
2025-08-12T14:38:00.030273,26743,3.011719,3.097656,3.007812,-1,163.879378,24.328185
2025-08-12T14:38:00.504272,26744,3.015625,3.097656,3.0117190000000003,-1,164.062483,24.328185
2025-08-12T14:38:00.992274,26745,3.015625,3.097656,3.015625,-1,164.062483,24.328185
2025-08-12T14:38:01.439272,26746,3.015625,3.097656,3.015625,-1,163.879378,24.328185
2025-08-12T14:38:01.881108,26747,3.015625,3.097656,3.015625,-1,163.940413,24.328185
2025-08-12T14:38:02.352108,26748,3.015625,3.101562,3.007812,-1,163.818343,24.337633
2025-08-12T14:38:02.839109,26749,3.019531,3.101562,3.015625,-1,164.001448,24.337633
2025-08-12T14:38:03.294108,26750,3.015625,3.097656,3.007812,-1,164.062483,24.337633
2025-08-12T14:38:03.751978,26751,3.019531,3.101562,3.015625,-1,164.001448,24.337633
2025-08-12T14:38:04.203976,26752,3.015625,3.097656,3.015625,-1,164.062483,24.347082
2025-08-12T14:38:04.647976,26753,3.019531,3.097656,3.015625,-1,164.062483,24.347082
2025-08-12T14:38:05.114881,26754,3.015625,3.101562,3.0117190000000003,-1,163.879378,24.347082
2025-08-12T14:38:05.556783,26755,3.011719,3.101562,3.019531,-1,163.879378,24.347082
2025-08-12T14:38:06.002783,26756,3.019531,3.101562,3.0117190000000003,-1,163.879378,24.337633
2025-08-12T14:38:06.448783,26757,3.019531,3.097656,3.0117190000000003,-1,163.879378,24.337633
2025-08-12T14:38:06.898787,26758,3.011719,3.101562,3.0117190000000003,-1,163.818343,24.337633
2025-08-12T14:38:07.363784,26759,3.019531,3.101562,3.0117190000000003,-1,163.879378,24.328185
2025-08-12T14:38:07.853784,26760,3.015625,3.097656,3.007812,-1,163.757307,24.328185
2025-08-12T14:38:08.317063,26761,3.019531,3.09375,3.0117190000000003,-1,163.940413,24.328185
2025-08-12T14:38:08.783065,26762,3.015625,3.101562,3.0117190000000003,-1,163.879378,24.328185
2025-08-12T14:38:09.242062,26763,3.015625,3.109375,3.019531,-1,163.818343,24.328185
2025-08-12T14:38:09.699149,26764,3.015625,3.101562,3.015625,-1,163.757307,24.328185
2025-08-12T14:38:10.155153,26765,3.007812,3.105469,3.0117190000000003,-1,163.818343,24.318737
2025-08-12T14:38:10.607149,26766,3.015625,3.097656,3.023438,-1,163.940413,24.309288
2025-08-12T14:38:11.063171,26767,3.011719,3.097656,3.0117190000000003,-1,163.940413,24.290393
2025-08-12T14:38:11.510174,26768,3.019531,3.09375,3.019531,-1,163.879378,24.290393
2025-08-12T14:38:11.965171,26769,3.019531,3.097656,3.007812,-1,163.879378,24.290393
2025-08-12T14:38:12.598173,26770,3.007812,3.105469,3.015625,-1,163.757307,24.280946
2025-08-12T14:38:13.184174,26771,3.011719,3.097656,3.0117190000000003,-1,164.001448,24.271499
2025-08-12T14:38:13.765174,26772,3.011719,3.097656,3.0117190000000003,-1,163.879378,24.271499
2025-08-12T14:38:14.416174,26773,3.007812,3.101562,3.015625,-1,163.818343,24.271499
2025-08-12T14:38:14.977170,26774,3.011719,3.09375,3.019531,-1,163.757307,24.271499
2025-08-12T14:38:15.553173,26775,3.023438,3.101562,3.015625,-1,163.879378,24.271499
2025-08-12T14:38:16.110172,26776,3.011719,3.097656,3.007812,-1,163.818343,24.262052
2025-08-12T14:38:16.623172,26777,3.015625,3.097656,3.015625,-1,164.001448,24.271499
2025-08-12T14:38:17.125914,26778,3.015625,3.101562,3.019531,-1,163.879378,24.271499
2025-08-12T14:38:17.684915,26779,3.019531,3.097656,3.019531,-1,163.818343,24.280946
2025-08-12T14:38:18.202914,26780,3.015625,3.097656,3.0117190000000003,-1,163.818343,24.290393
2025-08-12T14:38:18.776914,26781,3.015625,3.09375,3.007812,-1,163.818343,24.280946
2025-08-12T14:38:19.373913,26782,3.015625,3.097656,3.015625,-1,163.818343,24.290393
2025-08-12T14:38:19.879914,26783,3.015625,3.097656,3.0117190000000003,-1,163.818343,24.280946
2025-08-12T14:38:20.376913,26784,3.019531,3.101562,3.015625,-1,163.818343,24.290393
2025-08-12T14:38:20.860912,26785,3.003906,3.097656,3.0117190000000003,-1,163.879378,24.299841
2025-08-12T14:38:21.374913,26786,3.019531,3.097656,3.015625,-1,163.940413,24.299841
2025-08-12T14:38:21.883913,26787,3.019531,3.097656,3.0117190000000003,-1,163.879378,24.309288
2025-08-12T14:38:22.399914,26788,3.015625,3.097656,3.0117190000000003,-1,163.940413,24.318737
2025-08-12T14:38:22.910911,26789,3.015625,3.101562,3.007812,-1,163.757307,24.318737
2025-08-12T14:38:23.369913,26790,3.019531,3.097656,3.0117190000000003,-1,163.879378,24.318737
2025-08-12T14:38:23.859915,26791,3.019531,3.097656,3.007812,-1,163.940413,24.328185
2025-08-12T14:38:24.333913,26792,3.019531,3.105469,3.015625,-1,164.001448,24.328185
2025-08-12T14:38:24.811913,26793,3.015625,3.097656,3.0117190000000003,-1,163.818343,24.328185
2025-08-12T14:38:25.276912,26794,3.011719,3.097656,3.007812,-1,163.879378,24.328185
2025-08-12T14:38:25.745913,26795,3.015625,3.105469,3.015625,-1,163.818343,24.328185
2025-08-12T14:38:26.216913,26796,3.011719,3.101562,3.0117190000000003,-1,163.818343,24.328185
2025-08-12T14:38:26.712912,26797,3.011719,3.101562,3.019531,-1,163.879378,24.328185
2025-08-12T14:38:27.194912,26798,3.015625,3.101562,3.015625,-1,163.818343,24.337633
2025-08-12T14:38:27.671913,26799,3.011719,3.105469,3.015625,-1,163.818343,24.337633
2025-08-12T14:38:28.174915,26800,3.023438,3.101562,3.015625,-1,163.879378,24.337633
2025-08-12T14:38:28.667913,26801,3.015625,3.101562,3.0117190000000003,-1,163.757307,24.347082
2025-08-12T14:38:29.129915,26802,3.019531,3.097656,3.019531,-1,163.757307,24.356532
2025-08-12T14:38:29.592914,26803,3.015625,3.09375,3.007812,-1,163.940413,24.356532
2025-08-12T14:38:30.059915,26804,3.015625,3.105469,3.015625,-1,163.757307,24.356532
2025-08-12T14:38:30.510912,26805,3.011719,3.097656,3.015625,-1,163.757307,24.356532
2025-08-12T14:38:30.978913,26806,3.015625,3.097656,3.015625,-1,163.818343,24.356532
2025-08-12T14:38:31.445912,26807,3.015625,3.101562,3.0117190000000003,-1,163.879378,24.365981
2025-08-12T14:38:31.897912,26808,3.015625,3.097656,3.007812,-1,163.879378,24.356532
2025-08-12T14:38:32.388912,26809,3.015625,3.101562,3.015625,-1,163.757307,24.356532
2025-08-12T14:38:32.898932,26810,3.015625,3.09375,3.015625,-1,163.818343,24.356532
2025-08-12T14:38:33.348537,26811,3.023438,3.097656,3.015625,-1,163.940413,24.365981
2025-08-12T14:38:33.801536,26812,3.019531,3.097656,3.0117190000000003,-1,163.757307,24.356532
2025-08-12T14:38:34.245537,26813,3.015625,3.097656,3.0117190000000003,-1,163.940413,24.356532
2025-08-12T14:38:34.722536,26814,3.015625,3.101562,3.015625,-1,163.879378,24.356532
2025-08-12T14:38:35.181538,26815,3.015625,3.097656,3.015625,-1,164.001448,24.356532
2025-08-12T14:38:35.642535,26816,3.011719,3.097656,3.0117190000000003,-1,164.001448,24.356532
2025-08-12T14:38:36.102537,26817,3.019531,3.09375,3.007812,-1,164.001448,24.347082
2025-08-12T14:38:36.544782,26818,3.019531,3.097656,3.019531,-1,163.940413,24.347082
2025-08-12T14:38:37.015783,26819,3.015625,3.097656,3.007812,-1,163.757307,24.347082
2025-08-12T14:38:37.493782,26820,3.019531,3.097656,3.015625,-1,163.818343,24.337633
2025-08-12T14:38:37.938782,26821,3.015625,3.097656,3.0117190000000003,-1,163.818343,24.337633
2025-08-12T14:38:38.390782,26822,3.015625,3.097656,3.007812,-1,163.940413,24.347082
2025-08-12T14:38:38.858784,26823,3.015625,3.101562,3.007812,-1,164.001448,24.347082
2025-08-12T14:38:39.304784,26824,3.015625,3.101562,3.019531,-1,163.879378,24.347082
2025-08-12T14:38:39.778783,26825,3.011719,3.097656,3.0117190000000003,-1,163.940413,24.347082
2025-08-12T14:38:40.226783,26826,3.023438,3.101562,3.015625,-1,163.818343,24.347082
2025-08-12T14:44:02.684409,26827,3.019531,3.097656,3.0117190000000003,-1,162.902815,24.422684
2025-08-12T14:44:03.134406,26828,3.015625,3.101562,3.019531,-1,162.84178,24.413233
2025-08-12T14:44:03.605408,26829,3.019531,3.097656,3.015625,-1,162.963851,24.403782
2025-08-12T14:44:04.059405,26830,3.015625,3.101562,3.0117190000000003,-1,163.024886,24.403782
2025-08-12T14:44:04.503406,26831,3.015625,3.097656,3.007812,-1,162.902815,24.394331
2025-08-12T14:44:04.965406,26832,3.015625,3.097656,3.0117190000000003,-1,162.963851,24.394331
2025-08-12T14:44:05.407407,26833,3.011719,3.097656,3.019531,-1,162.963851,24.384881
2025-08-12T14:44:05.863405,26834,3.015625,3.097656,3.015625,-1,162.84178,24.384881
2025-08-12T14:44:06.318406,26835,3.015625,3.097656,3.0117190000000003,-1,162.84178,24.384881
2025-08-12T14:44:06.774406,26836,3.011719,3.097656,3.015625,-1,162.84178,24.375431
2025-08-12T14:44:07.256405,26837,3.019531,3.101562,3.015625,-1,163.085921,24.375431
2025-08-12T14:44:07.726406,26838,3.015625,3.097656,3.015625,-1,162.902815,24.375431
2025-08-12T14:44:08.191631,26839,3.015625,3.097656,3.019531,-1,162.84178,24.365981
2025-08-12T14:44:08.665625,26840,3.019531,3.097656,3.0117190000000003,-1,162.84178,24.365981
2025-08-12T14:44:09.105625,26841,3.015625,3.097656,3.019531,-1,162.84178,24.365981
2025-08-12T14:44:09.571627,26842,3.015625,3.097656,3.0117190000000003,-1,162.902815,24.365981
2025-08-12T14:44:10.014625,26843,3.011719,3.097656,3.007812,-1,162.902815,24.365981
2025-08-12T14:44:10.469626,26844,3.023438,3.097656,3.007812,-1,162.84178,24.365981
2025-08-12T14:44:10.934627,26845,3.015625,3.097656,3.015625,-1,162.71971,24.375431
2025-08-12T14:45:25.904194,26846,3.015625,3.101562,3.015625,-1,163.269026,24.413233
2025-08-12T14:45:26.353361,26847,3.015625,3.097656,3.019531,-1,163.330061,24.413233
2025-08-12T14:45:26.822365,26848,3.011719,3.097656,3.0117190000000003,-1,163.452132,24.413233
2025-08-12T14:45:27.285361,26849,3.011719,3.105469,3.015625,-1,163.513167,24.403782
2025-08-12T14:45:27.752561,26850,3.015625,3.101562,3.003906,-1,163.391097,24.403782
2025-08-12T14:45:28.218246,26851,3.015625,3.101562,3.007812,-1,163.391097,24.413233
2025-08-12T14:45:28.667246,26852,3.015625,3.101562,3.007812,-1,163.574202,24.413233
2025-08-12T14:45:29.122246,26853,3.015625,3.101562,3.0117190000000003,-1,163.452132,24.403782
2025-08-12T14:45:29.594250,26854,3.015625,3.097656,3.019531,-1,163.574202,24.403782
2025-08-12T14:45:30.034971,26855,3.011719,3.101562,3.0117190000000003,-1,163.452132,24.403782
2025-08-12T14:45:30.489972,26856,3.015625,3.097656,3.015625,-1,163.574202,24.413233
2025-08-12T14:45:30.931838,26857,3.019531,3.097656,3.0117190000000003,-1,163.574202,24.413233
2025-08-12T14:45:31.385836,26858,3.015625,3.09375,3.0117190000000003,-1,163.391097,24.413233
2025-08-12T14:45:31.862906,26859,3.019531,3.097656,3.007812,-1,163.391097,24.413233
2025-08-12T14:45:32.312490,26860,3.019531,3.097656,3.0117190000000003,-1,163.513167,24.413233
2025-08-12T14:45:32.773488,26861,3.011719,3.101562,3.0117190000000003,-1,163.391097,24.403782
2025-08-12T14:45:33.243492,26862,3.015625,3.101562,3.0117190000000003,-1,163.330061,24.413233
2025-08-12T14:45:33.699489,26863,3.015625,3.101562,3.0273440000000003,-1,163.391097,24.413233
2025-08-12T14:45:34.150814,26864,3.023438,3.105469,3.0117190000000003,-1,163.330061,24.403782
2025-08-12T14:45:34.600813,26865,3.011719,3.097656,3.0,-1,163.452132,24.413233
2025-08-12T14:45:35.044814,26866,3.015625,3.097656,3.015625,-1,163.635237,24.403782
2025-08-12T14:45:35.511336,26867,3.015625,3.097656,3.0117190000000003,-1,163.635237,24.403782
2025-08-12T14:45:35.960335,26868,3.019531,3.097656,3.007812,-1,163.574202,24.403782
2025-08-12T14:45:36.406335,26869,3.019531,3.105469,3.007812,-1,163.635237,24.394331
2025-08-12T14:45:36.873335,26870,3.015625,3.097656,3.0117190000000003,-1,163.513167,24.384881
2025-08-12T14:45:37.317335,26871,3.015625,3.097656,3.0117190000000003,-1,163.635237,24.403782
2025-08-12T14:45:37.773336,26872,3.015625,3.097656,3.015625,-1,163.635237,24.394331
2025-08-12T14:45:38.230337,26873,3.011719,3.101562,3.0117190000000003,-1,163.574202,24.394331
2025-08-12T14:45:38.673337,26874,3.015625,3.101562,3.015625,-1,163.513167,24.403782
2025-08-12T14:45:39.133335,26875,3.015625,3.101562,3.0117190000000003,-1,163.635237,24.403782
2025-08-12T14:45:39.588335,26876,3.019531,3.097656,3.0117190000000003,-1,163.696272,24.403782
2025-08-12T14:45:40.035991,26877,3.019531,3.097656,3.015625,-1,163.696272,24.403782
2025-08-12T14:45:40.487989,26878,3.011719,3.09375,3.007812,-1,163.635237,24.403782
2025-08-12T14:45:40.944992,26879,3.023438,3.097656,3.015625,-1,163.635237,24.403782
2025-08-12T14:45:41.407003,26880,3.015625,3.097656,3.015625,-1,163.513167,24.403782
2025-08-12T14:45:41.887991,26881,3.015625,3.097656,3.015625,-1,163.513167,24.403782
2025-08-12T14:45:42.338990,26882,3.019531,3.097656,3.015625,-1,163.513167,24.394331
2025-08-12T14:45:42.790989,26883,3.015625,3.09375,3.003906,-1,163.513167,24.384881
2025-08-12T14:45:43.242889,26884,3.019531,3.101562,3.019531,-1,163.757307,24.375431
2025-08-12T14:45:43.696900,26885,3.015625,3.097656,3.015625,-1,163.635237,24.375431
2025-08-12T14:45:44.143902,26886,3.015625,3.097656,3.019531,-1,163.635237,24.365981
2025-08-12T14:45:44.600900,26887,3.019531,3.097656,3.023438,-1,163.757307,24.365981
2025-08-12T14:45:45.072976,26888,3.019531,3.097656,3.015625,-1,163.757307,24.356532
2025-08-12T14:45:45.551978,26889,3.011719,3.097656,3.0117190000000003,-1,163.757307,24.365981
2025-08-12T14:45:45.999976,26890,3.015625,3.09375,3.0117190000000003,-1,163.635237,24.375431
2025-08-12T14:45:46.454977,26891,3.019531,3.097656,3.0117190000000003,-1,163.757307,24.365981
2025-08-12T14:45:46.907976,26892,3.019531,3.097656,3.0117190000000003,-1,163.635237,24.365981
2025-08-12T14:45:47.371975,26893,3.015625,3.097656,3.0117190000000003,-1,163.757307,24.365981
2025-08-12T14:54:13.007648,26894,3.007812,3.101562,3.0117190000000003,-1,163.574202,24.082606
2025-08-12T14:54:13.470648,26895,3.015625,3.101562,3.007812,-1,163.696272,24.082606
2025-08-12T14:54:13.960648,26896,3.011719,3.097656,3.0117190000000003,-1,163.696272,24.073163
2025-08-12T14:54:14.417648,26897,3.015625,3.101562,3.015625,-1,163.696272,24.082606
2025-08-12T14:54:14.876648,26898,3.015625,3.101562,3.015625,-1,163.574202,24.092049
2025-08-12T14:54:15.360648,26899,3.015625,3.097656,3.0117190000000003,-1,163.635237,24.092049
2025-08-12T14:54:15.813115,26900,3.015625,3.101562,3.0117190000000003,-1,163.574202,24.101492
2025-08-12T14:54:16.271121,26901,3.011719,3.101562,3.015625,-1,163.513167,24.120378
2025-08-12T14:54:16.718116,26902,3.015625,3.101562,3.0117190000000003,-1,163.696272,24.120378
2025-08-12T14:54:17.198117,26903,3.015625,3.101562,3.007812,-1,163.635237,24.120378
2025-08-12T14:54:17.721116,26904,3.023438,3.097656,3.015625,-1,163.635237,24.129822
2025-08-12T14:54:18.386119,26905,3.015625,3.101562,3.007812,-1,163.513167,24.139265
2025-08-13T11:37:53.445902,40400,3.011719,3.097656,3.007812,-1,166.931135,23.440639
2025-08-13T11:37:55.646902,40401,3.015625,3.097656,3.015625,-1,166.99217,23.478407
2025-08-13T11:37:57.610903,40402,3.011719,3.101562,3.007812,-1,166.809065,23.459523
2025-08-13T11:37:59.547902,40403,3.015625,3.105469,3.015625,-1,166.99217,23.459523
2025-08-13T11:38:01.025905,40404,3.015625,3.097656,3.007812,-1,166.809065,23.431197
2025-08-13T11:38:01.850901,40405,3.015625,3.101562,3.015625,-1,166.931135,23.421754
2025-08-13T11:38:02.552907,40406,3.015625,3.101562,3.015625,-1,166.809065,23.412312
2025-08-13T11:38:03.297905,40407,3.015625,3.101562,3.015625,-1,166.809065,23.402869
2025-08-13T11:38:04.005901,40408,3.007812,3.101562,3.015625,-1,166.931135,23.402869
2025-08-13T11:38:04.717903,40409,3.015625,3.101562,3.015625,-1,166.809065,23.402869
2025-08-13T11:38:05.417902,40410,3.015625,3.097656,3.0117190000000003,-1,166.931135,23.393426
2025-08-13T11:38:06.153901,40411,3.015625,3.097656,3.007812,-1,166.809065,23.393426
2025-08-13T11:38:07.455902,40412,3.015625,3.097656,3.0117190000000003,-1,166.809065,23.383983
2025-08-13T11:38:08.207902,40413,3.011719,3.101562,3.0117190000000003,-1,166.74803,23.37454
2025-08-13T11:38:08.949904,40414,3.015625,3.09375,3.0117190000000003,-1,166.931135,23.37454
2025-08-13T11:38:09.756902,40415,3.015625,3.09375,3.007812,-1,166.99217,23.365097
2025-08-13T11:38:10.509905,40416,3.007812,3.097656,3.015625,-1,166.74803,23.365097
2025-08-13T11:38:11.247903,40417,3.011719,3.09375,3.007812,-1,166.74803,23.365097
2025-08-13T11:38:12.001902,40418,3.007812,3.097656,3.007812,-1,166.74803,23.355653
2025-08-13T11:38:12.788903,40419,3.007812,3.101562,3.019531,-1,166.74803,23.365097
2025-08-13T11:38:13.518902,40420,3.011719,3.097656,3.0117190000000003,-1,166.74803,23.355653
2025-08-13T11:38:14.420882,40421,3.011719,3.09375,3.015625,-1,166.931135,23.346209
2025-08-13T11:38:15.286106,40422,3.011719,3.097656,3.0117190000000003,-1,166.931135,23.355653
2025-08-13T11:38:16.106102,40423,3.011719,3.105469,3.019531,-1,166.8701,23.346209
2025-08-13T11:38:16.839908,40424,3.019531,3.097656,3.0117190000000003,-1,166.931135,23.346209
2025-08-13T11:38:17.570838,40425,3.011719,3.097656,3.015625,-1,166.931135,23.355653
2025-08-13T11:38:18.393305,40426,3.015625,3.097656,3.015625,-1,166.99217,23.355653
2025-08-13T11:38:19.790304,40427,3.011719,3.097656,3.0117190000000003,-1,166.809065,23.365097
2025-08-13T11:38:20.618304,40428,3.007812,3.101562,3.015625,-1,166.931135,23.365097
2025-08-13T11:38:21.350306,40429,3.011719,3.101562,3.003906,-1,166.809065,23.37454
2025-08-13T11:38:22.095303,40430,3.003906,3.101562,3.0117190000000003,-1,166.931135,23.37454
2025-08-13T11:38:22.844307,40431,3.011719,3.097656,3.015625,-1,166.809065,23.37454
2025-08-13T11:38:23.577304,40432,3.015625,3.097656,3.007812,-1,166.809065,23.383983
2025-08-13T11:38:24.247303,40433,3.011719,3.097656,3.015625,-1,166.99217,23.383983
2025-08-13T11:38:25.159304,40434,3.011719,3.101562,3.0117190000000003,-1,166.99217,23.383983
2025-08-13T11:38:26.165305,40435,3.015625,3.101562,3.0117190000000003,-1,166.99217,23.383983
2025-08-13T11:38:26.978303,40436,3.015625,3.101562,3.019531,-1,166.8701,23.37454
2025-08-13T11:38:27.751304,40437,3.011719,3.097656,3.015625,-1,166.99217,23.365097
2025-08-13T11:38:28.431304,40438,3.011719,3.101562,3.007812,-1,166.99217,23.346209
2025-08-13T11:38:29.194304,40439,3.007812,3.097656,3.015625,-1,166.931135,23.346209
2025-08-13T11:38:29.990308,40440,3.015625,3.097656,3.015625,-1,166.8701,23.327321
2025-08-13T11:38:30.696419,40441,3.011719,3.097656,3.019531,-1,166.99217,23.336765
2025-08-13T11:38:31.831419,40442,3.015625,3.101562,3.015625,-1,166.74803,23.346209
2025-08-13T11:38:32.619419,40443,3.011719,3.09375,3.0117190000000003,-1,166.74803,23.355653
2025-08-13T11:38:33.336419,40444,3.011719,3.101562,3.015625,-1,166.8701,23.365097
2025-08-13T11:38:34.044421,40445,3.015625,3.09375,3.015625,-1,166.931135,23.355653
2025-08-13T11:38:34.748419,40446,3.007812,3.097656,3.015625,-1,166.931135,23.355653
2025-08-13T11:38:35.450419,40447,3.007812,3.101562,3.007812,-1,166.99217,23.355653
2025-08-13T11:38:36.120419,40448,3.011719,3.09375,3.0117190000000003,-1,166.8701,23.355653
2025-08-13T11:38:36.825419,40449,3.011719,3.097656,3.023438,-1,166.8701,23.346209
2025-08-13T11:38:37.487418,40450,3.015625,3.101562,3.023438,-1,166.8701,23.355653
2025-08-13T11:38:38.157419,40451,3.007812,3.097656,3.0117190000000003,-1,166.8701,23.365097
2025-08-13T11:38:38.813419,40452,3.015625,3.097656,3.015625,-1,166.809065,23.355653
2025-08-13T11:38:39.462421,40453,3.015625,3.101562,3.0117190000000003,-1,166.8701,23.365097
2025-08-13T11:38:40.107419,40454,3.015625,3.101562,3.007812,-1,166.931135,23.355653
2025-08-13T11:38:40.734419,40455,3.011719,3.097656,3.0117190000000003,-1,166.931135,23.346209
2025-08-13T11:38:41.374419,40456,3.015625,3.101562,3.0117190000000003,-1,166.931135,23.346209
2025-08-13T11:38:41.919419,40457,3.011719,3.097656,3.007812,-1,166.809065,23.346209
2025-08-13T11:38:42.484419,40458,3.011719,3.097656,3.0117190000000003,-1,166.8701,23.336765
2025-08-13T11:38:43.040419,40459,3.015625,3.101562,3.0117190000000003,-1,166.809065,23.336765
2025-08-13T11:38:43.639419,40460,3.015625,3.097656,3.0117190000000003,-1,166.99217,23.346209
2025-08-13T11:38:44.208418,40461,3.015625,3.097656,3.0117190000000003,-1,166.931135,23.346209
2025-08-13T11:38:44.764422,40462,3.015625,3.101562,3.0117190000000003,-1,166.931135,23.355653
2025-08-13T11:38:45.341420,40463,3.015625,3.097656,3.007812,-1,166.931135,23.365097
2025-08-13T11:38:45.938418,40464,3.011719,3.097656,3.0117190000000003,-1,166.809065,23.365097
2025-08-13T11:38:46.497419,40465,3.015625,3.097656,3.007812,-1,167.053206,23.37454
2025-08-13T11:38:47.062419,40466,3.015625,3.097656,3.015625,-1,166.931135,23.37454
2025-08-13T11:38:47.620419,40467,3.007812,3.101562,3.015625,-1,166.8701,23.383983
2025-08-13T11:38:48.171421,40468,3.011719,3.101562,3.007812,-1,166.99217,23.383983
2025-08-13T11:38:48.733418,40469,3.011719,3.101562,3.015625,-1,166.99217,23.393426
2025-08-13T11:38:49.297419,40470,3.011719,3.097656,3.0117190000000003,-1,167.053206,23.383983
2025-08-13T11:38:49.885418,40471,3.011719,3.101562,3.015625,-1,167.053206,23.383983
2025-08-13T11:38:50.486419,40472,3.011719,3.097656,3.007812,-1,166.809065,23.37454
2025-08-13T11:38:51.048421,40473,3.011719,3.097656,3.0117190000000003,-1,166.8701,23.37454
2025-08-13T11:38:51.644419,40474,3.007812,3.097656,3.0117190000000003,-1,166.931135,23.37454
2025-08-13T11:38:52.210419,40475,3.015625,3.097656,3.015625,-1,166.8701,23.37454
2025-08-13T11:38:52.777419,40476,3.011719,3.097656,3.015625,-1,166.809065,23.383983
2025-08-13T11:38:53.340420,40477,3.015625,3.09375,3.015625,-1,166.931135,23.383983
2025-08-13T11:38:53.916419,40478,3.011719,3.101562,3.0117190000000003,-1,166.931135,23.383983
2025-08-13T11:38:54.468418,40479,3.011719,3.097656,3.023438,-1,166.931135,23.393426
2025-08-13T11:38:55.031419,40480,3.011719,3.101562,3.0117190000000003,-1,166.99217,23.383983
2025-08-13T11:38:55.631420,40481,3.007812,3.09375,3.0117190000000003,-1,166.99217,23.402869
2025-08-13T11:38:56.215420,40482,3.011719,3.101562,3.015625,-1,166.99217,23.402869
2025-08-13T11:38:56.803419,40483,3.011719,3.097656,3.019531,-1,166.809065,23.402869
2025-08-13T11:38:57.386419,40484,3.015625,3.101562,3.015625,-1,166.931135,23.412312
2025-08-13T11:38:57.939419,40485,3.015625,3.101562,3.0117190000000003,-1,166.809065,23.412312
2025-08-13T11:38:58.533418,40486,3.011719,3.101562,3.0117190000000003,-1,166.931135,23.412312
2025-08-13T11:38:59.106419,40487,3.011719,3.097656,3.007812,-1,166.809065,23.421754
2025-08-13T11:38:59.661419,40488,3.015625,3.097656,3.007812,-1,166.74803,23.421754
2025-08-13T11:39:00.220419,40489,3.015625,3.097656,3.0117190000000003,-1,166.809065,23.412312
2025-08-13T11:39:00.796421,40490,3.015625,3.101562,3.019531,-1,166.8701,23.412312
2025-08-13T11:39:01.360419,40491,3.007812,3.101562,3.019531,-1,166.564924,23.421754
2025-08-13T11:39:01.912418,40492,3.011719,3.097656,3.0117190000000003,-1,166.259749,23.412312
2025-08-13T11:39:02.491419,40493,3.011719,3.097656,3.0117190000000003,-1,166.320784,23.412312
2025-08-13T11:39:03.047419,40494,3.015625,3.105469,3.015625,-1,166.99217,23.421754
2025-08-13T11:39:03.580421,40495,3.015625,3.09375,3.015625,-1,166.99217,23.431197
2025-08-13T11:39:04.126419,40496,3.011719,3.097656,3.0117190000000003,-1,166.931135,23.440639
2025-08-13T11:39:04.735418,40497,3.011719,3.097656,3.019531,-1,166.8701,23.440639
2025-08-13T11:39:05.350421,40498,3.015625,3.097656,3.015625,-1,166.8701,23.440639
2025-08-13T11:39:06.067419,40499,3.011719,3.101562,3.0117190000000003,-1,166.931135,23.450081
2025-08-13T11:39:06.622420,40500,3.011719,3.097656,3.0117190000000003,-1,166.8701,23.459523
2025-08-13T11:39:07.199420,40501,3.011719,3.097656,3.0117190000000003,-1,166.8701,23.459523
2025-08-13T11:39:07.771420,40502,3.015625,3.097656,3.0117190000000003,-1,166.931135,23.459523
2025-08-13T11:39:08.316419,40503,3.015625,3.097656,3.015625,-1,167.053206,23.459523
2025-08-13T11:39:08.886419,40504,3.015625,3.097656,3.007812,-1,167.053206,23.468965
2025-08-13T11:39:09.435419,40505,3.007812,3.097656,3.019531,-1,167.053206,23.459523
2025-08-13T11:39:10.002422,40506,3.011719,3.101562,3.003906,-1,167.053206,23.459523
2025-08-13T11:39:10.589419,40507,3.015625,3.101562,3.0117190000000003,-1,166.99217,23.468965
2025-08-13T11:39:11.171419,40508,3.011719,3.101562,3.0117190000000003,-1,166.8701,23.478407
2025-08-13T11:39:11.772420,40509,3.011719,3.097656,3.015625,-1,166.931135,23.478407
2025-08-13T11:39:12.451419,40510,3.015625,3.097656,3.015625,-1,166.8701,23.478407
2025-08-13T11:39:13.078422,40511,3.015625,3.097656,3.019531,-1,167.053206,23.478407
2025-08-13T11:39:13.693420,40512,3.007812,3.097656,3.007812,-1,166.8701,23.487848
2025-08-13T11:39:14.312419,40513,3.011719,3.097656,3.003906,-1,166.99217,23.487848
2025-08-13T11:39:14.908419,40514,3.011719,3.097656,3.019531,-1,166.931135,23.487848
2025-08-13T11:39:15.489421,40515,3.015625,3.097656,3.015625,-1,166.931135,23.49729
2025-08-13T11:39:16.062419,40516,3.015625,3.105469,3.0117190000000003,-1,166.8701,23.49729
2025-08-13T11:39:16.637420,40517,3.015625,3.09375,3.0117190000000003,-1,166.74803,23.49729
2025-08-13T11:39:17.199421,40518,3.011719,3.101562,3.0117190000000003,-1,167.053206,23.506731
2025-08-13T11:39:17.788419,40519,3.011719,3.097656,3.0117190000000003,-1,166.381819,23.516172
2025-08-13T11:39:18.346421,40520,3.015625,3.097656,3.015625,-1,166.198713,23.506731
2025-08-13T11:39:18.902419,40521,3.015625,3.101562,3.007812,-1,166.62596,23.506731
2025-08-13T11:39:19.550419,40522,3.011719,3.097656,3.0117190000000003,-1,166.62596,23.506731
2025-08-13T11:39:20.114421,40523,3.011719,3.101562,3.007812,-1,166.809065,23.506731
2025-08-13T11:39:20.718419,40524,3.015625,3.101562,3.0117190000000003,-1,166.8701,23.49729
2025-08-13T11:39:21.341419,40525,3.015625,3.097656,3.0117190000000003,-1,166.931135,23.487848
2025-08-13T11:39:21.935420,40526,3.015625,3.097656,3.019531,-1,166.99217,23.478407
2025-08-13T11:39:22.567423,40527,3.015625,3.101562,3.019531,-1,166.809065,23.478407
2025-08-13T11:39:23.180420,40528,3.011719,3.09375,3.0117190000000003,-1,166.809065,23.478407
2025-08-13T11:39:23.832419,40529,3.011719,3.097656,3.015625,-1,166.8701,23.478407
2025-08-13T11:39:24.490421,40530,3.015625,3.097656,3.007812,-1,166.809065,23.468965
2025-08-13T11:39:25.119419,40531,3.015625,3.097656,3.019531,-1,166.809065,23.478407
2025-08-13T11:39:25.734418,40532,3.015625,3.09375,3.015625,-1,166.809065,23.49729
2025-08-13T11:39:26.369421,40533,3.007812,3.097656,3.0117190000000003,-1,166.931135,23.49729
2025-08-13T11:39:27.003420,40534,3.011719,3.101562,3.0117190000000003,-1,166.99217,23.49729
2025-08-13T11:39:27.637420,40535,3.007812,3.105469,3.023438,-1,166.8701,23.49729
2025-08-13T11:39:28.254420,40536,3.007812,3.097656,3.0117190000000003,-1,166.99217,23.49729
2025-08-13T11:39:28.837422,40537,3.011719,3.097656,3.023438,-1,166.8701,23.49729
2025-08-13T11:39:29.414419,40538,3.011719,3.097656,3.015625,-1,167.053206,23.49729
2025-08-13T11:39:30.012421,40539,3.011719,3.101562,3.0117190000000003,-1,166.8701,23.49729
2025-08-13T11:39:30.630419,40540,3.015625,3.097656,3.007812,-1,166.99217,23.506731
2025-08-13T11:39:31.206419,40541,3.015625,3.101562,3.015625,-1,166.8701,23.506731
2025-08-13T11:39:31.779419,40542,3.015625,3.097656,3.019531,-1,166.8701,23.516172
2025-08-13T11:39:32.331419,40543,3.019531,3.097656,3.019531,-1,166.99217,23.516172
2025-08-13T11:39:32.890419,40544,3.007812,3.097656,3.015625,-1,166.99217,23.516172
2025-08-13T11:39:33.450418,40545,3.011719,3.097656,3.019531,-1,166.809065,23.516172
2025-08-13T11:39:34.042418,40546,3.011719,3.101562,3.007812,-1,166.8701,23.525613
2025-08-13T11:39:34.602418,40547,3.019531,3.097656,3.007812,-1,166.99217,23.516172
2025-08-13T11:39:35.157420,40548,3.015625,3.097656,3.0117190000000003,-1,167.053206,23.506731
2025-08-13T11:39:35.723419,40549,3.011719,3.097656,3.019531,-1,166.8701,23.516172
2025-08-13T11:39:36.292419,40550,3.015625,3.097656,3.0117190000000003,-1,166.8701,23.516172
2025-08-13T11:39:36.851420,40551,3.011719,3.097656,3.019531,-1,166.931135,23.516172
2025-08-13T11:39:37.479420,40552,3.015625,3.097656,3.015625,-1,166.8701,23.516172
2025-08-13T11:39:38.125419,40553,3.015625,3.101562,3.007812,-1,166.931135,23.516172
2025-08-13T11:39:38.744420,40554,3.015625,3.097656,3.015625,-1,166.8701,23.525613
2025-08-13T11:39:39.327419,40555,3.015625,3.097656,3.0117190000000003,-1,166.99217,23.525613
2025-08-13T11:43:28.846976,40556,3.011719,3.101562,3.019531,-1,165.771467,23.553936
2025-08-13T11:43:29.365976,40557,3.011719,3.09375,3.0117190000000003,-1,165.527327,23.572817
2025-08-13T11:43:29.990977,40558,3.015625,3.097656,3.019531,-1,165.588362,23.572817
2025-08-13T11:43:30.543975,40559,3.011719,3.101562,3.0117190000000003,-1,165.588362,23.572817
2025-08-13T11:43:31.065977,40560,3.011719,3.097656,3.0117190000000003,-1,165.527327,23.582258
2025-08-13T11:43:31.608977,40561,3.015625,3.101562,3.015625,-1,165.649397,23.582258
2025-08-13T11:43:32.148977,40562,3.011719,3.097656,3.003906,-1,165.466292,23.582258
2025-08-13T11:43:32.678977,40563,3.015625,3.097656,3.0117190000000003,-1,165.405257,23.582258
2025-08-13T11:43:33.204976,40564,3.011719,3.105469,3.0117190000000003,-1,165.527327,23.591698
2025-08-13T11:43:33.731976,40565,3.011719,3.097656,3.019531,-1,165.466292,23.582258
2025-08-13T11:43:34.297976,40566,3.011719,3.101562,3.0117190000000003,-1,165.527327,23.591698
2025-08-13T11:43:34.834977,40567,3.007812,3.09375,3.0117190000000003,-1,165.588362,23.591698
2025-08-13T11:43:35.390977,40568,3.011719,3.101562,3.0117190000000003,-1,165.771467,23.591698
2025-08-13T11:43:35.935976,40569,3.015625,3.101562,3.0117190000000003,-1,165.832503,23.591698
2025-08-13T11:43:36.498977,40570,3.007812,3.101562,3.0117190000000003,-1,165.832503,23.591698
2025-08-13T11:43:37.033977,40571,3.011719,3.097656,3.015625,-1,165.527327,23.591698
2025-08-13T11:43:37.621981,40572,3.011719,3.09375,3.019531,-1,165.588362,23.601138
2025-08-13T11:43:38.223977,40573,3.011719,3.097656,3.023438,-1,165.649397,23.601138
2025-08-13T11:43:38.764976,40574,3.007812,3.09375,3.0117190000000003,-1,165.588362,23.601138
2025-08-13T11:43:39.302977,40575,3.015625,3.101562,3.019531,-1,165.710432,23.601138
2025-08-13T11:43:39.854977,40576,3.015625,3.097656,3.007812,-1,165.588362,23.601138
2025-08-13T11:43:40.438976,40577,3.011719,3.101562,3.007812,-1,165.649397,23.601138
2025-08-13T11:43:40.959977,40578,3.015625,3.09375,3.0117190000000003,-1,165.588362,23.601138
2025-08-13T11:43:41.494976,40579,3.007812,3.105469,3.0117190000000003,-1,165.588362,23.610579
2025-08-13T11:43:42.031975,40580,3.019531,3.101562,3.0117190000000003,-1,165.710432,23.610579
2025-08-13T11:43:42.570976,40581,3.007812,3.101562,3.023438,-1,165.649397,23.610579
2025-08-13T11:43:43.090976,40582,3.011719,3.097656,3.0117190000000003,-1,165.710432,23.610579
2025-08-13T11:43:43.623978,40583,3.011719,3.101562,3.0117190000000003,-1,165.588362,23.610579
2025-08-13T11:43:44.185980,40584,3.015625,3.101562,3.0117190000000003,-1,165.649397,23.620019
2025-08-13T11:43:44.768977,40585,3.011719,3.097656,3.0117190000000003,-1,165.771467,23.620019
2025-08-13T11:43:45.369977,40586,3.019531,3.097656,3.007812,-1,165.771467,23.620019
2025-08-13T11:43:45.944976,40587,3.011719,3.101562,3.019531,-1,165.588362,23.620019
2025-08-13T11:43:46.509977,40588,3.011719,3.101562,3.015625,-1,165.649397,23.620019
2025-08-13T11:43:47.065979,40589,3.007812,3.097656,3.007812,-1,165.649397,23.620019
2025-08-13T11:43:47.584978,40590,3.011719,3.09375,3.015625,-1,165.649397,23.620019
2025-08-13T11:43:48.129977,40591,3.011719,3.097656,3.015625,-1,165.649397,23.620019
2025-08-13T11:43:48.685977,40592,3.019531,3.097656,3.015625,-1,165.649397,23.620019
2025-08-13T11:43:49.255978,40593,3.015625,3.097656,3.0117190000000003,-1,165.649397,23.620019
2025-08-13T11:43:49.820976,40594,3.003906,3.097656,3.019531,-1,165.710432,23.610579
2025-08-13T11:43:50.380977,40595,3.015625,3.097656,3.015625,-1,165.588362,23.610579
2025-08-13T11:43:50.928977,40596,3.007812,3.09375,3.007812,-1,165.588362,23.610579
2025-08-13T11:43:51.481977,40597,3.011719,3.097656,3.0117190000000003,-1,165.771467,23.610579
2025-08-13T11:43:52.685980,40598,3.019531,3.097656,3.015625,-1,165.588362,23.601138
2025-08-13T11:43:53.269976,40599,3.019531,3.101562,3.007812,-1,165.771467,23.629459
2025-08-13T11:43:53.810977,40600,3.015625,3.101562,3.019531,-1,165.588362,23.629459
2025-08-13T11:43:54.366979,40601,3.011719,3.097656,3.019531,-1,165.710432,23.629459
2025-08-13T11:43:54.944976,40602,3.011719,3.097656,3.007812,-1,165.771467,23.629459
2025-08-13T11:43:55.493976,40603,3.019531,3.101562,3.015625,-1,165.771467,23.629459
2025-08-13T11:43:56.037976,40604,3.011719,3.105469,3.007812,-1,165.649397,23.629459
2025-08-13T11:43:56.587977,40605,3.015625,3.101562,3.015625,-1,165.832503,23.629459
2025-08-13T11:43:57.140977,40606,3.011719,3.097656,3.019531,-1,165.710432,23.629459
2025-08-13T11:43:57.707978,40607,3.015625,3.097656,3.0117190000000003,-1,165.710432,23.629459
2025-08-13T11:43:58.269976,40608,3.015625,3.097656,3.015625,-1,165.710432,23.629459
2025-08-13T11:43:58.817977,40609,3.007812,3.097656,3.0117190000000003,-1,165.710432,23.620019
2025-08-13T11:43:59.381976,40610,3.011719,3.101562,3.0117190000000003,-1,165.771467,23.620019
2025-08-13T11:43:59.989976,40611,3.011719,3.101562,3.019531,-1,165.588362,23.610579
2025-08-13T11:44:00.536976,40612,3.011719,3.097656,3.015625,-1,165.710432,23.610579
2025-08-13T11:44:01.071976,40613,3.015625,3.101562,3.0117190000000003,-1,165.344221,23.610579
2025-08-13T11:44:01.640977,40614,3.015625,3.097656,3.0117190000000003,-1,165.405257,23.601138
2025-08-13T11:44:02.234976,40615,3.011719,3.09375,3.0117190000000003,-1,165.100081,23.591698
2025-08-13T11:44:02.822976,40616,3.011719,3.101562,3.015625,-1,164.6118,23.591698
2025-08-13T11:44:03.357976,40617,3.015625,3.097656,3.023438,-1,165.161116,23.591698
2025-08-13T11:44:03.919976,40618,3.007812,3.101562,3.003906,-1,165.405257,23.591698
2025-08-13T11:44:04.494976,40619,3.011719,3.097656,3.007812,-1,165.893538,23.591698
2025-08-13T11:44:05.063977,40620,3.015625,3.101562,3.007812,-1,166.198713,23.582258
2025-08-13T11:44:05.620977,40621,3.011719,3.097656,3.015625,-1,166.320784,23.572817
2025-08-13T11:44:06.219976,40622,3.007812,3.101562,3.015625,-1,166.381819,23.563376
2025-08-13T11:44:06.783977,40623,3.007812,3.09375,3.0117190000000003,-1,166.320784,23.563376
2025-08-13T11:44:07.369979,40624,3.019531,3.097656,3.007812,-1,166.259749,23.553936
2025-08-13T11:44:07.946976,40625,3.011719,3.101562,3.007812,-1,166.198713,23.553936
2025-08-13T11:44:08.523981,40626,3.015625,3.09375,3.015625,-1,166.259749,23.544495
2025-08-13T11:44:09.097977,40627,3.011719,3.097656,3.019531,-1,166.076643,23.544495
2025-08-13T11:44:09.654976,40628,3.011719,3.097656,3.015625,-1,165.771467,23.553936
2025-08-13T11:44:10.239977,40629,3.011719,3.101562,3.015625,-1,166.503889,23.553936
2025-08-13T11:44:10.786976,40630,3.011719,3.097656,3.0117190000000003,-1,166.198713,23.553936
2025-08-13T11:44:11.326976,40631,3.015625,3.097656,3.0117190000000003,-1,166.259749,23.553936
2025-08-13T11:44:11.911976,40632,3.011719,3.101562,3.0117190000000003,-1,166.015608,23.544495
2025-08-13T11:44:12.533978,40633,3.011719,3.097656,3.015625,-1,166.015608,23.535054
2025-08-13T11:44:13.550976,40634,3.019531,3.097656,3.019531,-1,166.198713,23.544495
2025-08-13T11:44:14.098976,40635,3.019531,3.097656,3.007812,-1,166.503889,23.553936
2025-08-13T11:44:14.685976,40636,3.007812,3.101562,3.0117190000000003,-1,166.686995,23.572817
2025-08-13T11:44:15.256978,40637,3.011719,3.097656,3.0117190000000003,-1,166.686995,23.572817
2025-08-13T11:44:15.798976,40638,3.015625,3.097656,3.0117190000000003,-1,166.74803,23.572817
2025-08-13T11:44:16.362977,40639,3.015625,3.097656,3.015625,-1,166.686995,23.563376
2025-08-13T11:44:16.910977,40640,3.015625,3.101562,3.015625,-1,166.686995,23.563376
2025-08-13T11:44:17.490981,40641,3.015625,3.105469,3.019531,-1,166.809065,23.563376
2025-08-13T11:44:18.074976,40642,3.015625,3.101562,3.015625,-1,166.564924,23.563376
2025-08-13T11:44:18.661976,40643,3.007812,3.101562,3.007812,-1,166.686995,23.553936
2025-08-13T11:44:19.197976,40644,3.015625,3.097656,3.007812,-1,166.809065,23.553936
2025-08-13T11:44:19.739977,40645,3.015625,3.097656,3.015625,-1,166.686995,23.544495
2025-08-13T11:44:20.287976,40646,3.011719,3.101562,3.0117190000000003,-1,166.686995,23.535054
2025-08-13T11:44:20.846977,40647,3.011719,3.097656,3.007812,-1,166.74803,23.535054
2025-08-13T11:44:21.387977,40648,3.007812,3.09375,3.0117190000000003,-1,166.809065,23.516172
2025-08-13T11:44:21.942976,40649,3.015625,3.097656,3.023438,-1,166.62596,23.516172
2025-08-13T11:44:22.489976,40650,3.011719,3.097656,3.007812,-1,166.74803,23.516172
2025-08-13T11:44:23.067977,40651,3.015625,3.097656,3.0117190000000003,-1,166.62596,23.525613
2025-08-13T11:44:23.614977,40652,3.019531,3.097656,3.0117190000000003,-1,166.686995,23.525613
2025-08-13T11:44:24.151976,40653,3.011719,3.101562,3.007812,-1,166.74803,23.525613
2025-08-13T11:44:24.685976,40654,3.015625,3.101562,3.015625,-1,166.74803,23.525613
2025-08-13T11:44:25.243976,40655,3.015625,3.097656,3.0117190000000003,-1,166.809065,23.516172
2025-08-13T11:44:25.821980,40656,3.007812,3.097656,3.015625,-1,166.809065,23.506731
2025-08-13T11:44:26.356976,40657,3.015625,3.101562,3.0117190000000003,-1,166.809065,23.516172
2025-08-13T11:44:26.921978,40658,3.007812,3.101562,3.007812,-1,166.686995,23.506731
2025-08-13T11:44:27.465976,40659,3.011719,3.097656,3.007812,-1,166.62596,23.506731
2025-08-13T11:44:28.001977,40660,3.019531,3.097656,3.015625,-1,166.74803,23.506731
2025-08-13T11:44:28.576977,40661,3.015625,3.101562,3.015625,-1,166.809065,23.506731
2025-08-13T11:44:29.139975,40662,3.015625,3.101562,3.015625,-1,166.62596,23.506731
2025-08-13T11:44:29.708976,40663,3.015625,3.097656,3.007812,-1,166.62596,23.506731
2025-08-13T11:44:30.256976,40664,3.015625,3.101562,3.019531,-1,166.809065,23.516172
2025-08-13T11:44:30.798976,40665,3.019531,3.097656,3.015625,-1,166.809065,23.525613
2025-08-13T11:44:31.375976,40666,3.015625,3.097656,3.015625,-1,166.74803,23.535054
2025-08-13T11:44:31.925976,40667,3.015625,3.101562,3.0117190000000003,-1,166.62596,23.535054
2025-08-13T11:44:32.461981,40668,3.011719,3.105469,3.0273440000000003,-1,166.74803,23.544495
2025-08-13T11:44:33.020977,40669,3.011719,3.101562,3.019531,-1,166.62596,23.544495
2025-08-13T11:44:33.582977,40670,3.011719,3.097656,3.019531,-1,166.74803,23.544495
2025-08-13T11:44:34.162978,40671,3.015625,3.097656,3.007812,-1,166.686995,23.535054
2025-08-13T11:44:34.707977,40672,3.011719,3.09375,3.0117190000000003,-1,166.686995,23.544495
2025-08-13T11:44:35.248977,40673,3.015625,3.105469,3.019531,-1,166.62596,23.544495
2025-08-13T11:44:35.808976,40674,3.011719,3.101562,3.0117190000000003,-1,166.74803,23.535054
2025-08-13T11:44:36.366976,40675,3.011719,3.097656,3.015625,-1,166.74803,23.525613
2025-08-13T11:44:36.910976,40676,3.011719,3.101562,3.015625,-1,166.564924,23.525613
2025-08-13T11:44:37.463975,40677,3.007812,3.101562,3.015625,-1,166.74803,23.525613
2025-08-13T11:44:38.010977,40678,3.011719,3.097656,3.0117190000000003,-1,166.62596,23.525613
2025-08-13T11:44:38.584976,40679,3.007812,3.097656,3.015625,-1,166.809065,23.525613
2025-08-13T11:44:39.148976,40680,3.015625,3.097656,3.007812,-1,166.686995,23.525613
2025-08-13T11:44:39.704976,40681,3.015625,3.097656,3.019531,-1,166.686995,23.525613
2025-08-13T11:44:40.257976,40682,3.015625,3.101562,3.019531,-1,166.62596,23.525613
2025-08-13T11:44:40.797978,40683,3.015625,3.097656,3.0117190000000003,-1,166.809065,23.516172
2025-08-13T11:44:41.351977,40684,3.011719,3.09375,3.015625,-1,166.62596,23.525613
2025-08-13T11:44:41.915977,40685,3.015625,3.09375,3.019531,-1,166.62596,23.525613
2025-08-13T11:44:42.454976,40686,3.015625,3.097656,3.015625,-1,166.74803,23.525613
2025-08-13T11:44:43.009976,40687,3.015625,3.101562,3.007812,-1,166.686995,23.535054
2025-08-13T11:44:43.559976,40688,3.011719,3.09375,3.019531,-1,166.62596,23.535054
2025-08-13T11:44:44.138976,40689,3.019531,3.101562,3.023438,-1,166.62596,23.535054
2025-08-13T11:44:44.691976,40690,3.015625,3.101562,3.0117190000000003,-1,166.809065,23.535054
2025-08-13T11:44:45.252976,40691,3.015625,3.097656,3.0117190000000003,-1,166.62596,23.544495
2025-08-13T11:44:45.837976,40692,3.015625,3.101562,3.015625,-1,166.62596,23.544495
2025-08-13T11:44:46.415976,40693,3.011719,3.101562,3.0117190000000003,-1,166.62596,23.535054
2025-08-13T11:44:46.962978,40694,3.007812,3.101562,3.0117190000000003,-1,166.74803,23.535054
2025-08-13T11:44:47.520978,40695,3.011719,3.097656,3.003906,-1,166.809065,23.525613
2025-08-13T11:44:48.092980,40696,3.015625,3.097656,3.0117190000000003,-1,166.62596,23.516172
2025-08-13T11:44:48.731980,40697,3.011719,3.097656,3.0117190000000003,-1,166.809065,23.516172
2025-08-13T11:44:49.291977,40698,3.015625,3.097656,3.0117190000000003,-1,166.62596,23.506731
2025-08-13T11:44:49.838978,40699,3.007812,3.097656,3.0117190000000003,-1,166.8701,23.516172
2025-08-13T11:44:50.392979,40700,3.011719,3.101562,3.015625,-1,166.809065,23.506731
2025-08-13T11:44:50.965976,40701,3.007812,3.101562,3.019531,-1,166.686995,23.506731
2025-08-13T11:44:51.482977,40702,3.015625,3.097656,3.007812,-1,166.62596,23.506731
2025-08-13T11:44:52.014975,40703,3.011719,3.097656,3.0117190000000003,-1,166.74803,23.506731
2025-08-13T11:44:52.547976,40704,3.015625,3.097656,3.015625,-1,166.74803,23.516172
2025-08-13T11:44:53.094976,40705,3.011719,3.097656,3.015625,-1,166.809065,23.516172
2025-08-13T11:44:53.636976,40706,3.007812,3.09375,3.019531,-1,166.62596,23.516172
2025-08-13T11:44:54.174975,40707,3.015625,3.101562,3.0117190000000003,-1,166.686995,23.535054
2025-08-13T11:44:54.732976,40708,3.015625,3.097656,3.015625,-1,166.74803,23.535054
2025-08-13T11:44:55.276976,40709,3.011719,3.097656,3.0117190000000003,-1,166.809065,23.544495
2025-08-13T11:44:55.816977,40710,3.015625,3.101562,3.007812,-1,166.62596,23.544495
2025-08-13T11:44:56.400977,40711,3.007812,3.097656,3.0117190000000003,-1,166.809065,23.544495
2025-08-13T11:44:56.978976,40712,3.011719,3.097656,3.0117190000000003,-1,166.62596,23.544495
2025-08-13T11:44:57.529977,40713,3.015625,3.09375,3.023438,-1,166.62596,23.544495
2025-08-13T11:44:58.089978,40714,3.015625,3.101562,3.019531,-1,166.809065,23.553936
2025-08-13T11:44:58.740978,40715,3.011719,3.101562,3.0117190000000003,-1,166.74803,23.563376
2025-08-13T11:44:59.346980,40716,3.015625,3.097656,3.007812,-1,166.74803,23.572817
2025-08-13T11:44:59.913976,40717,3.015625,3.097656,3.015625,-1,166.74803,23.563376
2025-08-13T11:45:00.502976,40718,3.015625,3.101562,3.015625,-1,166.62596,23.572817
2025-08-13T11:45:01.069977,40719,3.011719,3.105469,3.015625,-1,166.809065,23.563376
2025-08-13T11:45:01.632976,40720,3.019531,3.101562,3.015625,-1,166.74803,23.582258
2025-08-13T11:45:02.185977,40721,3.015625,3.09375,3.007812,-1,166.686995,23.572817
2025-08-13T11:45:02.760369,40722,3.011719,3.101562,3.015625,-1,166.809065,23.572817
2025-08-13T11:45:03.342369,40723,3.015625,3.097656,3.0117190000000003,-1,166.62596,23.582258
2025-08-13T11:45:03.881774,40724,3.011719,3.101562,3.019531,-1,166.62596,23.572817
2025-08-13T11:45:04.443775,40725,3.015625,3.09375,3.015625,-1,166.62596,23.572817
2025-08-13T11:45:05.999776,40726,3.011719,3.101562,3.015625,-1,166.686995,23.572817
2025-08-13T11:45:06.540776,40727,3.015625,3.097656,3.007812,-1,166.74803,23.582258
2025-08-13T11:45:07.072775,40728,3.015625,3.097656,3.007812,-1,166.62596,23.582258
2025-08-13T11:45:07.622774,40729,3.015625,3.09375,3.019531,-1,166.564924,23.582258
2025-08-13T11:45:08.166775,40730,3.011719,3.09375,3.007812,-1,166.564924,23.591698
2025-08-13T11:45:08.707775,40731,3.019531,3.101562,3.0117190000000003,-1,166.809065,23.591698
2025-08-13T11:45:09.250775,40732,3.015625,3.101562,3.0117190000000003,-1,166.62596,23.601138
2025-08-13T11:45:09.820775,40733,3.011719,3.101562,3.0117190000000003,-1,166.564924,23.601138
2025-08-13T11:45:10.370775,40734,3.011719,3.097656,3.0117190000000003,-1,166.686995,23.601138
2025-08-13T11:45:10.916775,40735,3.011719,3.097656,3.0117190000000003,-1,166.686995,23.601138
2025-08-13T11:45:11.450775,40736,3.015625,3.101562,3.0117190000000003,-1,166.686995,23.601138
2025-08-13T11:45:12.014775,40737,3.011719,3.097656,3.0117190000000003,-1,166.686995,23.610579
2025-08-13T11:45:12.565776,40738,3.007812,3.097656,3.019531,-1,166.62596,23.610579
2025-08-13T11:45:13.122775,40739,3.011719,3.101562,3.019531,-1,166.564924,23.610579
2025-08-13T11:45:13.670775,40740,3.015625,3.097656,3.0117190000000003,-1,166.809065,23.610579
2025-08-13T11:45:14.234775,40741,3.015625,3.101562,3.015625,-1,166.74803,23.610579
2025-08-13T11:45:14.783776,40742,3.011719,3.097656,3.007812,-1,166.74803,23.610579
2025-08-13T11:45:15.410775,40743,3.015625,3.097656,3.0117190000000003,-1,166.62596,23.610579
2025-08-13T11:45:16.019775,40744,3.011719,3.097656,3.015625,-1,166.686995,23.610579
2025-08-13T11:45:16.589775,40745,3.019531,3.101562,3.015625,-1,166.74803,23.620019
2025-08-13T11:45:17.152775,40746,3.011719,3.101562,3.0117190000000003,-1,166.74803,23.620019
2025-08-13T11:45:17.707777,40747,3.011719,3.101562,3.019531,-1,166.62596,23.610579
2025-08-13T11:45:18.303778,40748,3.011719,3.097656,3.007812,-1,166.74803,23.629459
2025-08-13T11:45:18.916775,40749,3.007812,3.097656,3.0117190000000003,-1,166.686995,23.629459
2025-08-13T11:45:19.475778,40750,3.019531,3.09375,3.015625,-1,166.686995,23.629459
2025-08-13T11:45:20.426776,40751,3.011719,3.09375,3.019531,-1,166.809065,23.638899
2025-08-13T11:45:21.019775,40752,3.011719,3.09375,3.015625,-1,166.74803,23.638899
2025-08-13T11:45:21.606782,40753,3.011719,3.09375,3.007812,-1,166.74803,23.629459
2025-08-13T11:45:22.171784,40754,3.011719,3.097656,3.0117190000000003,-1,166.686995,23.638899
2025-08-13T11:45:22.740774,40755,3.011719,3.097656,3.0273440000000003,-1,166.809065,23.638899
2025-08-13T11:45:23.350774,40756,3.011719,3.101562,3.023438,-1,166.62596,23.638899
2025-08-13T11:45:23.905776,40757,3.011719,3.101562,3.0117190000000003,-1,166.809065,23.638899
2025-08-13T11:45:24.466778,40758,3.007812,3.097656,3.0117190000000003,-1,166.74803,23.638899
2025-08-13T11:45:25.055775,40759,3.011719,3.097656,3.015625,-1,166.809065,23.648339
2025-08-13T11:45:25.647776,40760,3.007812,3.101562,3.015625,-1,166.74803,23.648339
2025-08-13T11:45:26.248774,40761,3.011719,3.105469,3.007812,-1,166.62596,23.648339
2025-08-13T11:45:26.805775,40762,3.011719,3.101562,3.019531,-1,166.809065,23.648339
2025-08-13T11:45:27.407775,40763,3.011719,3.101562,3.015625,-1,166.809065,23.648339
2025-08-13T11:45:27.989778,40764,3.015625,3.097656,3.0117190000000003,-1,166.809065,23.657779
2025-08-13T11:45:28.543777,40765,3.015625,3.101562,3.015625,-1,166.686995,23.657779
2025-08-13T11:45:29.131775,40766,3.011719,3.097656,3.0117190000000003,-1,166.74803,23.657779
2025-08-13T11:45:29.703775,40767,3.015625,3.09375,3.007812,-1,166.809065,23.657779
2025-08-13T11:45:30.269776,40768,3.015625,3.101562,3.007812,-1,166.74803,23.657779
2025-08-13T11:45:30.839776,40769,3.015625,3.097656,3.007812,-1,166.931135,23.667219
2025-08-13T11:45:31.436778,40770,3.015625,3.105469,3.003906,-1,166.74803,23.657779
2025-08-13T11:45:32.027775,40771,3.011719,3.105469,3.023438,-1,166.931135,23.667219
2025-08-13T11:45:32.603780,40772,3.015625,3.101562,3.023438,-1,166.74803,23.667219
2025-08-13T11:45:33.161775,40773,3.015625,3.097656,3.015625,-1,166.74803,23.667219
2025-08-13T11:45:33.735774,40774,3.015625,3.09375,3.0117190000000003,-1,166.809065,23.676659
2025-08-13T11:45:34.288775,40775,3.015625,3.101562,3.015625,-1,166.8701,23.686099
2025-08-13T11:45:35.206776,40776,3.011719,3.101562,3.015625,-1,166.931135,23.686099
2025-08-13T11:45:35.758775,40777,3.011719,3.097656,3.015625,-1,166.809065,23.695539
2025-08-13T11:45:36.332775,40778,3.011719,3.097656,3.023438,-1,166.809065,23.695539
2025-08-13T11:45:36.898775,40779,3.015625,3.097656,3.0117190000000003,-1,166.931135,23.695539
2025-08-13T11:45:37.450776,40780,3.015625,3.097656,3.015625,-1,166.809065,23.695539
2025-08-13T11:45:38.024774,40781,3.015625,3.101562,3.0117190000000003,-1,166.8701,23.704979
2025-08-13T11:45:38.578776,40782,3.011719,3.09375,3.003906,-1,166.809065,23.695539
2025-08-13T11:45:39.136775,40783,3.015625,3.101562,3.0117190000000003,-1,166.931135,23.695539
2025-08-13T11:45:39.708778,40784,3.011719,3.09375,3.0117190000000003,-1,166.686995,23.704979
2025-08-13T11:45:40.280776,40785,3.015625,3.105469,3.015625,-1,166.8701,23.714419
2025-08-13T11:45:40.857774,40786,3.011719,3.09375,3.007812,-1,166.931135,23.704979
2025-08-13T11:45:41.429778,40787,3.015625,3.097656,3.007812,-1,166.809065,23.704979
2025-08-13T11:45:42.016776,40788,3.007812,3.101562,3.0117190000000003,-1,166.809065,23.704979
2025-08-13T11:45:42.578775,40789,3.011719,3.097656,3.015625,-1,166.809065,23.714419
2025-08-13T11:45:43.155776,40790,3.007812,3.097656,3.0117190000000003,-1,166.686995,23.704979
2025-08-13T11:45:43.708775,40791,3.011719,3.105469,3.0117190000000003,-1,166.74803,23.714419
2025-08-13T11:45:44.280774,40792,3.015625,3.101562,3.007812,-1,166.809065,23.714419
2025-08-13T11:45:44.841775,40793,3.011719,3.101562,3.019531,-1,166.809065,23.704979
2025-08-13T11:45:45.454778,40794,3.011719,3.097656,3.019531,-1,166.8701,23.695539
2025-08-13T11:45:46.046775,40795,3.015625,3.097656,3.023438,-1,166.8701,23.686099
2025-08-13T11:45:46.630775,40796,3.011719,3.097656,3.007812,-1,166.74803,23.676659
2025-08-13T11:45:47.192775,40797,3.015625,3.097656,3.023438,-1,166.74803,23.657779
2025-08-13T11:45:47.787775,40798,3.015625,3.101562,3.0117190000000003,-1,166.809065,23.657779
2025-08-13T11:45:48.395776,40799,3.011719,3.09375,3.019531,-1,166.8701,23.657779
2025-08-13T11:45:49.038775,40800,3.011719,3.097656,3.019531,-1,166.931135,23.657779
2025-08-13T11:45:49.605776,40801,3.011719,3.105469,3.0117190000000003,-1,166.8701,23.667219
2025-08-13T11:45:50.179777,40802,3.007812,3.097656,3.0117190000000003,-1,166.809065,23.657779
2025-08-13T11:45:50.839777,40803,3.011719,3.097656,3.015625,-1,166.74803,23.657779
2025-08-13T11:45:51.447774,40804,3.015625,3.09375,3.015625,-1,166.74803,23.657779
2025-08-13T11:45:52.011775,40805,3.011719,3.097656,3.015625,-1,166.8701,23.667219
2025-08-13T11:45:52.571775,40806,3.015625,3.101562,3.007812,-1,166.74803,23.667219
2025-08-13T11:45:53.157775,40807,3.007812,3.097656,3.015625,-1,166.686995,23.667219
2025-08-13T11:45:53.723776,40808,3.015625,3.097656,3.019531,-1,166.8701,23.676659
2025-08-13T11:45:54.306775,40809,3.015625,3.101562,3.0117190000000003,-1,166.809065,23.676659
2025-08-13T11:45:54.856774,40810,3.011719,3.097656,3.019531,-1,166.8701,23.686099
2025-08-13T11:45:55.429775,40811,3.011719,3.09375,3.007812,-1,166.809065,23.676659
2025-08-13T11:45:55.992775,40812,3.011719,3.097656,3.0117190000000003,-1,166.564924,23.686099
2025-08-13T11:45:56.575777,40813,3.015625,3.09375,3.015625,-1,166.564924,23.695539
2025-08-13T11:45:57.147774,40814,3.015625,3.101562,3.0117190000000003,-1,165.893538,23.686099
2025-08-13T11:45:57.715775,40815,3.015625,3.097656,3.007812,-1,166.198713,23.686099
2025-08-13T11:45:58.313776,40816,3.015625,3.097656,3.015625,-1,166.442854,23.686099
2025-08-13T11:45:58.920775,40817,3.011719,3.097656,3.007812,-1,166.320784,23.686099
2025-08-13T11:45:59.492775,40818,3.015625,3.097656,3.015625,-1,166.442854,23.686099
2025-08-13T11:46:00.068776,40819,3.015625,3.097656,3.0117190000000003,-1,166.259749,23.686099
2025-08-13T11:46:00.633776,40820,3.011719,3.097656,3.019531,-1,166.381819,23.695539
2025-08-13T11:46:01.259777,40821,3.015625,3.101562,3.015625,-1,166.259749,23.704979
2025-08-13T11:46:01.864773,40822,3.015625,3.101562,3.015625,-1,166.381819,23.704979
2025-08-13T11:46:02.452775,40823,3.011719,3.09375,3.007812,-1,166.076643,23.704979
2025-08-13T11:46:03.028774,40824,3.011719,3.097656,3.0117190000000003,-1,166.259749,23.704979
2025-08-13T11:46:03.616776,40825,3.007812,3.097656,3.015625,-1,166.076643,23.714419
2025-08-13T11:46:04.197775,40826,3.011719,3.097656,3.007812,-1,166.015608,23.714419
2025-08-13T11:46:04.774776,40827,3.015625,3.101562,3.0117190000000003,-1,165.954573,23.714419
2025-08-13T11:46:05.356776,40828,3.015625,3.101562,3.007812,-1,165.954573,23.714419
2025-08-13T11:46:05.915774,40829,3.011719,3.097656,3.015625,-1,166.015608,23.714419
2025-08-13T11:46:06.489776,40830,3.015625,3.097656,3.0117190000000003,-1,166.015608,23.714419
2025-08-13T11:46:07.062776,40831,3.015625,3.09375,3.0117190000000003,-1,166.137678,23.714419
2025-08-13T11:46:07.618776,40832,3.011719,3.101562,3.0117190000000003,-1,166.198713,23.723859
2025-08-13T11:46:08.174775,40833,3.015625,3.097656,3.003906,-1,165.954573,23.723859
2025-08-13T11:46:08.727780,40834,3.015625,3.101562,3.023438,-1,166.198713,23.723859
2025-08-13T11:46:09.298776,40835,3.011719,3.097656,3.015625,-1,166.076643,23.723859
2025-08-13T11:46:09.877776,40836,3.015625,3.097656,3.007812,-1,166.137678,23.714419
2025-08-13T11:46:10.438775,40837,3.011719,3.101562,3.019531,-1,166.198713,23.723859
2025-08-13T11:46:10.997777,40838,3.011719,3.101562,3.023438,-1,166.076643,23.723859
2025-08-13T11:46:11.563774,40839,3.011719,3.097656,3.007812,-1,166.015608,23.723859
2025-08-13T11:46:12.146777,40840,3.011719,3.101562,3.0117190000000003,-1,165.832503,23.723859
2025-08-13T11:46:12.731775,40841,3.011719,3.097656,3.0117190000000003,-1,166.015608,23.714419
2025-08-13T11:46:13.323775,40842,3.015625,3.097656,3.0117190000000003,-1,165.832503,23.704979
2025-08-13T11:46:13.899774,40843,3.015625,3.097656,3.015625,-1,166.076643,23.704979
2025-08-13T11:46:14.478775,40844,3.011719,3.097656,3.015625,-1,165.954573,23.676659
2025-08-13T11:46:15.064775,40845,3.015625,3.105469,3.019531,-1,165.954573,23.667219
2025-08-13T11:46:15.630779,40846,3.015625,3.101562,3.003906,-1,166.076643,23.648339
2025-08-13T11:46:16.264775,40847,3.019531,3.101562,3.0117190000000003,-1,165.893538,23.638899
2025-08-13T11:46:16.845777,40848,3.011719,3.097656,3.0117190000000003,-1,166.076643,23.638899
2025-08-13T11:46:17.399777,40849,3.015625,3.09375,3.007812,-1,166.076643,23.620019
2025-08-13T11:46:17.991776,40850,3.015625,3.097656,3.0117190000000003,-1,166.198713,23.620019
2025-08-13T11:46:18.580775,40851,3.011719,3.101562,3.0117190000000003,-1,166.259749,23.610579
2025-08-13T11:46:19.173775,40852,3.011719,3.101562,3.0117190000000003,-1,166.259749,23.601138
2025-08-13T11:46:19.751776,40853,3.015625,3.101562,3.015625,-1,166.015608,23.601138
2025-08-13T11:46:20.317775,40854,3.015625,3.097656,3.015625,-1,166.076643,23.601138
2025-08-13T11:46:20.885776,40855,3.011719,3.101562,3.0117190000000003,-1,166.259749,23.591698
2025-08-13T11:46:21.443775,40856,3.011719,3.101562,3.023438,-1,166.320784,23.591698
2025-08-13T11:46:22.007775,40857,3.011719,3.09375,3.015625,-1,166.259749,23.601138
2025-08-13T11:46:22.581776,40858,3.011719,3.097656,3.015625,-1,166.137678,23.610579
2025-08-13T11:46:23.150775,40859,3.011719,3.105469,3.015625,-1,166.076643,23.610579
2025-08-13T11:46:23.715775,40860,3.015625,3.09375,3.015625,-1,166.076643,23.610579
2025-08-13T11:46:24.277778,40861,3.015625,3.097656,3.0117190000000003,-1,166.076643,23.601138
2025-08-13T11:46:24.822774,40862,3.015625,3.097656,3.0117190000000003,-1,166.076643,23.591698
2025-08-13T11:46:25.667775,40863,3.011719,3.097656,3.015625,-1,166.076643,23.582258
2025-08-13T11:46:26.227774,40864,3.011719,3.101562,3.019531,-1,166.259749,23.582258
2025-08-13T11:46:26.785775,40865,3.011719,3.105469,3.015625,-1,166.320784,23.582258
2025-08-13T11:46:27.339775,40866,3.011719,3.101562,3.023438,-1,166.503889,23.582258
2025-08-13T11:46:27.902777,40867,3.007812,3.101562,3.0117190000000003,-1,166.564924,23.582258
2025-08-13T11:46:28.480775,40868,3.019531,3.097656,3.019531,-1,166.503889,23.572817
2025-08-13T11:46:29.047777,40869,3.011719,3.097656,3.0117190000000003,-1,166.320784,23.582258
2025-08-13T11:46:29.619775,40870,3.015625,3.097656,3.0117190000000003,-1,166.442854,23.572817
2025-08-13T11:46:30.197774,40871,3.011719,3.097656,3.015625,-1,166.442854,23.582258
2025-08-13T11:46:30.798775,40872,3.011719,3.101562,3.0117190000000003,-1,166.381819,23.582258
2025-08-13T11:46:31.383775,40873,3.015625,3.09375,3.007812,-1,166.503889,23.601138
2025-08-13T11:46:31.973776,40874,3.011719,3.09375,3.015625,-1,166.320784,23.601138
2025-08-13T11:46:32.557775,40875,3.015625,3.097656,3.0117190000000003,-1,166.259749,23.610579
2025-08-13T11:46:33.157777,40876,3.007812,3.09375,3.007812,-1,166.442854,23.620019
2025-08-13T11:46:33.722777,40877,3.011719,3.097656,3.0117190000000003,-1,166.442854,23.620019
2025-08-13T11:46:34.306777,40878,3.011719,3.101562,3.015625,-1,166.503889,23.620019
2025-08-13T11:46:34.853774,40879,3.015625,3.097656,3.015625,-1,166.442854,23.620019
2025-08-13T11:46:35.427776,40880,3.011719,3.101562,3.0117190000000003,-1,166.442854,23.620019
2025-08-13T11:46:35.986774,40881,3.015625,3.101562,3.015625,-1,166.076643,23.620019
2025-08-13T11:46:36.557775,40882,3.015625,3.097656,3.015625,-1,165.954573,23.629459
2025-08-13T11:46:37.215775,40883,3.011719,3.097656,3.015625,-1,166.320784,23.629459
2025-08-13T11:46:37.770774,40884,3.015625,3.101562,3.015625,-1,166.62596,23.629459
2025-08-13T11:46:38.346776,40885,3.011719,3.101562,3.019531,-1,166.809065,23.629459
2025-08-13T11:46:38.909775,40886,3.015625,3.097656,3.003906,-1,166.8701,23.620019
2025-08-13T11:46:39.470775,40887,3.011719,3.097656,3.015625,-1,166.809065,23.620019
2025-08-13T11:46:40.069775,40888,3.015625,3.097656,3.015625,-1,166.8701,23.610579
2025-08-13T11:46:40.680774,40889,3.015625,3.101562,3.015625,-1,166.74803,23.591698
2025-08-13T11:46:41.264774,40890,3.019531,3.09375,3.007812,-1,166.809065,23.582258
2025-08-13T11:46:41.941775,40891,3.011719,3.101562,3.015625,-1,166.686995,23.582258
2025-08-13T11:46:42.608775,40892,3.015625,3.101562,3.015625,-1,166.74803,23.563376
2025-08-13T11:46:43.212776,40893,3.011719,3.097656,3.0117190000000003,-1,166.74803,23.553936
2025-08-13T11:46:43.807774,40894,3.011719,3.097656,3.015625,-1,166.809065,23.553936
2025-08-13T11:46:44.375777,40895,3.011719,3.097656,3.0117190000000003,-1,166.8701,23.553936
2025-08-13T11:46:44.960775,40896,3.011719,3.101562,3.015625,-1,166.809065,23.535054
2025-08-13T11:46:45.513774,40897,3.011719,3.097656,3.0117190000000003,-1,166.99217,23.535054
2025-08-13T11:46:46.081775,40898,3.007812,3.097656,3.0117190000000003,-1,166.931135,23.525613
2025-08-13T11:46:46.662775,40899,3.011719,3.097656,3.019531,-1,166.74803,23.506731
2025-08-13T11:46:47.228779,40900,3.015625,3.101562,3.0117190000000003,-1,166.809065,23.49729
2025-08-13T11:46:47.771775,40901,3.007812,3.097656,3.015625,-1,166.931135,23.487848
2025-08-13T11:46:48.354779,40902,3.011719,3.101562,3.015625,-1,166.74803,23.478407
2025-08-13T11:46:48.927775,40903,3.015625,3.097656,3.0117190000000003,-1,166.74803,23.478407
2025-08-13T11:46:49.504775,40904,3.015625,3.097656,3.007812,-1,166.931135,23.478407
2025-08-13T11:46:50.053774,40905,3.007812,3.097656,3.015625,-1,166.931135,23.478407
2025-08-13T11:46:50.619775,40906,3.011719,3.101562,3.015625,-1,166.74803,23.478407
2025-08-13T11:46:51.213776,40907,3.015625,3.101562,3.015625,-1,166.74803,23.478407
2025-08-13T11:46:51.774775,40908,3.015625,3.101562,3.015625,-1,166.74803,23.478407
2025-08-13T11:46:52.334775,40909,3.011719,3.101562,3.0117190000000003,-1,166.686995,23.478407
2025-08-13T11:46:52.918776,40910,3.011719,3.097656,3.0117190000000003,-1,166.74803,23.478407
2025-08-13T11:46:53.493775,40911,3.011719,3.097656,3.015625,-1,166.74803,23.478407
2025-08-13T11:46:54.047776,40912,3.007812,3.101562,3.019531,-1,166.8701,23.487848
2025-08-13T11:46:54.609774,40913,3.003906,3.09375,3.0117190000000003,-1,166.686995,23.49729
2025-08-13T11:46:55.188774,40914,3.011719,3.101562,3.015625,-1,166.686995,23.49729
2025-08-13T11:46:55.759775,40915,3.007812,3.097656,3.0117190000000003,-1,166.8701,23.49729
2025-08-13T11:46:56.330775,40916,3.011719,3.097656,3.0117190000000003,-1,166.686995,23.49729
2025-08-13T11:46:56.928775,40917,3.015625,3.089844,3.003906,-1,166.62596,23.49729
2025-08-13T11:46:57.535775,40918,3.015625,3.097656,3.015625,-1,166.686995,23.49729
2025-08-13T11:46:58.101776,40919,3.011719,3.097656,3.015625,-1,166.686995,23.487848
2025-08-13T11:46:58.679775,40920,3.011719,3.097656,3.015625,-1,166.809065,23.487848
2025-08-13T11:46:59.254775,40921,3.015625,3.101562,3.015625,-1,166.74803,23.478407
2025-08-13T11:46:59.837778,40922,3.011719,3.09375,3.0117190000000003,-1,166.8701,23.487848
2025-08-13T11:47:00.413778,40923,3.015625,3.097656,3.015625,-1,166.686995,23.478407
2025-08-13T11:47:01.049777,40924,3.007812,3.097656,3.007812,-1,166.931135,23.478407
2025-08-13T11:47:01.642775,40925,3.015625,3.09375,3.0117190000000003,-1,166.74803,23.468965
2025-08-13T11:47:02.207778,40926,3.015625,3.097656,3.0117190000000003,-1,166.686995,23.459523
2025-08-13T11:47:02.790775,40927,3.019531,3.09375,3.019531,-1,166.809065,23.450081
2025-08-13T11:47:03.384775,40928,3.007812,3.097656,3.0117190000000003,-1,166.931135,23.450081
2025-08-13T11:47:03.931775,40929,3.007812,3.097656,3.015625,-1,166.74803,23.450081
2025-08-13T11:47:04.495776,40930,3.015625,3.097656,3.007812,-1,166.686995,23.450081
2025-08-13T11:47:05.070775,40931,3.011719,3.101562,3.015625,-1,166.809065,23.459523
2025-08-13T11:47:05.656775,40932,3.011719,3.09375,3.015625,-1,166.686995,23.468965
2025-08-13T11:47:06.212775,40933,3.015625,3.101562,3.019531,-1,166.809065,23.468965
2025-08-13T11:47:06.781776,40934,3.011719,3.097656,3.015625,-1,166.809065,23.468965
2025-08-13T11:47:07.356775,40935,3.011719,3.101562,3.019531,-1,166.809065,23.468965
2025-08-13T11:47:07.923775,40936,3.015625,3.097656,3.0117190000000003,-1,166.686995,23.459523
2025-08-13T11:47:08.486775,40937,3.015625,3.097656,3.007812,-1,166.74803,23.459523
2025-08-13T11:47:09.058775,40938,3.007812,3.101562,3.015625,-1,166.8701,23.459523
2025-08-13T11:47:09.622775,40939,3.015625,3.097656,3.015625,-1,166.809065,23.440639
2025-08-13T11:47:10.184775,40940,3.011719,3.101562,3.015625,-1,166.74803,23.450081
2025-08-13T11:47:10.755779,40941,3.015625,3.097656,3.015625,-1,166.8701,23.450081
2025-08-13T11:47:11.336776,40942,3.011719,3.09375,3.015625,-1,166.74803,23.440639
2025-08-13T11:47:11.911773,40943,3.015625,3.101562,3.0117190000000003,-1,166.74803,23.440639
2025-08-13T11:47:12.492775,40944,3.011719,3.097656,3.015625,-1,166.8701,23.440639
2025-08-13T11:47:13.062778,40945,3.015625,3.101562,3.0117190000000003,-1,166.8701,23.450081
2025-08-13T11:47:13.858775,40946,3.015625,3.097656,3.0117190000000003,-1,166.931135,23.450081
2025-08-13T11:47:14.471776,40947,3.019531,3.105469,3.007812,-1,166.686995,23.440639
2025-08-13T11:47:15.044775,40948,3.011719,3.097656,3.007812,-1,166.686995,23.440639
2025-08-13T11:47:15.622775,40949,3.011719,3.097656,3.0117190000000003,-1,166.8701,23.440639
2025-08-13T11:47:16.184775,40950,3.011719,3.09375,3.0117190000000003,-1,166.74803,23.431197
2025-08-13T11:47:16.760775,40951,3.011719,3.101562,3.0117190000000003,-1,166.686995,23.431197
2025-08-13T11:47:17.330775,40952,3.015625,3.097656,3.023438,-1,166.62596,23.421754
2025-08-13T11:47:17.890774,40953,3.011719,3.101562,3.015625,-1,166.74803,23.421754
2025-08-13T11:47:18.466775,40954,3.011719,3.101562,3.0117190000000003,-1,166.809065,23.421754
2025-08-13T11:47:19.042775,40955,3.011719,3.097656,3.0117190000000003,-1,166.809065,23.421754
2025-08-13T11:47:19.602775,40956,3.007812,3.097656,3.015625,-1,166.809065,23.431197
2025-08-13T11:47:20.160774,40957,3.015625,3.09375,3.003906,-1,166.686995,23.440639
2025-08-13T11:47:20.720775,40958,3.015625,3.101562,3.0117190000000003,-1,166.8701,23.440639
2025-08-13T11:47:21.279776,40959,3.011719,3.097656,3.007812,-1,166.74803,23.431197
2025-08-13T11:47:21.873776,40960,3.011719,3.09375,3.0117190000000003,-1,166.74803,23.431197
2025-08-13T11:47:22.439775,40961,3.011719,3.101562,3.015625,-1,166.8701,23.421754
2025-08-13T11:47:23.011775,40962,3.015625,3.101562,3.015625,-1,166.686995,23.421754
2025-08-13T11:47:23.624776,40963,3.015625,3.097656,3.0117190000000003,-1,166.8701,23.421754
2025-08-13T11:47:24.198775,40964,3.015625,3.101562,3.023438,-1,166.8701,23.421754
2025-08-13T11:47:25.788774,40965,3.019531,3.101562,3.007812,-1,166.686995,23.431197
2025-08-13T11:47:26.426775,40966,3.015625,3.105469,3.015625,-1,166.809065,23.450081
2025-08-13T11:47:26.993776,40967,3.011719,3.097656,3.0117190000000003,-1,166.74803,23.450081
2025-08-13T11:47:27.590777,40968,3.007812,3.097656,3.0117190000000003,-1,166.8701,23.459523
2025-08-13T11:47:28.179775,40969,3.011719,3.097656,3.023438,-1,166.8701,23.459523
2025-08-13T11:47:28.749775,40970,3.015625,3.097656,3.0117190000000003,-1,166.8701,23.459523
2025-08-13T11:47:29.324777,40971,3.011719,3.101562,3.019531,-1,166.809065,23.459523
2025-08-13T11:47:29.916774,40972,3.015625,3.09375,3.019531,-1,166.686995,23.468965
2025-08-13T11:47:30.500775,40973,3.011719,3.097656,3.0117190000000003,-1,166.8701,23.478407
2025-08-13T11:47:31.085776,40974,3.015625,3.097656,3.0117190000000003,-1,166.931135,23.478407
2025-08-13T11:47:31.668775,40975,3.011719,3.097656,3.015625,-1,166.809065,23.478407
2025-08-13T11:47:32.239775,40976,3.011719,3.101562,3.019531,-1,166.8701,23.487848
2025-08-13T11:47:32.808777,40977,3.011719,3.097656,3.015625,-1,166.931135,23.478407
2025-08-13T11:47:33.400775,40978,3.011719,3.101562,3.0117190000000003,-1,166.931135,23.487848
2025-08-13T11:47:33.965776,40979,3.015625,3.097656,3.0117190000000003,-1,166.8701,23.49729
2025-08-13T11:47:34.522775,40980,3.015625,3.097656,3.0,-1,166.8701,23.49729
2025-08-13T11:47:35.080774,40981,3.015625,3.097656,3.007812,-1,166.809065,23.506731
2025-08-13T11:47:35.641776,40982,3.011719,3.097656,3.015625,-1,166.8701,23.506731
2025-08-13T11:47:36.205775,40983,3.011719,3.09375,3.015625,-1,166.809065,23.506731
2025-08-13T11:47:37.143775,40984,3.011719,3.097656,3.019531,-1,166.809065,23.516172
2025-08-13T11:47:37.709775,40985,3.015625,3.097656,3.015625,-1,166.74803,23.516172
2025-08-13T11:47:38.267774,40986,3.015625,3.097656,3.007812,-1,166.686995,23.506731
2025-08-13T11:47:38.841775,40987,3.015625,3.101562,3.019531,-1,166.74803,23.49729
2025-08-13T11:47:39.417775,40988,3.011719,3.09375,3.015625,-1,166.8701,23.49729
2025-08-13T11:47:40.008775,40989,3.015625,3.105469,3.0117190000000003,-1,166.74803,23.49729
2025-08-13T11:47:40.719775,40990,3.015625,3.097656,3.015625,-1,166.74803,23.49729
2025-08-13T11:47:41.292775,40991,3.011719,3.097656,3.0117190000000003,-1,166.931135,23.49729
2025-08-13T11:47:41.874775,40992,3.015625,3.097656,3.019531,-1,166.809065,23.49729
2025-08-13T11:47:42.471776,40993,3.011719,3.097656,3.0117190000000003,-1,166.809065,23.506731
2025-08-13T11:47:43.045776,40994,3.011719,3.101562,3.015625,-1,166.686995,23.49729
2025-08-13T11:47:43.616775,40995,3.015625,3.101562,3.019531,-1,166.686995,23.49729
2025-08-13T11:47:44.191775,40996,3.015625,3.097656,3.0117190000000003,-1,166.809065,23.49729
2025-08-13T11:47:44.764775,40997,3.011719,3.101562,3.015625,-1,166.74803,23.506731
2025-08-13T11:47:45.348775,40998,3.015625,3.101562,3.007812,-1,166.8701,23.506731
2025-08-13T11:47:45.975776,40999,3.011719,3.09375,3.003906,-1,166.74803,23.525613
2025-08-13T11:47:46.595775,41000,3.007812,3.105469,3.0117190000000003,-1,166.8701,23.525613
2025-08-13T11:47:47.161776,41001,3.007812,3.101562,3.015625,-1,166.74803,23.525613
2025-08-13T11:47:47.750775,41002,3.011719,3.101562,3.015625,-1,166.8701,23.525613
2025-08-13T11:47:48.327775,41003,3.015625,3.097656,3.015625,-1,166.686995,23.525613
2025-08-13T11:47:48.907775,41004,3.015625,3.09375,3.0117190000000003,-1,166.8701,23.525613
2025-08-13T11:47:49.460775,41005,3.011719,3.097656,3.015625,-1,166.74803,23.525613
2025-08-13T11:47:50.051776,41006,3.011719,3.101562,3.0117190000000003,-1,166.686995,23.525613
2025-08-13T11:47:50.637775,41007,3.011719,3.101562,3.0117190000000003,-1,166.809065,23.525613
2025-08-13T11:47:51.276777,41008,3.011719,3.097656,3.015625,-1,166.686995,23.525613
2025-08-13T11:47:51.843775,41009,3.011719,3.101562,3.003906,-1,166.8701,23.525613
2025-08-13T11:47:52.424779,41010,3.011719,3.101562,3.019531,-1,166.8701,23.525613
2025-08-13T11:47:52.990775,41011,3.007812,3.097656,3.015625,-1,166.809065,23.525613
2025-08-13T11:47:53.567775,41012,3.007812,3.101562,3.007812,-1,166.8701,23.535054
2025-08-13T11:47:54.141775,41013,3.015625,3.097656,3.007812,-1,166.8701,23.525613
2025-08-13T11:47:54.720775,41014,3.011719,3.101562,3.023438,-1,166.8701,23.516172
2025-08-13T11:47:55.281293,41015,3.011719,3.101562,3.023438,-1,166.74803,23.516172
2025-08-13T11:47:55.879292,41016,3.011719,3.101562,3.015625,-1,166.8701,23.506731
2025-08-13T11:47:56.652294,41017,3.011719,3.097656,3.015625,-1,166.809065,23.49729
2025-08-13T11:47:57.240292,41018,3.011719,3.101562,3.019531,-1,166.8701,23.487848
2025-08-13T11:47:57.818293,41019,3.007812,3.097656,3.015625,-1,166.74803,23.478407
2025-08-13T11:47:58.384292,41020,3.007812,3.101562,3.015625,-1,166.809065,23.468965
2025-08-13T11:47:58.963294,41021,3.011719,3.097656,3.015625,-1,166.809065,23.478407
2025-08-13T11:47:59.542292,41022,3.015625,3.101562,3.015625,-1,166.686995,23.468965
2025-08-13T11:48:00.100293,41023,3.011719,3.097656,3.0117190000000003,-1,166.809065,23.478407
2025-08-13T11:48:00.674292,41024,3.011719,3.101562,3.0117190000000003,-1,166.8701,23.468965
2025-08-13T11:48:01.244293,41025,3.015625,3.097656,3.007812,-1,166.686995,23.459523
2025-08-13T11:48:01.830294,41026,3.011719,3.097656,3.019531,-1,166.62596,23.459523
2025-08-13T11:48:02.387292,41027,3.011719,3.101562,3.0117190000000003,-1,166.74803,23.468965
2025-08-13T11:48:02.964294,41028,3.019531,3.101562,3.015625,-1,166.686995,23.450081
2025-08-13T11:48:03.547293,41029,3.011719,3.097656,3.0117190000000003,-1,166.686995,23.459523
2025-08-13T11:48:04.124293,41030,3.011719,3.097656,3.015625,-1,166.809065,23.459523
2025-08-13T11:48:04.684293,41031,3.015625,3.097656,3.019531,-1,166.74803,23.468965
2025-08-13T11:48:05.255293,41032,3.015625,3.101562,3.0117190000000003,-1,166.686995,23.478407
2025-08-13T11:48:06.358293,41033,3.011719,3.097656,3.015625,-1,166.809065,23.487848
2025-08-13T11:48:06.926292,41034,3.011719,3.101562,3.0117190000000003,-1,166.8701,23.478407
2025-08-13T11:48:07.488295,41035,3.015625,3.097656,3.015625,-1,166.809065,23.478407
2025-08-13T11:48:08.081292,41036,3.015625,3.101562,3.019531,-1,166.809065,23.468965
2025-08-13T11:48:08.651292,41037,3.011719,3.097656,3.007812,-1,166.62596,23.468965
2025-08-13T11:48:09.208293,41038,3.011719,3.097656,3.0117190000000003,-1,166.74803,23.459523
2025-08-13T11:48:09.784293,41039,3.011719,3.097656,3.019531,-1,166.503889,23.459523
2025-08-13T11:48:10.338296,41040,3.011719,3.097656,3.015625,-1,166.503889,23.459523
2025-08-13T11:48:10.906291,41041,3.007812,3.097656,3.015625,-1,166.076643,23.459523
2025-08-13T11:48:11.457291,41042,3.011719,3.09375,3.007812,-1,165.954573,23.450081
2025-08-13T11:48:12.060291,41043,3.011719,3.09375,3.015625,-1,166.137678,23.450081
2025-08-13T11:48:12.632292,41044,3.011719,3.101562,3.0117190000000003,-1,166.381819,23.450081
2025-08-13T11:48:13.323294,41045,3.015625,3.101562,3.015625,-1,166.442854,23.450081
2025-08-13T11:48:13.911291,41046,3.015625,3.101562,3.015625,-1,166.686995,23.440639
2025-08-13T11:48:14.496292,41047,3.011719,3.097656,3.019531,-1,166.503889,23.440639
2025-08-13T11:48:16.092292,41048,3.011719,3.101562,3.015625,-1,166.564924,23.440639
2025-08-13T11:48:16.665293,41049,3.015625,3.101562,3.015625,-1,166.809065,23.440639
2025-08-13T11:48:17.329293,41050,3.011719,3.101562,3.0117190000000003,-1,166.686995,23.440639
2025-08-13T11:48:17.904293,41051,3.011719,3.101562,3.015625,-1,166.74803,23.440639
2025-08-13T11:48:18.495293,41052,3.007812,3.097656,3.007812,-1,166.74803,23.450081
2025-08-13T11:48:19.464292,41053,3.015625,3.101562,3.0117190000000003,-1,166.62596,23.440639
2025-08-13T11:48:20.027294,41054,3.015625,3.101562,3.015625,-1,166.809065,23.440639
2025-08-13T11:48:20.608292,41055,3.015625,3.101562,3.015625,-1,166.686995,23.440639
2025-08-13T11:48:21.207292,41056,3.015625,3.101562,3.019531,-1,166.809065,23.440639
2025-08-13T11:48:22.015293,41057,3.011719,3.097656,3.007812,-1,166.686995,23.440639
2025-08-13T11:48:22.922293,41058,3.011719,3.101562,3.015625,-1,166.809065,23.431197
2025-08-13T11:48:23.514293,41059,3.007812,3.097656,3.007812,-1,166.74803,23.431197
2025-08-13T11:48:24.106292,41060,3.015625,3.101562,3.015625,-1,166.74803,23.440639
2025-08-13T11:48:24.688293,41061,3.015625,3.101562,3.015625,-1,166.809065,23.440639
2025-08-13T11:48:25.255294,41062,3.011719,3.097656,3.0117190000000003,-1,166.809065,23.440639
2025-08-13T11:48:25.855295,41063,3.011719,3.097656,3.007812,-1,166.686995,23.440639
2025-08-13T11:48:26.422295,41064,3.015625,3.097656,3.0117190000000003,-1,166.62596,23.440639
2025-08-13T11:48:27.015293,41065,3.015625,3.097656,3.015625,-1,166.62596,23.440639
2025-08-13T11:48:27.686292,41066,3.011719,3.101562,3.015625,-1,166.442854,23.440639
2025-08-13T11:48:28.243294,41067,3.007812,3.097656,3.007812,-1,166.442854,23.431197
2025-08-13T11:48:28.815293,41068,3.015625,3.101562,3.015625,-1,166.442854,23.431197
2025-08-13T11:48:30.041293,41069,3.007812,3.097656,3.019531,-1,166.259749,23.431197
2025-08-13T11:48:30.615293,41070,3.015625,3.097656,3.015625,-1,166.076643,23.450081
2025-08-13T11:48:31.204292,41071,3.015625,3.097656,3.003906,-1,165.893538,23.450081
2025-08-13T11:48:31.766292,41072,3.015625,3.09375,3.007812,-1,166.137678,23.450081
2025-08-13T11:48:32.344292,41073,3.015625,3.101562,3.0117190000000003,-1,166.381819,23.450081
2025-08-13T11:48:32.934293,41074,3.011719,3.101562,3.007812,-1,166.564924,23.450081
2025-08-13T11:48:33.510297,41075,3.015625,3.097656,3.0117190000000003,-1,166.809065,23.450081
2025-08-13T11:48:34.787294,41076,3.011719,3.09375,3.015625,-1,166.74803,23.440639
2025-08-13T11:48:35.493296,41077,3.011719,3.097656,3.015625,-1,166.62596,23.440639
2025-08-13T11:48:36.075294,41078,3.019531,3.097656,3.015625,-1,166.686995,23.440639
2025-08-13T11:48:36.648292,41079,3.011719,3.097656,3.0117190000000003,-1,166.74803,23.450081
2025-08-13T11:48:37.231292,41080,3.015625,3.101562,3.023438,-1,166.686995,23.450081
2025-08-13T11:48:37.799293,41081,3.011719,3.101562,3.0117190000000003,-1,166.686995,23.459523
2025-08-13T11:48:38.345293,41082,3.007812,3.101562,3.003906,-1,166.62596,23.468965
2025-08-13T11:48:39.056293,41083,3.011719,3.097656,3.015625,-1,166.74803,23.459523
2025-08-13T11:48:39.637292,41084,3.019531,3.101562,3.0117190000000003,-1,166.809065,23.468965
2025-08-13T11:48:40.210294,41085,3.015625,3.101562,3.007812,-1,166.809065,23.459523
2025-08-13T11:48:40.789293,41086,3.015625,3.101562,3.0117190000000003,-1,166.686995,23.450081
2025-08-13T11:48:41.381294,41087,3.015625,3.097656,3.015625,-1,166.809065,23.450081
2025-08-13T11:48:41.969294,41088,3.015625,3.101562,3.0117190000000003,-1,166.686995,23.450081
2025-08-13T11:48:42.557294,41089,3.011719,3.097656,3.015625,-1,166.686995,23.450081
2025-08-13T11:48:43.140293,41090,3.015625,3.097656,3.015625,-1,166.809065,23.450081
2025-08-13T11:48:43.710294,41091,3.007812,3.101562,3.019531,-1,166.686995,23.450081
2025-08-13T11:48:44.294292,41092,3.011719,3.101562,3.0117190000000003,-1,166.62596,23.450081
2025-08-13T11:48:44.878295,41093,3.015625,3.101562,3.0117190000000003,-1,166.62596,23.450081
2025-08-13T11:48:45.510297,41094,3.015625,3.101562,3.007812,-1,166.686995,23.450081
2025-08-13T11:48:46.181294,41095,3.011719,3.097656,3.019531,-1,166.686995,23.440639
2025-08-13T11:48:46.786293,41096,3.011719,3.097656,3.019531,-1,166.686995,23.431197
2025-08-13T11:48:47.352292,41097,3.011719,3.101562,3.019531,-1,166.62596,23.440639
2025-08-13T11:48:47.916292,41098,3.015625,3.097656,3.015625,-1,166.62596,23.440639
2025-08-13T11:48:48.471293,41099,3.015625,3.101562,3.015625,-1,166.564924,23.440639
2025-08-13T11:48:49.045293,41100,3.011719,3.097656,3.015625,-1,166.686995,23.450081
2025-08-13T11:48:49.620293,41101,3.011719,3.097656,3.015625,-1,166.809065,23.450081
2025-08-13T11:48:50.178292,41102,3.007812,3.097656,3.015625,-1,166.686995,23.450081
2025-08-13T11:48:50.738291,41103,3.011719,3.101562,3.019531,-1,166.809065,23.440639
2025-08-13T11:48:51.294293,41104,3.007812,3.101562,3.019531,-1,166.62596,23.440639
2025-08-13T11:48:51.873293,41105,3.011719,3.09375,3.019531,-1,166.74803,23.431197
2025-08-13T11:48:52.430292,41106,3.015625,3.097656,3.023438,-1,166.74803,23.440639
2025-08-13T11:48:53.010292,41107,3.011719,3.097656,3.0117190000000003,-1,166.74803,23.431197
2025-08-13T11:48:53.618292,41108,3.015625,3.097656,3.0117190000000003,-1,166.74803,23.450081
2025-08-13T11:48:54.196292,41109,3.015625,3.101562,3.023438,-1,166.74803,23.450081
2025-08-13T11:48:54.760292,41110,3.007812,3.101562,3.0117190000000003,-1,166.62596,23.450081
2025-08-13T11:48:55.322292,41111,3.015625,3.101562,3.015625,-1,166.686995,23.450081
2025-08-13T11:48:55.884293,41112,3.015625,3.097656,3.007812,-1,166.62596,23.450081
2025-08-13T11:48:56.469293,41113,3.019531,3.101562,3.0117190000000003,-1,166.564924,23.440639
2025-08-13T11:48:57.028293,41114,3.007812,3.097656,3.023438,-1,166.62596,23.440639
2025-08-13T11:48:57.615293,41115,3.011719,3.101562,3.015625,-1,166.686995,23.440639
2025-08-13T11:48:58.189291,41116,3.011719,3.097656,3.007812,-1,166.74803,23.440639
2025-08-13T11:48:58.787292,41117,3.007812,3.097656,3.015625,-1,166.809065,23.421754
2025-08-13T11:48:59.351292,41118,3.011719,3.097656,3.0117190000000003,-1,166.686995,23.431197
2025-08-13T11:48:59.935292,41119,3.015625,3.101562,3.003906,-1,166.62596,23.440639
2025-08-13T11:49:00.528293,41120,3.011719,3.097656,3.015625,-1,166.809065,23.440639
2025-08-13T11:49:01.113291,41121,3.015625,3.101562,3.015625,-1,166.74803,23.440639
2025-08-13T11:49:01.676292,41122,3.011719,3.097656,3.015625,-1,166.686995,23.440639
2025-08-13T11:49:02.251292,41123,3.011719,3.109375,3.015625,-1,166.809065,23.440639
2025-08-13T11:49:02.828293,41124,3.011719,3.101562,3.015625,-1,166.686995,23.440639
2025-08-13T11:49:03.388293,41125,3.015625,3.097656,3.003906,-1,166.62596,23.440639
2025-08-13T11:49:03.953293,41126,3.011719,3.097656,3.0117190000000003,-1,166.74803,23.431197
2025-08-13T11:49:04.513292,41127,3.015625,3.097656,3.015625,-1,166.686995,23.450081
2025-08-13T11:49:05.079292,41128,3.011719,3.101562,3.015625,-1,166.62596,23.450081
2025-08-13T11:49:05.647293,41129,3.015625,3.097656,3.0117190000000003,-1,166.686995,23.440639
2025-08-13T11:49:06.224292,41130,3.007812,3.097656,3.015625,-1,166.62596,23.440639
2025-08-13T11:49:06.801294,41131,3.015625,3.097656,3.023438,-1,166.62596,23.431197
2025-08-13T11:49:07.352292,41132,3.011719,3.101562,3.015625,-1,166.62596,23.431197
2025-08-13T11:49:07.915293,41133,3.015625,3.09375,3.007812,-1,166.62596,23.431197
2025-08-13T11:49:08.475292,41134,3.011719,3.101562,3.015625,-1,166.62596,23.440639
2025-08-13T11:49:09.042293,41135,3.011719,3.097656,3.007812,-1,166.62596,23.440639
2025-08-13T11:49:09.601293,41136,3.007812,3.097656,3.0117190000000003,-1,166.564924,23.431197
2025-08-13T11:49:10.801293,41137,3.015625,3.101562,3.015625,-1,166.74803,23.440639
2025-08-13T11:49:11.375292,41138,3.011719,3.101562,3.015625,-1,166.564924,23.450081
2025-08-13T11:49:11.961292,41139,3.015625,3.097656,3.019531,-1,166.62596,23.450081
2025-08-13T11:49:12.528292,41140,3.015625,3.097656,3.003906,-1,166.62596,23.450081
2025-08-13T11:49:13.097292,41141,3.015625,3.101562,3.007812,-1,166.564924,23.450081
2025-08-13T11:49:13.673292,41142,3.011719,3.097656,3.0117190000000003,-1,166.74803,23.450081
2025-08-13T11:49:14.236297,41143,3.011719,3.097656,3.0117190000000003,-1,166.74803,23.450081
2025-08-13T11:49:14.802293,41144,3.011719,3.097656,3.007812,-1,166.564924,23.450081
2025-08-13T11:49:15.381294,41145,3.011719,3.097656,3.023438,-1,166.686995,23.440639
2025-08-13T11:49:15.946293,41146,3.011719,3.097656,3.0117190000000003,-1,166.686995,23.440639
2025-08-13T11:49:16.518292,41147,3.011719,3.097656,3.015625,-1,166.564924,23.431197
2025-08-13T11:49:17.083293,41148,3.015625,3.097656,3.015625,-1,166.686995,23.412312
2025-08-13T11:49:17.672292,41149,3.011719,3.09375,3.015625,-1,166.686995,23.412312
2025-08-13T11:49:18.258293,41150,3.015625,3.09375,3.015625,-1,166.74803,23.412312
2025-08-13T11:49:18.814293,41151,3.011719,3.097656,3.019531,-1,166.62596,23.412312
2025-08-13T11:49:19.374292,41152,3.015625,3.097656,3.019531,-1,166.564924,23.402869
2025-08-13T11:49:20.090293,41153,3.015625,3.097656,3.007812,-1,166.62596,23.402869
2025-08-13T11:49:20.646292,41154,3.019531,3.09375,3.0117190000000003,-1,166.74803,23.412312
2025-08-13T11:49:21.206292,41155,3.011719,3.09375,3.003906,-1,166.564924,23.412312
2025-08-13T11:49:21.921292,41156,3.015625,3.097656,3.0117190000000003,-1,166.686995,23.412312
2025-08-13T11:49:22.491294,41157,3.015625,3.101562,3.015625,-1,166.74803,23.412312
2025-08-13T11:49:23.061292,41158,3.015625,3.097656,3.015625,-1,166.74803,23.421754
2025-08-13T11:49:23.623292,41159,3.011719,3.101562,3.023438,-1,166.74803,23.421754
2025-08-13T11:49:24.227293,41160,3.011719,3.101562,3.0117190000000003,-1,166.686995,23.412312
2025-08-13T11:49:24.923292,41161,3.015625,3.101562,3.007812,-1,166.809065,23.402869
2025-08-13T11:49:25.687292,41162,3.015625,3.097656,3.015625,-1,166.564924,23.402869
2025-08-13T11:49:26.398292,41163,3.011719,3.097656,3.0117190000000003,-1,166.809065,23.412312
2025-08-13T11:49:27.073293,41164,3.011719,3.097656,3.0117190000000003,-1,166.62596,23.412312
2025-08-13T11:49:27.884294,41165,3.015625,3.101562,3.0117190000000003,-1,166.62596,23.421754
2025-08-13T11:49:28.607294,41166,3.015625,3.097656,3.007812,-1,166.74803,23.421754
2025-08-13T11:49:29.209293,41167,3.015625,3.097656,3.015625,-1,166.62596,23.421754
2025-08-13T11:49:29.813294,41168,3.011719,3.097656,3.0117190000000003,-1,166.74803,23.421754
2025-08-13T11:49:30.438296,41169,3.015625,3.097656,3.0117190000000003,-1,166.62596,23.421754
2025-08-13T11:49:31.037293,41170,3.015625,3.101562,3.019531,-1,166.564924,23.431197
2025-08-13T11:49:31.636292,41171,3.011719,3.09375,3.0117190000000003,-1,166.686995,23.431197
2025-08-13T11:49:32.264294,41172,3.011719,3.097656,3.007812,-1,166.564924,23.421754
2025-08-13T11:49:32.841293,41173,3.015625,3.101562,3.0117190000000003,-1,166.564924,23.421754
2025-08-13T11:49:33.405297,41174,3.011719,3.105469,3.0117190000000003,-1,166.686995,23.421754
2025-08-13T11:49:34.000293,41175,3.011719,3.097656,3.0117190000000003,-1,166.564924,23.431197
2025-08-13T11:49:34.562292,41176,3.015625,3.097656,3.015625,-1,166.74803,23.421754
2025-08-13T11:49:35.145292,41177,3.011719,3.101562,3.007812,-1,166.74803,23.421754
2025-08-13T11:49:35.718293,41178,3.011719,3.101562,3.015625,-1,166.564924,23.431197
2025-08-13T11:49:36.313292,41179,3.011719,3.101562,3.019531,-1,166.564924,23.421754
2025-08-13T11:49:36.907293,41180,3.011719,3.097656,3.007812,-1,166.62596,23.421754
2025-08-13T11:49:37.573293,41181,3.019531,3.097656,3.0117190000000003,-1,166.62596,23.412312
2025-08-13T11:49:38.169294,41182,3.019531,3.097656,3.0273440000000003,-1,166.564924,23.402869
2025-08-13T11:49:38.791293,41183,3.007812,3.097656,3.015625,-1,166.503889,23.393426
2025-08-13T11:49:39.388295,41184,3.011719,3.097656,3.003906,-1,166.686995,23.37454
2025-08-13T11:49:39.959293,41185,3.007812,3.097656,3.019531,-1,166.686995,23.37454
2025-08-13T11:49:40.547293,41186,3.007812,3.097656,3.0117190000000003,-1,166.503889,23.37454
2025-08-13T11:49:41.178293,41187,3.011719,3.097656,3.015625,-1,166.442854,23.365097
2025-08-13T11:49:41.751294,41188,3.015625,3.09375,3.0117190000000003,-1,166.442854,23.365097
2025-08-13T11:49:42.332293,41189,3.007812,3.097656,3.015625,-1,166.381819,23.365097
2025-08-13T11:49:42.935293,41190,3.011719,3.101562,3.019531,-1,166.259749,23.365097
2025-08-13T11:49:43.530293,41191,3.011719,3.097656,3.015625,-1,166.442854,23.365097
2025-08-13T11:49:44.164295,41192,3.011719,3.101562,3.0117190000000003,-1,166.686995,23.365097
2025-08-13T11:49:44.800294,41193,3.011719,3.101562,3.007812,-1,166.74803,23.365097
2025-08-13T11:49:45.394293,41194,3.015625,3.101562,3.0117190000000003,-1,166.8701,23.37454
2025-08-13T11:49:46.029293,41195,3.011719,3.101562,3.0117190000000003,-1,166.74803,23.37454
2025-08-13T11:49:46.776293,41196,3.007812,3.09375,3.019531,-1,166.62596,23.37454
2025-08-13T11:49:47.437292,41197,3.007812,3.097656,3.015625,-1,166.74803,23.383983
2025-08-13T11:49:48.462296,41198,3.011719,3.097656,3.0117190000000003,-1,166.686995,23.383983
2025-08-13T11:49:49.434294,41199,3.003906,3.097656,3.015625,-1,166.62596,23.383983
2025-08-13T11:49:50.212297,41200,3.015625,3.097656,3.007812,-1,166.62596,23.383983
2025-08-13T11:49:50.810293,41201,3.015625,3.101562,3.0117190000000003,-1,166.62596,23.37454
2025-08-13T11:49:51.387293,41202,3.015625,3.101562,3.019531,-1,166.74803,23.37454
2025-08-13T11:49:51.980292,41203,3.011719,3.097656,3.015625,-1,166.686995,23.37454
2025-08-13T11:49:52.543293,41204,3.015625,3.097656,3.0117190000000003,-1,166.564924,23.383983
2025-08-13T11:49:53.131293,41205,3.011719,3.097656,3.007812,-1,166.564924,23.383983
2025-08-13T11:49:53.708295,41206,3.011719,3.101562,3.007812,-1,166.62596,23.383983
2025-08-13T11:49:54.311293,41207,3.007812,3.09375,3.0117190000000003,-1,166.686995,23.383983
2025-08-13T11:49:54.900293,41208,3.011719,3.101562,3.015625,-1,166.809065,23.37454
2025-08-13T11:49:55.477293,41209,3.011719,3.097656,3.015625,-1,166.74803,23.383983
2025-08-13T11:49:56.054293,41210,3.007812,3.097656,3.015625,-1,166.809065,23.37454
2025-08-13T11:49:56.998292,41211,3.015625,3.097656,3.007812,-1,166.74803,23.37454
2025-08-13T11:49:57.567292,41212,3.011719,3.101562,3.0117190000000003,-1,166.62596,23.37454
2025-08-13T11:49:58.145293,41213,3.011719,3.097656,3.015625,-1,166.381819,23.383983
2025-08-13T11:49:58.727292,41214,3.011719,3.101562,3.007812,-1,166.198713,23.393426
2025-08-13T11:49:59.311293,41215,3.011719,3.097656,3.0117190000000003,-1,166.320784,23.393426
2025-08-13T11:49:59.879295,41216,3.011719,3.097656,3.023438,-1,165.893538,23.412312
2025-08-13T11:50:00.464293,41217,3.015625,3.097656,3.0117190000000003,-1,165.588362,23.421754
2025-08-13T11:50:01.037292,41218,3.011719,3.097656,3.0117190000000003,-1,166.137678,23.431197
2025-08-13T11:50:01.641292,41219,3.015625,3.097656,3.019531,-1,166.503889,23.440639
2025-08-13T11:50:02.210292,41220,3.015625,3.101562,3.007812,-1,166.686995,23.440639
2025-08-13T11:50:02.828292,41221,3.011719,3.09375,3.007812,-1,166.62596,23.450081
2025-08-13T11:50:03.408293,41222,3.011719,3.097656,3.007812,-1,166.686995,23.450081
2025-08-13T11:50:03.988293,41223,3.011719,3.09375,3.0117190000000003,-1,166.686995,23.459523
2025-08-13T11:50:04.589292,41224,3.011719,3.101562,3.003906,-1,166.74803,23.468965
2025-08-13T11:50:05.187292,41225,3.019531,3.101562,3.007812,-1,166.809065,23.478407
2025-08-13T11:50:05.764292,41226,3.015625,3.097656,3.0117190000000003,-1,166.809065,23.487848
2025-08-13T11:50:06.355292,41227,3.011719,3.097656,3.0117190000000003,-1,166.686995,23.487848
2025-08-13T11:50:06.928292,41228,3.023438,3.105469,3.046875,-1,166.564924,23.487848
2025-08-13T11:50:07.519293,41229,3.015625,3.097656,3.019531,-1,166.62596,23.49729
2025-08-13T11:50:08.116294,41230,3.023438,3.097656,3.007812,-1,166.74803,23.49729
2025-08-13T11:50:08.725295,41231,3.015625,3.097656,3.007812,-1,166.564924,23.49729
2025-08-13T11:50:09.315293,41232,3.011719,3.101562,3.015625,-1,166.74803,23.49729
2025-08-13T11:50:09.954292,41233,3.011719,3.09375,3.0117190000000003,-1,166.686995,23.49729
2025-08-13T11:50:10.596294,41234,3.015625,3.09375,3.007812,-1,166.62596,23.49729
2025-08-13T11:50:11.286297,41235,3.015625,3.097656,3.007812,-1,166.62596,23.49729
2025-08-13T11:50:11.930294,41236,3.015625,3.101562,3.0117190000000003,-1,166.74803,23.506731
2025-08-13T11:50:12.570293,41237,3.011719,3.097656,3.015625,-1,166.686995,23.49729
2025-08-13T11:50:13.198293,41238,3.007812,3.097656,3.015625,-1,166.564924,23.506731
2025-08-13T11:50:13.820292,41239,3.015625,3.097656,3.019531,-1,166.62596,23.506731
2025-08-13T11:50:14.446294,41240,3.015625,3.097656,3.0117190000000003,-1,166.62596,23.516172
2025-08-13T11:50:15.073292,41241,3.011719,3.097656,3.0117190000000003,-1,166.74803,23.506731
2025-08-13T11:50:15.669292,41242,3.015625,3.101562,3.0117190000000003,-1,166.686995,23.516172
2025-08-13T11:50:16.266293,41243,3.011719,3.097656,3.0117190000000003,-1,166.74803,23.516172
2025-08-13T11:50:16.936293,41244,3.015625,3.097656,3.015625,-1,166.564924,23.525613
2025-08-13T11:50:17.575293,41245,3.011719,3.097656,3.015625,-1,166.74803,23.525613
2025-08-13T11:50:18.186292,41246,3.015625,3.097656,3.0117190000000003,-1,166.62596,23.535054
2025-08-13T11:50:18.796292,41247,3.011719,3.101562,3.015625,-1,166.74803,23.535054
2025-08-13T11:50:19.376295,41248,3.011719,3.101562,3.015625,-1,166.74803,23.535054
2025-08-13T11:50:19.982292,41249,3.015625,3.101562,3.015625,-1,166.62596,23.535054
2025-08-13T11:50:20.585292,41250,3.011719,3.101562,3.015625,-1,166.74803,23.544495
2025-08-13T11:50:21.207292,41251,3.015625,3.101562,3.015625,-1,166.62596,23.553936
2025-08-13T11:50:21.781293,41252,3.011719,3.09375,3.007812,-1,166.62596,23.544495
2025-08-13T11:50:22.374293,41253,3.015625,3.097656,3.015625,-1,166.8701,23.553936
2025-08-13T11:50:22.961293,41254,3.011719,3.097656,3.003906,-1,166.564924,23.553936
2025-08-13T11:50:24.162293,41255,3.015625,3.097656,3.015625,-1,166.62596,23.544495
2025-08-13T11:50:24.756293,41256,3.011719,3.097656,3.015625,-1,166.62596,23.525613
2025-08-13T11:50:25.408293,41257,3.015625,3.097656,3.015625,-1,166.62596,23.525613
2025-08-13T11:50:26.033293,41258,3.011719,3.097656,3.003906,-1,166.62596,23.525613
2025-08-13T11:50:26.623292,41259,3.011719,3.097656,3.007812,-1,166.809065,23.516172
2025-08-13T11:50:27.227294,41260,3.011719,3.101562,3.007812,-1,166.74803,23.506731
2025-08-13T11:50:27.841296,41261,3.007812,3.097656,3.015625,-1,166.564924,23.506731
2025-08-13T11:50:28.427293,41262,3.011719,3.097656,3.0117190000000003,-1,166.74803,23.525613
2025-08-13T11:50:29.005292,41263,3.015625,3.097656,3.015625,-1,166.564924,23.525613
2025-08-13T11:50:29.598293,41264,3.011719,3.097656,3.015625,-1,166.564924,23.525613
2025-08-13T11:50:30.189292,41265,3.011719,3.097656,3.015625,-1,166.564924,23.525613
2025-08-13T11:50:30.780293,41266,3.011719,3.101562,3.0117190000000003,-1,166.503889,23.535054
2025-08-13T11:50:31.386293,41267,3.015625,3.097656,3.019531,-1,166.686995,23.535054
2025-08-13T11:50:31.959297,41268,3.015625,3.101562,3.007812,-1,166.74803,23.535054
2025-08-13T11:50:32.527292,41269,3.011719,3.097656,3.019531,-1,166.686995,23.535054
2025-08-13T11:50:33.131292,41270,3.011719,3.097656,3.015625,-1,166.503889,23.535054
2025-08-13T11:50:33.697293,41271,3.015625,3.101562,3.015625,-1,166.503889,23.535054
2025-08-13T11:50:34.275292,41272,3.015625,3.097656,3.019531,-1,166.320784,23.535054
2025-08-13T11:50:34.851292,41273,3.015625,3.097656,3.015625,-1,166.259749,23.535054
2025-08-13T11:50:35.424293,41274,3.011719,3.101562,3.007812,-1,166.259749,23.544495
2025-08-13T11:50:36.024294,41275,3.011719,3.097656,3.015625,-1,165.954573,23.553936
2025-08-13T11:50:36.643293,41276,3.011719,3.097656,3.015625,-1,165.954573,23.563376
2025-08-13T11:50:37.207294,41277,3.011719,3.097656,3.0117190000000003,-1,166.564924,23.572817
2025-08-13T11:50:37.792293,41278,3.015625,3.097656,3.015625,-1,166.564924,23.572817
2025-08-13T11:50:38.393293,41279,3.015625,3.105469,3.0117190000000003,-1,166.74803,23.582258
2025-08-13T11:50:38.989293,41280,3.011719,3.097656,3.019531,-1,166.809065,23.582258
2025-08-13T11:50:39.566293,41281,3.015625,3.101562,3.019531,-1,166.809065,23.572817
2025-08-13T11:50:40.147295,41282,3.015625,3.097656,3.0117190000000003,-1,166.809065,23.572817
2025-08-13T11:50:40.732294,41283,3.011719,3.101562,3.015625,-1,166.686995,23.553936
2025-08-13T11:50:41.315292,41284,3.019531,3.097656,3.015625,-1,166.62596,23.553936
2025-08-13T11:50:41.891293,41285,3.011719,3.101562,3.0117190000000003,-1,166.686995,23.544495
2025-08-13T11:50:42.469292,41286,3.011719,3.097656,3.015625,-1,166.809065,23.544495
2025-08-13T11:50:43.044295,41287,3.011719,3.09375,3.015625,-1,166.809065,23.544495
2025-08-13T11:50:43.614292,41288,3.011719,3.097656,3.0117190000000003,-1,166.809065,23.553936
2025-08-13T11:50:44.177293,41289,3.011719,3.089844,3.0117190000000003,-1,166.809065,23.553936
2025-08-13T11:50:44.774292,41290,3.011719,3.097656,3.003906,-1,166.74803,23.563376
2025-08-13T11:50:45.343293,41291,3.011719,3.101562,3.0117190000000003,-1,166.74803,23.582258
2025-08-13T11:50:45.909292,41292,3.011719,3.101562,3.0117190000000003,-1,166.809065,23.572817
2025-08-13T11:50:46.485292,41293,3.011719,3.09375,3.015625,-1,166.809065,23.572817
2025-08-13T11:50:47.068293,41294,3.019531,3.105469,3.015625,-1,166.8701,23.582258
2025-08-13T11:50:47.659292,41295,3.015625,3.105469,3.015625,-1,166.686995,23.572817
2025-08-13T11:50:48.269292,41296,3.011719,3.101562,3.019531,-1,166.809065,23.582258
2025-08-13T11:51:09.118657,41297,3.011719,3.097656,3.0117190000000003,-1,166.686995,23.638899
2025-08-13T11:51:09.701657,41298,3.011719,3.101562,3.015625,-1,166.809065,23.638899
2025-08-13T11:51:10.280659,41299,3.015625,3.101562,3.0117190000000003,-1,166.809065,23.638899
2025-08-13T11:51:10.858656,41300,3.015625,3.097656,3.019531,-1,166.809065,23.638899
2025-08-13T11:51:11.419656,41301,3.011719,3.101562,3.015625,-1,166.686995,23.638899
2025-08-13T11:51:11.986658,41302,3.011719,3.101562,3.019531,-1,166.8701,23.648339
2025-08-13T11:51:12.590658,41303,3.011719,3.089844,3.003906,-1,166.809065,23.648339
2025-08-13T11:51:13.160656,41304,3.011719,3.101562,3.023438,-1,166.809065,23.657779
2025-08-13T11:51:13.715656,41305,3.015625,3.101562,3.0117190000000003,-1,166.8701,23.648339
2025-08-13T11:51:14.306655,41306,3.007812,3.097656,3.0117190000000003,-1,166.8701,23.648339
2025-08-13T11:51:14.879655,41307,3.015625,3.097656,3.0117190000000003,-1,166.8701,23.638899
2025-08-13T11:51:15.434655,41308,3.019531,3.097656,3.015625,-1,166.686995,23.657779
2025-08-13T11:51:15.978655,41309,3.011719,3.097656,3.0117190000000003,-1,166.809065,23.657779
2025-08-13T11:51:16.534655,41310,3.011719,3.097656,3.0117190000000003,-1,166.62596,23.667219
2025-08-13T11:51:17.080656,41311,3.015625,3.101562,3.0117190000000003,-1,166.015608,23.667219
2025-08-13T11:51:17.631655,41312,3.007812,3.101562,3.0117190000000003,-1,165.832503,23.667219
2025-08-13T11:51:18.179655,41313,3.011719,3.097656,3.015625,-1,165.954573,23.667219
2025-08-13T11:51:18.732657,41314,3.011719,3.09375,3.023438,-1,166.076643,23.657779
2025-08-13T11:51:19.282655,41315,3.011719,3.097656,3.007812,-1,166.259749,23.657779
2025-08-13T11:51:19.849655,41316,3.011719,3.101562,3.015625,-1,166.442854,23.657779
2025-08-13T11:51:20.395655,41317,3.015625,3.097656,3.019531,-1,166.503889,23.657779
2025-08-13T11:51:20.952654,41318,3.007812,3.101562,3.019531,-1,166.62596,23.667219
2025-08-13T11:51:21.500654,41319,3.007812,3.097656,3.0117190000000003,-1,166.809065,23.657779
2025-08-13T11:51:22.057655,41320,3.015625,3.097656,3.019531,-1,166.564924,23.667219
2025-08-13T11:51:22.603655,41321,3.015625,3.097656,3.015625,-1,166.686995,23.667219
2025-08-13T11:51:23.154655,41322,3.015625,3.097656,3.0117190000000003,-1,166.74803,23.676659
2025-08-13T11:51:23.699655,41323,3.011719,3.101562,3.0117190000000003,-1,166.74803,23.667219
2025-08-13T11:51:24.246655,41324,3.011719,3.097656,3.019531,-1,166.809065,23.676659
2025-08-13T11:51:24.805655,41325,3.015625,3.101562,3.007812,-1,166.686995,23.676659
2025-08-13T11:51:25.373655,41326,3.007812,3.097656,3.0117190000000003,-1,166.686995,23.686099
2025-08-13T11:51:25.929667,41327,3.015625,3.097656,3.015625,-1,166.686995,23.676659
2025-08-13T11:51:26.485657,41328,3.007812,3.097656,3.015625,-1,166.62596,23.686099
2025-08-13T11:51:27.031655,41329,3.015625,3.101562,3.015625,-1,166.62596,23.686099
2025-08-13T11:51:27.590657,41330,3.011719,3.101562,3.0117190000000003,-1,166.62596,23.686099
2025-08-13T11:51:28.164655,41331,3.011719,3.09375,3.015625,-1,166.686995,23.686099
2025-08-13T11:51:28.720655,41332,3.015625,3.097656,3.019531,-1,166.686995,23.686099
2025-08-13T11:51:29.270655,41333,3.007812,3.101562,3.023438,-1,166.686995,23.686099
2025-08-13T11:51:29.825655,41334,3.015625,3.097656,3.007812,-1,166.809065,23.676659
2025-08-13T11:51:30.374657,41335,3.015625,3.097656,3.019531,-1,166.809065,23.667219
2025-08-13T11:51:30.944657,41336,3.015625,3.101562,3.0117190000000003,-1,166.686995,23.657779
2025-08-13T11:51:31.512655,41337,3.015625,3.097656,3.0117190000000003,-1,166.74803,23.657779
2025-08-13T11:51:32.082656,41338,3.015625,3.105469,3.0117190000000003,-1,166.74803,23.657779
2025-08-13T11:51:32.639657,41339,3.015625,3.097656,3.015625,-1,166.62596,23.667219
2025-08-13T11:51:33.199655,41340,3.007812,3.097656,3.007812,-1,166.74803,23.667219
2025-08-13T11:51:33.750655,41341,3.015625,3.09375,3.015625,-1,166.74803,23.676659
2025-08-13T11:51:34.316660,41342,3.015625,3.101562,3.015625,-1,166.809065,23.667219
2025-08-13T11:51:34.876655,41343,3.019531,3.101562,3.015625,-1,166.62596,23.686099
2025-08-13T11:51:35.470655,41344,3.015625,3.101562,3.0117190000000003,-1,166.74803,23.686099
2025-08-13T11:51:36.020658,41345,3.011719,3.101562,3.019531,-1,166.74803,23.686099
2025-08-13T11:51:36.578656,41346,3.015625,3.097656,3.015625,-1,166.74803,23.686099
2025-08-13T11:51:37.700657,41347,3.011719,3.101562,3.0117190000000003,-1,166.686995,23.695539
2025-08-13T11:51:38.261655,41348,3.007812,3.097656,3.015625,-1,166.809065,23.704979
2025-08-13T11:51:38.825655,41349,3.015625,3.101562,3.015625,-1,166.62596,23.704979
2025-08-13T11:51:39.385655,41350,3.015625,3.097656,3.0117190000000003,-1,166.74803,23.714419
2025-08-13T11:51:39.954656,41351,3.015625,3.097656,3.0117190000000003,-1,166.809065,23.714419
2025-08-13T11:51:40.514657,41352,3.011719,3.09375,3.007812,-1,166.809065,23.714419
2025-08-13T11:51:41.078657,41353,3.015625,3.101562,3.015625,-1,166.62596,23.714419
2025-08-13T11:51:41.641655,41354,3.011719,3.101562,3.0117190000000003,-1,166.686995,23.714419
2025-08-13T11:51:42.216657,41355,3.015625,3.09375,3.015625,-1,166.809065,23.704979
2025-08-13T11:51:42.775655,41356,3.011719,3.097656,3.0117190000000003,-1,166.686995,23.714419
2025-08-13T11:51:43.334661,41357,3.007812,3.101562,3.0117190000000003,-1,166.62596,23.704979
2025-08-13T11:51:43.897663,41358,3.011719,3.101562,3.015625,-1,166.686995,23.714419
2025-08-13T11:51:44.467655,41359,3.003906,3.101562,3.015625,-1,166.74803,23.714419
2025-08-13T11:51:45.018655,41360,3.015625,3.105469,3.015625,-1,166.62596,23.704979
2025-08-13T11:51:45.582657,41361,3.007812,3.097656,3.0117190000000003,-1,166.62596,23.704979
2025-08-13T11:51:46.144658,41362,3.015625,3.097656,3.015625,-1,166.686995,23.704979
2025-08-13T11:51:46.723655,41363,3.003906,3.09375,3.0117190000000003,-1,166.74803,23.686099
2025-08-13T11:51:47.278656,41364,3.015625,3.097656,3.019531,-1,166.809065,23.695539
2025-08-13T11:51:47.836655,41365,3.015625,3.097656,3.0117190000000003,-1,166.809065,23.695539
2025-08-13T11:51:48.395656,41366,3.007812,3.09375,3.0273440000000003,-1,166.809065,23.676659
2025-08-13T11:51:48.958656,41367,3.011719,3.097656,3.015625,-1,166.62596,23.667219
2025-08-13T11:51:49.508656,41368,3.011719,3.101562,3.019531,-1,166.809065,23.657779
2025-08-13T11:51:50.098663,41369,3.003906,3.097656,3.007812,-1,166.686995,23.657779
2025-08-13T11:51:50.665655,41370,3.011719,3.097656,3.023438,-1,166.809065,23.657779
2025-08-13T11:51:51.233656,41371,3.007812,3.09375,3.015625,-1,166.686995,23.657779
2025-08-13T11:51:51.804657,41372,3.011719,3.105469,3.007812,-1,166.686995,23.657779
2025-08-13T11:51:52.402659,41373,3.015625,3.097656,3.0117190000000003,-1,166.62596,23.657779
2025-08-13T11:51:52.965656,41374,3.011719,3.097656,3.003906,-1,166.62596,23.648339
2025-08-13T11:51:53.544655,41375,3.015625,3.097656,3.015625,-1,166.809065,23.657779
2025-08-13T11:51:54.115655,41376,3.011719,3.097656,3.0117190000000003,-1,166.62596,23.667219
2025-08-13T11:51:54.684656,41377,3.015625,3.101562,3.0117190000000003,-1,166.74803,23.667219
2025-08-13T11:51:55.248655,41378,3.015625,3.097656,3.0117190000000003,-1,166.564924,23.667219
2025-08-13T11:51:55.814658,41379,3.015625,3.097656,3.015625,-1,166.564924,23.667219
2025-08-13T11:51:56.372655,41380,3.015625,3.097656,3.0117190000000003,-1,166.62596,23.657779
2025-08-13T11:51:56.940660,41381,3.011719,3.097656,3.0117190000000003,-1,166.564924,23.638899
2025-08-13T11:51:57.511655,41382,3.015625,3.097656,3.007812,-1,166.503889,23.629459
2025-08-13T11:51:58.074658,41383,3.007812,3.097656,3.0117190000000003,-1,166.442854,23.629459
2025-08-13T11:51:58.643655,41384,3.015625,3.097656,3.003906,-1,166.381819,23.629459
2025-08-13T11:51:59.202655,41385,3.007812,3.097656,3.015625,-1,166.564924,23.629459
2025-08-13T11:51:59.771656,41386,3.011719,3.101562,3.015625,-1,166.564924,23.629459
2025-08-13T11:52:00.338658,41387,3.011719,3.097656,3.019531,-1,166.442854,23.638899
2025-08-13T11:52:00.903655,41388,3.015625,3.097656,3.019531,-1,166.503889,23.629459
2025-08-13T11:52:01.464655,41389,3.015625,3.101562,3.015625,-1,166.381819,23.620019
2025-08-13T11:52:02.034655,41390,3.011719,3.097656,3.0117190000000003,-1,166.381819,23.620019
2025-08-13T11:52:02.601658,41391,3.015625,3.097656,3.0117190000000003,-1,166.381819,23.610579
2025-08-13T11:52:03.208655,41392,3.011719,3.101562,3.015625,-1,166.381819,23.601138
2025-08-13T11:52:03.782657,41393,3.011719,3.09375,3.0117190000000003,-1,166.381819,23.610579
2025-08-13T11:52:04.338656,41394,3.015625,3.097656,3.0117190000000003,-1,166.503889,23.601138
2025-08-13T11:52:04.898656,41395,3.011719,3.09375,3.015625,-1,166.503889,23.591698
2025-08-13T11:52:05.454657,41396,3.011719,3.101562,3.015625,-1,166.442854,23.601138
2025-08-13T11:52:06.021670,41397,3.015625,3.101562,3.0117190000000003,-1,166.320784,23.591698
2025-08-13T11:52:06.578658,41398,3.011719,3.09375,3.015625,-1,166.015608,23.601138
2025-08-13T11:52:07.161655,41399,3.007812,3.105469,3.023438,-1,165.649397,23.610579
2025-08-13T11:52:07.735657,41400,3.015625,3.101562,3.007812,-1,165.771467,23.610579
2025-08-13T11:52:08.302655,41401,3.011719,3.09375,3.007812,-1,165.466292,23.591698
2025-08-13T11:52:08.856655,41402,3.015625,3.097656,3.023438,-1,165.222151,23.591698
2025-08-13T11:52:09.424655,41403,3.011719,3.097656,3.003906,-1,165.466292,23.591698
2025-08-13T11:52:09.986666,41404,3.011719,3.101562,3.0117190000000003,-1,165.771467,23.591698
2025-08-13T11:52:10.564658,41405,3.007812,3.09375,3.007812,-1,165.771467,23.591698
2025-08-13T11:52:11.130655,41406,3.011719,3.097656,3.015625,-1,165.954573,23.582258
2025-08-13T11:52:11.713655,41407,3.015625,3.097656,3.023438,-1,166.259749,23.572817
2025-08-13T11:52:12.271663,41408,3.007812,3.097656,3.003906,-1,166.259749,23.582258
2025-08-13T11:52:12.855656,41409,3.015625,3.101562,3.007812,-1,166.381819,23.572817
2025-08-13T11:52:13.424655,41410,3.011719,3.105469,3.007812,-1,166.198713,23.563376
2025-08-13T11:52:13.993655,41411,3.015625,3.101562,3.0117190000000003,-1,166.442854,23.553936
2025-08-13T11:52:14.567656,41412,3.007812,3.097656,3.015625,-1,166.381819,23.553936
2025-08-13T11:52:15.137655,41413,3.011719,3.097656,3.023438,-1,166.564924,23.553936
2025-08-13T11:52:15.721657,41414,3.011719,3.105469,3.019531,-1,166.503889,23.563376
2025-08-13T11:52:16.296655,41415,3.011719,3.097656,3.0117190000000003,-1,166.62596,23.563376
2025-08-13T11:52:16.856655,41416,3.011719,3.097656,3.0117190000000003,-1,166.686995,23.563376
2025-08-13T11:52:17.426659,41417,3.011719,3.09375,3.015625,-1,166.74803,23.544495
2025-08-13T11:52:17.991655,41418,3.011719,3.097656,3.0117190000000003,-1,166.564924,23.544495
2025-08-13T11:52:18.573655,41419,3.011719,3.09375,3.019531,-1,166.74803,23.535054
2025-08-13T11:52:19.137657,41420,3.011719,3.101562,3.019531,-1,166.686995,23.535054
2025-08-13T11:52:19.706655,41421,3.011719,3.097656,3.019531,-1,166.686995,23.535054
2025-08-13T11:52:20.275656,41422,3.011719,3.105469,3.0117190000000003,-1,166.686995,23.535054
2025-08-13T11:52:20.845656,41423,3.015625,3.101562,3.015625,-1,166.62596,23.544495
2025-08-13T11:52:21.404659,41424,3.011719,3.101562,3.0117190000000003,-1,166.62596,23.544495
2025-08-13T11:52:21.970655,41425,3.011719,3.097656,3.007812,-1,166.686995,23.553936
2025-08-13T11:52:22.538659,41426,3.011719,3.097656,3.0117190000000003,-1,166.62596,23.553936
2025-08-13T11:52:23.122655,41427,3.011719,3.097656,3.023438,-1,166.503889,23.553936
2025-08-13T11:52:23.710657,41428,3.015625,3.101562,3.007812,-1,166.564924,23.553936
2025-08-13T11:52:24.288656,41429,3.011719,3.101562,3.023438,-1,166.62596,23.563376
2025-08-13T11:52:24.860656,41430,3.011719,3.101562,3.003906,-1,166.62596,23.572817
2025-08-13T11:52:25.452655,41431,3.011719,3.101562,3.0117190000000003,-1,166.564924,23.572817
2025-08-13T11:52:26.025655,41432,3.007812,3.101562,3.015625,-1,166.503889,23.582258
2025-08-13T11:52:26.617655,41433,3.015625,3.105469,3.0117190000000003,-1,166.62596,23.582258
2025-08-13T11:52:27.159656,41434,3.011719,3.101562,3.0117190000000003,-1,166.62596,23.582258
2025-08-13T11:52:27.714656,41435,3.019531,3.101562,3.0117190000000003,-1,166.686995,23.582258
2025-08-13T11:52:28.280656,41436,3.011719,3.097656,3.015625,-1,166.320784,23.582258
2025-08-13T11:52:28.869655,41437,3.007812,3.101562,3.015625,-1,166.686995,23.591698
2025-08-13T11:52:29.451657,41438,3.015625,3.101562,3.015625,-1,166.564924,23.591698
2025-08-13T11:52:29.998656,41439,3.015625,3.105469,3.015625,-1,166.503889,23.591698
2025-08-13T11:52:30.546655,41440,3.011719,3.101562,3.007812,-1,166.503889,23.582258
2025-08-13T11:52:31.114658,41441,3.015625,3.101562,3.019531,-1,166.686995,23.591698
2025-08-13T11:52:31.666657,41442,3.015625,3.101562,3.007812,-1,166.686995,23.572817
2025-08-13T11:52:32.221655,41443,3.015625,3.097656,3.0117190000000003,-1,166.503889,23.582258
2025-08-13T11:52:32.774655,41444,3.011719,3.097656,3.0117190000000003,-1,166.564924,23.572817
2025-08-13T11:52:33.320655,41445,3.011719,3.09375,3.015625,-1,166.62596,23.591698
2025-08-13T11:52:33.877657,41446,3.011719,3.097656,3.0117190000000003,-1,166.686995,23.582258
2025-08-13T11:52:34.434657,41447,3.015625,3.105469,3.0117190000000003,-1,166.564924,23.563376
2025-08-13T11:52:34.977655,41448,3.015625,3.097656,3.019531,-1,166.686995,23.563376
2025-08-13T11:52:35.539660,41449,3.011719,3.101562,3.023438,-1,166.62596,23.563376
2025-08-13T11:52:36.109655,41450,3.015625,3.101562,3.019531,-1,166.564924,23.563376
2025-08-13T11:52:36.675655,41451,3.007812,3.09375,3.015625,-1,166.686995,23.553936
2025-08-13T11:52:37.226657,41452,3.011719,3.097656,3.019531,-1,166.686995,23.563376
2025-08-13T11:52:37.788672,41453,3.015625,3.097656,3.003906,-1,166.686995,23.563376
2025-08-13T11:52:38.328655,41454,3.007812,3.097656,3.0117190000000003,-1,166.62596,23.563376
2025-08-13T11:52:38.891657,41455,3.015625,3.097656,3.019531,-1,166.686995,23.553936
2025-08-13T11:52:39.468655,41456,3.015625,3.101562,3.019531,-1,166.686995,23.563376
2025-08-13T11:52:40.025655,41457,3.007812,3.097656,3.015625,-1,166.442854,23.563376
2025-08-13T11:52:40.578658,41458,3.015625,3.097656,3.015625,-1,166.503889,23.553936
2025-08-13T11:52:41.125655,41459,3.015625,3.101562,3.015625,-1,166.503889,23.553936
2025-08-13T11:52:41.683655,41460,3.015625,3.101562,3.0117190000000003,-1,166.564924,23.544495
2025-08-13T11:52:42.242655,41461,3.011719,3.097656,3.019531,-1,166.564924,23.544495
2025-08-13T11:52:42.808656,41462,3.011719,3.097656,3.0117190000000003,-1,166.503889,23.535054
2025-08-13T11:52:43.367656,41463,3.015625,3.097656,3.015625,-1,166.503889,23.535054
2025-08-13T11:52:43.925655,41464,3.007812,3.097656,3.0117190000000003,-1,166.62596,23.525613
2025-08-13T11:52:44.498657,41465,3.011719,3.097656,3.0117190000000003,-1,166.503889,23.525613
2025-08-13T11:52:45.040655,41466,3.015625,3.101562,3.0117190000000003,-1,166.503889,23.525613
2025-08-13T11:52:45.607655,41467,3.015625,3.09375,3.015625,-1,166.686995,23.516172
2025-08-13T11:52:46.196657,41468,3.011719,3.101562,3.015625,-1,166.503889,23.506731
2025-08-13T11:52:46.756657,41469,3.011719,3.101562,3.023438,-1,166.564924,23.487848
2025-08-13T11:52:47.308656,41470,3.011719,3.097656,3.0117190000000003,-1,166.503889,23.478407
2025-08-13T11:52:47.866655,41471,3.011719,3.09375,3.023438,-1,166.564924,23.468965
2025-08-13T11:52:48.421655,41472,3.015625,3.101562,3.007812,-1,166.62596,23.468965
2025-08-13T11:52:48.974657,41473,3.015625,3.101562,3.0117190000000003,-1,166.62596,23.459523
2025-08-13T11:52:49.541658,41474,3.011719,3.09375,3.015625,-1,166.442854,23.459523
2025-08-13T11:52:50.093655,41475,3.015625,3.101562,3.0117190000000003,-1,166.503889,23.478407
2025-08-13T11:52:50.650655,41476,3.011719,3.101562,3.007812,-1,166.442854,23.478407
2025-08-13T11:52:51.203655,41477,3.015625,3.105469,3.015625,-1,166.442854,23.478407
2025-08-13T11:52:51.770655,41478,3.015625,3.097656,3.0117190000000003,-1,166.442854,23.49729
2025-08-13T11:52:52.332655,41479,3.011719,3.101562,3.015625,-1,166.381819,23.49729
2025-08-13T11:52:52.915655,41480,3.011719,3.097656,3.015625,-1,166.381819,23.49729
2025-08-13T11:52:53.485656,41481,3.011719,3.101562,3.0117190000000003,-1,166.442854,23.49729
2025-08-13T11:52:54.037658,41482,3.015625,3.09375,3.015625,-1,166.381819,23.49729
2025-08-13T11:52:54.606655,41483,3.011719,3.097656,3.007812,-1,166.503889,23.49729
2025-08-13T11:52:55.158656,41484,3.015625,3.101562,3.015625,-1,166.442854,23.49729
2025-08-13T11:52:55.727660,41485,3.011719,3.101562,3.015625,-1,166.259749,23.49729
2025-08-13T11:52:56.282658,41486,3.015625,3.101562,3.0117190000000003,-1,166.381819,23.487848
2025-08-13T11:52:56.867655,41487,3.011719,3.097656,3.0117190000000003,-1,166.198713,23.487848
2025-08-13T11:52:57.427654,41488,3.011719,3.101562,3.0117190000000003,-1,166.381819,23.487848
2025-08-13T11:52:57.991655,41489,3.007812,3.097656,3.019531,-1,166.137678,23.478407
2025-08-13T11:52:58.558656,41490,3.015625,3.097656,3.007812,-1,166.320784,23.487848
2025-08-13T11:52:59.111656,41491,3.011719,3.097656,3.0117190000000003,-1,166.137678,23.487848
2025-08-13T11:52:59.669656,41492,3.011719,3.09375,3.015625,-1,166.137678,23.487848
2025-08-13T11:53:00.229655,41493,3.007812,3.09375,3.035156,-1,166.259749,23.487848
2025-08-13T11:53:00.804655,41494,3.015625,3.101562,3.007812,-1,166.198713,23.487848
2025-08-13T11:53:01.368655,41495,3.015625,3.097656,3.007812,-1,166.198713,23.487848
2025-08-13T11:53:01.928655,41496,3.011719,3.097656,3.015625,-1,166.320784,23.506731
2025-08-13T11:53:02.492655,41497,3.011719,3.097656,3.015625,-1,166.320784,23.49729
2025-08-13T11:53:03.047656,41498,3.011719,3.101562,3.019531,-1,166.198713,23.506731
2025-08-13T11:53:03.626655,41499,3.011719,3.09375,3.015625,-1,166.259749,23.516172
2025-08-13T11:53:04.182655,41500,3.015625,3.101562,3.0117190000000003,-1,166.259749,23.516172
2025-08-13T11:53:04.746655,41501,3.015625,3.097656,3.0117190000000003,-1,166.320784,23.525613
2025-08-13T11:53:05.300656,41502,3.015625,3.097656,3.015625,-1,166.198713,23.516172
2025-08-13T11:53:05.868657,41503,3.015625,3.097656,3.0117190000000003,-1,166.320784,23.516172
2025-08-13T11:53:06.434656,41504,3.011719,3.101562,3.015625,-1,166.198713,23.516172
2025-08-13T11:53:07.032656,41505,3.011719,3.097656,3.019531,-1,166.381819,23.506731
2025-08-13T11:53:07.623655,41506,3.011719,3.097656,3.015625,-1,166.198713,23.506731
2025-08-13T11:53:08.194658,41507,3.007812,3.101562,3.007812,-1,166.259749,23.506731
2025-08-13T11:53:08.766655,41508,3.011719,3.101562,3.019531,-1,166.320784,23.506731
2025-08-13T11:53:09.335655,41509,3.011719,3.097656,3.015625,-1,166.320784,23.506731
2025-08-13T11:53:09.908656,41510,3.011719,3.097656,3.015625,-1,166.442854,23.506731
2025-08-13T11:53:10.473656,41511,3.019531,3.101562,3.0117190000000003,-1,166.381819,23.506731
2025-08-13T11:53:11.043657,41512,3.011719,3.105469,3.007812,-1,166.442854,23.49729
2025-08-13T11:53:11.605655,41513,3.011719,3.097656,3.015625,-1,166.259749,23.506731
2025-08-13T11:53:12.170655,41514,3.015625,3.101562,3.0117190000000003,-1,166.320784,23.506731
2025-08-13T11:53:12.738655,41515,3.011719,3.097656,3.0117190000000003,-1,166.198713,23.516172
2025-08-13T11:53:13.299657,41516,3.015625,3.09375,3.0117190000000003,-1,166.320784,23.506731
2025-08-13T11:53:13.862655,41517,3.011719,3.097656,3.015625,-1,166.320784,23.516172
2025-08-13T11:53:14.417656,41518,3.011719,3.101562,3.003906,-1,166.320784,23.506731
2025-08-13T11:53:14.980655,41519,3.015625,3.101562,3.0117190000000003,-1,166.198713,23.506731
2025-08-13T11:53:15.552659,41520,3.015625,3.101562,3.015625,-1,166.381819,23.506731
2025-08-13T11:53:16.117656,41521,3.007812,3.101562,3.019531,-1,166.259749,23.49729
2025-08-13T11:53:16.678655,41522,3.011719,3.097656,3.0117190000000003,-1,166.259749,23.49729
2025-08-13T11:53:17.236657,41523,3.015625,3.097656,3.015625,-1,166.198713,23.487848
2025-08-13T11:53:17.812655,41524,3.015625,3.101562,3.0117190000000003,-1,166.259749,23.49729
2025-08-13T11:53:18.381657,41525,3.015625,3.09375,3.015625,-1,166.076643,23.487848
2025-08-13T11:53:18.952655,41526,3.011719,3.101562,3.007812,-1,166.198713,23.478407
2025-08-13T11:53:19.515656,41527,3.015625,3.097656,3.0117190000000003,-1,166.137678,23.478407
2025-08-13T11:53:20.079655,41528,3.011719,3.101562,3.019531,-1,166.320784,23.478407
2025-08-13T11:53:20.661657,41529,3.011719,3.101562,3.0117190000000003,-1,166.198713,23.478407
2025-08-13T11:53:21.215655,41530,3.011719,3.097656,3.0117190000000003,-1,166.381819,23.468965
2025-08-13T11:53:21.788655,41531,3.015625,3.101562,3.015625,-1,166.320784,23.459523
2025-08-13T11:53:22.356655,41532,3.011719,3.097656,3.015625,-1,166.320784,23.450081
2025-08-13T11:53:22.948666,41533,3.011719,3.105469,3.007812,-1,166.198713,23.450081
2025-08-13T11:53:23.510655,41534,3.007812,3.101562,3.015625,-1,166.259749,23.459523
2025-08-13T11:53:24.090655,41535,3.015625,3.09375,3.015625,-1,166.320784,23.468965
2025-08-13T11:53:24.683655,41536,3.015625,3.101562,3.0117190000000003,-1,166.259749,23.468965
2025-08-13T11:53:25.252656,41537,3.015625,3.089844,3.019531,-1,166.442854,23.478407
2025-08-13T11:53:25.813655,41538,3.015625,3.097656,3.007812,-1,166.381819,23.468965
2025-08-13T11:53:26.376655,41539,3.011719,3.097656,3.023438,-1,166.442854,23.459523
2025-08-13T11:53:26.943674,41540,3.011719,3.097656,3.015625,-1,166.381819,23.459523
2025-08-13T11:53:27.511657,41541,3.011719,3.097656,3.0117190000000003,-1,166.381819,23.459523
2025-08-13T11:53:28.076656,41542,3.011719,3.097656,3.015625,-1,166.442854,23.468965
2025-08-13T11:53:28.653656,41543,3.011719,3.097656,3.0117190000000003,-1,166.381819,23.468965
2025-08-13T11:53:29.213655,41544,3.015625,3.09375,3.015625,-1,166.381819,23.468965
2025-08-13T11:53:29.783657,41545,3.011719,3.097656,3.007812,-1,166.503889,23.478407
2025-08-13T11:53:30.343655,41546,3.011719,3.101562,3.003906,-1,166.503889,23.468965
2025-08-13T11:53:30.912657,41547,3.015625,3.101562,3.015625,-1,166.564924,23.478407
2025-08-13T11:53:31.476664,41548,3.007812,3.105469,3.0117190000000003,-1,166.686995,23.478407
2025-08-13T11:53:32.047656,41549,3.007812,3.097656,3.015625,-1,166.62596,23.49729
2025-08-13T11:53:32.620655,41550,3.015625,3.09375,3.015625,-1,166.686995,23.49729
2025-08-13T11:53:33.179658,41551,3.011719,3.097656,3.007812,-1,166.503889,23.49729
2025-08-13T11:53:33.764655,41552,3.015625,3.101562,3.007812,-1,166.62596,23.487848
2025-08-13T11:53:34.329655,41553,3.015625,3.097656,3.015625,-1,166.62596,23.487848
2025-08-13T11:53:34.894656,41554,3.011719,3.097656,3.015625,-1,166.62596,23.487848
2025-08-13T11:53:35.460658,41555,3.015625,3.097656,3.015625,-1,166.564924,23.487848
2025-08-13T11:53:36.020655,41556,3.007812,3.097656,3.007812,-1,166.503889,23.487848
2025-08-13T11:53:36.613655,41557,3.011719,3.09375,3.0117190000000003,-1,166.503889,23.487848
2025-08-13T11:53:37.175655,41558,3.011719,3.101562,3.007812,-1,166.564924,23.49729
2025-08-13T11:53:37.762660,41559,3.015625,3.09375,3.015625,-1,166.503889,23.506731
2025-08-13T11:53:38.317656,41560,3.007812,3.097656,3.015625,-1,166.503889,23.49729
2025-08-13T11:53:38.898655,41561,3.011719,3.101562,3.019531,-1,166.442854,23.49729
2025-08-13T11:53:39.459655,41562,3.015625,3.105469,3.015625,-1,166.381819,23.487848
2025-08-13T11:53:40.023656,41563,3.015625,3.101562,3.0117190000000003,-1,166.503889,23.49729
2025-08-13T11:53:40.586655,41564,3.015625,3.105469,3.0117190000000003,-1,166.442854,23.487848
2025-08-13T11:53:41.155657,41565,3.011719,3.097656,3.0117190000000003,-1,166.442854,23.487848
2025-08-13T11:53:41.758655,41566,3.011719,3.101562,3.0117190000000003,-1,166.442854,23.49729
2025-08-13T11:53:42.337657,41567,3.015625,3.097656,3.015625,-1,166.442854,23.487848
2025-08-13T11:53:42.915656,41568,3.015625,3.097656,3.015625,-1,166.62596,23.487848
2025-08-13T11:53:43.506655,41569,3.015625,3.097656,3.007812,-1,166.564924,23.478407
2025-08-13T11:53:44.078656,41570,3.011719,3.101562,3.0117190000000003,-1,166.564924,23.478407
2025-08-13T11:53:44.659657,41571,3.011719,3.097656,3.019531,-1,166.62596,23.487848
2025-08-13T11:53:45.226655,41572,3.011719,3.105469,3.0117190000000003,-1,166.503889,23.49729
2025-08-13T11:53:45.802659,41573,3.015625,3.097656,3.007812,-1,166.503889,23.49729
2025-08-13T11:53:46.358657,41574,3.011719,3.101562,3.019531,-1,166.62596,23.487848
2025-08-13T11:53:46.929657,41575,3.015625,3.09375,3.015625,-1,166.686995,23.487848
2025-08-13T11:53:47.508656,41576,3.011719,3.09375,3.0117190000000003,-1,166.686995,23.487848
2025-08-13T11:53:48.077658,41577,3.011719,3.097656,3.019531,-1,166.564924,23.478407
2025-08-13T11:53:48.643655,41578,3.011719,3.097656,3.003906,-1,166.564924,23.487848
2025-08-13T11:53:49.209655,41579,3.015625,3.101562,3.019531,-1,166.564924,23.478407
2025-08-13T11:53:49.776655,41580,3.011719,3.101562,3.019531,-1,166.564924,23.478407
2025-08-13T11:53:50.363655,41581,3.011719,3.097656,3.0117190000000003,-1,166.564924,23.478407
2025-08-13T11:53:50.921662,41582,3.011719,3.101562,3.015625,-1,166.503889,23.468965
2025-08-13T11:53:51.495655,41583,3.015625,3.097656,3.0117190000000003,-1,166.686995,23.468965
2025-08-13T11:53:52.063655,41584,3.011719,3.097656,3.015625,-1,166.442854,23.478407
2025-08-13T11:53:52.649655,41585,3.015625,3.105469,3.015625,-1,166.686995,23.478407
2025-08-13T11:53:53.208655,41586,3.011719,3.097656,3.0117190000000003,-1,166.686995,23.478407
2025-08-13T11:53:53.783655,41587,3.011719,3.097656,3.015625,-1,166.564924,23.478407
2025-08-13T11:53:54.373655,41588,3.011719,3.097656,3.0117190000000003,-1,166.686995,23.478407
2025-08-13T11:53:54.945655,41589,3.015625,3.097656,3.015625,-1,166.564924,23.468965
2025-08-13T11:53:55.519655,41590,3.011719,3.105469,3.007812,-1,166.503889,23.478407
2025-08-13T11:53:56.107655,41591,3.011719,3.105469,3.015625,-1,166.62596,23.478407
2025-08-13T11:53:56.684658,41592,3.011719,3.097656,3.007812,-1,166.503889,23.478407
2025-08-13T11:53:57.273657,41593,3.011719,3.097656,3.0117190000000003,-1,166.503889,23.478407
2025-08-13T11:53:57.837656,41594,3.011719,3.097656,3.007812,-1,166.564924,23.49729
2025-08-13T11:53:58.419656,41595,3.015625,3.097656,3.0117190000000003,-1,166.503889,23.49729
2025-08-13T11:53:58.984655,41596,3.015625,3.09375,3.0117190000000003,-1,166.564924,23.506731
2025-08-13T11:53:59.555657,41597,3.011719,3.101562,3.015625,-1,166.564924,23.516172
2025-08-13T11:54:00.128657,41598,3.011719,3.097656,3.015625,-1,166.564924,23.516172
2025-08-13T11:54:00.924655,41599,3.011719,3.101562,3.0117190000000003,-1,166.564924,23.516172
2025-08-13T11:54:01.495657,41600,3.011719,3.097656,3.007812,-1,166.564924,23.516172
2025-08-13T11:54:02.064655,41601,3.015625,3.097656,3.023438,-1,166.503889,23.516172
2025-08-13T11:54:02.652655,41602,3.015625,3.097656,3.007812,-1,166.686995,23.525613
2025-08-13T11:54:03.223655,41603,3.019531,3.101562,3.015625,-1,166.503889,23.516172
2025-08-13T11:54:03.791656,41604,3.011719,3.097656,3.0117190000000003,-1,166.62596,23.516172
2025-08-13T11:54:04.362656,41605,3.011719,3.101562,3.015625,-1,166.503889,23.506731
2025-08-13T11:54:04.930665,41606,3.011719,3.097656,3.015625,-1,166.74803,23.49729
2025-08-13T11:54:05.497657,41607,3.015625,3.101562,3.015625,-1,166.564924,23.487848
2025-08-13T11:54:06.060657,41608,3.015625,3.097656,3.019531,-1,166.564924,23.487848
2025-08-13T11:54:06.649657,41609,3.011719,3.097656,3.019531,-1,166.503889,23.487848
2025-08-13T11:54:07.208655,41610,3.011719,3.097656,3.007812,-1,166.503889,23.478407
2025-08-13T11:54:07.782657,41611,3.007812,3.097656,3.019531,-1,166.686995,23.478407
2025-08-13T11:54:08.343655,41612,3.011719,3.097656,3.015625,-1,166.62596,23.468965
2025-08-13T11:54:08.925655,41613,3.011719,3.101562,3.019531,-1,166.503889,23.468965
2025-08-13T11:54:09.495655,41614,3.007812,3.097656,3.015625,-1,166.686995,23.468965
2025-08-13T11:54:10.063655,41615,3.011719,3.097656,3.007812,-1,166.503889,23.459523
2025-08-13T11:54:10.636656,41616,3.011719,3.097656,3.0117190000000003,-1,166.381819,23.468965
2025-08-13T11:54:11.204655,41617,3.015625,3.097656,3.007812,-1,166.503889,23.468965
2025-08-13T11:54:11.792655,41618,3.011719,3.097656,3.023438,-1,166.381819,23.459523
2025-08-13T11:54:12.873657,41619,3.011719,3.097656,3.007812,-1,166.137678,23.468965
2025-08-13T11:54:13.446655,41620,3.007812,3.097656,3.007812,-1,166.076643,23.450081
2025-08-13T11:54:14.035670,41621,3.011719,3.097656,3.0117190000000003,-1,165.954573,23.459523
2025-08-13T11:54:14.609656,41622,3.015625,3.101562,3.0117190000000003,-1,165.954573,23.459523
2025-08-13T11:54:15.170655,41623,3.015625,3.105469,3.0117190000000003,-1,165.954573,23.468965
2025-08-13T11:54:15.746657,41624,3.011719,3.105469,3.023438,-1,165.954573,23.468965
2025-08-13T11:54:16.383655,41625,3.007812,3.101562,3.003906,-1,165.893538,23.468965
2025-08-13T11:54:16.957655,41626,3.003906,3.097656,3.015625,-1,165.771467,23.478407
2025-08-13T11:54:17.523656,41627,3.015625,3.101562,3.015625,-1,165.466292,23.478407
2025-08-13T11:54:18.097656,41628,3.015625,3.105469,3.007812,-1,165.527327,23.478407
2025-08-13T11:54:18.683656,41629,3.011719,3.097656,3.0117190000000003,-1,165.466292,23.487848
2025-08-13T11:54:19.252655,41630,3.011719,3.097656,3.0117190000000003,-1,165.344221,23.487848
2025-08-13T11:54:19.817657,41631,3.003906,3.097656,3.007812,-1,165.344221,23.487848
2025-08-13T11:54:20.388655,41632,3.007812,3.097656,3.007812,-1,165.405257,23.49729
2025-08-13T11:54:20.954669,41633,3.011719,3.101562,3.023438,-1,165.527327,23.49729
2025-08-13T11:54:21.532655,41634,3.007812,3.097656,3.023438,-1,165.527327,23.506731
2025-08-13T11:54:22.099667,41635,3.011719,3.101562,3.015625,-1,165.344221,23.516172
2025-08-13T11:54:22.679658,41636,3.007812,3.101562,3.015625,-1,165.466292,23.516172
2025-08-13T11:54:23.243657,41637,3.011719,3.097656,3.007812,-1,165.527327,23.525613
2025-08-13T11:54:23.814657,41638,3.015625,3.09375,3.015625,-1,165.405257,23.525613
2025-08-13T11:54:24.374655,41639,3.011719,3.101562,3.0117190000000003,-1,165.405257,23.525613
2025-08-13T11:54:24.947657,41640,3.019531,3.097656,3.0117190000000003,-1,165.466292,23.535054
2025-08-13T11:54:25.519657,41641,3.015625,3.097656,3.015625,-1,165.466292,23.544495
2025-08-13T11:54:26.114657,41642,3.015625,3.097656,3.023438,-1,165.344221,23.544495
2025-08-13T11:54:26.679655,41643,3.015625,3.097656,3.007812,-1,165.527327,23.553936
2025-08-13T11:54:27.250655,41644,3.015625,3.097656,3.0117190000000003,-1,165.405257,23.553936
2025-08-13T11:54:27.818659,41645,3.011719,3.101562,3.015625,-1,165.405257,23.563376
2025-08-13T11:54:28.453656,41646,3.011719,3.101562,3.015625,-1,165.405257,23.563376
2025-08-13T11:54:29.057668,41647,3.015625,3.097656,3.007812,-1,165.527327,23.563376
2025-08-13T11:54:29.650664,41648,3.015625,3.101562,3.019531,-1,165.405257,23.572817
2025-08-13T11:54:30.221655,41649,3.011719,3.097656,3.0117190000000003,-1,165.466292,23.582258
2025-08-13T11:54:30.819657,41650,3.015625,3.105469,3.0117190000000003,-1,165.344221,23.582258
2025-08-13T11:54:31.374655,41651,3.015625,3.097656,3.015625,-1,165.405257,23.582258
2025-08-13T11:54:31.936657,41652,3.015625,3.101562,3.003906,-1,165.344221,23.582258
2025-08-13T11:54:32.491655,41653,3.015625,3.097656,3.007812,-1,165.344221,23.582258
2025-08-13T11:54:33.060655,41654,3.015625,3.101562,3.0117190000000003,-1,165.527327,23.582258
2025-08-13T11:54:33.619656,41655,3.011719,3.101562,3.0273440000000003,-1,165.466292,23.572817
2025-08-13T11:54:34.190655,41656,3.011719,3.097656,3.023438,-1,165.344221,23.572817
2025-08-13T11:54:34.750655,41657,3.015625,3.101562,3.0117190000000003,-1,165.344221,23.572817
2025-08-13T11:54:35.320656,41658,3.015625,3.09375,3.0117190000000003,-1,165.466292,23.563376
2025-08-13T11:54:35.883657,41659,3.011719,3.09375,3.007812,-1,165.527327,23.553936
2025-08-13T11:54:36.448657,41660,3.011719,3.097656,3.019531,-1,165.344221,23.563376
2025-08-13T11:54:37.012663,41661,3.011719,3.097656,3.015625,-1,165.588362,23.563376
2025-08-13T11:54:37.578655,41662,3.011719,3.101562,3.019531,-1,165.588362,23.563376
2025-08-13T11:54:38.138657,41663,3.007812,3.097656,3.015625,-1,165.588362,23.544495
2025-08-13T11:54:38.735655,41664,3.019531,3.097656,3.015625,-1,165.405257,23.544495
2025-08-13T11:54:39.297656,41665,3.007812,3.101562,3.015625,-1,165.588362,23.553936
2025-08-13T11:54:39.868657,41666,3.015625,3.101562,3.0117190000000003,-1,165.405257,23.544495
2025-08-13T11:54:40.430655,41667,3.011719,3.097656,3.0117190000000003,-1,165.527327,23.553936
2025-08-13T11:54:40.997655,41668,3.011719,3.097656,3.007812,-1,165.527327,23.553936
2025-08-13T11:54:41.561655,41669,3.011719,3.101562,3.007812,-1,165.527327,23.544495
2025-08-13T11:54:42.125658,41670,3.015625,3.105469,3.007812,-1,165.405257,23.544495
2025-08-13T11:54:42.685657,41671,3.011719,3.097656,3.0117190000000003,-1,165.344221,23.544495
2025-08-13T11:54:43.247655,41672,3.011719,3.097656,3.0117190000000003,-1,165.466292,23.535054
2025-08-13T11:54:43.815655,41673,3.019531,3.101562,3.015625,-1,165.588362,23.544495
2025-08-13T11:54:44.393657,41674,3.011719,3.097656,3.015625,-1,165.588362,23.553936
2025-08-13T11:54:44.963656,41675,3.007812,3.097656,3.007812,-1,165.466292,23.544495
2025-08-13T11:54:45.523657,41676,3.007812,3.101562,3.019531,-1,165.466292,23.553936
2025-08-13T11:54:46.097659,41677,3.015625,3.101562,3.019531,-1,165.527327,23.544495
2025-08-13T11:54:46.667657,41678,3.015625,3.097656,3.0117190000000003,-1,165.466292,23.553936
2025-08-13T11:54:47.233657,41679,3.007812,3.101562,3.015625,-1,165.588362,23.553936
2025-08-13T11:54:47.808655,41680,3.011719,3.097656,3.0117190000000003,-1,165.344221,23.553936
2025-08-13T11:54:48.373655,41681,3.015625,3.105469,3.015625,-1,165.466292,23.553936
2025-08-13T11:54:48.942658,41682,3.011719,3.097656,3.0117190000000003,-1,165.527327,23.553936
2025-08-13T11:54:49.501658,41683,3.011719,3.089844,3.015625,-1,165.405257,23.553936
2025-08-13T11:54:50.090656,41684,3.007812,3.097656,3.015625,-1,165.283186,23.544495
2025-08-13T11:54:50.652656,41685,3.015625,3.105469,3.007812,-1,165.283186,23.544495
2025-08-13T11:54:51.220655,41686,3.007812,3.101562,3.0117190000000003,-1,165.405257,23.544495
2025-08-13T11:54:51.780655,41687,3.011719,3.105469,3.015625,-1,165.527327,23.535054
2025-08-13T11:54:52.358655,41688,3.019531,3.097656,3.0273440000000003,-1,165.588362,23.535054
2025-08-13T11:54:53.624656,41689,3.011719,3.097656,3.007812,-1,165.527327,23.535054
2025-08-13T11:54:54.186655,41690,3.011719,3.101562,3.0117190000000003,-1,165.649397,23.525613
2025-08-13T11:54:54.771658,41691,3.011719,3.101562,3.015625,-1,165.832503,23.516172
2025-08-13T11:54:55.343655,41692,3.015625,3.097656,3.0117190000000003,-1,166.015608,23.516172
2025-08-13T11:54:55.912657,41693,3.011719,3.097656,3.015625,-1,165.954573,23.506731
2025-08-13T11:54:56.474655,41694,3.011719,3.097656,3.0117190000000003,-1,166.015608,23.506731
2025-08-13T11:54:57.048657,41695,3.015625,3.105469,3.0117190000000003,-1,166.076643,23.506731
2025-08-13T11:54:57.611657,41696,3.015625,3.097656,3.0117190000000003,-1,166.198713,23.516172
2025-08-13T11:54:58.193656,41697,3.011719,3.097656,3.019531,-1,166.198713,23.49729
2025-08-13T11:54:58.752655,41698,3.019531,3.09375,3.007812,-1,166.076643,23.49729
2025-08-13T11:54:59.322655,41699,3.011719,3.101562,3.007812,-1,166.076643,23.49729
2025-08-13T11:54:59.898660,41700,3.015625,3.097656,3.015625,-1,166.015608,23.506731
2025-08-13T11:55:00.510656,41701,3.015625,3.101562,3.007812,-1,166.076643,23.49729
2025-08-13T11:55:01.119655,41702,3.015625,3.101562,3.015625,-1,166.015608,23.49729
2025-08-13T11:55:01.686654,41703,3.015625,3.097656,3.015625,-1,166.198713,23.49729
2025-08-13T11:55:02.271657,41704,3.019531,3.105469,3.015625,-1,166.198713,23.49729
2025-08-13T11:55:02.841656,41705,3.015625,3.101562,3.0117190000000003,-1,166.198713,23.49729
2025-08-13T11:55:03.408656,41706,3.011719,3.105469,3.015625,-1,166.198713,23.487848
2025-08-13T11:55:03.977655,41707,3.015625,3.097656,3.007812,-1,166.259749,23.487848
2025-08-13T11:55:04.536655,41708,3.015625,3.097656,3.007812,-1,166.259749,23.487848
2025-08-13T11:55:05.105655,41709,3.015625,3.097656,3.0117190000000003,-1,166.381819,23.478407
2025-08-13T11:55:05.667660,41710,3.015625,3.105469,3.0117190000000003,-1,166.259749,23.478407
2025-08-13T11:55:06.235655,41711,3.011719,3.101562,3.0117190000000003,-1,166.259749,23.478407
2025-08-13T11:55:06.807658,41712,3.011719,3.101562,3.015625,-1,166.442854,23.478407
2025-08-13T11:55:07.381655,41713,3.011719,3.097656,3.003906,-1,166.442854,23.487848
2025-08-13T11:55:07.946655,41714,3.011719,3.101562,3.007812,-1,166.320784,23.49729
2025-08-13T11:55:08.517657,41715,3.015625,3.097656,3.007812,-1,166.503889,23.49729
2025-08-13T11:55:09.074655,41716,3.007812,3.101562,3.015625,-1,166.503889,23.49729
2025-08-13T11:55:09.650655,41717,3.011719,3.097656,3.015625,-1,166.381819,23.506731
2025-08-13T11:55:10.223656,41718,3.011719,3.09375,3.007812,-1,166.442854,23.506731
2025-08-13T11:55:10.791658,41719,3.015625,3.097656,3.015625,-1,166.381819,23.506731
2025-08-13T11:55:11.408661,41720,3.011719,3.105469,3.0117190000000003,-1,166.564924,23.506731
2025-08-13T11:55:12.040659,41721,3.011719,3.097656,3.015625,-1,166.503889,23.516172
2025-08-13T11:55:12.688659,41722,3.011719,3.097656,3.0117190000000003,-1,166.320784,23.506731
2025-08-13T11:55:13.330657,41723,3.011719,3.101562,3.007812,-1,166.503889,23.506731
2025-08-13T11:55:13.945655,41724,3.011719,3.097656,3.0117190000000003,-1,166.503889,23.516172
2025-08-13T11:55:14.544658,41725,3.015625,3.101562,3.015625,-1,166.503889,23.516172
2025-08-13T11:55:15.126659,41726,3.019531,3.105469,3.007812,-1,166.442854,23.525613
2025-08-13T11:55:15.716655,41727,3.015625,3.097656,3.015625,-1,166.442854,23.516172
2025-08-13T11:55:16.813658,41728,3.015625,3.097656,3.0,-1,166.259749,23.516172
2025-08-13T11:55:21.580658,41729,3.015625,3.097656,3.015625,-1,166.503889,23.516172
2025-08-13T11:55:22.920656,41730,3.019531,3.101562,3.007812,-1,166.442854,23.49729
2025-08-13T11:55:24.299655,41731,3.011719,3.105469,3.015625,-1,166.381819,23.49729
2025-08-13T11:55:25.790655,41732,3.011719,3.09375,3.0117190000000003,-1,166.503889,23.506731
2025-08-13T11:55:27.907659,41733,3.011719,3.101562,3.015625,-1,166.564924,23.506731
2025-08-13T11:55:30.925660,41734,3.015625,3.097656,3.0117190000000003,-1,166.381819,23.506731
2025-08-13T11:55:32.036655,41735,3.015625,3.101562,3.015625,-1,166.62596,23.506731
2025-08-13T11:55:32.810657,41736,3.015625,3.101562,3.007812,-1,166.320784,23.525613
2025-08-13T11:55:33.627655,41737,3.011719,3.097656,3.0117190000000003,-1,166.320784,23.525613
2025-08-13T11:55:34.237656,41738,3.015625,3.097656,3.007812,-1,166.259749,23.516172
2025-08-13T11:55:34.843656,41739,3.011719,3.101562,3.0117190000000003,-1,166.259749,23.516172
2025-08-13T11:55:35.423656,41740,3.011719,3.097656,3.015625,-1,166.381819,23.525613
2025-08-13T11:55:36.027657,41741,3.015625,3.105469,3.015625,-1,166.442854,23.516172
2025-08-13T11:55:36.618655,41742,3.011719,3.09375,3.0117190000000003,-1,166.442854,23.525613
2025-08-13T11:55:37.225657,41743,3.015625,3.097656,3.019531,-1,166.442854,23.525613
2025-08-13T11:55:37.838660,41744,3.011719,3.097656,3.019531,-1,166.259749,23.535054
2025-08-13T11:55:38.435657,41745,3.011719,3.097656,3.0117190000000003,-1,166.320784,23.535054
2025-08-13T11:55:39.021657,41746,3.011719,3.101562,3.0117190000000003,-1,166.442854,23.544495
2025-08-13T11:55:39.630659,41747,3.015625,3.097656,3.019531,-1,166.503889,23.544495
2025-08-13T11:55:40.211655,41748,3.011719,3.105469,3.015625,-1,166.442854,23.553936
2025-08-13T11:55:40.811656,41749,3.015625,3.101562,3.007812,-1,166.320784,23.553936
2025-08-13T11:55:41.401655,41750,3.011719,3.097656,3.0117190000000003,-1,166.442854,23.553936
2025-08-13T11:55:42.000655,41751,3.011719,3.101562,3.0117190000000003,-1,166.503889,23.563376
2025-08-13T11:55:42.597657,41752,3.015625,3.101562,3.0117190000000003,-1,166.320784,23.563376
2025-08-13T11:55:43.195657,41753,3.011719,3.101562,3.0117190000000003,-1,166.503889,23.563376
2025-08-13T11:55:43.813656,41754,3.011719,3.101562,3.019531,-1,166.503889,23.563376
2025-08-13T11:55:44.478656,41755,3.011719,3.097656,3.0117190000000003,-1,166.320784,23.572817
2025-08-13T11:55:45.095659,41756,3.011719,3.097656,3.015625,-1,166.442854,23.572817
2025-08-13T11:55:45.703655,41757,3.015625,3.101562,3.019531,-1,166.381819,23.582258
2025-08-13T11:55:46.309655,41758,3.011719,3.097656,3.019531,-1,166.381819,23.582258
2025-08-13T11:55:46.914655,41759,3.011719,3.101562,3.015625,-1,166.564924,23.591698
2025-08-13T11:55:47.512656,41760,3.015625,3.097656,3.0117190000000003,-1,166.564924,23.591698
2025-08-13T11:55:48.116655,41761,3.011719,3.101562,3.015625,-1,166.564924,23.591698
2025-08-13T11:55:48.722657,41762,3.023438,3.101562,3.015625,-1,166.442854,23.591698
2025-08-13T11:55:49.356658,41763,3.011719,3.101562,3.015625,-1,166.442854,23.591698
2025-08-13T11:55:49.959659,41764,3.015625,3.097656,3.0273440000000003,-1,166.320784,23.591698
2025-08-13T11:55:50.563656,41765,3.015625,3.101562,3.0117190000000003,-1,166.320784,23.601138
2025-08-13T11:55:51.163656,41766,3.015625,3.097656,3.007812,-1,166.076643,23.601138
2025-08-13T11:55:51.759655,41767,3.015625,3.097656,3.0117190000000003,-1,166.137678,23.601138
2025-08-13T11:55:52.341657,41768,3.011719,3.097656,3.0117190000000003,-1,165.954573,23.591698
2025-08-13T11:55:52.938656,41769,3.011719,3.097656,3.0117190000000003,-1,166.198713,23.582258
2025-08-13T11:55:53.547655,41770,3.015625,3.09375,3.019531,-1,166.137678,23.572817
2025-08-13T11:55:54.135655,41771,3.027344,3.101562,3.0117190000000003,-1,166.259749,23.572817
2025-08-13T11:55:54.733658,41772,3.019531,3.097656,3.0117190000000003,-1,166.259749,23.572817
2025-08-13T11:55:55.337656,41773,3.015625,3.09375,3.0117190000000003,-1,166.015608,23.572817
2025-08-13T11:55:55.967655,41774,3.011719,3.101562,3.0117190000000003,-1,165.954573,23.563376
2025-08-13T11:55:56.567659,41775,3.015625,3.101562,3.007812,-1,166.015608,23.572817
2025-08-13T11:55:57.147655,41776,3.015625,3.097656,3.015625,-1,165.954573,23.563376
2025-08-13T11:55:57.752655,41777,3.015625,3.097656,3.007812,-1,165.893538,23.572817
2025-08-13T11:55:58.352657,41778,3.015625,3.097656,3.0,-1,165.893538,23.563376
2025-08-13T11:55:58.956656,41779,3.007812,3.097656,3.015625,-1,165.771467,23.563376
2025-08-13T11:55:59.548655,41780,3.015625,3.097656,3.0117190000000003,-1,165.832503,23.563376
2025-08-13T11:56:00.286655,41781,3.015625,3.097656,3.0117190000000003,-1,165.954573,23.572817
2025-08-13T11:56:00.899504,41782,3.011719,3.09375,3.0117190000000003,-1,165.832503,23.582258
2025-08-13T11:56:01.538154,41783,3.007812,3.097656,3.0117190000000003,-1,166.076643,23.591698
2025-08-13T11:56:02.140152,41784,3.015625,3.101562,3.0117190000000003,-1,166.259749,23.601138
2025-08-13T11:56:02.748154,41785,3.015625,3.09375,3.015625,-1,166.137678,23.610579
2025-08-13T11:56:03.366154,41786,3.019531,3.105469,3.015625,-1,166.198713,23.610579
2025-08-13T11:56:03.976154,41787,3.015625,3.101562,3.0117190000000003,-1,166.137678,23.620019
2025-08-13T11:56:04.587153,41788,3.023438,3.097656,3.007812,-1,165.954573,23.620019
2025-08-13T11:56:05.203152,41789,3.011719,3.101562,3.015625,-1,165.710432,23.620019
2025-08-13T11:56:05.799156,41790,3.011719,3.101562,3.0117190000000003,-1,165.832503,23.629459
2025-08-13T11:56:06.397153,41791,3.019531,3.105469,3.019531,-1,165.832503,23.629459
2025-08-13T11:56:06.992155,41792,3.011719,3.097656,3.0117190000000003,-1,165.771467,23.629459
2025-08-13T11:56:07.598153,41793,3.011719,3.101562,3.0117190000000003,-1,165.893538,23.629459
2025-08-13T11:56:08.215154,41794,3.011719,3.101562,3.015625,-1,166.015608,23.620019
2025-08-13T11:56:08.834152,41795,3.011719,3.097656,3.0117190000000003,-1,166.015608,23.620019
2025-08-13T11:56:09.445157,41796,3.011719,3.101562,3.019531,-1,166.015608,23.620019
2025-08-13T11:56:10.061152,41797,3.015625,3.097656,3.007812,-1,165.771467,23.620019
2025-08-13T11:56:10.668153,41798,3.019531,3.101562,3.0117190000000003,-1,165.893538,23.620019
2025-08-13T11:56:11.285153,41799,3.015625,3.09375,3.0117190000000003,-1,165.832503,23.610579
2025-08-13T11:56:11.893153,41800,3.011719,3.097656,3.019531,-1,165.954573,23.610579
2025-08-13T11:56:12.500155,41801,3.015625,3.101562,3.0117190000000003,-1,165.954573,23.610579
2025-08-13T11:56:13.119157,41802,3.011719,3.101562,3.0117190000000003,-1,166.015608,23.610579
2025-08-13T11:56:13.739155,41803,3.007812,3.101562,3.007812,-1,165.832503,23.610579
2025-08-13T11:56:14.361152,41804,3.015625,3.097656,3.015625,-1,165.954573,23.610579
2025-08-13T11:56:14.963158,41805,3.015625,3.097656,3.015625,-1,165.893538,23.610579
2025-08-13T11:56:15.611152,41806,3.011719,3.097656,3.003906,-1,165.954573,23.601138
2025-08-13T11:56:16.248155,41807,3.015625,3.09375,3.0117190000000003,-1,165.954573,23.601138
2025-08-13T11:56:16.865153,41808,3.011719,3.097656,3.003906,-1,165.832503,23.591698
2025-08-13T11:56:17.491153,41809,3.011719,3.097656,3.015625,-1,165.893538,23.591698
2025-08-13T11:56:18.111153,41810,3.019531,3.101562,3.0117190000000003,-1,166.137678,23.591698
2025-08-13T11:56:18.708153,41811,3.011719,3.097656,3.007812,-1,166.015608,23.582258
2025-08-13T11:56:19.318153,41812,3.015625,3.09375,3.0117190000000003,-1,166.259749,23.582258
2025-08-13T11:56:19.931152,41813,3.011719,3.097656,3.015625,-1,166.137678,23.582258
2025-08-13T11:56:20.563155,41814,3.011719,3.101562,3.0117190000000003,-1,166.137678,23.591698
2025-08-13T11:56:21.163152,41815,3.007812,3.105469,3.019531,-1,166.137678,23.591698
2025-08-13T11:56:21.788153,41816,3.015625,3.097656,3.015625,-1,166.320784,23.591698
2025-08-13T11:56:22.384156,41817,3.011719,3.101562,3.007812,-1,166.198713,23.591698
2025-08-13T11:56:22.991152,41818,3.015625,3.097656,3.0117190000000003,-1,166.381819,23.591698
2025-08-13T11:56:23.597154,41819,3.007812,3.101562,3.007812,-1,166.381819,23.601138
2025-08-13T11:56:24.210153,41820,3.015625,3.101562,3.015625,-1,166.198713,23.601138
2025-08-13T11:56:24.828152,41821,3.011719,3.097656,3.015625,-1,166.198713,23.591698
2025-08-13T11:56:25.762151,41822,3.011719,3.101562,3.0117190000000003,-1,166.076643,23.582258
2025-08-13T11:56:26.398155,41823,3.015625,3.097656,3.0117190000000003,-1,165.710432,23.582258
2025-08-13T11:56:27.036153,41824,3.011719,3.101562,3.015625,-1,165.832503,23.572817
2025-08-13T11:56:27.637153,41825,3.007812,3.101562,3.0117190000000003,-1,166.015608,23.563376
2025-08-13T11:56:28.227152,41826,3.011719,3.097656,3.019531,-1,166.137678,23.563376
2025-08-13T11:56:28.808154,41827,3.015625,3.097656,3.0117190000000003,-1,166.137678,23.563376
2025-08-13T11:56:29.424153,41828,3.011719,3.101562,3.015625,-1,166.137678,23.563376
2025-08-13T11:56:30.017163,41829,3.019531,3.101562,3.015625,-1,166.198713,23.553936
2025-08-13T11:56:30.618163,41830,3.011719,3.097656,3.015625,-1,166.198713,23.563376
2025-08-13T11:56:31.219164,41831,3.011719,3.101562,3.015625,-1,166.137678,23.563376
2025-08-13T11:56:31.816164,41832,3.011719,3.097656,3.007812,-1,166.320784,23.553936
2025-08-13T11:56:32.399164,41833,3.011719,3.105469,3.0117190000000003,-1,166.320784,23.544495
2025-08-13T11:56:33.003164,41834,3.015625,3.097656,3.015625,-1,166.259749,23.553936
2025-08-13T11:56:33.589163,41835,3.011719,3.097656,3.015625,-1,166.259749,23.553936
2025-08-13T11:56:34.181165,41836,3.007812,3.101562,3.019531,-1,166.259749,23.553936
2025-08-13T11:56:34.765165,41837,3.011719,3.105469,3.015625,-1,166.259749,23.544495
2025-08-13T11:56:35.371162,41838,3.011719,3.097656,3.0117190000000003,-1,166.198713,23.544495
2025-08-13T11:56:35.990165,41839,3.011719,3.097656,3.0117190000000003,-1,166.381819,23.544495
2025-08-13T11:56:36.593163,41840,3.015625,3.097656,3.0117190000000003,-1,166.198713,23.544495
2025-08-13T11:56:37.189163,41841,3.011719,3.097656,3.0117190000000003,-1,166.259749,23.544495
2025-08-13T11:56:37.787164,41842,3.015625,3.097656,3.015625,-1,166.320784,23.535054
2025-08-13T11:56:38.381008,41843,3.011719,3.101562,3.0117190000000003,-1,166.320784,23.516172
2025-08-13T11:56:38.984008,41844,3.007812,3.101562,3.007812,-1,166.381819,23.525613
2025-08-13T11:56:39.572005,41845,3.011719,3.097656,3.007812,-1,166.320784,23.516172
2025-08-13T11:56:40.184009,41846,3.015625,3.097656,3.015625,-1,166.381819,23.506731
2025-08-13T11:56:40.771006,41847,3.015625,3.097656,3.015625,-1,166.320784,23.506731
2025-08-13T11:56:41.357009,41848,3.015625,3.09375,3.015625,-1,166.137678,23.49729
2025-08-13T11:56:41.970006,41849,3.011719,3.101562,3.007812,-1,166.381819,23.49729
2025-08-13T11:56:42.563006,41850,3.003906,3.101562,3.007812,-1,166.259749,23.49729
2025-08-13T11:56:43.147007,41851,3.011719,3.097656,3.0117190000000003,-1,166.259749,23.49729
2025-08-13T11:56:43.751007,41852,3.03125,3.097656,3.023438,-1,166.320784,23.49729
2025-08-13T11:56:44.328006,41853,3.015625,3.097656,3.015625,-1,166.198713,23.49729
2025-08-13T11:56:44.940006,41854,3.015625,3.09375,3.015625,-1,166.137678,23.506731
2025-08-13T11:56:45.529007,41855,3.015625,3.101562,3.0117190000000003,-1,166.137678,23.506731
2025-08-13T11:56:46.143008,41856,3.015625,3.105469,3.007812,-1,166.137678,23.49729
2025-08-13T11:56:46.772005,41857,3.007812,3.097656,3.007812,-1,166.015608,23.49729
2025-08-13T11:56:47.467006,41858,3.015625,3.097656,3.003906,-1,166.259749,23.49729
2025-08-13T11:56:48.149006,41859,3.019531,3.097656,3.0117190000000003,-1,165.954573,23.49729
2025-08-13T11:56:48.761009,41860,3.011719,3.101562,3.015625,-1,166.076643,23.49729
2025-08-13T11:56:49.427006,41861,3.015625,3.101562,3.007812,-1,166.198713,23.49729
2025-08-13T11:56:50.043007,41862,3.011719,3.101562,3.007812,-1,166.137678,23.49729
2025-08-13T11:56:50.666006,41863,3.015625,3.09375,3.019531,-1,166.381819,23.49729
2025-08-13T11:56:51.277006,41864,3.007812,3.09375,3.023438,-1,166.381819,23.49729
2025-08-13T11:56:51.859007,41865,3.011719,3.097656,3.007812,-1,166.381819,23.487848
2025-08-13T11:56:52.483007,41866,3.011719,3.101562,3.007812,-1,166.503889,23.487848
2025-08-13T11:56:53.119006,41867,3.015625,3.097656,3.015625,-1,166.442854,23.49729
2025-08-13T11:56:53.733006,41868,3.015625,3.09375,3.0117190000000003,-1,166.503889,23.49729
2025-08-13T11:56:54.330008,41869,3.011719,3.097656,3.015625,-1,166.62596,23.49729
2025-08-13T11:56:54.951007,41870,3.015625,3.101562,3.023438,-1,166.62596,23.49729
2025-08-13T11:56:55.573007,41871,3.011719,3.097656,3.0117190000000003,-1,166.62596,23.506731
2025-08-13T11:56:56.184007,41872,3.011719,3.101562,3.0117190000000003,-1,166.564924,23.506731
2025-08-13T11:56:56.798007,41873,3.011719,3.101562,3.019531,-1,166.62596,23.49729
2025-08-13T11:56:57.435007,41874,3.015625,3.097656,3.0117190000000003,-1,166.503889,23.49729
2025-08-13T11:56:58.048007,41875,3.007812,3.101562,3.015625,-1,166.503889,23.506731
2025-08-13T11:56:58.647007,41876,3.015625,3.097656,3.007812,-1,166.564924,23.49729
2025-08-13T11:56:59.239007,41877,3.015625,3.097656,3.0117190000000003,-1,166.503889,23.49729
2025-08-13T11:56:59.858006,41878,3.011719,3.097656,3.019531,-1,166.564924,23.49729
2025-08-13T11:57:00.460006,41879,3.015625,3.097656,3.015625,-1,166.686995,23.487848
2025-08-13T11:57:01.059006,41880,3.015625,3.101562,3.019531,-1,166.564924,23.487848
2025-08-13T11:57:01.653008,41881,3.015625,3.101562,3.015625,-1,166.564924,23.49729
2025-08-13T11:57:02.284007,41882,3.015625,3.097656,3.003906,-1,166.62596,23.49729
2025-08-13T11:57:02.882007,41883,3.015625,3.097656,3.015625,-1,166.442854,23.506731
2025-08-13T11:57:03.483006,41884,3.015625,3.101562,3.007812,-1,166.62596,23.49729
2025-08-13T11:57:04.105007,41885,3.011719,3.097656,3.015625,-1,166.62596,23.49729
2025-08-13T11:57:04.707007,41886,3.015625,3.097656,3.0117190000000003,-1,166.62596,23.49729
2025-08-13T11:57:05.306006,41887,3.015625,3.097656,3.0117190000000003,-1,166.503889,23.487848
2025-08-13T11:57:05.887006,41888,3.015625,3.097656,3.0117190000000003,-1,166.564924,23.487848
2025-08-13T11:57:06.494007,41889,3.011719,3.09375,3.0117190000000003,-1,166.564924,23.478407
2025-08-13T11:57:07.090902,41890,3.011719,3.097656,3.007812,-1,166.442854,23.478407
2025-08-13T11:57:07.668901,41891,3.015625,3.101562,3.0117190000000003,-1,166.442854,23.49729
2025-08-13T11:57:08.253504,41892,3.011719,3.097656,3.0117190000000003,-1,166.442854,23.487848
2025-08-13T11:57:08.854504,41893,3.011719,3.101562,3.019531,-1,166.564924,23.49729
2025-08-13T11:57:09.457504,41894,3.011719,3.097656,3.015625,-1,166.564924,23.49729
2025-08-13T11:57:10.063862,41895,3.015625,3.101562,3.019531,-1,166.442854,23.506731
2025-08-13T11:57:10.658804,41896,3.011719,3.097656,3.015625,-1,166.62596,23.506731
2025-08-13T11:57:11.258805,41897,3.015625,3.101562,3.015625,-1,166.442854,23.506731
2025-08-13T11:57:11.846805,41898,3.011719,3.097656,3.003906,-1,166.564924,23.516172
2025-08-13T11:57:12.440805,41899,3.011719,3.097656,3.015625,-1,166.442854,23.516172
2025-08-13T11:57:13.061804,41900,3.015625,3.097656,3.019531,-1,166.503889,23.506731
2025-08-13T11:57:13.710352,41901,3.015625,3.097656,3.0117190000000003,-1,166.564924,23.506731
2025-08-13T11:57:14.303351,41902,3.015625,3.097656,3.015625,-1,166.564924,23.506731
2025-08-13T11:57:14.879352,41903,3.011719,3.09375,3.015625,-1,166.503889,23.506731
2025-08-13T11:57:15.480350,41904,3.011719,3.09375,3.0117190000000003,-1,166.381819,23.506731
2025-08-13T11:57:16.063351,41905,3.011719,3.101562,3.0117190000000003,-1,166.564924,23.49729
2025-08-13T11:57:16.672352,41906,3.015625,3.101562,3.007812,-1,166.62596,23.487848
2025-08-13T11:57:17.258351,41907,3.015625,3.097656,3.019531,-1,166.503889,23.487848
2025-08-13T11:57:17.851350,41908,3.011719,3.09375,3.023438,-1,166.564924,23.49729
2025-08-13T11:57:18.477351,41909,3.011719,3.101562,3.015625,-1,166.442854,23.487848
2025-08-13T11:57:19.104351,41910,3.011719,3.09375,3.015625,-1,166.381819,23.49729
2025-08-13T11:57:19.766352,41911,3.011719,3.101562,3.0117190000000003,-1,166.503889,23.506731
2025-08-13T11:57:20.401350,41912,3.011719,3.097656,3.0117190000000003,-1,166.564924,23.49729
2025-08-13T11:57:21.054355,41913,3.019531,3.097656,3.015625,-1,166.564924,23.49729
2025-08-13T11:57:21.665350,41914,3.007812,3.097656,3.015625,-1,166.62596,23.506731
2025-08-13T11:57:22.257351,41915,3.015625,3.097656,3.015625,-1,166.503889,23.506731
2025-08-13T11:57:22.846350,41916,3.011719,3.105469,3.019531,-1,166.503889,23.506731
2025-08-13T11:57:23.421353,41917,3.011719,3.101562,3.023438,-1,166.503889,23.506731
2025-08-13T11:57:24.021352,41918,3.015625,3.101562,3.015625,-1,166.62596,23.506731
2025-08-13T11:57:24.621350,41919,3.011719,3.097656,3.007812,-1,166.686995,23.49729
2025-08-13T11:57:25.204351,41920,3.011719,3.101562,3.015625,-1,166.62596,23.506731
2025-08-13T11:57:25.792350,41921,3.011719,3.089844,3.019531,-1,166.62596,23.506731
2025-08-13T11:57:26.381351,41922,3.015625,3.101562,3.015625,-1,166.503889,23.506731
2025-08-13T11:57:26.958350,41923,3.011719,3.097656,3.007812,-1,166.62596,23.506731
2025-08-13T11:57:27.551351,41924,3.011719,3.097656,3.0117190000000003,-1,166.564924,23.506731
2025-08-13T11:57:28.122353,41925,3.015625,3.097656,3.015625,-1,166.564924,23.506731
2025-08-13T11:57:28.715351,41926,3.011719,3.101562,3.0117190000000003,-1,166.62596,23.516172
2025-08-13T11:57:29.293351,41927,3.007812,3.097656,3.0117190000000003,-1,166.564924,23.516172
2025-08-13T11:57:29.882351,41928,3.011719,3.097656,3.019531,-1,166.381819,23.516172
2025-08-13T11:57:30.504350,41929,3.007812,3.097656,3.019531,-1,166.503889,23.516172
2025-08-13T11:57:31.119350,41930,3.011719,3.097656,3.015625,-1,166.62596,23.506731
2025-08-13T11:57:31.760185,41931,3.015625,3.097656,3.019531,-1,166.686995,23.506731
2025-08-13T11:57:32.375186,41932,3.015625,3.097656,3.0117190000000003,-1,166.686995,23.506731
2025-08-13T11:57:33.006183,41933,3.011719,3.097656,3.015625,-1,166.62596,23.506731
2025-08-13T11:57:33.619183,41934,3.011719,3.101562,3.0117190000000003,-1,166.564924,23.506731
2025-08-13T11:57:34.212183,41935,3.011719,3.101562,3.019531,-1,166.62596,23.506731
2025-08-13T11:57:34.837183,41936,3.011719,3.097656,3.0117190000000003,-1,166.564924,23.516172
2025-08-13T11:57:35.456184,41937,3.011719,3.097656,3.0117190000000003,-1,166.503889,23.516172
2025-08-13T11:57:36.056185,41938,3.011719,3.097656,3.003906,-1,166.503889,23.516172
2025-08-13T11:57:36.639183,41939,3.015625,3.097656,3.007812,-1,166.442854,23.516172
2025-08-13T11:57:37.262183,41940,3.015625,3.101562,3.019531,-1,166.442854,23.506731
2025-08-13T11:57:37.862810,41941,3.015625,3.097656,3.007812,-1,166.564924,23.506731
2025-08-13T11:57:38.453812,41942,3.011719,3.101562,3.019531,-1,166.442854,23.506731
2025-08-13T11:57:39.039810,41943,3.011719,3.097656,3.0117190000000003,-1,166.62596,23.506731
2025-08-13T11:57:39.644402,41944,3.015625,3.09375,3.015625,-1,166.62596,23.516172
2025-08-13T11:57:40.224600,41945,3.015625,3.097656,3.007812,-1,166.442854,23.516172
2025-08-13T11:57:40.823887,41946,3.011719,3.09375,3.0117190000000003,-1,166.564924,23.516172
2025-08-13T11:57:41.422886,41947,3.015625,3.097656,3.015625,-1,166.442854,23.516172
2025-08-13T11:57:42.028338,41948,3.011719,3.101562,3.015625,-1,166.442854,23.525613
2025-08-13T11:57:42.608213,41949,3.011719,3.097656,3.0117190000000003,-1,166.686995,23.525613
2025-08-13T11:57:43.201213,41950,3.011719,3.097656,3.007812,-1,166.564924,23.525613
2025-08-13T11:57:43.772570,41951,3.007812,3.09375,3.0117190000000003,-1,166.503889,23.525613
2025-08-13T11:57:44.362571,41952,3.015625,3.09375,3.0117190000000003,-1,166.686995,23.525613
2025-08-13T11:57:44.981569,41953,3.007812,3.101562,3.0117190000000003,-1,166.62596,23.525613
2025-08-13T11:57:45.564794,41954,3.011719,3.101562,3.0117190000000003,-1,166.686995,23.535054
2025-08-13T11:57:46.137695,41955,3.011719,3.097656,3.015625,-1,166.503889,23.544495
2025-08-13T11:57:46.720423,41956,3.015625,3.101562,3.0117190000000003,-1,166.686995,23.535054
2025-08-13T11:57:47.293177,41957,3.011719,3.097656,3.0117190000000003,-1,166.686995,23.535054
2025-08-13T11:57:47.869176,41958,3.015625,3.097656,3.019531,-1,166.686995,23.535054
2025-08-13T11:57:48.448207,41959,3.007812,3.101562,3.015625,-1,166.686995,23.525613
2025-08-13T11:57:49.027845,41960,3.011719,3.101562,3.015625,-1,166.686995,23.516172
2025-08-13T11:57:49.606845,41961,3.011719,3.101562,3.015625,-1,166.686995,23.516172
2025-08-13T11:57:50.207440,41962,3.011719,3.09375,3.0117190000000003,-1,166.686995,23.516172
2025-08-13T11:57:50.815440,41963,3.011719,3.09375,3.023438,-1,166.686995,23.516172
2025-08-13T11:57:51.402440,41964,3.015625,3.09375,3.0117190000000003,-1,166.503889,23.506731
2025-08-13T11:57:51.972766,41965,3.015625,3.101562,3.015625,-1,166.62596,23.506731
2025-08-13T11:57:52.583767,41966,3.007812,3.097656,3.015625,-1,166.564924,23.49729
2025-08-13T11:57:53.156768,41967,3.015625,3.097656,3.015625,-1,166.686995,23.49729
2025-08-13T11:57:53.748175,41968,3.019531,3.097656,3.015625,-1,166.62596,23.49729
2025-08-13T11:57:54.319857,41969,3.015625,3.101562,3.015625,-1,166.686995,23.487848
2025-08-13T11:57:54.911884,41970,3.015625,3.097656,3.0117190000000003,-1,166.62596,23.487848
2025-08-13T11:57:55.483926,41971,3.011719,3.097656,3.019531,-1,166.686995,23.487848
2025-08-13T11:57:56.084766,41972,3.011719,3.101562,3.007812,-1,166.62596,23.487848
2025-08-13T11:57:56.692766,41973,3.015625,3.097656,3.015625,-1,166.686995,23.487848
2025-08-13T11:57:57.288766,41974,3.015625,3.097656,3.015625,-1,166.686995,23.478407
2025-08-13T11:57:57.904769,41975,3.015625,3.101562,3.015625,-1,166.62596,23.478407
2025-08-13T11:57:58.503766,41976,3.011719,3.097656,3.015625,-1,166.503889,23.487848
2025-08-13T11:57:59.087766,41977,3.011719,3.097656,3.0117190000000003,-1,166.686995,23.487848
2025-08-13T11:57:59.693765,41978,3.015625,3.097656,3.0117190000000003,-1,166.62596,23.49729
2025-08-13T11:58:00.282767,41979,3.011719,3.09375,3.015625,-1,166.442854,23.49729
2025-08-13T11:58:00.876765,41980,3.011719,3.097656,3.0117190000000003,-1,166.503889,23.49729
2025-08-13T11:58:01.469774,41981,3.011719,3.101562,3.019531,-1,166.442854,23.49729
2025-08-13T11:58:02.054765,41982,3.015625,3.101562,3.019531,-1,166.503889,23.506731
2025-08-13T11:58:02.646766,41983,3.015625,3.097656,3.015625,-1,166.564924,23.506731
2025-08-13T11:58:03.248765,41984,3.015625,3.105469,3.015625,-1,166.503889,23.506731
2025-08-13T11:58:03.831765,41985,3.015625,3.101562,3.015625,-1,166.564924,23.506731
2025-08-13T11:58:04.427768,41986,3.015625,3.101562,3.015625,-1,166.74803,23.49729
2025-08-13T11:58:05.031767,41987,3.011719,3.097656,3.015625,-1,166.74803,23.49729
2025-08-13T11:58:05.611766,41988,3.015625,3.101562,3.015625,-1,166.74803,23.49729
2025-08-13T11:58:06.205765,41989,3.015625,3.097656,3.0117190000000003,-1,166.809065,23.49729
2025-08-13T11:58:06.803765,41990,3.015625,3.097656,3.015625,-1,166.62596,23.487848
2025-08-13T11:58:07.385765,41991,3.011719,3.097656,3.0117190000000003,-1,166.809065,23.487848
2025-08-13T11:58:07.973766,41992,3.011719,3.097656,3.0117190000000003,-1,166.74803,23.487848
2025-08-13T11:58:08.563766,41993,3.011719,3.097656,3.019531,-1,166.62596,23.478407
2025-08-13T11:58:09.167767,41994,3.011719,3.101562,3.0117190000000003,-1,166.62596,23.468965
2025-08-13T11:58:09.758765,41995,3.011719,3.097656,3.023438,-1,166.564924,23.478407
2025-08-13T11:58:10.345766,41996,3.015625,3.101562,3.0117190000000003,-1,166.809065,23.468965
2025-08-13T11:58:10.938765,41997,3.011719,3.101562,3.019531,-1,166.809065,23.487848
2025-08-13T11:58:11.527766,41998,3.007812,3.097656,3.0117190000000003,-1,166.74803,23.487848
2025-08-13T11:58:12.117766,41999,3.015625,3.101562,3.015625,-1,166.74803,23.468965
2025-08-13T11:58:12.706765,42000,3.015625,3.097656,3.0117190000000003,-1,166.62596,23.468965
2025-08-13T11:58:13.294767,42001,3.011719,3.101562,3.007812,-1,166.686995,23.468965
2025-08-13T11:58:13.899765,42002,3.015625,3.097656,3.019531,-1,166.686995,23.487848
2025-08-13T11:58:14.500765,42003,3.015625,3.101562,3.0117190000000003,-1,166.686995,23.487848
2025-08-13T11:58:15.100769,42004,3.015625,3.097656,3.0117190000000003,-1,166.564924,23.49729
2025-08-13T11:58:15.707768,42005,3.011719,3.097656,3.015625,-1,166.62596,23.506731
2025-08-13T11:58:16.319765,42006,3.015625,3.097656,3.019531,-1,166.564924,23.516172
2025-08-13T11:58:16.915765,42007,3.011719,3.097656,3.015625,-1,166.686995,23.516172
2025-08-13T11:58:17.524765,42008,3.011719,3.097656,3.015625,-1,166.686995,23.525613
2025-08-13T11:58:18.127766,42009,3.011719,3.09375,3.019531,-1,166.564924,23.535054
2025-08-13T11:58:18.728766,42010,3.011719,3.097656,3.007812,-1,166.62596,23.535054
2025-08-13T11:58:19.314766,42011,3.011719,3.101562,3.015625,-1,166.62596,23.535054
2025-08-13T11:58:19.916765,42012,3.015625,3.101562,3.007812,-1,166.62596,23.535054
2025-08-13T11:58:20.534767,42013,3.015625,3.101562,3.0117190000000003,-1,166.564924,23.535054
2025-08-13T11:58:21.120765,42014,3.011719,3.097656,3.015625,-1,166.62596,23.544495
2025-08-13T11:58:21.724767,42015,3.011719,3.097656,3.015625,-1,166.686995,23.544495
2025-08-13T11:58:22.427769,42016,3.015625,3.097656,3.0117190000000003,-1,166.686995,23.553936
2025-08-13T11:58:23.107767,42017,3.011719,3.101562,3.015625,-1,166.74803,23.572817
2025-08-13T11:58:23.705765,42018,3.015625,3.097656,3.0117190000000003,-1,166.62596,23.572817
2025-08-13T11:58:24.350767,42019,3.011719,3.101562,3.0117190000000003,-1,166.74803,23.572817
2025-08-13T11:58:24.959765,42020,3.011719,3.101562,3.015625,-1,166.74803,23.582258
2025-08-13T11:58:25.549765,42021,3.011719,3.097656,3.015625,-1,166.686995,23.582258
2025-08-13T11:58:26.142765,42022,3.007812,3.09375,3.015625,-1,166.686995,23.591698
2025-08-13T11:58:26.740765,42023,3.015625,3.09375,3.0117190000000003,-1,166.62596,23.582258
2025-08-13T11:58:27.374765,42024,3.007812,3.101562,3.0117190000000003,-1,166.809065,23.591698
2025-08-13T11:58:27.961765,42025,3.011719,3.101562,3.003906,-1,166.686995,23.591698
2025-08-13T11:58:28.567765,42026,3.015625,3.097656,3.015625,-1,166.62596,23.582258
2025-08-13T11:58:29.151765,42027,3.015625,3.097656,3.015625,-1,166.686995,23.591698
2025-08-13T11:58:29.764766,42028,3.015625,3.101562,3.0117190000000003,-1,166.686995,23.572817
2025-08-13T11:58:30.347766,42029,3.019531,3.101562,3.015625,-1,166.686995,23.572817
2025-08-13T11:58:30.940766,42030,3.011719,3.097656,3.0117190000000003,-1,166.62596,23.572817
2025-08-13T11:58:31.527765,42031,3.015625,3.105469,3.007812,-1,166.686995,23.572817
2025-08-13T11:58:32.136765,42032,3.007812,3.097656,3.007812,-1,166.62596,23.572817
2025-08-13T11:58:32.740767,42033,3.015625,3.101562,3.015625,-1,166.686995,23.572817
2025-08-13T11:58:33.340766,42034,3.007812,3.097656,3.0117190000000003,-1,166.564924,23.582258
2025-08-13T11:58:33.936765,42035,3.015625,3.097656,3.015625,-1,166.74803,23.591698
2025-08-13T11:58:34.537768,42036,3.011719,3.097656,3.0117190000000003,-1,166.62596,23.591698
2025-08-13T11:58:35.135765,42037,3.011719,3.101562,3.0117190000000003,-1,166.62596,23.591698
2025-08-13T11:58:35.736765,42038,3.011719,3.097656,3.019531,-1,166.564924,23.591698
2025-08-13T11:58:36.319766,42039,3.019531,3.101562,3.019531,-1,166.74803,23.591698
2025-08-13T11:58:36.925765,42040,3.011719,3.097656,3.007812,-1,166.503889,23.601138
2025-08-13T11:58:37.513765,42041,3.015625,3.101562,3.015625,-1,166.564924,23.601138
2025-08-13T11:58:38.117766,42042,3.011719,3.101562,3.019531,-1,166.564924,23.601138
2025-08-13T11:58:38.709765,42043,3.011719,3.09375,3.019531,-1,166.686995,23.601138
2025-08-13T11:58:39.294767,42044,3.011719,3.101562,3.015625,-1,166.62596,23.610579
2025-08-13T11:58:39.890766,42045,3.011719,3.097656,3.019531,-1,166.564924,23.610579
2025-08-13T11:58:40.491765,42046,3.011719,3.097656,3.007812,-1,166.809065,23.610579
2025-08-13T11:58:41.079765,42047,3.015625,3.097656,3.007812,-1,166.62596,23.620019
2025-08-13T11:58:41.703766,42048,3.011719,3.097656,3.0117190000000003,-1,166.74803,23.620019
2025-08-13T11:58:42.309765,42049,3.015625,3.101562,3.0117190000000003,-1,166.74803,23.620019
2025-08-13T11:58:42.909767,42050,3.007812,3.097656,3.0117190000000003,-1,166.62596,23.629459
2025-08-13T11:58:43.497766,42051,3.015625,3.097656,3.019531,-1,166.686995,23.638899
2025-08-13T11:58:44.105765,42052,3.019531,3.097656,3.0117190000000003,-1,166.809065,23.638899
2025-08-13T11:58:44.713765,42053,3.011719,3.097656,3.015625,-1,166.686995,23.629459
2025-08-13T11:58:45.310765,42054,3.011719,3.09375,3.019531,-1,166.686995,23.638899
2025-08-13T11:58:45.907767,42055,3.015625,3.101562,3.0117190000000003,-1,166.686995,23.648339
2025-08-13T11:58:46.524765,42056,3.019531,3.101562,3.0117190000000003,-1,166.686995,23.657779
2025-08-13T11:58:47.129765,42057,3.015625,3.101562,3.0117190000000003,-1,166.62596,23.648339
2025-08-13T11:58:47.718765,42058,3.011719,3.097656,3.007812,-1,166.8701,23.648339
2025-08-13T11:58:48.332765,42059,3.011719,3.101562,3.0117190000000003,-1,166.686995,23.648339
2025-08-13T11:58:48.968765,42060,3.015625,3.101562,3.019531,-1,166.809065,23.657779
2025-08-13T11:58:49.552765,42061,3.011719,3.101562,3.0117190000000003,-1,166.686995,23.667219
2025-08-13T11:58:50.141765,42062,3.015625,3.101562,3.015625,-1,166.62596,23.667219
2025-08-13T11:58:50.731765,42063,3.015625,3.105469,3.0117190000000003,-1,166.62596,23.667219
2025-08-13T11:58:51.333765,42064,3.007812,3.097656,3.007812,-1,166.62596,23.667219
2025-08-13T11:58:51.942765,42065,3.011719,3.101562,3.015625,-1,166.8701,23.676659
2025-08-13T11:58:52.550768,42066,3.015625,3.097656,3.019531,-1,166.686995,23.667219
2025-08-13T11:58:53.144770,42067,3.015625,3.097656,3.015625,-1,166.809065,23.676659
2025-08-13T11:58:53.746765,42068,3.015625,3.101562,3.007812,-1,166.809065,23.667219
2025-08-13T11:58:54.324764,42069,3.011719,3.097656,3.0117190000000003,-1,166.686995,23.676659
2025-08-13T11:58:54.944765,42070,3.015625,3.101562,3.0117190000000003,-1,166.74803,23.676659
2025-08-13T11:58:55.559765,42071,3.019531,3.101562,3.0117190000000003,-1,166.809065,23.667219
2025-08-13T11:58:56.156767,42072,3.011719,3.101562,3.0117190000000003,-1,166.686995,23.676659
2025-08-13T11:58:56.755765,42073,3.011719,3.09375,3.007812,-1,166.564924,23.676659
2025-08-13T11:58:57.351766,42074,3.015625,3.097656,3.007812,-1,166.259749,23.676659
2025-08-13T11:58:57.947767,42075,3.011719,3.097656,3.015625,-1,166.015608,23.676659
2025-08-13T11:58:58.548766,42076,3.011719,3.09375,3.015625,-1,165.893538,23.676659
2025-08-13T11:58:59.145765,42077,3.015625,3.101562,3.019531,-1,165.771467,23.686099
2025-08-13T11:58:59.767765,42078,3.011719,3.097656,3.019531,-1,166.320784,23.686099
2025-08-13T11:59:00.372770,42079,3.015625,3.097656,3.015625,-1,166.137678,23.686099
2025-08-13T11:59:01.033769,42080,3.011719,3.101562,3.015625,-1,166.381819,23.695539
2025-08-13T11:59:01.645173,42081,3.015625,3.097656,3.0117190000000003,-1,166.198713,23.686099
2025-08-13T11:59:02.285174,42082,3.011719,3.097656,3.007812,-1,166.198713,23.686099
2025-08-13T11:59:02.927693,42083,3.011719,3.101562,3.019531,-1,166.259749,23.695539
2025-08-13T11:59:03.511781,42084,3.011719,3.101562,3.023438,-1,166.259749,23.686099
2025-08-13T11:59:04.116783,42085,3.011719,3.105469,3.0117190000000003,-1,166.442854,23.686099
2025-08-13T11:59:04.723807,42086,3.011719,3.101562,3.007812,-1,166.259749,23.686099
2025-08-13T11:59:05.318809,42087,3.011719,3.097656,3.015625,-1,166.320784,23.686099
2025-08-13T11:59:05.918807,42088,3.011719,3.097656,3.015625,-1,166.320784,23.695539
2025-08-13T11:59:06.545807,42089,3.011719,3.097656,3.015625,-1,166.259749,23.695539
2025-08-13T11:59:07.195809,42090,3.011719,3.097656,3.0117190000000003,-1,166.259749,23.695539
2025-08-13T11:59:07.808807,42091,3.011719,3.101562,3.019531,-1,166.259749,23.686099
2025-08-13T11:59:08.410573,42092,3.011719,3.09375,3.0117190000000003,-1,166.259749,23.695539
2025-08-13T11:59:08.998574,42093,3.015625,3.097656,3.015625,-1,166.442854,23.695539
2025-08-13T11:59:09.595574,42094,3.015625,3.101562,3.0117190000000003,-1,166.259749,23.695539
2025-08-13T11:59:10.198574,42095,3.015625,3.097656,3.015625,-1,166.198713,23.695539
2025-08-13T11:59:10.818574,42096,3.011719,3.097656,3.015625,-1,166.259749,23.695539
2025-08-13T11:59:11.427575,42097,3.011719,3.097656,3.015625,-1,166.320784,23.695539
2025-08-13T11:59:12.048574,42098,3.011719,3.105469,3.015625,-1,166.320784,23.695539
2025-08-13T11:59:12.684574,42099,3.015625,3.097656,3.007812,-1,166.259749,23.704979
2025-08-13T11:59:13.300574,42100,3.015625,3.097656,3.019531,-1,166.259749,23.704979
2025-08-13T11:59:13.917573,42101,3.015625,3.097656,3.0117190000000003,-1,166.381819,23.704979
2025-08-13T11:59:14.542574,42102,3.015625,3.09375,3.0117190000000003,-1,166.442854,23.704979
2025-08-13T11:59:15.148573,42103,3.015625,3.097656,3.0117190000000003,-1,166.503889,23.704979
2025-08-13T11:59:15.750061,42104,3.011719,3.101562,3.015625,-1,166.381819,23.714419
2025-08-13T11:59:16.340061,42105,3.015625,3.097656,3.019531,-1,166.381819,23.704979
2025-08-13T11:59:16.963284,42106,3.015625,3.097656,3.015625,-1,166.564924,23.704979
2025-08-13T11:59:17.647284,42107,3.019531,3.101562,3.0117190000000003,-1,166.381819,23.704979
2025-08-13T11:59:18.299284,42108,3.011719,3.105469,3.0117190000000003,-1,166.564924,23.704979
2025-08-13T11:59:18.929285,42109,3.011719,3.097656,3.0117190000000003,-1,166.503889,23.704979
2025-08-13T11:59:19.559285,42110,3.015625,3.097656,3.015625,-1,166.62596,23.704979
2025-08-13T11:59:20.172284,42111,3.011719,3.097656,3.0117190000000003,-1,166.442854,23.704979
2025-08-13T11:59:20.810284,42112,3.015625,3.097656,3.007812,-1,166.503889,23.695539
2025-08-13T11:59:21.396285,42113,3.011719,3.101562,3.015625,-1,166.503889,23.695539
2025-08-13T11:59:22.023284,42114,3.011719,3.09375,3.015625,-1,166.62596,23.695539
2025-08-13T11:59:22.630284,42115,3.011719,3.097656,3.0117190000000003,-1,166.503889,23.695539
2025-08-13T11:59:23.231284,42116,3.015625,3.101562,3.0117190000000003,-1,166.442854,23.676659
2025-08-13T11:59:23.815284,42117,3.011719,3.09375,3.019531,-1,166.503889,23.676659
2025-08-13T11:59:24.421285,42118,3.011719,3.097656,3.0117190000000003,-1,166.62596,23.676659
2025-08-13T11:59:25.008317,42119,3.015625,3.097656,3.0117190000000003,-1,166.62596,23.695539
2025-08-13T11:59:25.606317,42120,3.011719,3.097656,3.015625,-1,166.564924,23.686099
2025-08-13T11:59:26.199057,42121,3.011719,3.097656,3.019531,-1,166.442854,23.686099
2025-08-13T11:59:26.815057,42122,3.011719,3.101562,3.003906,-1,166.62596,23.686099
2025-08-13T11:59:27.412291,42123,3.015625,3.097656,3.007812,-1,166.503889,23.676659
2025-08-13T11:59:28.015294,42124,3.007812,3.097656,3.015625,-1,166.503889,23.686099
2025-08-13T11:59:28.685292,42125,3.015625,3.101562,3.019531,-1,166.62596,23.686099
2025-08-13T11:59:29.327291,42126,3.011719,3.097656,3.015625,-1,166.564924,23.676659
2025-08-13T11:59:29.921293,42127,3.015625,3.097656,3.007812,-1,166.686995,23.686099
2025-08-13T11:59:30.528247,42128,3.011719,3.097656,3.015625,-1,166.564924,23.676659
2025-08-13T11:59:31.118247,42129,3.007812,3.097656,3.007812,-1,166.381819,23.676659
2025-08-13T11:59:31.725247,42130,3.015625,3.101562,3.0117190000000003,-1,166.320784,23.676659
2025-08-13T11:59:32.309247,42131,3.015625,3.097656,3.0117190000000003,-1,166.503889,23.676659
2025-08-13T11:59:32.935250,42132,3.015625,3.101562,3.007812,-1,166.62596,23.686099
2025-08-13T11:59:33.525680,42133,3.011719,3.097656,3.019531,-1,166.442854,23.695539
2025-08-13T11:59:34.167674,42134,3.015625,3.097656,3.015625,-1,166.320784,23.686099
2025-08-13T11:59:34.754694,42135,3.007812,3.101562,3.0117190000000003,-1,166.442854,23.695539
2025-08-13T11:59:35.368715,42136,3.011719,3.097656,3.019531,-1,166.381819,23.704979
2025-08-13T11:59:35.968694,42137,3.015625,3.097656,3.015625,-1,166.503889,23.695539
2025-08-13T11:59:36.586695,42138,3.015625,3.097656,3.003906,-1,166.442854,23.695539
2025-08-13T11:59:37.205695,42139,3.015625,3.09375,3.015625,-1,166.503889,23.695539
2025-08-13T11:59:37.832743,42140,3.015625,3.097656,3.007812,-1,166.259749,23.695539
2025-08-13T11:59:38.439744,42141,3.015625,3.097656,3.0117190000000003,-1,166.320784,23.704979
2025-08-13T11:59:39.054926,42142,3.015625,3.09375,3.015625,-1,166.381819,23.704979
2025-08-13T11:59:39.695927,42143,3.015625,3.097656,3.019531,-1,166.442854,23.714419
2025-08-13T11:59:40.297927,42144,3.011719,3.097656,3.015625,-1,166.320784,23.714419
2025-08-13T11:59:40.933928,42145,3.019531,3.097656,3.0117190000000003,-1,166.442854,23.714419
2025-08-13T11:59:41.669926,42146,3.015625,3.101562,3.007812,-1,166.442854,23.704979
2025-08-13T11:59:42.365927,42147,3.007812,3.097656,3.007812,-1,166.320784,23.695539
2025-08-13T11:59:42.972926,42148,3.015625,3.097656,3.007812,-1,166.442854,23.695539
2025-08-13T11:59:43.571859,42149,3.015625,3.101562,3.0117190000000003,-1,166.320784,23.686099
2025-08-13T11:59:44.176854,42150,3.011719,3.097656,3.023438,-1,166.381819,23.667219
2025-08-13T11:59:44.775856,42151,3.011719,3.09375,3.015625,-1,166.320784,23.657779
2025-08-13T11:59:45.369055,42152,3.015625,3.101562,3.007812,-1,166.381819,23.638899
2025-08-13T11:59:45.954057,42153,3.003906,3.101562,3.007812,-1,166.503889,23.629459
2025-08-13T11:59:46.580055,42154,3.011719,3.097656,3.015625,-1,166.381819,23.620019
2025-08-13T11:59:47.186054,42155,3.023438,3.09375,3.019531,-1,166.442854,23.610579
2025-08-13T11:59:47.825628,42156,3.011719,3.097656,3.0117190000000003,-1,166.320784,23.601138
2025-08-13T11:59:48.471628,42157,3.011719,3.101562,3.023438,-1,166.381819,23.601138
2025-08-13T11:59:49.086706,42158,3.007812,3.097656,3.0117190000000003,-1,166.320784,23.591698
2025-08-13T11:59:49.675686,42159,3.011719,3.101562,3.019531,-1,166.442854,23.582258
2025-08-13T11:59:50.306684,42160,3.019531,3.097656,3.003906,-1,166.564924,23.582258
2025-08-13T11:59:50.932363,42161,3.011719,3.097656,3.0117190000000003,-1,166.320784,23.582258
2025-08-13T11:59:51.518364,42162,3.015625,3.097656,3.0117190000000003,-1,166.442854,23.563376
2025-08-13T11:59:52.122382,42163,3.011719,3.097656,3.007812,-1,166.381819,23.553936
2025-08-13T11:59:52.753382,42164,3.007812,3.097656,3.019531,-1,166.442854,23.553936
2025-08-13T11:59:53.354431,42165,3.015625,3.101562,3.0117190000000003,-1,166.503889,23.535054
2025-08-13T11:59:53.969589,42166,3.011719,3.09375,3.019531,-1,166.381819,23.525613
2025-08-13T11:59:54.570589,42167,3.011719,3.101562,3.0117190000000003,-1,166.564924,23.525613
2025-08-13T11:59:55.178590,42168,3.015625,3.101562,3.0117190000000003,-1,166.442854,23.525613
2025-08-13T11:59:55.757965,42169,3.015625,3.097656,3.0117190000000003,-1,166.381819,23.516172
2025-08-13T11:59:56.358966,42170,3.015625,3.097656,3.015625,-1,166.503889,23.525613
2025-08-13T11:59:57.418568,42171,3.011719,3.097656,3.0117190000000003,-1,166.564924,23.525613
2025-08-13T11:59:58.026571,42172,3.015625,3.101562,3.015625,-1,166.381819,23.516172
2025-08-13T11:59:58.690568,42173,3.011719,3.097656,3.0117190000000003,-1,166.381819,23.506731
2025-08-13T11:59:59.284090,42174,3.015625,3.097656,3.0117190000000003,-1,166.381819,23.506731
2025-08-13T11:59:59.892090,42175,3.011719,3.097656,3.0117190000000003,-1,166.564924,23.49729
2025-08-13T12:00:00.510090,42176,3.011719,3.097656,3.007812,-1,166.564924,23.49729
2025-08-13T12:00:01.107091,42177,3.015625,3.097656,3.015625,-1,166.381819,23.487848
2025-08-13T12:00:01.708089,42178,3.015625,3.101562,3.007812,-1,166.503889,23.487848
2025-08-13T12:00:02.358140,42179,3.015625,3.101562,3.015625,-1,166.503889,23.478407
2025-08-13T12:00:03.097139,42180,3.015625,3.097656,3.015625,-1,166.564924,23.487848
2025-08-13T12:00:03.733141,42181,3.007812,3.097656,3.019531,-1,166.381819,23.49729
2025-08-13T12:00:04.360141,42182,3.011719,3.101562,3.015625,-1,166.564924,23.487848
2025-08-13T12:00:04.991144,42183,3.015625,3.09375,3.0117190000000003,-1,166.381819,23.468965
2025-08-13T12:00:05.633140,42184,3.015625,3.105469,3.0117190000000003,-1,166.381819,23.459523
2025-08-13T12:00:06.235140,42185,3.011719,3.097656,3.007812,-1,166.442854,23.450081
2025-08-13T12:00:06.864139,42186,3.011719,3.097656,3.0117190000000003,-1,166.381819,23.440639
2025-08-13T12:00:07.482140,42187,3.011719,3.101562,3.0117190000000003,-1,166.381819,23.440639
2025-08-13T12:00:08.094137,42188,3.015625,3.101562,3.0117190000000003,-1,166.442854,23.450081
2025-08-13T12:00:08.691138,42189,3.015625,3.101562,3.0117190000000003,-1,166.564924,23.459523
2025-08-13T12:00:09.294139,42190,3.015625,3.101562,3.0117190000000003,-1,166.381819,23.450081
2025-08-13T12:00:09.857533,42191,3.015625,3.09375,3.015625,-1,166.503889,23.459523
2025-08-13T12:00:10.430535,42192,3.011719,3.101562,3.019531,-1,166.381819,23.459523
2025-08-13T12:00:11.029537,42193,3.011719,3.097656,3.023438,-1,166.503889,23.450081
2025-08-13T12:00:11.599533,42194,3.015625,3.09375,3.019531,-1,166.503889,23.450081
2025-08-13T12:00:12.166534,42195,3.011719,3.089844,3.007812,-1,166.381819,23.440639
2025-08-13T12:00:12.729534,42196,3.015625,3.097656,3.007812,-1,166.381819,23.450081
2025-08-13T12:00:13.304534,42197,3.011719,3.097656,3.015625,-1,166.320784,23.440639
2025-08-13T12:00:13.862533,42198,3.015625,3.097656,3.0117190000000003,-1,166.503889,23.450081
2025-08-13T12:00:14.426151,42199,3.011719,3.101562,3.007812,-1,166.259749,23.459523
2025-08-13T12:00:15.001151,42200,3.007812,3.101562,3.023438,-1,166.320784,23.450081
2025-08-13T12:00:15.569203,42201,3.011719,3.097656,3.0117190000000003,-1,166.381819,23.450081
2025-08-13T12:00:16.130202,42202,3.011719,3.097656,3.015625,-1,166.198713,23.440639
2025-08-13T12:00:16.716203,42203,3.011719,3.097656,3.0117190000000003,-1,166.381819,23.440639
2025-08-13T12:00:17.290203,42204,3.011719,3.101562,3.019531,-1,166.076643,23.440639
2025-08-13T12:00:17.862205,42205,3.015625,3.097656,3.015625,-1,166.198713,23.450081
2025-08-13T12:00:18.457205,42206,3.015625,3.105469,3.0117190000000003,-1,166.198713,23.459523
2025-08-13T12:00:19.043262,42207,3.015625,3.09375,3.0117190000000003,-1,166.442854,23.459523
2025-08-13T12:00:19.619259,42208,3.011719,3.105469,3.015625,-1,166.320784,23.459523
2025-08-13T12:00:20.215007,42209,3.011719,3.097656,3.0117190000000003,-1,166.259749,23.459523
2025-08-13T12:00:20.774009,42210,3.015625,3.105469,3.007812,-1,166.381819,23.468965
2025-08-13T12:00:21.362007,42211,3.011719,3.097656,3.015625,-1,166.442854,23.450081
2025-08-13T12:00:21.930006,42212,3.011719,3.101562,3.0117190000000003,-1,166.259749,23.468965
2025-08-13T12:00:22.502012,42213,3.015625,3.101562,3.0117190000000003,-1,166.442854,23.468965
2025-08-13T12:00:23.082008,42214,3.007812,3.097656,3.0117190000000003,-1,166.442854,23.468965
2025-08-13T12:00:23.655011,42215,3.015625,3.097656,3.015625,-1,166.381819,23.459523
2025-08-13T12:00:24.229009,42216,3.011719,3.097656,3.019531,-1,166.442854,23.450081
2025-08-13T12:00:24.806006,42217,3.011719,3.101562,3.0117190000000003,-1,166.259749,23.450081
2025-08-13T12:00:25.391006,42218,3.015625,3.101562,3.0117190000000003,-1,166.259749,23.450081
2025-08-13T12:00:25.999005,42219,3.011719,3.097656,3.0117190000000003,-1,166.442854,23.459523
2025-08-13T12:00:26.571005,42220,3.007812,3.097656,3.015625,-1,166.442854,23.450081
2025-08-13T12:00:27.155006,42221,3.011719,3.101562,3.019531,-1,166.381819,23.450081
2025-08-13T12:00:27.721271,42222,3.015625,3.097656,3.0117190000000003,-1,166.442854,23.459523
2025-08-13T12:00:28.310272,42223,3.015625,3.097656,3.015625,-1,166.381819,23.450081
2025-08-13T12:00:28.888271,42224,3.015625,3.097656,3.007812,-1,166.381819,23.459523
2025-08-13T12:00:29.498614,42225,3.011719,3.097656,3.0117190000000003,-1,166.320784,23.440639
2025-08-13T12:00:30.111613,42226,3.015625,3.097656,3.015625,-1,166.442854,23.431197
2025-08-13T12:00:30.691613,42227,3.011719,3.097656,3.015625,-1,166.442854,23.431197
2025-08-13T12:00:31.272614,42228,3.015625,3.101562,3.007812,-1,166.503889,23.421754
2025-08-13T12:00:31.874613,42229,3.011719,3.097656,3.0117190000000003,-1,166.503889,23.431197
2025-08-13T12:00:32.511616,42230,3.015625,3.101562,3.015625,-1,166.442854,23.421754
2025-08-13T12:00:33.145613,42231,3.011719,3.097656,3.015625,-1,166.442854,23.421754
2025-08-13T12:00:33.761613,42232,3.011719,3.097656,3.003906,-1,166.442854,23.431197
2025-08-13T12:00:34.355613,42233,3.015625,3.097656,3.019531,-1,166.381819,23.431197
2025-08-13T12:00:34.939014,42234,3.015625,3.101562,3.0117190000000003,-1,166.503889,23.440639
2025-08-13T12:00:35.542016,42235,3.007812,3.097656,3.007812,-1,166.564924,23.440639
2025-08-13T12:00:36.130015,42236,3.007812,3.101562,3.007812,-1,166.564924,23.431197
2025-08-13T12:00:36.745015,42237,3.007812,3.101562,3.0117190000000003,-1,166.320784,23.421754
2025-08-13T12:00:37.335015,42238,3.011719,3.097656,3.019531,-1,166.503889,23.421754
2025-08-13T12:00:37.920015,42239,3.007812,3.097656,3.007812,-1,166.503889,23.421754
2025-08-13T12:00:38.504020,42240,3.015625,3.101562,3.015625,-1,166.320784,23.412312
2025-08-13T12:00:39.119440,42241,3.015625,3.101562,3.007812,-1,166.503889,23.431197
2025-08-13T12:00:40.055438,42242,3.011719,3.101562,3.003906,-1,166.503889,23.431197
2025-08-13T12:00:40.628438,42243,3.015625,3.097656,3.0117190000000003,-1,166.381819,23.431197
2025-08-13T12:00:41.203439,42244,3.015625,3.101562,3.015625,-1,166.320784,23.421754
2025-08-13T12:00:41.778439,42245,3.011719,3.097656,3.0117190000000003,-1,166.320784,23.412312
2025-08-13T12:00:42.363438,42246,3.015625,3.097656,3.0117190000000003,-1,166.320784,23.402869
2025-08-13T12:00:42.940442,42247,3.011719,3.097656,3.007812,-1,166.381819,23.412312
2025-08-13T12:00:43.527439,42248,3.015625,3.101562,3.015625,-1,166.320784,23.402869
2025-08-13T12:00:44.109438,42249,3.011719,3.101562,3.007812,-1,166.381819,23.393426
2025-08-13T12:00:44.695439,42250,3.015625,3.101562,3.007812,-1,166.381819,23.402869
2025-08-13T12:00:45.279440,42251,3.011719,3.097656,3.015625,-1,166.442854,23.402869
2025-08-13T12:00:50.967971,42252,3.015625,3.097656,3.0117190000000003,-1,166.137678,23.393426
2025-08-13T12:00:51.547972,42253,3.011719,3.097656,3.019531,-1,166.259749,23.393426
2025-08-13T12:00:52.139971,42254,3.007812,3.105469,3.015625,-1,166.198713,23.393426
2025-08-13T12:00:52.740144,42255,3.015625,3.101562,3.0117190000000003,-1,166.137678,23.383983
2025-08-13T12:00:53.335149,42256,3.011719,3.101562,3.0117190000000003,-1,166.320784,23.402869
2025-08-13T12:00:53.934144,42257,3.011719,3.101562,3.0117190000000003,-1,166.259749,23.393426
2025-08-13T12:00:54.525144,42258,3.011719,3.097656,3.015625,-1,166.259749,23.402869
2025-08-13T12:00:55.134962,42259,3.015625,3.097656,3.007812,-1,166.320784,23.402869
2025-08-13T12:00:55.789965,42260,3.015625,3.101562,3.015625,-1,166.259749,23.412312
2025-08-13T12:00:56.561961,42261,3.015625,3.101562,3.019531,-1,166.320784,23.412312
2025-08-13T12:00:57.161963,42262,3.015625,3.101562,3.015625,-1,166.137678,23.412312
2025-08-13T12:00:57.748962,42263,3.011719,3.097656,3.015625,-1,166.137678,23.412312
2025-08-13T12:00:58.340963,42264,3.011719,3.09375,3.015625,-1,166.015608,23.412312
2025-08-13T12:00:58.962962,42265,3.015625,3.09375,3.0117190000000003,-1,166.198713,23.421754
2025-08-13T12:00:59.812856,42266,3.015625,3.101562,3.0117190000000003,-1,166.137678,23.421754
2025-08-13T12:01:00.493408,42267,3.011719,3.097656,3.0117190000000003,-1,166.076643,23.412312
2025-08-13T12:01:01.131410,42268,3.011719,3.097656,3.0117190000000003,-1,166.076643,23.421754
2025-08-13T12:01:01.835411,42269,3.011719,3.101562,3.015625,-1,166.137678,23.431197
2025-08-13T12:01:02.594407,42270,3.007812,3.097656,3.019531,-1,166.320784,23.431197
2025-08-13T12:01:03.225409,42271,3.011719,3.097656,3.015625,-1,166.137678,23.431197
2025-08-13T12:01:03.838408,42272,3.011719,3.097656,3.0117190000000003,-1,166.198713,23.431197
2025-08-13T12:01:04.439408,42273,3.007812,3.097656,3.015625,-1,166.076643,23.431197
2025-08-13T12:01:05.030320,42274,3.011719,3.105469,3.007812,-1,166.015608,23.431197
2025-08-13T12:01:05.644322,42275,3.011719,3.097656,3.0117190000000003,-1,166.015608,23.431197
2025-08-13T12:01:06.298320,42276,3.011719,3.097656,3.015625,-1,166.076643,23.431197
2025-08-13T12:01:06.898489,42277,3.007812,3.097656,3.0117190000000003,-1,166.137678,23.440639
2025-08-13T12:01:08.282372,42278,3.011719,3.097656,3.015625,-1,166.015608,23.440639
2025-08-13T12:01:08.888373,42279,3.011719,3.097656,3.019531,-1,166.076643,23.450081
2025-08-13T12:01:09.488371,42280,3.007812,3.09375,3.0117190000000003,-1,166.076643,23.450081
2025-08-13T12:01:10.080371,42281,3.011719,3.097656,3.015625,-1,166.198713,23.459523
2025-08-13T12:01:10.677374,42282,3.015625,3.101562,3.0117190000000003,-1,166.137678,23.459523
2025-08-13T12:01:11.274873,42283,3.011719,3.097656,3.019531,-1,166.137678,23.450081
2025-08-13T12:01:11.877872,42284,3.011719,3.097656,3.003906,-1,166.198713,23.459523
2025-08-13T12:01:12.514870,42285,3.011719,3.097656,3.0117190000000003,-1,166.137678,23.459523
2025-08-13T12:01:13.132874,42286,3.011719,3.097656,3.015625,-1,166.076643,23.468965
2025-08-13T12:01:13.724871,42287,3.007812,3.097656,3.0117190000000003,-1,166.137678,23.459523
2025-08-13T12:01:14.350873,42288,3.015625,3.101562,3.019531,-1,166.137678,23.478407
2025-08-13T12:01:14.940491,42289,3.011719,3.09375,3.015625,-1,166.320784,23.468965
2025-08-13T12:01:15.520491,42290,3.011719,3.105469,3.0117190000000003,-1,166.198713,23.468965
2025-08-13T12:01:16.114491,42291,3.007812,3.097656,3.007812,-1,166.320784,23.468965
2025-08-13T12:01:16.736856,42292,3.011719,3.09375,3.0117190000000003,-1,166.076643,23.468965
2025-08-13T12:01:17.337881,42293,3.007812,3.097656,3.0117190000000003,-1,166.137678,23.468965
2025-08-13T12:01:17.924881,42294,3.015625,3.101562,3.015625,-1,166.198713,23.468965
2025-08-13T12:01:18.524532,42295,3.011719,3.105469,3.0117190000000003,-1,166.259749,23.468965
2025-08-13T12:01:19.149532,42296,3.015625,3.097656,3.019531,-1,166.259749,23.459523
2025-08-13T12:01:19.779085,42297,3.015625,3.101562,3.0117190000000003,-1,166.320784,23.459523
2025-08-13T12:01:20.372886,42298,3.011719,3.09375,3.0117190000000003,-1,166.198713,23.468965
2025-08-13T12:01:20.963886,42299,3.015625,3.101562,3.015625,-1,166.137678,23.478407
2025-08-13T12:01:21.560132,42300,3.007812,3.097656,3.015625,-1,166.259749,23.478407
2025-08-13T12:01:22.215133,42301,3.011719,3.097656,3.0117190000000003,-1,166.259749,23.468965
2025-08-13T12:01:22.852199,42302,3.015625,3.097656,3.0117190000000003,-1,166.076643,23.468965
2025-08-13T12:01:23.468196,42303,3.015625,3.09375,3.0117190000000003,-1,166.137678,23.478407
2025-08-13T12:01:24.094132,42304,3.019531,3.097656,3.007812,-1,166.137678,23.487848
2025-08-13T12:01:24.710149,42305,3.015625,3.101562,3.015625,-1,166.076643,23.478407
2025-08-13T12:01:25.324149,42306,3.015625,3.101562,3.015625,-1,166.259749,23.478407
2025-08-13T12:01:25.921149,42307,3.011719,3.097656,3.0117190000000003,-1,166.137678,23.478407
2025-08-13T12:01:26.568151,42308,3.011719,3.101562,3.0117190000000003,-1,166.137678,23.478407
2025-08-13T12:01:27.186200,42309,3.015625,3.101562,3.007812,-1,166.320784,23.468965
2025-08-13T12:01:27.802199,42310,3.015625,3.097656,3.007812,-1,166.259749,23.468965
2025-08-13T12:01:28.446861,42311,3.015625,3.101562,3.019531,-1,166.198713,23.478407
2025-08-13T12:01:29.067861,42312,3.015625,3.097656,3.015625,-1,166.137678,23.487848
2025-08-13T12:01:29.670613,42313,3.011719,3.097656,3.019531,-1,166.076643,23.487848
2025-08-13T12:01:30.299614,42314,3.011719,3.09375,3.015625,-1,166.259749,23.487848
2025-08-13T12:01:30.927301,42315,3.015625,3.097656,3.019531,-1,166.198713,23.49729
2025-08-13T12:01:31.539301,42316,3.015625,3.097656,3.0117190000000003,-1,166.381819,23.487848
2025-08-13T12:01:32.190145,42317,3.015625,3.09375,3.007812,-1,166.320784,23.478407
2025-08-13T12:01:32.820148,42318,3.019531,3.097656,3.0117190000000003,-1,166.442854,23.468965
2025-08-13T12:01:33.437145,42319,3.007812,3.097656,3.0117190000000003,-1,166.503889,23.459523
2025-08-13T12:01:34.036360,42320,3.015625,3.101562,3.007812,-1,166.503889,23.459523
2025-08-13T12:01:34.698360,42321,3.015625,3.097656,3.007812,-1,166.320784,23.459523
2025-08-13T12:01:35.289847,42322,3.007812,3.09375,3.0117190000000003,-1,166.503889,23.459523
2025-08-13T12:01:36.025847,42323,3.015625,3.097656,3.003906,-1,166.564924,23.468965
2025-08-13T12:01:36.624044,42324,3.015625,3.101562,3.023438,-1,166.503889,23.468965
2025-08-13T12:01:37.236042,42325,3.015625,3.097656,3.015625,-1,166.564924,23.459523
2025-08-13T12:01:37.851935,42326,3.007812,3.101562,3.0117190000000003,-1,166.320784,23.468965
2025-08-13T12:01:38.451935,42327,3.011719,3.097656,3.007812,-1,166.442854,23.478407
2025-08-13T12:01:39.038991,42328,3.015625,3.101562,3.015625,-1,166.503889,23.459523
2025-08-13T12:01:39.651988,42329,3.007812,3.097656,3.0117190000000003,-1,166.564924,23.459523
2025-08-13T12:01:40.264972,42330,3.015625,3.097656,3.019531,-1,166.381819,23.450081
2025-08-13T12:01:40.865967,42331,3.015625,3.097656,3.0117190000000003,-1,166.503889,23.440639
2025-08-13T12:01:41.464571,42332,3.015625,3.097656,3.023438,-1,166.503889,23.440639
2025-08-13T12:01:42.081572,42333,3.007812,3.101562,3.007812,-1,166.381819,23.450081
2025-08-13T12:01:42.668645,42334,3.011719,3.101562,3.007812,-1,166.503889,23.450081
2025-08-13T12:01:43.255648,42335,3.015625,3.097656,3.015625,-1,166.564924,23.450081
2025-08-13T12:01:43.846654,42336,3.007812,3.101562,3.015625,-1,166.381819,23.459523
2025-08-13T12:01:44.449654,42337,3.015625,3.101562,3.0117190000000003,-1,166.503889,23.459523
2025-08-13T12:01:45.027655,42338,3.011719,3.097656,3.0117190000000003,-1,166.503889,23.468965
2025-08-13T12:01:45.623654,42339,3.011719,3.101562,3.0117190000000003,-1,166.259749,23.468965
2025-08-13T12:01:46.247655,42340,3.011719,3.101562,3.0117190000000003,-1,166.442854,23.468965
2025-08-13T12:01:46.852655,42341,3.011719,3.09375,3.007812,-1,166.503889,23.468965
2025-08-13T12:01:47.451654,42342,3.007812,3.097656,3.007812,-1,166.320784,23.459523
2025-08-13T12:01:48.102655,42343,3.015625,3.097656,3.015625,-1,166.259749,23.459523
2025-08-13T12:01:48.691678,42344,3.015625,3.101562,3.015625,-1,166.198713,23.468965
2025-08-13T12:01:49.356679,42345,3.015625,3.101562,3.0117190000000003,-1,166.137678,23.478407
2025-08-13T12:01:49.971678,42346,3.011719,3.09375,3.015625,-1,166.198713,23.487848
2025-08-13T12:01:50.581677,42347,3.015625,3.09375,3.0117190000000003,-1,165.893538,23.49729
2025-08-13T12:01:51.200716,42348,3.015625,3.105469,3.0117190000000003,-1,165.039046,23.487848
2025-08-13T12:01:52.018717,42349,3.015625,3.101562,3.015625,-1,165.466292,23.478407
2025-08-13T12:01:52.627758,42350,3.011719,3.097656,3.0117190000000003,-1,165.588362,23.487848
2025-08-13T12:01:53.211758,42351,3.015625,3.101562,3.023438,-1,165.710432,23.478407
2025-08-13T12:01:53.813758,42352,3.011719,3.101562,3.023438,-1,165.832503,23.478407
2025-08-13T12:01:54.427758,42353,3.011719,3.097656,3.0117190000000003,-1,166.259749,23.487848
2025-08-13T12:01:55.027729,42354,3.011719,3.097656,3.019531,-1,166.198713,23.478407
2025-08-13T12:01:55.614724,42355,3.019531,3.097656,3.015625,-1,166.259749,23.468965
2025-08-13T12:01:56.200725,42356,3.011719,3.097656,3.023438,-1,166.503889,23.468965
2025-08-13T12:01:56.786726,42357,3.023438,3.097656,3.003906,-1,166.442854,23.459523
2025-08-13T12:01:57.380723,42358,3.015625,3.101562,3.0117190000000003,-1,166.381819,23.468965
2025-08-13T12:01:57.970303,42359,3.011719,3.101562,3.015625,-1,166.62596,23.459523
2025-08-13T12:01:58.558303,42360,3.011719,3.097656,3.019531,-1,166.442854,23.459523
2025-08-13T12:01:59.174339,42361,3.011719,3.101562,3.0117190000000003,-1,166.259749,23.459523
2025-08-13T12:01:59.762340,42362,3.015625,3.097656,3.003906,-1,166.320784,23.459523
2025-08-13T12:02:00.374340,42363,3.011719,3.09375,3.0117190000000003,-1,166.259749,23.459523
2025-08-13T12:02:00.965339,42364,3.011719,3.09375,3.019531,-1,166.503889,23.459523
2025-08-13T12:02:01.555338,42365,3.011719,3.101562,3.015625,-1,166.381819,23.450081
2025-08-13T12:02:02.145338,42366,3.007812,3.097656,3.015625,-1,166.381819,23.450081
2025-08-13T12:02:02.734338,42367,3.011719,3.101562,3.019531,-1,166.198713,23.459523
2025-08-13T12:02:03.350341,42368,3.011719,3.101562,3.007812,-1,166.259749,23.459523
2025-08-13T12:02:03.952340,42369,3.015625,3.101562,3.019531,-1,166.198713,23.468965
2025-08-13T12:02:04.562339,42370,3.015625,3.101562,3.015625,-1,166.137678,23.478407
2025-08-13T12:02:05.163339,42371,3.015625,3.09375,3.015625,-1,166.381819,23.478407
2025-08-13T12:02:05.750340,42372,3.015625,3.097656,3.015625,-1,166.320784,23.478407
2025-08-13T12:02:06.710340,42373,3.019531,3.101562,3.0117190000000003,-1,166.381819,23.478407
2025-08-13T12:02:07.303341,42374,3.015625,3.097656,3.0117190000000003,-1,166.442854,23.487848
2025-08-13T12:02:07.916339,42375,3.015625,3.097656,3.015625,-1,166.259749,23.487848
2025-08-13T12:02:08.511339,42376,3.011719,3.101562,3.0117190000000003,-1,166.320784,23.487848
2025-08-13T12:02:09.091341,42377,3.011719,3.101562,3.015625,-1,166.381819,23.506731
2025-08-13T12:02:09.683339,42378,3.015625,3.097656,3.0117190000000003,-1,166.259749,23.49729
2025-08-13T12:02:10.265338,42379,3.011719,3.101562,3.0117190000000003,-1,166.381819,23.487848
2025-08-13T12:02:10.881339,42380,3.007812,3.09375,3.007812,-1,166.259749,23.487848
2025-08-13T12:02:11.483857,42381,3.015625,3.09375,3.015625,-1,166.381819,23.478407
2025-08-13T12:02:12.073854,42382,3.011719,3.09375,3.015625,-1,166.381819,23.478407
2025-08-13T12:02:12.674873,42383,3.011719,3.097656,3.0117190000000003,-1,166.198713,23.468965
2025-08-13T12:02:13.279873,42384,3.015625,3.101562,3.015625,-1,166.442854,23.468965
2025-08-13T12:02:13.861876,42385,3.011719,3.097656,3.015625,-1,166.503889,23.478407
2025-08-13T12:02:14.458873,42386,3.015625,3.101562,3.015625,-1,166.320784,23.478407
2025-08-13T12:02:15.030874,42387,3.011719,3.097656,3.0117190000000003,-1,166.381819,23.468965
2025-08-13T12:02:15.622873,42388,3.015625,3.097656,3.015625,-1,166.62596,23.478407
2025-08-13T12:02:16.213084,42389,3.011719,3.101562,3.007812,-1,166.442854,23.468965
2025-08-13T12:02:16.820084,42390,3.015625,3.101562,3.015625,-1,166.503889,23.468965
2025-08-13T12:02:17.407084,42391,3.015625,3.105469,3.019531,-1,166.503889,23.459523
2025-08-13T12:02:17.998086,42392,3.007812,3.097656,3.019531,-1,166.62596,23.450081
2025-08-13T12:02:18.570885,42393,3.015625,3.101562,3.015625,-1,166.442854,23.450081
2025-08-13T12:02:19.198885,42394,3.011719,3.101562,3.015625,-1,166.442854,23.450081
2025-08-13T12:02:19.791020,42395,3.015625,3.101562,3.015625,-1,166.564924,23.459523
2025-08-13T12:02:20.409021,42396,3.011719,3.097656,3.015625,-1,166.442854,23.459523
2025-08-13T12:02:20.982884,42397,3.015625,3.097656,3.023438,-1,166.564924,23.468965
2025-08-13T12:02:21.591886,42398,3.011719,3.097656,3.015625,-1,166.503889,23.487848
2025-08-13T12:02:22.169180,42399,3.011719,3.101562,3.015625,-1,166.442854,23.49729
2025-08-13T12:02:22.778181,42400,3.015625,3.097656,3.019531,-1,166.62596,23.49729
2025-08-13T12:02:23.369916,42401,3.015625,3.101562,3.015625,-1,166.62596,23.49729
2025-08-13T12:02:23.972916,42402,3.011719,3.101562,3.0117190000000003,-1,166.442854,23.506731
2025-08-13T12:02:24.564643,42403,3.011719,3.101562,3.015625,-1,166.564924,23.506731
2025-08-13T12:02:25.155643,42404,3.011719,3.097656,3.015625,-1,166.503889,23.49729
2025-08-13T12:02:25.746643,42405,3.015625,3.097656,3.019531,-1,166.503889,23.49729
2025-08-13T12:02:26.360643,42406,3.011719,3.09375,3.007812,-1,166.442854,23.487848
2025-08-13T12:02:26.944645,42407,3.011719,3.097656,3.0117190000000003,-1,166.503889,23.49729
2025-08-13T12:02:27.535597,42408,3.011719,3.09375,3.0117190000000003,-1,166.381819,23.487848
2025-08-13T12:02:28.123596,42409,3.011719,3.101562,3.015625,-1,166.503889,23.478407
2025-08-13T12:02:28.715596,42410,3.015625,3.097656,3.015625,-1,166.442854,23.468965
2025-08-13T12:02:29.307596,42411,3.011719,3.09375,3.007812,-1,166.381819,23.468965
2025-08-13T12:02:29.908599,42412,3.011719,3.097656,3.015625,-1,166.442854,23.468965
2025-08-13T12:02:30.499595,42413,3.003906,3.101562,3.007812,-1,166.564924,23.478407
2025-08-13T12:02:31.095666,42414,3.015625,3.101562,3.015625,-1,166.503889,23.468965
2025-08-13T12:02:31.718665,42415,3.011719,3.097656,3.0117190000000003,-1,166.62596,23.459523
2025-08-13T12:02:32.320304,42416,3.015625,3.101562,3.0117190000000003,-1,166.381819,23.468965
2025-08-13T12:02:32.904304,42417,3.015625,3.097656,3.007812,-1,166.503889,23.468965
2025-08-13T12:02:33.499305,42418,3.011719,3.101562,3.0117190000000003,-1,166.503889,23.459523
2025-08-13T12:02:34.087304,42419,3.007812,3.101562,3.015625,-1,166.564924,23.450081
2025-08-13T12:02:34.744304,42420,3.011719,3.101562,3.023438,-1,166.564924,23.450081
2025-08-13T12:02:35.385305,42421,3.011719,3.097656,3.015625,-1,166.564924,23.450081
2025-08-13T12:02:35.999304,42422,3.015625,3.097656,3.0117190000000003,-1,166.442854,23.450081
2025-08-13T12:02:36.633304,42423,3.011719,3.097656,3.0117190000000003,-1,166.503889,23.450081
2025-08-13T12:02:37.278304,42424,3.015625,3.101562,3.015625,-1,166.62596,23.440639
2025-08-13T12:02:37.861566,42425,3.015625,3.101562,3.015625,-1,166.62596,23.431197
2025-08-13T12:02:38.472564,42426,3.015625,3.097656,3.019531,-1,166.442854,23.431197
2025-08-13T12:02:39.047675,42427,3.015625,3.097656,3.015625,-1,166.564924,23.421754
2025-08-13T12:02:39.638671,42428,3.015625,3.101562,3.019531,-1,166.503889,23.431197
2025-08-13T12:02:40.218998,42429,3.015625,3.101562,3.007812,-1,166.62596,23.421754
2025-08-13T12:02:40.821986,42430,3.011719,3.09375,3.0117190000000003,-1,166.442854,23.431197
2025-08-13T12:02:41.414084,42431,3.015625,3.097656,3.007812,-1,166.442854,23.431197
2025-08-13T12:02:42.000723,42432,3.007812,3.101562,3.003906,-1,166.503889,23.431197
2025-08-13T12:02:42.601657,42433,3.011719,3.101562,3.0117190000000003,-1,166.503889,23.440639
2025-08-13T12:02:43.191676,42434,3.015625,3.101562,3.023438,-1,166.442854,23.440639
2025-08-13T12:02:43.774229,42435,3.019531,3.09375,3.015625,-1,166.686995,23.450081
2025-08-13T12:02:44.362917,42436,3.011719,3.101562,3.0117190000000003,-1,166.564924,23.450081
2025-08-13T12:02:44.969916,42437,3.015625,3.097656,3.007812,-1,166.62596,23.450081
2025-08-13T12:02:45.565645,42438,3.015625,3.097656,3.019531,-1,166.442854,23.450081
2025-08-13T12:02:46.155851,42439,3.011719,3.105469,3.019531,-1,166.442854,23.450081
2025-08-13T12:02:46.746854,42440,3.015625,3.09375,3.019531,-1,166.381819,23.450081
2025-08-13T12:02:47.358199,42441,3.015625,3.101562,3.0117190000000003,-1,166.503889,23.450081
2025-08-13T12:02:47.938867,42442,3.011719,3.09375,3.015625,-1,166.62596,23.459523
2025-08-13T12:02:48.528858,42443,3.011719,3.097656,3.0117190000000003,-1,166.442854,23.450081
2025-08-13T12:02:49.110858,42444,3.011719,3.097656,3.007812,-1,166.503889,23.450081
2025-08-13T12:02:49.690880,42445,3.011719,3.101562,3.0117190000000003,-1,166.62596,23.459523
2025-08-13T12:02:50.285996,42446,3.019531,3.097656,3.007812,-1,166.564924,23.459523
2025-08-13T12:02:50.879561,42447,3.011719,3.097656,3.015625,-1,166.442854,23.450081
2025-08-13T12:02:51.501559,42448,3.015625,3.101562,3.015625,-1,166.442854,23.450081
2025-08-13T12:02:52.083571,42449,3.011719,3.097656,3.0117190000000003,-1,166.62596,23.459523
2025-08-13T12:02:52.678591,42450,3.011719,3.097656,3.015625,-1,166.564924,23.450081
2025-08-13T12:02:53.313795,42451,3.015625,3.101562,3.0117190000000003,-1,166.442854,23.450081
2025-08-13T12:02:53.902842,42452,3.011719,3.097656,3.015625,-1,166.442854,23.450081
2025-08-13T12:02:54.506843,42453,3.011719,3.097656,3.0117190000000003,-1,166.442854,23.450081
2025-08-13T12:02:55.090842,42454,3.015625,3.101562,3.019531,-1,166.503889,23.450081
2025-08-13T12:02:55.698462,42455,3.019531,3.101562,3.0117190000000003,-1,166.62596,23.450081
2025-08-13T12:02:56.301911,42456,3.015625,3.101562,3.019531,-1,166.62596,23.450081
2025-08-13T12:02:56.895910,42457,3.011719,3.09375,3.0117190000000003,-1,166.564924,23.440639
2025-08-13T12:02:57.485948,42458,3.015625,3.097656,3.007812,-1,166.564924,23.450081
2025-08-13T12:02:59.067473,42459,3.019531,3.097656,3.0117190000000003,-1,166.564924,23.450081
2025-08-13T12:02:59.669472,42460,3.011719,3.101562,3.023438,-1,166.62596,23.468965
2025-08-13T12:03:00.255683,42461,3.011719,3.101562,3.019531,-1,166.62596,23.468965
2025-08-13T12:03:00.853683,42462,3.011719,3.09375,3.0117190000000003,-1,166.62596,23.468965
2025-08-13T12:03:01.440020,42463,3.011719,3.097656,3.015625,-1,166.62596,23.478407
2025-08-13T12:03:02.029019,42464,3.011719,3.101562,3.015625,-1,166.62596,23.468965
2025-08-13T12:03:02.617391,42465,3.007812,3.097656,3.019531,-1,166.62596,23.468965
2025-08-13T12:03:03.217391,42466,3.011719,3.101562,3.019531,-1,166.503889,23.459523
2025-08-13T12:03:03.809454,42467,3.011719,3.097656,3.0117190000000003,-1,166.442854,23.450081
2025-08-13T12:03:04.406538,42468,3.015625,3.101562,3.007812,-1,166.442854,23.450081
2025-08-13T12:03:04.995578,42469,3.015625,3.097656,3.0117190000000003,-1,166.442854,23.450081
2025-08-13T12:03:05.618578,42470,3.019531,3.097656,3.007812,-1,166.564924,23.450081
2025-08-13T12:03:06.210323,42471,3.011719,3.097656,3.0117190000000003,-1,166.442854,23.450081
2025-08-13T12:03:06.870324,42472,3.015625,3.097656,3.0117190000000003,-1,166.62596,23.450081
2025-08-13T12:03:07.499324,42473,3.011719,3.09375,3.019531,-1,166.381819,23.450081
2025-08-13T12:03:08.093323,42474,3.011719,3.097656,3.019531,-1,166.381819,23.459523
2025-08-13T12:03:08.700324,42475,3.015625,3.101562,3.0117190000000003,-1,166.503889,23.459523
2025-08-13T12:03:09.300323,42476,3.011719,3.097656,3.0117190000000003,-1,166.686995,23.450081
2025-08-13T12:03:09.889307,42477,3.015625,3.09375,3.007812,-1,166.74803,23.450081
2025-08-13T12:03:10.492307,42478,3.003906,3.097656,3.023438,-1,166.564924,23.440639
2025-08-13T12:03:11.065290,42479,3.015625,3.101562,3.0117190000000003,-1,166.564924,23.440639
2025-08-13T12:03:11.661290,42480,3.015625,3.097656,3.007812,-1,166.62596,23.450081
2025-08-13T12:03:12.245409,42481,3.015625,3.101562,3.0117190000000003,-1,166.564924,23.450081
2025-08-13T12:03:12.842408,42482,3.011719,3.097656,3.0117190000000003,-1,166.62596,23.450081
2025-08-13T12:03:13.425683,42483,3.007812,3.101562,3.007812,-1,166.564924,23.450081
2025-08-13T12:03:14.026683,42484,3.011719,3.097656,3.0117190000000003,-1,166.74803,23.431197
2025-08-13T12:03:14.616676,42485,3.015625,3.097656,3.007812,-1,166.686995,23.431197
2025-08-13T12:03:15.199676,42486,3.011719,3.097656,3.015625,-1,166.564924,23.431197
2025-08-13T12:03:15.801676,42487,3.011719,3.101562,3.023438,-1,166.62596,23.431197
2025-08-13T12:03:16.402884,42488,3.007812,3.09375,3.0117190000000003,-1,166.62596,23.421754
2025-08-13T12:03:17.008883,42489,3.011719,3.101562,3.0117190000000003,-1,166.564924,23.421754
2025-08-13T12:03:17.607476,42490,3.015625,3.097656,3.0117190000000003,-1,166.564924,23.402869
2025-08-13T12:03:18.198469,42491,3.015625,3.097656,3.015625,-1,166.564924,23.412312
2025-08-13T12:03:18.800502,42492,3.015625,3.101562,3.015625,-1,166.62596,23.402869
2025-08-13T12:03:19.393501,42493,3.015625,3.097656,3.015625,-1,166.686995,23.402869
2025-08-13T12:03:19.986504,42494,3.011719,3.097656,3.0117190000000003,-1,166.564924,23.402869
2025-08-13T12:03:20.579502,42495,3.015625,3.09375,3.007812,-1,166.74803,23.402869
2025-08-13T12:03:21.182502,42496,3.011719,3.101562,3.015625,-1,166.564924,23.383983
2025-08-13T12:03:21.780520,42497,3.007812,3.101562,3.007812,-1,166.564924,23.393426
2025-08-13T12:03:22.420520,42498,3.011719,3.097656,3.015625,-1,166.62596,23.393426
2025-08-13T12:03:23.039520,42499,3.015625,3.101562,3.0117190000000003,-1,166.74803,23.393426
2025-08-13T12:03:23.657534,42500,3.015625,3.09375,3.019531,-1,166.62596,23.393426
2025-08-13T12:03:24.240532,42501,3.015625,3.09375,3.0117190000000003,-1,166.686995,23.393426
2025-08-13T12:03:24.853532,42502,3.015625,3.097656,3.0117190000000003,-1,166.62596,23.393426
2025-08-13T12:03:25.460651,42503,3.015625,3.097656,3.0117190000000003,-1,166.686995,23.393426
2025-08-13T12:03:26.191854,42504,3.015625,3.101562,3.015625,-1,166.564924,23.402869
2025-08-13T12:03:26.792855,42505,3.011719,3.097656,3.015625,-1,166.564924,23.402869
2025-08-13T12:03:27.384805,42506,3.015625,3.101562,3.023438,-1,166.564924,23.402869
2025-08-13T12:03:27.986804,42507,3.015625,3.097656,3.0117190000000003,-1,166.564924,23.402869
2025-08-13T12:03:28.604896,42508,3.015625,3.101562,3.015625,-1,166.564924,23.393426
2025-08-13T12:03:29.202896,42509,3.015625,3.105469,3.0117190000000003,-1,166.503889,23.383983
2025-08-13T12:03:29.817897,42510,3.015625,3.097656,3.0117190000000003,-1,166.62596,23.393426
2025-08-13T12:03:30.406283,42511,3.011719,3.097656,3.015625,-1,166.62596,23.383983
2025-08-13T12:03:31.020283,42512,3.015625,3.09375,3.015625,-1,166.686995,23.393426
2025-08-13T12:03:31.607386,42513,3.015625,3.089844,3.0117190000000003,-1,166.564924,23.393426
2025-08-13T12:03:32.227387,42514,3.015625,3.101562,3.015625,-1,166.564924,23.402869
2025-08-13T12:03:33.190871,42515,3.011719,3.097656,3.015625,-1,166.62596,23.402869
2025-08-13T12:03:33.778870,42516,3.011719,3.097656,3.015625,-1,166.74803,23.402869
2025-08-13T12:03:34.393870,42517,3.011719,3.105469,3.015625,-1,166.564924,23.412312
2025-08-13T12:03:34.980490,42518,3.015625,3.097656,3.0117190000000003,-1,166.564924,23.412312
2025-08-13T12:03:35.600490,42519,3.011719,3.101562,3.019531,-1,166.74803,23.421754
2025-08-13T12:03:36.227492,42520,3.011719,3.101562,3.019531,-1,166.62596,23.412312
2025-08-13T12:03:36.853490,42521,3.011719,3.097656,3.007812,-1,166.62596,23.412312
2025-08-13T12:03:37.451994,42522,3.011719,3.097656,3.015625,-1,166.686995,23.412312
2025-08-13T12:03:38.044993,42523,3.011719,3.097656,3.015625,-1,166.564924,23.412312
2025-08-13T12:03:38.670994,42524,3.023438,3.097656,3.015625,-1,166.503889,23.421754
2025-08-13T12:03:39.288998,42525,3.015625,3.097656,3.0117190000000003,-1,166.381819,23.421754
2025-08-13T12:03:39.884959,42526,3.011719,3.097656,3.0117190000000003,-1,166.503889,23.421754
2025-08-13T12:03:40.494959,42527,3.015625,3.101562,3.0117190000000003,-1,166.686995,23.431197
2025-08-13T12:03:41.080959,42528,3.007812,3.105469,3.0117190000000003,-1,166.564924,23.431197
2025-08-13T12:03:41.678018,42529,3.007812,3.105469,3.0117190000000003,-1,166.503889,23.431197
2025-08-13T12:03:42.285018,42530,3.011719,3.097656,3.0117190000000003,-1,166.686995,23.440639
2025-08-13T12:03:42.897018,42531,3.011719,3.097656,3.015625,-1,166.564924,23.440639
2025-08-13T12:03:43.488018,42532,3.019531,3.097656,3.007812,-1,166.564924,23.450081
2025-08-13T12:03:44.084925,42533,3.011719,3.097656,3.015625,-1,166.503889,23.459523
2025-08-13T12:03:44.690926,42534,3.011719,3.097656,3.015625,-1,166.62596,23.459523
2025-08-13T12:03:45.325484,42535,3.007812,3.101562,3.007812,-1,166.62596,23.459523
2025-08-13T12:03:45.936484,42536,3.011719,3.101562,3.0117190000000003,-1,166.62596,23.459523
2025-08-13T12:03:46.543291,42537,3.015625,3.097656,3.015625,-1,166.564924,23.450081
2025-08-13T12:03:47.189291,42538,3.011719,3.097656,3.0117190000000003,-1,166.686995,23.459523
2025-08-13T12:03:47.807878,42539,3.011719,3.097656,3.0117190000000003,-1,166.62596,23.450081
2025-08-13T12:03:48.413878,42540,3.015625,3.097656,3.003906,-1,166.564924,23.450081
2025-08-13T12:03:49.024732,42541,3.015625,3.097656,3.015625,-1,166.564924,23.440639
2025-08-13T12:03:49.654734,42542,3.019531,3.101562,3.0117190000000003,-1,166.564924,23.450081
2025-08-13T12:03:50.262789,42543,3.011719,3.09375,3.015625,-1,166.686995,23.450081
2025-08-13T12:03:50.889789,42544,3.019531,3.097656,3.019531,-1,166.686995,23.450081
2025-08-13T12:03:51.510791,42545,3.011719,3.097656,3.015625,-1,166.62596,23.459523
2025-08-13T12:03:52.118815,42546,3.011719,3.097656,3.015625,-1,166.74803,23.459523
2025-08-13T12:03:52.726816,42547,3.011719,3.097656,3.019531,-1,166.62596,23.468965
2025-08-13T12:03:53.339500,42548,3.015625,3.105469,3.019531,-1,166.74803,23.468965
2025-08-13T12:03:53.940500,42549,3.011719,3.097656,3.0117190000000003,-1,166.686995,23.468965
2025-08-13T12:03:54.529500,42550,3.011719,3.105469,3.0117190000000003,-1,166.442854,23.459523
2025-08-13T12:03:55.129500,42551,3.011719,3.097656,3.0117190000000003,-1,166.62596,23.459523
2025-08-13T12:03:55.725106,42552,3.011719,3.101562,3.015625,-1,166.62596,23.459523
2025-08-13T12:03:56.342106,42553,3.011719,3.105469,3.0117190000000003,-1,166.503889,23.468965
2025-08-13T12:03:56.967108,42554,3.015625,3.097656,3.007812,-1,166.74803,23.468965
2025-08-13T12:03:57.583105,42555,3.015625,3.097656,3.015625,-1,166.564924,23.459523
2025-08-13T12:03:58.199108,42556,3.011719,3.101562,3.015625,-1,166.503889,23.450081
2025-08-13T12:03:58.812057,42557,3.011719,3.09375,3.019531,-1,166.62596,23.450081
2025-08-13T12:03:59.406892,42558,3.015625,3.097656,3.015625,-1,166.62596,23.450081
2025-08-13T12:04:00.000425,42559,3.015625,3.097656,3.007812,-1,166.564924,23.450081
2025-08-13T12:04:00.606426,42560,3.015625,3.101562,3.007812,-1,166.74803,23.459523
2025-08-13T12:04:01.213335,42561,3.015625,3.097656,3.007812,-1,166.686995,23.459523
2025-08-13T12:04:01.840269,42562,3.011719,3.097656,3.015625,-1,166.62596,23.468965
2025-08-13T12:04:02.442715,42563,3.011719,3.101562,3.0117190000000003,-1,166.74803,23.468965
2025-08-13T12:04:03.051194,42564,3.011719,3.097656,3.015625,-1,166.809065,23.478407
2025-08-13T12:04:03.657465,42565,3.015625,3.097656,3.0117190000000003,-1,166.74803,23.487848
2025-08-13T12:04:04.257465,42566,3.011719,3.105469,3.0117190000000003,-1,166.62596,23.487848
2025-08-13T12:04:04.852896,42567,3.007812,3.097656,3.015625,-1,166.809065,23.487848
2025-08-13T12:04:05.455895,42568,3.015625,3.097656,3.019531,-1,166.62596,23.49729
2025-08-13T12:04:06.053896,42569,3.015625,3.097656,3.007812,-1,166.686995,23.49729
2025-08-13T12:04:06.655811,42570,3.011719,3.097656,3.0117190000000003,-1,166.809065,23.506731
2025-08-13T12:04:07.274643,42571,3.015625,3.097656,3.0117190000000003,-1,166.686995,23.506731
2025-08-13T12:04:07.871642,42572,3.015625,3.097656,3.0273440000000003,-1,166.809065,23.49729
2025-08-13T12:04:08.470102,42573,3.011719,3.09375,3.0117190000000003,-1,166.74803,23.49729
2025-08-13T12:04:09.070102,42574,3.015625,3.101562,3.019531,-1,166.809065,23.49729
2025-08-13T12:04:09.674819,42575,3.011719,3.097656,3.0117190000000003,-1,166.74803,23.49729
2025-08-13T12:04:10.275727,42576,3.011719,3.097656,3.0117190000000003,-1,166.564924,23.49729
2025-08-13T12:04:10.864738,42577,3.015625,3.101562,3.015625,-1,166.686995,23.49729
2025-08-13T12:04:11.608738,42578,3.015625,3.101562,3.015625,-1,166.74803,23.49729
2025-08-13T12:04:12.204774,42579,3.011719,3.097656,3.007812,-1,166.564924,23.49729
2025-08-13T12:04:12.808775,42580,3.011719,3.097656,3.015625,-1,166.686995,23.49729
2025-08-13T12:04:13.397357,42581,3.015625,3.101562,3.015625,-1,166.74803,23.487848
2025-08-13T12:04:14.011357,42582,3.007812,3.097656,3.019531,-1,166.62596,23.487848
2025-08-13T12:04:14.617365,42583,3.011719,3.097656,3.007812,-1,166.809065,23.487848
2025-08-13T12:04:15.232364,42584,3.015625,3.097656,3.0117190000000003,-1,166.809065,23.487848
2025-08-13T12:04:15.834790,42585,3.015625,3.101562,3.015625,-1,166.62596,23.49729
2025-08-13T12:04:16.430723,42586,3.011719,3.097656,3.003906,-1,166.74803,23.506731
2025-08-13T12:04:17.033475,42587,3.011719,3.09375,3.015625,-1,166.74803,23.516172
2025-08-13T12:04:17.631913,42588,3.007812,3.09375,3.015625,-1,166.74803,23.516172
2025-08-13T12:04:18.326913,42589,3.011719,3.097656,3.0117190000000003,-1,166.62596,23.525613
2025-08-13T12:04:18.977914,42590,3.015625,3.097656,3.015625,-1,166.74803,23.525613
2025-08-13T12:04:19.610920,42591,3.015625,3.101562,3.019531,-1,166.74803,23.535054
2025-08-13T12:04:20.208914,42592,3.011719,3.097656,3.0117190000000003,-1,166.809065,23.535054
2025-08-13T12:04:20.820914,42593,3.011719,3.097656,3.019531,-1,166.686995,23.535054
2025-08-13T12:04:21.426777,42594,3.015625,3.101562,3.015625,-1,166.686995,23.535054
2025-08-13T12:04:22.021430,42595,3.015625,3.101562,3.0117190000000003,-1,166.62596,23.544495
2025-08-13T12:04:22.612678,42596,3.015625,3.097656,3.019531,-1,166.686995,23.535054
2025-08-13T12:04:23.212170,42597,3.011719,3.097656,3.015625,-1,166.564924,23.525613
2025-08-13T12:04:23.796997,42598,3.015625,3.097656,3.007812,-1,166.62596,23.525613
2025-08-13T12:04:24.390998,42599,3.007812,3.101562,3.0117190000000003,-1,166.686995,23.535054
2025-08-13T12:04:24.979597,42600,3.015625,3.101562,3.003906,-1,166.686995,23.535054
2025-08-13T12:04:25.576597,42601,3.015625,3.097656,3.015625,-1,166.74803,23.544495
2025-08-13T12:04:26.159545,42602,3.011719,3.097656,3.023438,-1,166.686995,23.544495
2025-08-13T12:04:26.748546,42603,3.015625,3.101562,3.007812,-1,166.62596,23.544495
2025-08-13T12:04:27.343019,42604,3.015625,3.105469,3.019531,-1,166.62596,23.553936
2025-08-13T12:04:27.954017,42605,3.011719,3.09375,3.0117190000000003,-1,166.62596,23.544495
2025-08-13T12:04:28.541088,42606,3.011719,3.097656,3.0117190000000003,-1,166.564924,23.544495
2025-08-13T12:04:29.147087,42607,3.011719,3.097656,3.015625,-1,166.564924,23.535054
2025-08-13T12:04:29.735741,42608,3.011719,3.101562,3.015625,-1,166.62596,23.525613
2025-08-13T12:04:30.331742,42609,3.011719,3.097656,3.007812,-1,166.686995,23.516172
2025-08-13T12:04:30.915989,42610,3.007812,3.097656,3.015625,-1,166.686995,23.506731
2025-08-13T12:04:31.523989,42611,3.015625,3.097656,3.0117190000000003,-1,166.809065,23.516172
2025-08-13T12:04:32.121421,42612,3.007812,3.097656,3.007812,-1,166.686995,23.506731
2025-08-13T12:04:32.714420,42613,3.011719,3.097656,3.0117190000000003,-1,166.74803,23.506731
2025-08-13T12:04:33.312706,42614,3.019531,3.101562,3.0117190000000003,-1,166.62596,23.487848
2025-08-13T12:04:33.912288,42615,3.011719,3.097656,3.007812,-1,166.686995,23.487848
2025-08-13T12:04:34.492287,42616,3.011719,3.101562,3.0117190000000003,-1,166.62596,23.49729
2025-08-13T12:04:35.095192,42617,3.011719,3.09375,3.015625,-1,166.74803,23.487848
2025-08-13T12:04:35.681191,42618,3.011719,3.09375,3.0117190000000003,-1,166.564924,23.478407
2025-08-13T12:04:36.299193,42619,3.015625,3.097656,3.015625,-1,166.686995,23.487848
2025-08-13T12:04:36.974191,42620,3.011719,3.097656,3.023438,-1,166.62596,23.487848
2025-08-13T12:04:37.597192,42621,3.011719,3.097656,3.0117190000000003,-1,166.62596,23.487848
2025-08-13T12:04:38.214191,42622,3.011719,3.097656,3.0117190000000003,-1,166.62596,23.49729
2025-08-13T12:04:38.821192,42623,3.015625,3.101562,3.015625,-1,166.62596,23.487848
2025-08-13T12:04:39.409193,42624,3.011719,3.097656,3.007812,-1,166.62596,23.487848
2025-08-13T12:04:40.018192,42625,3.011719,3.09375,3.015625,-1,166.564924,23.478407
2025-08-13T12:04:40.615192,42626,3.011719,3.09375,3.015625,-1,166.809065,23.478407
2025-08-13T12:04:41.216202,42627,3.019531,3.101562,3.0117190000000003,-1,166.74803,23.478407
2025-08-13T12:04:41.825401,42628,3.015625,3.097656,3.0117190000000003,-1,166.62596,23.487848
2025-08-13T12:04:42.425786,42629,3.011719,3.097656,3.015625,-1,166.74803,23.487848
2025-08-13T12:04:43.019787,42630,3.007812,3.097656,3.015625,-1,166.74803,23.487848
2025-08-13T12:04:43.615787,42631,3.015625,3.097656,3.019531,-1,166.809065,23.49729
2025-08-13T12:04:44.218787,42632,3.011719,3.097656,3.007812,-1,166.686995,23.487848
2025-08-13T12:04:44.817884,42633,3.003906,3.105469,3.019531,-1,166.809065,23.478407
2025-08-13T12:04:45.431887,42634,3.011719,3.101562,3.015625,-1,166.564924,23.478407
2025-08-13T12:04:46.031884,42635,3.019531,3.101562,3.0117190000000003,-1,166.809065,23.487848
2025-08-13T12:04:46.638884,42636,3.011719,3.097656,3.023438,-1,166.564924,23.487848
2025-08-13T12:04:47.248878,42637,3.015625,3.101562,3.023438,-1,166.74803,23.49729
2025-08-13T12:04:47.841877,42638,3.015625,3.097656,3.007812,-1,166.62596,23.49729
2025-08-13T12:04:48.449878,42639,3.015625,3.097656,3.015625,-1,166.74803,23.506731
2025-08-13T12:04:49.074038,42640,3.015625,3.09375,3.0117190000000003,-1,166.62596,23.506731
2025-08-13T12:04:49.683039,42641,3.015625,3.101562,3.015625,-1,166.686995,23.506731
2025-08-13T12:04:50.295042,42642,3.015625,3.097656,3.003906,-1,166.564924,23.506731
2025-08-13T12:04:50.970039,42643,3.011719,3.097656,3.015625,-1,166.564924,23.516172
2025-08-13T12:04:51.575039,42644,3.015625,3.097656,3.015625,-1,166.62596,23.516172
2025-08-13T12:04:52.208038,42645,3.011719,3.101562,3.015625,-1,166.686995,23.506731
2025-08-13T12:04:52.806039,42646,3.015625,3.09375,3.0117190000000003,-1,166.686995,23.506731
2025-08-13T12:04:53.406038,42647,3.007812,3.101562,3.015625,-1,166.564924,23.506731
2025-08-13T12:04:54.000038,42648,3.015625,3.101562,3.0117190000000003,-1,166.686995,23.49729
2025-08-13T12:04:54.594019,42649,3.011719,3.097656,3.0117190000000003,-1,166.62596,23.506731
2025-08-13T12:04:55.220020,42650,3.015625,3.101562,3.007812,-1,166.62596,23.506731
2025-08-13T12:04:55.825020,42651,3.011719,3.09375,3.015625,-1,166.686995,23.516172
2025-08-13T12:04:56.428023,42652,3.011719,3.101562,3.0117190000000003,-1,166.686995,23.516172
2025-08-13T12:04:57.024875,42653,3.011719,3.097656,3.015625,-1,166.62596,23.516172
2025-08-13T12:04:57.641874,42654,3.011719,3.097656,3.0117190000000003,-1,166.564924,23.506731
2025-08-13T12:04:58.246043,42655,3.011719,3.101562,3.015625,-1,166.686995,23.506731
2025-08-13T12:04:58.834044,42656,3.011719,3.097656,3.0117190000000003,-1,166.564924,23.516172
2025-08-13T12:04:59.427104,42657,3.015625,3.101562,3.019531,-1,166.62596,23.516172
2025-08-13T12:05:00.022105,42658,3.015625,3.101562,3.0117190000000003,-1,166.74803,23.525613
2025-08-13T12:05:00.626130,42659,3.015625,3.097656,3.015625,-1,166.564924,23.525613
2025-08-13T12:05:01.235129,42660,3.015625,3.101562,3.015625,-1,166.62596,23.525613
2025-08-13T12:05:01.837127,42661,3.011719,3.101562,3.007812,-1,166.74803,23.525613
2025-08-13T12:05:02.450810,42662,3.011719,3.097656,3.019531,-1,166.62596,23.525613
2025-08-13T12:05:03.055810,42663,3.011719,3.097656,3.0117190000000003,-1,166.686995,23.525613
2025-08-13T12:05:03.654366,42664,3.011719,3.09375,3.023438,-1,166.74803,23.525613
2025-08-13T12:05:04.264366,42665,3.011719,3.09375,3.0117190000000003,-1,166.564924,23.525613
2025-08-13T12:05:04.852687,42666,3.015625,3.097656,3.007812,-1,166.74803,23.525613
2025-08-13T12:05:05.460687,42667,3.011719,3.101562,3.0117190000000003,-1,166.809065,23.525613
2025-08-13T12:05:06.064106,42668,3.011719,3.097656,3.0117190000000003,-1,166.686995,23.525613
2025-08-13T12:05:06.674107,42669,3.007812,3.101562,3.0117190000000003,-1,166.564924,23.525613
2025-08-13T12:05:07.279107,42670,3.007812,3.09375,3.023438,-1,166.686995,23.535054
2025-08-13T12:05:07.871108,42671,3.015625,3.097656,3.007812,-1,166.74803,23.525613
2025-08-13T12:05:08.483107,42672,3.011719,3.101562,3.007812,-1,166.74803,23.516172
2025-08-13T12:05:09.106852,42673,3.015625,3.101562,3.015625,-1,166.62596,23.516172
2025-08-13T12:05:09.714851,42674,3.015625,3.101562,3.015625,-1,166.686995,23.516172
2025-08-13T12:05:10.321035,42675,3.011719,3.097656,3.015625,-1,166.564924,23.516172
2025-08-13T12:05:10.923035,42676,3.011719,3.097656,3.0117190000000003,-1,166.62596,23.506731
2025-08-13T12:05:11.528035,42677,3.011719,3.097656,3.0117190000000003,-1,166.564924,23.506731
2025-08-13T12:05:12.357035,42678,3.011719,3.097656,3.007812,-1,166.62596,23.49729
2025-08-13T12:05:12.985862,42679,3.011719,3.097656,3.007812,-1,166.564924,23.49729
2025-08-13T12:05:13.584862,42680,3.011719,3.097656,3.015625,-1,166.62596,23.506731
2025-08-13T12:05:14.183861,42681,3.019531,3.097656,3.015625,-1,166.74803,23.49729
2025-08-13T12:05:14.785861,42682,3.011719,3.101562,3.0117190000000003,-1,166.74803,23.49729
2025-08-13T12:05:15.388862,42683,3.011719,3.101562,3.0117190000000003,-1,166.74803,23.506731
2025-08-13T12:05:15.993862,42684,3.015625,3.101562,3.007812,-1,166.62596,23.49729
2025-08-13T12:05:16.597775,42685,3.011719,3.101562,3.0117190000000003,-1,166.74803,23.49729
2025-08-13T12:05:17.210775,42686,3.011719,3.097656,3.0117190000000003,-1,166.74803,23.506731
2025-08-13T12:05:17.826901,42687,3.011719,3.097656,3.007812,-1,166.686995,23.49729
2025-08-13T12:05:18.424900,42688,3.011719,3.101562,3.015625,-1,166.74803,23.49729
2025-08-13T12:05:19.058900,42689,3.015625,3.097656,3.023438,-1,166.686995,23.49729
2025-08-13T12:05:19.659903,42690,3.015625,3.097656,3.007812,-1,166.62596,23.49729
2025-08-13T12:05:20.284900,42691,3.007812,3.097656,3.019531,-1,166.62596,23.506731
2025-08-13T12:05:20.878924,42692,3.011719,3.101562,3.0117190000000003,-1,166.74803,23.506731
2025-08-13T12:05:21.552924,42693,3.011719,3.101562,3.0117190000000003,-1,166.686995,23.49729
2025-08-13T12:05:22.175664,42694,3.015625,3.097656,3.0117190000000003,-1,166.564924,23.487848
2025-08-13T12:05:22.803661,42695,3.015625,3.097656,3.007812,-1,166.62596,23.487848
2025-08-13T12:05:23.399661,42696,3.015625,3.101562,3.007812,-1,166.809065,23.478407
2025-08-13T12:05:24.021662,42697,3.007812,3.101562,3.007812,-1,166.74803,23.478407
2025-08-13T12:05:24.623146,42698,3.011719,3.097656,3.0117190000000003,-1,166.686995,23.468965
2025-08-13T12:05:25.233144,42699,3.011719,3.097656,3.015625,-1,166.686995,23.468965
2025-08-13T12:05:25.826112,42700,3.011719,3.097656,3.015625,-1,166.686995,23.459523
2025-08-13T12:05:26.434112,42701,3.011719,3.101562,3.015625,-1,166.74803,23.450081
2025-08-13T12:05:27.028938,42702,3.015625,3.097656,3.023438,-1,166.62596,23.450081
2025-08-13T12:05:27.629938,42703,3.011719,3.097656,3.019531,-1,166.62596,23.450081
2025-08-13T12:05:28.223827,42704,3.011719,3.097656,3.0117190000000003,-1,166.62596,23.459523
2025-08-13T12:05:28.826826,42705,3.011719,3.101562,3.015625,-1,166.686995,23.459523
2025-08-13T12:05:29.415897,42706,3.015625,3.101562,3.0117190000000003,-1,166.74803,23.450081
2025-08-13T12:05:30.026894,42707,3.007812,3.101562,3.015625,-1,166.686995,23.459523
2025-08-13T12:05:30.619845,42708,3.015625,3.101562,3.015625,-1,166.564924,23.468965
2025-08-13T12:05:31.235845,42709,3.015625,3.101562,3.019531,-1,166.809065,23.459523
2025-08-13T12:05:31.829210,42710,3.015625,3.101562,3.0117190000000003,-1,166.686995,23.459523
2025-08-13T12:05:32.445210,42711,3.007812,3.097656,3.015625,-1,166.74803,23.459523
2025-08-13T12:05:33.548134,42712,3.011719,3.101562,3.0117190000000003,-1,166.74803,23.468965
2025-08-13T12:05:34.145515,42713,3.015625,3.097656,3.0117190000000003,-1,166.74803,23.478407
2025-08-13T12:05:34.757514,42714,3.011719,3.101562,3.015625,-1,166.74803,23.468965
2025-08-13T12:05:35.352076,42715,3.015625,3.097656,3.015625,-1,166.564924,23.459523
2025-08-13T12:05:35.945078,42716,3.015625,3.097656,3.015625,-1,166.564924,23.459523
2025-08-13T12:05:36.561097,42717,3.011719,3.097656,3.015625,-1,166.62596,23.450081
2025-08-13T12:05:37.198097,42718,3.011719,3.101562,3.023438,-1,166.809065,23.459523
2025-08-13T12:05:38.478822,42719,3.011719,3.097656,3.015625,-1,166.686995,23.459523
2025-08-13T12:05:39.085847,42720,3.011719,3.097656,3.0117190000000003,-1,166.74803,23.478407
2025-08-13T12:05:39.682311,42721,3.015625,3.097656,3.015625,-1,166.62596,23.478407
2025-08-13T12:05:40.654867,42722,3.011719,3.097656,3.015625,-1,166.686995,23.487848
2025-08-13T12:05:41.259864,42723,3.011719,3.097656,3.007812,-1,166.809065,23.49729
2025-08-13T12:05:41.859070,42724,3.003906,3.097656,3.007812,-1,166.564924,23.487848
2025-08-13T12:05:42.469070,42725,3.011719,3.101562,3.0117190000000003,-1,166.74803,23.49729
2025-08-13T12:05:43.099458,42726,3.011719,3.09375,3.019531,-1,166.564924,23.487848
2025-08-13T12:05:43.692108,42727,3.015625,3.097656,3.015625,-1,166.686995,23.478407
2025-08-13T12:05:44.305921,42728,3.011719,3.097656,3.0117190000000003,-1,166.62596,23.468965
2025-08-13T12:05:45.066970,42729,3.011719,3.097656,3.019531,-1,166.62596,23.468965
2025-08-13T12:05:45.769970,42730,3.015625,3.097656,3.019531,-1,166.62596,23.468965
2025-08-13T12:05:46.380108,42731,3.011719,3.101562,3.0117190000000003,-1,166.686995,23.468965
2025-08-13T12:05:46.979107,42732,3.015625,3.097656,3.0117190000000003,-1,166.686995,23.468965
2025-08-13T12:05:49.744852,42733,3.015625,3.097656,3.019531,-1,166.62596,23.450081
2025-08-13T12:05:50.468852,42734,3.011719,3.097656,3.0117190000000003,-1,166.62596,23.459523
2025-08-13T12:05:51.337854,42735,3.011719,3.09375,3.0117190000000003,-1,166.74803,23.468965
2025-08-13T12:05:52.188852,42736,3.015625,3.101562,3.0117190000000003,-1,166.74803,23.487848
2025-08-13T12:05:52.925852,42737,3.011719,3.09375,3.003906,-1,166.62596,23.49729
2025-08-13T12:05:53.755851,42738,3.003906,3.097656,3.0117190000000003,-1,166.62596,23.506731
2025-08-13T12:05:54.389852,42739,3.015625,3.097656,3.019531,-1,166.62596,23.516172
2025-08-13T12:05:55.099850,42740,3.015625,3.097656,3.015625,-1,166.74803,23.525613
2025-08-13T12:05:55.746851,42741,3.015625,3.097656,3.007812,-1,166.62596,23.525613
2025-08-13T12:05:56.391851,42742,3.015625,3.097656,3.0117190000000003,-1,166.564924,23.516172
2025-08-13T12:05:57.032851,42743,3.011719,3.101562,3.015625,-1,166.62596,23.525613
2025-08-13T12:05:57.750853,42744,3.007812,3.101562,3.007812,-1,166.62596,23.516172
2025-08-13T12:05:58.401854,42745,3.011719,3.097656,3.0117190000000003,-1,166.62596,23.516172
2025-08-13T12:05:59.048853,42746,3.015625,3.097656,3.015625,-1,166.809065,23.516172
2025-08-13T12:06:00.791364,42747,3.011719,3.097656,3.0117190000000003,-1,166.564924,23.49729
2025-08-13T12:06:01.446457,42748,3.011719,3.097656,3.0117190000000003,-1,166.686995,23.506731
2025-08-13T12:06:02.119458,42749,3.015625,3.105469,3.019531,-1,166.74803,23.506731
2025-08-13T12:06:02.771460,42750,3.007812,3.101562,3.007812,-1,166.686995,23.49729
2025-08-13T12:06:03.407457,42751,3.011719,3.097656,3.019531,-1,166.74803,23.49729
2025-08-13T12:06:04.049456,42752,3.011719,3.105469,3.015625,-1,166.564924,23.478407
2025-08-13T12:06:04.699458,42753,3.011719,3.097656,3.0117190000000003,-1,166.564924,23.487848
2025-08-13T12:06:05.363456,42754,3.007812,3.09375,3.0117190000000003,-1,166.74803,23.49729
2025-08-13T12:06:05.984458,42755,3.015625,3.101562,3.015625,-1,166.62596,23.49729
2025-08-13T12:06:06.616457,42756,3.011719,3.097656,3.0117190000000003,-1,166.74803,23.49729
2025-08-13T12:06:07.243458,42757,3.015625,3.101562,3.0117190000000003,-1,166.809065,23.49729
2025-08-13T12:06:07.879457,42758,3.011719,3.101562,3.015625,-1,166.74803,23.506731
2025-08-13T12:06:08.507458,42759,3.015625,3.097656,3.019531,-1,166.564924,23.506731
2025-08-13T12:06:09.180457,42760,3.007812,3.097656,3.0117190000000003,-1,166.686995,23.506731
2025-08-13T12:06:09.816459,42761,3.011719,3.097656,3.0117190000000003,-1,166.74803,23.506731
2025-08-13T12:06:10.435456,42762,3.011719,3.101562,3.0117190000000003,-1,166.564924,23.506731
2025-08-13T12:06:11.061458,42763,3.015625,3.097656,3.007812,-1,166.809065,23.49729
2025-08-13T12:06:11.693457,42764,3.011719,3.097656,3.0117190000000003,-1,166.686995,23.49729
2025-08-13T12:06:12.318458,42765,3.015625,3.09375,3.0117190000000003,-1,166.809065,23.487848
2025-08-13T12:06:12.954458,42766,3.015625,3.101562,3.015625,-1,166.62596,23.487848
2025-08-13T12:06:13.626457,42767,3.015625,3.101562,3.0117190000000003,-1,166.686995,23.487848
2025-08-13T12:06:14.283459,42768,3.019531,3.097656,3.007812,-1,166.564924,23.487848
2025-08-13T12:06:14.929457,42769,3.011719,3.097656,3.015625,-1,166.686995,23.487848
2025-08-13T12:06:15.579458,42770,3.015625,3.097656,3.015625,-1,166.74803,23.49729
2025-08-13T12:06:16.209457,42771,3.015625,3.089844,3.0117190000000003,-1,166.686995,23.487848
2025-08-13T12:06:16.844457,42772,3.007812,3.105469,3.007812,-1,166.686995,23.49729
2025-08-13T12:06:17.466457,42773,3.015625,3.097656,3.015625,-1,166.564924,23.49729
2025-08-13T12:06:18.124457,42774,3.011719,3.101562,3.0117190000000003,-1,166.686995,23.49729
2025-08-13T12:06:18.799456,42775,3.011719,3.097656,3.0117190000000003,-1,166.62596,23.487848
2025-08-13T12:06:19.463457,42776,3.015625,3.097656,3.0117190000000003,-1,166.74803,23.487848
2025-08-13T12:06:20.155457,42777,3.015625,3.097656,3.015625,-1,166.686995,23.487848
2025-08-13T12:06:20.810456,42778,3.011719,3.101562,3.0117190000000003,-1,166.686995,23.487848
2025-08-13T12:06:21.465456,42779,3.015625,3.105469,3.007812,-1,166.686995,23.49729
2025-08-13T12:06:22.137459,42780,3.011719,3.097656,3.019531,-1,166.62596,23.49729
2025-08-13T12:06:22.946456,42781,3.011719,3.101562,3.0117190000000003,-1,166.809065,23.49729
2025-08-13T12:06:23.665457,42782,3.011719,3.101562,3.0117190000000003,-1,166.686995,23.487848
2025-08-13T12:06:24.301457,42783,3.011719,3.101562,3.007812,-1,166.74803,23.49729
2025-08-13T12:06:24.933456,42784,3.015625,3.101562,3.019531,-1,166.62596,23.478407
2025-08-13T12:06:25.559456,42785,3.007812,3.097656,3.0117190000000003,-1,166.62596,23.487848
2025-08-13T12:06:26.200458,42786,3.011719,3.097656,3.0117190000000003,-1,166.564924,23.478407
2025-08-13T12:06:26.818456,42787,3.015625,3.097656,3.023438,-1,166.564924,23.478407
2025-08-13T12:06:27.814386,42788,3.011719,3.097656,3.015625,-1,166.62596,23.468965
2025-08-13T12:06:28.404354,42789,3.015625,3.097656,3.019531,-1,166.686995,23.468965
2025-08-13T12:06:29.037354,42790,3.015625,3.097656,3.019531,-1,166.564924,23.468965
2025-08-13T12:06:29.658160,42791,3.007812,3.101562,3.007812,-1,166.62596,23.468965
2025-08-13T12:06:30.283830,42792,3.015625,3.097656,3.023438,-1,166.74803,23.478407
2025-08-13T12:06:30.897063,42793,3.007812,3.09375,3.007812,-1,166.686995,23.478407
2025-08-13T12:06:31.526716,42794,3.015625,3.101562,3.015625,-1,166.686995,23.478407
2025-08-13T12:06:32.148716,42795,3.007812,3.097656,3.015625,-1,166.74803,23.478407
2025-08-13T12:06:32.777989,42796,3.015625,3.09375,3.007812,-1,166.686995,23.478407
2025-08-13T12:06:33.389058,42797,3.011719,3.105469,3.0117190000000003,-1,166.809065,23.478407
2025-08-13T12:06:34.005525,42798,3.011719,3.097656,3.007812,-1,166.62596,23.478407
2025-08-13T12:06:34.625490,42799,3.015625,3.101562,3.0117190000000003,-1,166.74803,23.478407
2025-08-13T12:06:35.241492,42800,3.011719,3.097656,3.0117190000000003,-1,166.686995,23.487848
2025-08-13T12:06:35.850850,42801,3.011719,3.097656,3.0117190000000003,-1,166.686995,23.478407
2025-08-13T12:06:36.470744,42802,3.011719,3.09375,3.015625,-1,166.74803,23.478407
2025-08-13T12:06:37.126220,42803,3.011719,3.09375,3.019531,-1,166.62596,23.478407
2025-08-13T12:06:37.742220,42804,3.015625,3.101562,3.023438,-1,166.62596,23.468965
2025-08-13T12:06:38.347698,42805,3.007812,3.101562,3.007812,-1,166.62596,23.468965
2025-08-13T12:06:39.188993,42806,3.011719,3.097656,3.015625,-1,166.74803,23.478407
2025-08-13T12:06:39.812568,42807,3.015625,3.09375,3.0117190000000003,-1,166.809065,23.468965
2025-08-13T12:06:40.413365,42808,3.011719,3.101562,3.0117190000000003,-1,166.686995,23.468965
2025-08-13T12:06:41.042544,42809,3.015625,3.09375,3.015625,-1,166.62596,23.468965
2025-08-13T12:06:41.702900,42810,3.015625,3.097656,3.007812,-1,166.74803,23.468965
2025-08-13T12:06:42.323768,42811,3.011719,3.097656,3.0117190000000003,-1,166.62596,23.468965
2025-08-13T12:06:42.929769,42812,3.015625,3.101562,3.015625,-1,166.809065,23.459523
2025-08-13T12:06:43.560627,42813,3.011719,3.097656,3.015625,-1,166.686995,23.468965
2025-08-13T12:06:44.174494,42814,3.011719,3.097656,3.015625,-1,166.74803,23.468965
2025-08-13T12:06:44.785644,42815,3.011719,3.097656,3.0117190000000003,-1,166.809065,23.478407
2025-08-13T12:06:45.415655,42816,3.015625,3.097656,3.015625,-1,166.74803,23.468965
2025-08-13T12:06:46.047256,42817,3.015625,3.097656,3.015625,-1,166.686995,23.487848
2025-08-13T12:06:46.653389,42818,3.011719,3.097656,3.0117190000000003,-1,166.62596,23.468965
2025-08-13T12:06:47.266856,42819,3.015625,3.101562,3.007812,-1,166.62596,23.468965
2025-08-13T12:06:47.904114,42820,3.015625,3.097656,3.019531,-1,166.62596,23.468965
2025-08-13T12:06:48.537335,42821,3.011719,3.097656,3.015625,-1,166.74803,23.468965
2025-08-13T12:06:49.512841,42822,3.015625,3.101562,3.007812,-1,166.62596,23.478407
2025-08-13T12:06:50.133841,42823,3.011719,3.097656,3.0117190000000003,-1,166.74803,23.468965
2025-08-13T12:06:50.768956,42824,3.011719,3.097656,3.0273440000000003,-1,166.809065,23.468965
2025-08-13T12:06:51.425953,42825,3.015625,3.101562,3.007812,-1,166.62596,23.478407
2025-08-13T12:06:52.044953,42826,3.011719,3.101562,3.015625,-1,166.74803,23.468965
2025-08-13T12:06:52.673965,42827,3.011719,3.097656,3.015625,-1,166.809065,23.459523
2025-08-13T12:06:53.318965,42828,3.011719,3.101562,3.0117190000000003,-1,166.74803,23.459523
2025-08-13T12:06:53.925477,42829,3.011719,3.101562,3.007812,-1,166.686995,23.459523
2025-08-13T12:06:54.552624,42830,3.011719,3.101562,3.019531,-1,166.74803,23.450081
2025-08-13T12:06:55.176921,42831,3.015625,3.097656,3.015625,-1,166.686995,23.450081
2025-08-13T12:06:55.803442,42832,3.007812,3.097656,3.0117190000000003,-1,166.686995,23.450081
2025-08-13T12:06:56.425106,42833,3.015625,3.101562,3.0117190000000003,-1,166.686995,23.450081
2025-08-13T12:06:57.042398,42834,3.011719,3.097656,3.015625,-1,166.74803,23.450081
2025-08-13T12:06:57.658332,42835,3.011719,3.089844,3.015625,-1,166.564924,23.450081
2025-08-13T12:06:58.305413,42836,3.015625,3.097656,3.0117190000000003,-1,166.564924,23.459523
2025-08-13T12:06:58.933318,42837,3.015625,3.101562,3.015625,-1,166.74803,23.459523
2025-08-13T12:06:59.548415,42838,3.015625,3.097656,3.007812,-1,166.74803,23.468965
2025-08-13T12:07:00.168839,42839,3.011719,3.097656,3.019531,-1,166.564924,23.459523
2025-08-13T12:07:00.776819,42840,3.011719,3.097656,3.019531,-1,166.686995,23.459523
2025-08-13T12:07:01.389156,42841,3.011719,3.097656,3.0117190000000003,-1,166.62596,23.459523
2025-08-13T12:07:01.998611,42842,3.015625,3.097656,3.007812,-1,166.74803,23.459523
2025-08-13T12:07:02.967565,42843,3.011719,3.101562,3.015625,-1,166.564924,23.468965
2025-08-13T12:07:03.586981,42844,3.015625,3.09375,3.015625,-1,166.74803,23.478407
2025-08-13T12:07:04.223573,42845,3.011719,3.097656,3.007812,-1,166.62596,23.487848
2025-08-13T12:07:04.826918,42846,3.007812,3.09375,3.019531,-1,166.686995,23.487848
2025-08-13T12:07:05.434938,42847,3.007812,3.097656,3.019531,-1,166.564924,23.478407
2025-08-13T12:07:06.215536,42848,3.007812,3.097656,3.019531,-1,166.564924,23.487848
2025-08-13T12:07:06.826681,42849,3.011719,3.097656,3.007812,-1,166.74803,23.487848
2025-08-13T12:07:07.428210,42850,3.011719,3.097656,3.015625,-1,166.686995,23.487848
2025-08-13T12:07:08.042003,42851,3.015625,3.097656,3.019531,-1,166.62596,23.487848
2025-08-13T12:07:08.670556,42852,3.015625,3.101562,3.015625,-1,166.809065,23.478407
2025-08-13T12:07:09.284389,42853,3.015625,3.097656,3.015625,-1,166.74803,23.478407
2025-08-13T12:07:09.897373,42854,3.019531,3.097656,3.015625,-1,166.74803,23.478407
2025-08-13T12:07:10.502928,42855,3.015625,3.101562,3.0117190000000003,-1,166.74803,23.487848
2025-08-13T12:07:11.121479,42856,3.015625,3.101562,3.0117190000000003,-1,166.62596,23.487848
2025-08-13T12:07:11.746139,42857,3.015625,3.101562,3.015625,-1,166.564924,23.487848
2025-08-13T12:07:12.367912,42858,3.007812,3.097656,3.007812,-1,166.564924,23.478407
2025-08-13T12:07:12.983310,42859,3.007812,3.09375,3.0117190000000003,-1,166.564924,23.478407
2025-08-13T12:07:13.613454,42860,3.007812,3.097656,3.0117190000000003,-1,166.74803,23.487848
2025-08-13T12:07:14.226496,42861,3.019531,3.097656,3.0117190000000003,-1,166.564924,23.487848
2025-08-13T12:07:14.847521,42862,3.011719,3.09375,3.015625,-1,166.686995,23.487848
2025-08-13T12:07:15.474558,42863,3.007812,3.097656,3.015625,-1,166.62596,23.49729
2025-08-13T12:07:16.109523,42864,3.011719,3.101562,3.015625,-1,166.686995,23.487848
2025-08-13T12:07:16.720967,42865,3.019531,3.097656,3.0117190000000003,-1,166.564924,23.478407
2025-08-13T12:07:17.342721,42866,3.015625,3.097656,3.015625,-1,166.74803,23.487848
2025-08-13T12:07:17.976719,42867,3.015625,3.101562,3.015625,-1,166.686995,23.478407
2025-08-13T12:07:18.607093,42868,3.015625,3.097656,3.019531,-1,166.686995,23.478407
2025-08-13T12:07:19.209838,42869,3.011719,3.101562,3.0117190000000003,-1,166.686995,23.478407
2025-08-13T12:07:19.833990,42870,3.007812,3.101562,3.015625,-1,166.686995,23.478407
2025-08-13T12:07:20.463989,42871,3.007812,3.097656,3.0117190000000003,-1,166.686995,23.478407
2025-08-13T12:07:21.098990,42872,3.011719,3.101562,3.015625,-1,166.503889,23.478407
2025-08-13T12:07:21.722065,42873,3.015625,3.105469,3.019531,-1,166.62596,23.487848
2025-08-13T12:07:22.354300,42874,3.011719,3.097656,3.015625,-1,166.564924,23.487848
2025-08-13T12:07:23.017299,42875,3.011719,3.101562,3.015625,-1,166.503889,23.478407
2025-08-13T12:07:23.702303,42876,3.015625,3.105469,3.0117190000000003,-1,166.564924,23.478407
2025-08-13T12:07:24.309109,42877,3.015625,3.101562,3.015625,-1,166.62596,23.478407
2025-08-13T12:07:24.957110,42878,3.015625,3.097656,3.007812,-1,166.503889,23.478407
2025-08-13T12:07:25.577654,42879,3.011719,3.101562,3.007812,-1,166.62596,23.487848
2025-08-13T12:07:26.191263,42880,3.015625,3.105469,3.0117190000000003,-1,166.564924,23.487848
2025-08-13T12:07:26.802087,42881,3.011719,3.105469,3.0117190000000003,-1,166.686995,23.49729
2025-08-13T12:07:27.413203,42882,3.015625,3.101562,3.007812,-1,166.564924,23.506731
2025-08-13T12:07:28.008970,42883,3.015625,3.101562,3.0117190000000003,-1,166.62596,23.516172
2025-08-13T12:07:28.629596,42884,3.011719,3.097656,3.0117190000000003,-1,166.62596,23.516172
2025-08-13T12:07:29.246596,42885,3.015625,3.097656,3.007812,-1,166.74803,23.525613
2025-08-13T12:07:29.855959,42886,3.011719,3.101562,3.0117190000000003,-1,166.74803,23.535054
2025-08-13T12:07:30.465777,42887,3.011719,3.097656,3.015625,-1,166.686995,23.535054
2025-08-13T12:07:31.082621,42888,3.011719,3.097656,3.015625,-1,166.686995,23.535054
2025-08-13T12:07:31.716992,42889,3.015625,3.097656,3.0117190000000003,-1,166.809065,23.535054
2025-08-13T12:07:32.351270,42890,3.015625,3.101562,3.0117190000000003,-1,166.62596,23.535054
2025-08-13T12:07:32.960349,42891,3.011719,3.097656,3.015625,-1,166.686995,23.535054
2025-08-13T12:07:33.622619,42892,3.015625,3.09375,3.0117190000000003,-1,166.62596,23.544495
2025-08-13T12:07:34.235889,42893,3.015625,3.097656,3.023438,-1,166.809065,23.544495
2025-08-13T12:07:34.871181,42894,3.007812,3.09375,3.015625,-1,166.74803,23.544495
2025-08-13T12:07:35.488727,42895,3.011719,3.101562,3.007812,-1,166.74803,23.535054
2025-08-13T12:07:36.111727,42896,3.015625,3.097656,3.0117190000000003,-1,166.564924,23.525613
2025-08-13T12:07:36.722742,42897,3.015625,3.101562,3.007812,-1,166.809065,23.525613
2025-08-13T12:07:37.353177,42898,3.011719,3.097656,3.007812,-1,166.809065,23.516172
2025-08-13T12:07:37.979833,42899,3.015625,3.101562,3.015625,-1,166.74803,23.535054
2025-08-13T12:07:38.630392,42900,3.015625,3.09375,3.019531,-1,166.381819,23.525613
2025-08-13T12:07:39.232123,42901,3.011719,3.097656,3.007812,-1,166.137678,23.516172
2025-08-13T12:07:39.844537,42902,3.011719,3.101562,3.019531,-1,165.893538,23.525613
2025-08-13T12:07:40.472146,42903,3.015625,3.097656,3.0117190000000003,-1,165.649397,23.516172
2025-08-13T12:07:41.080454,42904,3.019531,3.101562,3.023438,-1,165.588362,23.525613
2025-08-13T12:07:41.700411,42905,3.011719,3.097656,3.0117190000000003,-1,165.832503,23.525613
2025-08-13T12:07:42.330161,42906,3.015625,3.101562,3.0117190000000003,-1,166.320784,23.535054
2025-08-13T12:07:42.943751,42907,3.011719,3.097656,3.015625,-1,166.320784,23.544495
2025-08-13T12:07:43.569751,42908,3.011719,3.09375,3.0117190000000003,-1,166.198713,23.544495
2025-08-13T12:07:44.185202,42909,3.011719,3.097656,3.0117190000000003,-1,166.320784,23.544495
2025-08-13T12:07:44.856725,42910,3.011719,3.101562,3.019531,-1,166.198713,23.553936
2025-08-13T12:07:45.523722,42911,3.011719,3.097656,3.023438,-1,166.259749,23.553936
2025-08-13T12:07:46.197506,42912,3.015625,3.097656,3.015625,-1,166.198713,23.563376
2025-08-13T12:07:46.813913,42913,3.015625,3.097656,3.015625,-1,166.381819,23.563376
2025-08-13T12:07:47.469737,42914,3.011719,3.089844,3.019531,-1,166.320784,23.572817
2025-08-13T12:07:48.076746,42915,3.011719,3.097656,3.015625,-1,166.320784,23.563376
2025-08-13T12:07:48.709458,42916,3.011719,3.101562,3.015625,-1,166.381819,23.553936
2025-08-13T12:07:49.314153,42917,3.007812,3.101562,3.0117190000000003,-1,166.503889,23.553936
2025-08-13T12:07:49.929153,42918,3.015625,3.097656,3.019531,-1,166.442854,23.544495
2025-08-13T12:07:50.541093,42919,3.011719,3.09375,3.007812,-1,166.381819,23.563376
2025-08-13T12:07:51.168093,42920,3.015625,3.09375,3.0117190000000003,-1,166.503889,23.563376
2025-08-13T12:07:51.781023,42921,3.015625,3.105469,3.019531,-1,166.381819,23.563376
2025-08-13T12:07:52.412650,42922,3.015625,3.101562,3.0273440000000003,-1,166.320784,23.563376
2025-08-13T12:07:53.051086,42923,3.007812,3.101562,3.019531,-1,166.503889,23.572817
2025-08-13T12:07:53.729086,42924,3.015625,3.097656,3.007812,-1,166.320784,23.572817
2025-08-13T12:07:54.367205,42925,3.007812,3.101562,3.007812,-1,166.320784,23.572817
2025-08-13T12:07:55.035561,42926,3.011719,3.09375,3.015625,-1,166.259749,23.563376
2025-08-13T12:07:55.676570,42927,3.015625,3.097656,3.0117190000000003,-1,166.442854,23.582258
2025-08-13T12:07:56.323064,42928,3.015625,3.097656,3.015625,-1,166.503889,23.582258
2025-08-13T12:07:56.959065,42929,3.011719,3.097656,3.0117190000000003,-1,166.62596,23.591698
2025-08-13T12:07:57.600434,42930,3.019531,3.101562,3.0117190000000003,-1,166.320784,23.591698
2025-08-13T12:07:58.253826,42931,3.015625,3.097656,3.007812,-1,166.259749,23.601138
2025-08-13T12:07:58.888685,42932,3.011719,3.097656,3.007812,-1,166.198713,23.610579
2025-08-13T12:07:59.511471,42933,3.011719,3.097656,3.007812,-1,166.137678,23.610579
2025-08-13T12:08:00.136471,42934,3.019531,3.09375,3.015625,-1,166.198713,23.610579
2025-08-13T12:08:00.770471,42935,3.011719,3.097656,3.0117190000000003,-1,166.198713,23.601138
2025-08-13T12:08:01.400810,42936,3.011719,3.09375,3.019531,-1,166.198713,23.601138
2025-08-13T12:08:02.018809,42937,3.007812,3.097656,3.0117190000000003,-1,166.259749,23.582258
2025-08-13T12:08:02.639422,42938,3.015625,3.097656,3.0117190000000003,-1,166.381819,23.591698
2025-08-13T12:08:03.279416,42939,3.011719,3.101562,3.019531,-1,166.320784,23.591698
2025-08-13T12:08:03.914710,42940,3.015625,3.097656,3.015625,-1,166.320784,23.591698
2025-08-13T12:08:04.537288,42941,3.015625,3.09375,3.015625,-1,166.320784,23.601138
2025-08-13T12:08:05.150291,42942,3.011719,3.097656,3.019531,-1,166.381819,23.601138
2025-08-13T12:08:05.770252,42943,3.015625,3.097656,3.007812,-1,166.381819,23.610579
2025-08-13T12:08:06.445251,42944,3.015625,3.097656,3.0117190000000003,-1,166.320784,23.601138
2025-08-13T12:08:07.552192,42945,3.015625,3.097656,3.019531,-1,166.259749,23.601138
2025-08-13T12:08:08.135017,42946,3.011719,3.097656,3.007812,-1,166.259749,23.601138
2025-08-13T12:08:09.406193,42947,3.015625,3.101562,3.019531,-1,166.259749,23.601138
2025-08-13T12:08:10.020191,42948,3.015625,3.101562,3.015625,-1,166.198713,23.601138
2025-08-13T12:08:10.591664,42949,3.011719,3.097656,3.015625,-1,166.137678,23.601138
2025-08-13T12:08:11.186664,42950,3.011719,3.097656,3.007812,-1,166.198713,23.610579
2025-08-13T12:08:11.777656,42951,3.015625,3.09375,3.015625,-1,166.137678,23.601138
2025-08-13T12:08:12.363817,42952,3.007812,3.09375,3.0117190000000003,-1,166.137678,23.610579
2025-08-13T12:08:12.934518,42953,3.007812,3.101562,3.015625,-1,166.320784,23.601138
2025-08-13T12:08:13.526372,42954,3.015625,3.105469,3.019531,-1,166.259749,23.610579
2025-08-13T12:08:14.099851,42955,3.015625,3.097656,3.0117190000000003,-1,166.015608,23.601138
2025-08-13T12:08:14.692853,42956,3.015625,3.09375,3.019531,-1,166.076643,23.610579
2025-08-13T12:08:15.279317,42957,3.011719,3.09375,3.0117190000000003,-1,166.198713,23.610579
2025-08-13T12:08:15.865317,42958,3.007812,3.09375,3.015625,-1,166.259749,23.610579
2025-08-13T12:08:16.458316,42959,3.011719,3.097656,3.0117190000000003,-1,166.137678,23.620019
2025-08-13T12:08:17.058322,42960,3.015625,3.097656,3.019531,-1,166.259749,23.620019
2025-08-13T12:08:17.653316,42961,3.011719,3.101562,3.019531,-1,166.076643,23.620019
2025-08-13T12:08:18.304317,42962,3.019531,3.101562,3.0117190000000003,-1,166.259749,23.620019
2025-08-13T12:08:18.909873,42963,3.015625,3.101562,3.015625,-1,166.320784,23.629459
2025-08-13T12:08:19.515875,42964,3.015625,3.097656,3.0117190000000003,-1,166.259749,23.638899
2025-08-13T12:08:20.148873,42965,3.015625,3.097656,3.015625,-1,166.259749,23.648339
2025-08-13T12:08:20.774875,42966,3.011719,3.097656,3.015625,-1,166.259749,23.638899
2025-08-13T12:08:21.382873,42967,3.015625,3.097656,3.015625,-1,166.015608,23.648339
2025-08-13T12:08:22.375690,42968,3.015625,3.101562,3.0117190000000003,-1,166.076643,23.648339
2025-08-13T12:08:23.008693,42969,3.015625,3.101562,3.015625,-1,166.259749,23.657779
2025-08-13T12:08:23.628696,42970,3.015625,3.101562,3.0117190000000003,-1,166.137678,23.667219
2025-08-13T12:08:24.309357,42971,3.015625,3.101562,3.015625,-1,166.259749,23.667219
2025-08-13T12:08:24.910356,42972,3.015625,3.101562,3.0117190000000003,-1,166.076643,23.667219
2025-08-13T12:08:25.506357,42973,3.015625,3.097656,3.007812,-1,166.076643,23.657779
2025-08-13T12:08:26.154360,42974,3.015625,3.097656,3.015625,-1,166.259749,23.667219
2025-08-13T12:08:26.755978,42975,3.011719,3.097656,3.0117190000000003,-1,166.137678,23.667219
2025-08-13T12:08:27.353978,42976,3.007812,3.097656,3.0117190000000003,-1,166.076643,23.667219
2025-08-13T12:08:27.958997,42977,3.011719,3.105469,3.007812,-1,166.076643,23.657779
2025-08-13T12:08:28.572994,42978,3.011719,3.097656,3.019531,-1,166.198713,23.657779
2025-08-13T12:08:29.164888,42979,3.011719,3.097656,3.0117190000000003,-1,166.076643,23.657779
2025-08-13T12:08:29.765888,42980,3.019531,3.101562,3.0117190000000003,-1,166.259749,23.667219
2025-08-13T12:08:30.382281,42981,3.011719,3.097656,3.019531,-1,166.198713,23.657779
2025-08-13T12:08:31.018282,42982,3.015625,3.09375,3.023438,-1,166.076643,23.667219
2025-08-13T12:08:31.637281,42983,3.011719,3.101562,3.007812,-1,166.015608,23.667219
2025-08-13T12:08:32.273857,42984,3.011719,3.101562,3.015625,-1,166.015608,23.676659
2025-08-13T12:08:32.926857,42985,3.011719,3.09375,3.007812,-1,166.076643,23.676659
2025-08-13T12:08:33.545015,42986,3.011719,3.09375,3.015625,-1,166.137678,23.676659
2025-08-13T12:08:34.168015,42987,3.015625,3.097656,3.0117190000000003,-1,166.076643,23.686099
2025-08-13T12:08:34.793657,42988,3.015625,3.097656,3.0117190000000003,-1,166.015608,23.676659
2025-08-13T12:08:35.408655,42989,3.015625,3.101562,3.023438,-1,166.076643,23.667219
2025-08-13T12:08:36.011336,42990,3.011719,3.101562,3.007812,-1,166.198713,23.667219
2025-08-13T12:08:36.622336,42991,3.011719,3.097656,3.015625,-1,166.259749,23.667219
2025-08-13T12:08:37.228294,42992,3.011719,3.097656,3.0117190000000003,-1,166.198713,23.657779
2025-08-13T12:08:37.831295,42993,3.011719,3.105469,3.0117190000000003,-1,166.198713,23.657779
2025-08-13T12:08:38.432990,42994,3.015625,3.097656,3.0117190000000003,-1,166.137678,23.667219
2025-08-13T12:08:39.070991,42995,3.011719,3.097656,3.015625,-1,166.381819,23.667219
2025-08-13T12:08:39.689989,42996,3.015625,3.097656,3.015625,-1,166.137678,23.657779
2025-08-13T12:08:40.310990,42997,3.011719,3.097656,3.007812,-1,166.381819,23.657779
2025-08-13T12:08:40.914989,42998,3.015625,3.097656,3.015625,-1,166.381819,23.657779
2025-08-13T12:08:41.522991,42999,3.019531,3.101562,3.0117190000000003,-1,166.320784,23.657779
2025-08-13T12:08:42.139990,43000,3.015625,3.101562,3.0117190000000003,-1,166.259749,23.676659
2025-08-13T12:08:42.783991,43001,3.015625,3.101562,3.0117190000000003,-1,166.198713,23.667219
2025-08-13T12:08:43.387990,43002,3.015625,3.097656,3.015625,-1,166.503889,23.676659
2025-08-13T12:08:44.012990,43003,3.011719,3.101562,3.0117190000000003,-1,166.442854,23.686099
2025-08-13T12:08:44.626990,43004,3.011719,3.101562,3.015625,-1,166.320784,23.686099
2025-08-13T12:08:45.236035,43005,3.011719,3.101562,3.015625,-1,166.442854,23.686099
2025-08-13T12:08:45.885036,43006,3.015625,3.097656,3.0117190000000003,-1,166.442854,23.686099
2025-08-13T12:08:46.499722,43007,3.015625,3.097656,3.015625,-1,166.320784,23.686099
2025-08-13T12:08:47.142723,43008,3.015625,3.097656,3.003906,-1,166.198713,23.676659
2025-08-13T12:08:47.762721,43009,3.011719,3.097656,3.0117190000000003,-1,166.137678,23.676659
2025-08-13T12:08:48.739721,43010,3.015625,3.09375,3.0117190000000003,-1,166.137678,23.676659
2025-08-13T12:08:49.358721,43011,3.011719,3.101562,3.0117190000000003,-1,166.137678,23.686099
2025-08-13T12:08:49.965780,43012,3.015625,3.101562,3.0117190000000003,-1,166.076643,23.686099
2025-08-13T12:08:50.584780,43013,3.011719,3.09375,3.023438,-1,166.137678,23.686099
2025-08-13T12:08:51.187984,43014,3.011719,3.09375,3.0117190000000003,-1,166.137678,23.686099
2025-08-13T12:08:51.797983,43015,3.011719,3.101562,3.0117190000000003,-1,166.198713,23.686099
2025-08-13T12:08:52.416985,43016,3.015625,3.105469,3.0117190000000003,-1,166.137678,23.695539
2025-08-13T12:08:53.059983,43017,3.011719,3.097656,3.007812,-1,166.320784,23.704979
2025-08-13T12:08:53.689983,43018,3.011719,3.101562,3.0117190000000003,-1,166.320784,23.704979
2025-08-13T12:08:54.337987,43019,3.015625,3.101562,3.0117190000000003,-1,166.137678,23.695539
2025-08-13T12:08:54.977982,43020,3.019531,3.097656,3.019531,-1,166.198713,23.686099
2025-08-13T12:08:55.584395,43021,3.011719,3.097656,3.0117190000000003,-1,166.259749,23.676659
2025-08-13T12:08:56.216395,43022,3.019531,3.101562,3.0117190000000003,-1,166.198713,23.667219
2025-08-13T12:08:56.845887,43023,3.011719,3.097656,3.0117190000000003,-1,166.442854,23.676659
2025-08-13T12:08:57.472887,43024,3.015625,3.097656,3.007812,-1,166.320784,23.676659
2025-08-13T12:08:58.083886,43025,3.011719,3.09375,3.015625,-1,166.442854,23.686099
2025-08-13T12:08:58.690495,43026,3.011719,3.097656,3.0117190000000003,-1,166.442854,23.695539
2025-08-13T12:08:59.296494,43027,3.011719,3.097656,3.019531,-1,166.503889,23.695539
2025-08-13T12:08:59.918494,43028,3.011719,3.097656,3.019531,-1,166.442854,23.695539
2025-08-13T12:09:00.528495,43029,3.007812,3.09375,3.0117190000000003,-1,166.320784,23.704979
2025-08-13T12:09:01.136077,43030,3.011719,3.097656,3.015625,-1,166.503889,23.704979
2025-08-13T12:09:01.770078,43031,3.011719,3.105469,3.0273440000000003,-1,166.320784,23.695539
2025-08-13T12:09:02.400078,43032,3.011719,3.09375,3.023438,-1,166.381819,23.695539
2025-08-13T12:09:03.019079,43033,3.015625,3.101562,3.0117190000000003,-1,166.259749,23.695539
2025-08-13T12:09:03.647080,43034,3.015625,3.097656,3.015625,-1,166.381819,23.686099
2025-08-13T12:09:04.265077,43035,3.015625,3.101562,3.023438,-1,166.259749,23.686099
2025-08-13T12:09:04.914077,43036,3.011719,3.097656,3.0117190000000003,-1,166.442854,23.667219
2025-08-13T12:09:05.541625,43037,3.011719,3.101562,3.015625,-1,166.442854,23.667219
2025-08-13T12:09:06.175627,43038,3.011719,3.09375,3.0117190000000003,-1,166.381819,23.648339
2025-08-13T12:09:06.840625,43039,3.011719,3.097656,3.0117190000000003,-1,166.320784,23.657779
2025-08-13T12:09:07.475625,43040,3.015625,3.097656,3.015625,-1,166.320784,23.657779
2025-08-13T12:09:08.221625,43041,3.015625,3.105469,3.015625,-1,166.320784,23.657779
2025-08-13T12:09:08.840381,43042,3.011719,3.101562,3.007812,-1,166.503889,23.657779
2025-08-13T12:09:09.461381,43043,3.019531,3.097656,3.007812,-1,166.320784,23.648339
2025-08-13T12:09:10.082061,43044,3.011719,3.101562,3.019531,-1,166.503889,23.648339
2025-08-13T12:09:10.698061,43045,3.011719,3.101562,3.0117190000000003,-1,166.320784,23.648339
2025-08-13T12:09:11.313648,43046,3.015625,3.105469,3.015625,-1,166.320784,23.648339
2025-08-13T12:09:11.932650,43047,3.015625,3.101562,3.015625,-1,166.442854,23.638899
2025-08-13T12:09:12.543649,43048,3.011719,3.09375,3.007812,-1,166.503889,23.638899
2025-08-13T12:09:13.166649,43049,3.011719,3.097656,3.007812,-1,166.381819,23.638899
2025-08-13T12:09:13.782021,43050,3.015625,3.105469,3.003906,-1,166.442854,23.638899
2025-08-13T12:09:14.405021,43051,3.015625,3.089844,3.015625,-1,166.442854,23.638899
2025-08-13T12:09:15.034021,43052,3.011719,3.101562,3.015625,-1,166.564924,23.638899
2025-08-13T12:09:15.646021,43053,3.007812,3.101562,3.015625,-1,166.381819,23.638899
2025-08-13T12:09:16.255170,43054,3.015625,3.101562,3.019531,-1,166.320784,23.638899
2025-08-13T12:09:16.866287,43055,3.011719,3.101562,3.023438,-1,166.320784,23.638899
2025-08-13T12:09:17.472618,43056,3.015625,3.101562,3.019531,-1,166.320784,23.638899
2025-08-13T12:09:18.079306,43057,3.011719,3.105469,3.023438,-1,166.320784,23.648339
2025-08-13T12:09:18.686306,43058,3.015625,3.101562,3.0117190000000003,-1,166.381819,23.657779
2025-08-13T12:09:19.281795,43059,3.015625,3.097656,3.015625,-1,166.442854,23.648339
2025-08-13T12:09:19.899795,43060,3.015625,3.101562,3.015625,-1,166.320784,23.648339
2025-08-13T12:09:20.490463,43061,3.015625,3.097656,3.015625,-1,166.320784,23.638899
2025-08-13T12:09:21.094464,43062,3.015625,3.097656,3.007812,-1,166.442854,23.638899
2025-08-13T12:09:21.688585,43063,3.011719,3.105469,3.015625,-1,166.320784,23.638899
2025-08-13T12:09:22.292586,43064,3.011719,3.101562,3.015625,-1,166.381819,23.638899
2025-08-13T12:09:22.900098,43065,3.015625,3.097656,3.0117190000000003,-1,166.381819,23.620019
2025-08-13T12:09:23.501099,43066,3.011719,3.097656,3.015625,-1,166.259749,23.610579
2025-08-13T12:09:24.091914,43067,3.015625,3.09375,3.0117190000000003,-1,166.076643,23.629459
2025-08-13T12:09:24.705915,43068,3.011719,3.101562,3.015625,-1,166.198713,23.620019
2025-08-13T12:09:25.297405,43069,3.011719,3.101562,3.015625,-1,166.259749,23.610579
2025-08-13T12:09:25.916405,43070,3.015625,3.101562,3.007812,-1,166.320784,23.591698
2025-08-13T12:09:26.512869,43071,3.007812,3.105469,3.0117190000000003,-1,166.564924,23.591698
2025-08-13T12:09:27.170309,43072,3.011719,3.09375,3.019531,-1,166.381819,23.591698
2025-08-13T12:09:27.785526,43073,3.019531,3.101562,3.0117190000000003,-1,166.320784,23.572817
2025-08-13T12:09:28.775856,43074,3.011719,3.097656,3.023438,-1,166.381819,23.544495
2025-08-13T12:09:29.403857,43075,3.011719,3.097656,3.015625,-1,166.137678,23.544495
2025-08-13T12:09:30.060856,43076,3.023438,3.097656,3.015625,-1,166.015608,23.535054
2025-08-13T12:09:30.666759,43077,3.015625,3.101562,3.015625,-1,166.259749,23.535054
2025-08-13T12:09:31.304760,43078,3.011719,3.097656,3.0117190000000003,-1,166.381819,23.544495
2025-08-13T12:09:31.974557,43079,3.015625,3.097656,3.015625,-1,166.381819,23.563376
2025-08-13T12:09:32.598554,43080,3.011719,3.09375,3.0,-1,166.259749,23.572817
2025-08-13T12:09:33.224555,43081,3.011719,3.097656,3.015625,-1,166.320784,23.572817
2025-08-13T12:09:33.868556,43082,3.011719,3.097656,3.007812,-1,166.320784,23.582258
2025-08-13T12:09:34.499556,43083,3.007812,3.097656,3.0117190000000003,-1,166.198713,23.572817
2025-08-13T12:09:35.115645,43084,3.015625,3.101562,3.003906,-1,166.320784,23.572817
2025-08-13T12:09:35.726644,43085,3.019531,3.097656,3.0117190000000003,-1,166.381819,23.563376
2025-08-13T12:09:36.325245,43086,3.011719,3.097656,3.015625,-1,166.198713,23.544495
2025-08-13T12:09:36.960246,43087,3.015625,3.101562,3.0273440000000003,-1,166.320784,23.544495
2025-08-13T12:09:37.568985,43088,3.011719,3.097656,3.007812,-1,166.259749,23.535054
2025-08-13T12:09:38.187622,43089,3.011719,3.101562,3.019531,-1,166.259749,23.525613
2025-08-13T12:09:38.788711,43090,3.015625,3.097656,3.0117190000000003,-1,166.320784,23.516172
2025-08-13T12:09:39.623429,43091,3.007812,3.105469,3.015625,-1,166.198713,23.525613
2025-08-13T12:09:40.265433,43092,3.011719,3.105469,3.0,-1,166.259749,23.516172
2025-08-13T12:09:40.871385,43093,3.011719,3.101562,3.015625,-1,166.198713,23.516172
2025-08-13T12:09:41.490386,43094,3.011719,3.09375,3.0117190000000003,-1,166.259749,23.516172
2025-08-13T12:09:42.111295,43095,3.015625,3.097656,3.015625,-1,166.198713,23.516172
2025-08-13T12:09:42.744812,43096,3.011719,3.097656,3.0117190000000003,-1,166.381819,23.516172
2025-08-13T12:09:43.376812,43097,3.015625,3.101562,3.0117190000000003,-1,166.259749,23.516172
2025-08-13T12:09:44.013811,43098,3.011719,3.09375,3.015625,-1,166.198713,23.506731
2025-08-13T12:09:44.662814,43099,3.015625,3.101562,3.0117190000000003,-1,166.320784,23.516172
2025-08-13T12:09:45.292811,43100,3.007812,3.097656,3.0117190000000003,-1,166.259749,23.49729
2025-08-13T12:09:45.908812,43101,3.019531,3.101562,3.007812,-1,166.198713,23.49729
2025-08-13T12:09:46.517122,43102,3.007812,3.097656,3.007812,-1,166.259749,23.49729
2025-08-13T12:09:47.154124,43103,3.011719,3.097656,3.0117190000000003,-1,166.259749,23.487848
2025-08-13T12:09:47.799125,43104,3.011719,3.097656,3.007812,-1,166.198713,23.487848
2025-08-13T12:09:48.422246,43105,3.015625,3.097656,3.007812,-1,166.320784,23.478407
2025-08-13T12:09:49.051249,43106,3.011719,3.097656,3.0117190000000003,-1,166.259749,23.468965
2025-08-13T12:09:49.687248,43107,3.011719,3.097656,3.0117190000000003,-1,166.442854,23.478407
2025-08-13T12:09:50.306247,43108,3.015625,3.09375,3.003906,-1,166.442854,23.478407
2025-08-13T12:09:50.920862,43109,3.011719,3.097656,3.0117190000000003,-1,166.442854,23.468965
2025-08-13T12:09:51.542863,43110,3.015625,3.09375,3.015625,-1,166.381819,23.459523
2025-08-13T12:09:52.169863,43111,3.015625,3.097656,3.003906,-1,166.259749,23.459523
2025-08-13T12:09:52.811866,43112,3.011719,3.09375,3.0117190000000003,-1,166.381819,23.459523
2025-08-13T12:09:53.452864,43113,3.015625,3.097656,3.015625,-1,166.442854,23.450081
2025-08-13T12:09:54.100862,43114,3.015625,3.101562,3.0117190000000003,-1,166.259749,23.450081
2025-08-13T12:09:54.744864,43115,3.007812,3.097656,3.007812,-1,166.320784,23.450081
2025-08-13T12:09:55.408864,43116,3.011719,3.097656,3.015625,-1,166.320784,23.450081
2025-08-13T12:09:56.033401,43117,3.007812,3.097656,3.015625,-1,166.320784,23.450081
2025-08-13T12:09:56.662401,43118,3.015625,3.097656,3.007812,-1,166.259749,23.450081
2025-08-13T12:09:57.291114,43119,3.015625,3.101562,3.0117190000000003,-1,166.320784,23.440639
2025-08-13T12:09:57.913115,43120,3.015625,3.097656,3.0117190000000003,-1,166.381819,23.440639
2025-08-13T12:09:58.519145,43121,3.011719,3.097656,3.015625,-1,166.381819,23.440639
2025-08-13T12:09:59.127141,43122,3.011719,3.101562,3.0117190000000003,-1,166.259749,23.440639
2025-08-13T12:09:59.740142,43123,3.011719,3.097656,3.007812,-1,166.442854,23.431197
2025-08-13T12:10:00.358147,43124,3.007812,3.101562,3.019531,-1,166.259749,23.431197
2025-08-13T12:10:00.974142,43125,3.011719,3.09375,3.0117190000000003,-1,166.442854,23.431197
2025-08-13T12:10:01.582145,43126,3.011719,3.097656,3.007812,-1,166.381819,23.431197
2025-08-13T12:10:02.221142,43127,3.015625,3.097656,3.015625,-1,166.259749,23.421754
2025-08-13T12:10:02.880417,43128,3.015625,3.101562,3.0117190000000003,-1,166.259749,23.421754
2025-08-13T12:10:03.543412,43129,3.011719,3.097656,3.0117190000000003,-1,166.320784,23.421754
2025-08-13T12:10:04.177413,43130,3.011719,3.101562,3.015625,-1,166.320784,23.421754
2025-08-13T12:10:05.152413,43131,3.015625,3.097656,3.007812,-1,166.259749,23.431197
2025-08-13T12:10:05.769412,43132,3.011719,3.097656,3.0117190000000003,-1,165.649397,23.421754
2025-08-13T12:10:06.371449,43133,3.011719,3.097656,3.0117190000000003,-1,165.161116,23.440639
2025-08-13T12:10:06.995449,43134,3.011719,3.097656,3.0117190000000003,-1,165.283186,23.440639
2025-08-13T12:10:07.606449,43135,3.011719,3.097656,3.023438,-1,165.527327,23.450081
2025-08-13T12:10:08.213449,43136,3.015625,3.097656,3.0117190000000003,-1,165.710432,23.440639
2025-08-13T12:10:08.820449,43137,3.007812,3.101562,3.0117190000000003,-1,166.137678,23.440639
2025-08-13T12:10:09.472095,43138,3.011719,3.101562,3.015625,-1,166.320784,23.440639
2025-08-13T12:10:10.098095,43139,3.011719,3.097656,3.015625,-1,166.320784,23.421754
2025-08-13T12:10:10.717848,43140,3.011719,3.097656,3.015625,-1,166.564924,23.440639
2025-08-13T12:10:11.334858,43141,3.011719,3.097656,3.015625,-1,166.503889,23.440639
2025-08-13T12:10:11.975163,43142,3.011719,3.097656,3.0117190000000003,-1,166.564924,23.450081
2025-08-13T12:10:12.584164,43143,3.007812,3.101562,3.0117190000000003,-1,166.62596,23.450081
2025-08-13T12:10:13.211819,43144,3.023438,3.101562,3.0117190000000003,-1,166.503889,23.459523
2025-08-13T12:10:13.818819,43145,3.011719,3.101562,3.015625,-1,166.320784,23.468965
2025-08-13T12:10:14.430819,43146,3.011719,3.101562,3.023438,-1,166.503889,23.459523
2025-08-13T12:10:15.034603,43147,3.011719,3.097656,3.0117190000000003,-1,166.503889,23.450081
2025-08-13T12:10:15.655604,43148,3.015625,3.097656,3.007812,-1,166.442854,23.459523
2025-08-13T12:10:16.281096,43149,3.027344,3.101562,3.003906,-1,166.442854,23.459523
2025-08-13T12:10:16.900096,43150,3.011719,3.097656,3.0117190000000003,-1,166.564924,23.468965
2025-08-13T12:10:17.519856,43151,3.011719,3.097656,3.0117190000000003,-1,166.381819,23.468965
2025-08-13T12:10:18.151856,43152,3.019531,3.09375,3.015625,-1,166.381819,23.478407
2025-08-13T12:10:18.763856,43153,3.015625,3.101562,3.015625,-1,166.564924,23.478407
2025-08-13T12:10:19.369857,43154,3.011719,3.097656,3.0117190000000003,-1,166.503889,23.478407
2025-08-13T12:10:19.985857,43155,3.011719,3.097656,3.019531,-1,166.503889,23.478407
2025-08-13T12:10:20.604836,43156,3.007812,3.101562,3.007812,-1,166.564924,23.478407
2025-08-13T12:10:21.216838,43157,3.011719,3.097656,3.0117190000000003,-1,166.442854,23.468965
2025-08-13T12:10:21.826191,43158,3.011719,3.097656,3.015625,-1,166.503889,23.478407
2025-08-13T12:10:22.435193,43159,3.015625,3.097656,3.0117190000000003,-1,166.442854,23.468965
2025-08-13T12:10:23.052190,43160,3.011719,3.097656,3.019531,-1,166.503889,23.468965
2025-08-13T12:10:23.657191,43161,3.007812,3.097656,3.0117190000000003,-1,166.381819,23.468965
2025-08-13T12:10:24.276193,43162,3.011719,3.097656,3.015625,-1,166.442854,23.468965
2025-08-13T12:10:24.905979,43163,3.011719,3.097656,3.007812,-1,166.442854,23.468965
2025-08-13T12:10:25.545979,43164,3.015625,3.097656,3.015625,-1,166.381819,23.478407
2025-08-13T12:10:26.156266,43165,3.011719,3.101562,3.007812,-1,166.564924,23.478407
2025-08-13T12:10:26.760266,43166,3.015625,3.097656,3.019531,-1,166.564924,23.478407
2025-08-13T12:10:27.375265,43167,3.011719,3.101562,3.007812,-1,166.503889,23.487848
2025-08-13T12:10:27.998264,43168,3.015625,3.101562,3.019531,-1,166.564924,23.49729
2025-08-13T12:10:28.597266,43169,3.015625,3.097656,3.007812,-1,166.564924,23.487848
2025-08-13T12:10:29.214264,43170,3.015625,3.101562,3.023438,-1,166.686995,23.506731
2025-08-13T12:10:29.834259,43171,3.011719,3.097656,3.007812,-1,166.442854,23.506731
2025-08-13T12:10:30.455260,43172,3.015625,3.101562,3.015625,-1,166.442854,23.516172
2025-08-13T12:10:31.065258,43173,3.015625,3.09375,3.0117190000000003,-1,166.62596,23.506731
2025-08-13T12:10:31.816937,43174,3.011719,3.097656,3.0117190000000003,-1,166.442854,23.506731
2025-08-13T12:10:32.439936,43175,3.011719,3.101562,3.0117190000000003,-1,166.381819,23.506731
2025-08-13T12:10:33.050936,43176,3.015625,3.101562,3.007812,-1,166.564924,23.516172
2025-08-13T12:10:33.667938,43177,3.011719,3.101562,3.007812,-1,166.564924,23.516172
2025-08-13T12:10:34.278911,43178,3.011719,3.097656,3.0117190000000003,-1,166.381819,23.506731
2025-08-13T12:10:34.902911,43179,3.011719,3.101562,3.015625,-1,166.564924,23.506731
2025-08-13T12:10:35.543912,43180,3.011719,3.097656,3.007812,-1,166.564924,23.506731
2025-08-13T12:10:36.167913,43181,3.007812,3.101562,3.007812,-1,166.564924,23.49729
2025-08-13T12:10:36.817911,43182,3.011719,3.101562,3.015625,-1,166.503889,23.49729
2025-08-13T12:10:37.452911,43183,3.015625,3.097656,3.015625,-1,166.381819,23.49729
2025-08-13T12:10:38.082373,43184,3.007812,3.097656,3.0117190000000003,-1,166.442854,23.49729
2025-08-13T12:10:38.700170,43185,3.011719,3.101562,3.015625,-1,166.564924,23.487848
2025-08-13T12:10:39.299189,43186,3.015625,3.097656,3.015625,-1,166.564924,23.487848
2025-08-13T12:10:39.897700,43187,3.011719,3.097656,3.023438,-1,166.442854,23.487848
2025-08-13T12:10:40.517700,43188,3.007812,3.097656,3.0117190000000003,-1,166.564924,23.49729
2025-08-13T12:10:41.164700,43189,3.015625,3.097656,3.003906,-1,166.564924,23.487848
2025-08-13T12:10:41.772708,43190,3.015625,3.097656,3.0117190000000003,-1,166.442854,23.487848
2025-08-13T12:10:42.385987,43191,3.015625,3.101562,3.007812,-1,166.381819,23.487848
2025-08-13T12:10:42.997982,43192,3.007812,3.09375,3.0117190000000003,-1,166.503889,23.487848
2025-08-13T12:10:43.608984,43193,3.011719,3.101562,3.015625,-1,166.381819,23.487848
2025-08-13T12:10:44.219496,43194,3.011719,3.097656,3.0117190000000003,-1,166.381819,23.487848
2025-08-13T12:10:44.838497,43195,3.015625,3.101562,3.019531,-1,166.442854,23.49729
2025-08-13T12:10:45.457211,43196,3.007812,3.097656,3.0117190000000003,-1,166.442854,23.49729
2025-08-13T12:10:46.057656,43197,3.007812,3.097656,3.019531,-1,166.381819,23.487848
2025-08-13T12:10:46.653653,43198,3.011719,3.097656,3.0117190000000003,-1,166.381819,23.487848
2025-08-13T12:10:47.272463,43199,3.007812,3.097656,3.0117190000000003,-1,166.381819,23.49729
2025-08-13T12:10:47.874369,43200,3.015625,3.097656,3.0117190000000003,-1,166.381819,23.49729
2025-08-13T12:10:48.475368,43201,3.015625,3.097656,3.0117190000000003,-1,166.62596,23.487848
2025-08-13T12:10:49.082075,43202,3.007812,3.097656,3.019531,-1,166.564924,23.487848
2025-08-13T12:10:49.675074,43203,3.011719,3.09375,3.007812,-1,166.381819,23.487848
2025-08-13T12:10:50.282339,43204,3.011719,3.101562,3.019531,-1,166.564924,23.49729
2025-08-13T12:10:50.880339,43205,3.019531,3.101562,3.007812,-1,166.503889,23.49729
2025-08-13T12:10:51.488294,43206,3.011719,3.09375,3.003906,-1,166.442854,23.49729
2025-08-13T12:10:52.110294,43207,3.015625,3.097656,3.0117190000000003,-1,166.62596,23.487848
2025-08-13T12:10:52.713295,43208,3.011719,3.097656,3.015625,-1,166.381819,23.49729
2025-08-13T12:10:53.313275,43209,3.011719,3.097656,3.0117190000000003,-1,166.442854,23.49729
2025-08-13T12:10:53.938285,43210,3.015625,3.097656,3.015625,-1,166.564924,23.49729
2025-08-13T12:10:54.544903,43211,3.015625,3.097656,3.019531,-1,166.564924,23.49729
2025-08-13T12:10:55.167901,43212,3.011719,3.097656,3.015625,-1,166.442854,23.487848
2025-08-13T12:10:55.774902,43213,3.011719,3.097656,3.015625,-1,166.442854,23.49729
2025-08-13T12:10:56.405901,43214,3.011719,3.097656,3.007812,-1,166.442854,23.506731
2025-08-13T12:10:57.007657,43215,3.015625,3.097656,3.0117190000000003,-1,166.62596,23.49729
2025-08-13T12:10:57.619671,43216,3.011719,3.097656,3.019531,-1,166.381819,23.506731
2025-08-13T12:10:58.467671,43217,3.011719,3.101562,3.0117190000000003,-1,166.564924,23.506731
2025-08-13T12:10:59.059865,43218,3.011719,3.097656,3.0117190000000003,-1,166.381819,23.506731
2025-08-13T12:10:59.798988,43219,3.011719,3.101562,3.007812,-1,166.564924,23.516172
2025-08-13T12:11:00.402989,43220,3.011719,3.09375,3.023438,-1,166.381819,23.506731
2025-08-13T12:11:01.006989,43221,3.007812,3.101562,3.015625,-1,166.503889,23.516172
2025-08-13T12:11:01.608988,43222,3.011719,3.097656,3.015625,-1,166.381819,23.516172
2025-08-13T12:11:02.204988,43223,3.011719,3.097656,3.015625,-1,166.564924,23.525613
2025-08-13T12:11:02.824989,43224,3.019531,3.101562,3.007812,-1,166.381819,23.525613
2025-08-13T12:11:03.442784,43225,3.007812,3.101562,3.019531,-1,166.381819,23.535054
2025-08-13T12:11:04.040854,43226,3.015625,3.097656,3.015625,-1,166.259749,23.535054
2025-08-13T12:11:04.676238,43227,3.011719,3.097656,3.007812,-1,166.381819,23.535054
2025-08-13T12:11:05.314240,43228,3.015625,3.101562,3.0117190000000003,-1,166.381819,23.535054
2025-08-13T12:11:05.937241,43229,3.011719,3.097656,3.015625,-1,166.442854,23.525613
2025-08-13T12:11:06.536484,43230,3.007812,3.101562,3.0117190000000003,-1,166.564924,23.525613
2025-08-13T12:11:07.145483,43231,3.019531,3.097656,3.0117190000000003,-1,166.564924,23.525613
2025-08-13T12:11:07.742483,43232,3.015625,3.097656,3.0117190000000003,-1,166.442854,23.516172
2025-08-13T12:11:08.348483,43233,3.011719,3.097656,3.0117190000000003,-1,166.381819,23.506731
2025-08-13T12:11:08.947483,43234,3.015625,3.097656,3.015625,-1,166.564924,23.506731
2025-08-13T12:11:09.569484,43235,3.011719,3.101562,3.019531,-1,166.564924,23.506731
2025-08-13T12:11:10.166483,43236,3.011719,3.097656,3.019531,-1,166.381819,23.506731
2025-08-13T12:11:10.778483,43237,3.011719,3.101562,3.007812,-1,166.442854,23.506731
2025-08-13T12:11:11.433483,43238,3.015625,3.09375,3.007812,-1,166.503889,23.506731
2025-08-13T12:11:12.048005,43239,3.011719,3.097656,3.007812,-1,166.503889,23.506731
2025-08-13T12:11:12.656010,43240,3.011719,3.097656,3.007812,-1,166.381819,23.49729
2025-08-13T12:11:13.270857,43241,3.011719,3.101562,3.0117190000000003,-1,166.564924,23.49729
2025-08-13T12:11:13.882857,43242,3.015625,3.097656,3.0117190000000003,-1,166.442854,23.49729
2025-08-13T12:11:14.495857,43243,3.015625,3.101562,3.0117190000000003,-1,166.381819,23.49729
2025-08-13T12:11:15.129824,43244,3.019531,3.09375,3.0117190000000003,-1,166.564924,23.49729
2025-08-13T12:11:15.743824,43245,3.011719,3.097656,3.0117190000000003,-1,166.381819,23.49729
2025-08-13T12:11:16.359654,43246,3.015625,3.097656,3.007812,-1,166.381819,23.49729
2025-08-13T12:11:16.974653,43247,3.011719,3.097656,3.0117190000000003,-1,166.442854,23.49729
2025-08-13T12:11:17.586863,43248,3.011719,3.097656,3.007812,-1,166.564924,23.487848
2025-08-13T12:11:18.192864,43249,3.015625,3.097656,3.007812,-1,166.564924,23.487848
2025-08-13T12:11:18.799882,43250,3.011719,3.09375,3.023438,-1,166.381819,23.487848
2025-08-13T12:11:19.415882,43251,3.011719,3.097656,3.0117190000000003,-1,166.320784,23.487848
2025-08-13T12:11:20.040882,43252,3.015625,3.097656,3.015625,-1,166.503889,23.478407
2025-08-13T12:11:20.657263,43253,3.007812,3.101562,3.0117190000000003,-1,166.442854,23.478407
2025-08-13T12:11:21.267266,43254,3.015625,3.101562,3.003906,-1,166.442854,23.468965
2025-08-13T12:11:21.886274,43255,3.015625,3.097656,3.0117190000000003,-1,166.381819,23.468965
2025-08-13T12:11:22.492273,43256,3.011719,3.09375,3.015625,-1,166.442854,23.459523
2025-08-13T12:11:23.116823,43257,3.011719,3.097656,3.019531,-1,166.564924,23.459523
2025-08-13T12:11:23.723823,43258,3.015625,3.097656,3.0117190000000003,-1,166.564924,23.459523
2025-08-13T12:11:24.333824,43259,3.015625,3.09375,3.019531,-1,166.564924,23.459523
2025-08-13T12:11:24.946827,43260,3.015625,3.097656,3.0117190000000003,-1,166.381819,23.459523
2025-08-13T12:11:25.587825,43261,3.011719,3.097656,3.0117190000000003,-1,166.503889,23.450081
2025-08-13T12:11:26.208736,43262,3.015625,3.097656,3.019531,-1,166.381819,23.450081
2025-08-13T12:11:26.832735,43263,3.011719,3.105469,3.003906,-1,166.503889,23.431197
2025-08-13T12:11:27.466703,43264,3.015625,3.101562,3.007812,-1,166.564924,23.431197
2025-08-13T12:11:28.081571,43265,3.011719,3.101562,3.0117190000000003,-1,166.503889,23.431197
2025-08-13T12:11:28.710571,43266,3.011719,3.097656,3.0117190000000003,-1,166.442854,23.431197
2025-08-13T12:11:29.322571,43267,3.011719,3.09375,3.0117190000000003,-1,166.381819,23.431197
2025-08-13T12:11:29.956571,43268,3.015625,3.097656,3.0117190000000003,-1,166.442854,23.440639
2025-08-13T12:11:30.569571,43269,3.015625,3.097656,3.019531,-1,166.503889,23.440639
2025-08-13T12:11:31.192571,43270,3.011719,3.101562,3.0117190000000003,-1,166.62596,23.450081
2025-08-13T12:11:31.801250,43271,3.007812,3.097656,3.015625,-1,166.564924,23.450081
2025-08-13T12:11:32.412249,43272,3.011719,3.097656,3.015625,-1,166.381819,23.440639
2025-08-13T12:11:33.027522,43273,3.019531,3.097656,3.007812,-1,166.503889,23.440639
2025-08-13T12:11:33.640522,43274,3.015625,3.09375,3.003906,-1,166.564924,23.431197
2025-08-13T12:11:34.259522,43275,3.015625,3.105469,3.0117190000000003,-1,166.381819,23.440639
2025-08-13T12:11:34.866218,43276,3.011719,3.09375,3.019531,-1,166.442854,23.421754
2025-08-13T12:11:35.527216,43277,3.011719,3.097656,3.0117190000000003,-1,166.442854,23.431197
2025-08-13T12:11:36.173217,43278,3.015625,3.097656,3.019531,-1,166.442854,23.431197
2025-08-13T12:11:36.795216,43279,3.015625,3.101562,3.019531,-1,166.503889,23.431197
2025-08-13T12:11:37.439244,43280,3.015625,3.097656,3.007812,-1,166.442854,23.421754
2025-08-13T12:11:38.047244,43281,3.015625,3.101562,3.007812,-1,166.442854,23.421754
2025-08-13T12:11:38.659243,43282,3.015625,3.097656,3.015625,-1,166.503889,23.440639
2025-08-13T12:11:39.274244,43283,3.011719,3.097656,3.0117190000000003,-1,166.564924,23.440639
2025-08-13T12:11:39.886249,43284,3.011719,3.101562,3.023438,-1,166.381819,23.450081
2025-08-13T12:11:40.498293,43285,3.011719,3.097656,3.015625,-1,166.503889,23.459523
2025-08-13T12:11:41.116292,43286,3.011719,3.097656,3.019531,-1,166.381819,23.459523
2025-08-13T12:11:41.742667,43287,3.019531,3.097656,3.015625,-1,166.381819,23.468965
2025-08-13T12:11:42.350667,43288,3.015625,3.097656,3.007812,-1,166.564924,23.468965
2025-08-13T12:11:42.966682,43289,3.011719,3.09375,3.015625,-1,166.62596,23.468965
2025-08-13T12:11:43.592684,43290,3.011719,3.097656,3.023438,-1,166.442854,23.468965
2025-08-13T12:11:44.199369,43291,3.011719,3.097656,3.015625,-1,166.442854,23.468965
2025-08-13T12:11:44.822371,43292,3.011719,3.097656,3.007812,-1,166.442854,23.468965
2025-08-13T12:11:45.461369,43293,3.007812,3.097656,3.0117190000000003,-1,166.381819,23.468965
2025-08-13T12:11:46.062941,43294,3.015625,3.097656,3.019531,-1,166.381819,23.468965
2025-08-13T12:11:46.682942,43295,3.011719,3.101562,3.015625,-1,166.442854,23.468965
2025-08-13T12:11:47.293410,43296,3.015625,3.097656,3.0117190000000003,-1,166.381819,23.468965
2025-08-13T12:11:47.987411,43297,3.015625,3.097656,3.015625,-1,166.381819,23.459523
2025-08-13T12:11:48.596412,43298,3.015625,3.097656,3.007812,-1,166.564924,23.450081
2025-08-13T12:11:49.223519,43299,3.011719,3.101562,3.0117190000000003,-1,166.564924,23.459523
2025-08-13T12:11:49.841519,43300,3.011719,3.097656,3.0117190000000003,-1,166.442854,23.459523
2025-08-13T12:11:50.453518,43301,3.007812,3.097656,3.007812,-1,166.442854,23.459523
2025-08-13T12:11:51.066519,43302,3.015625,3.09375,3.019531,-1,166.381819,23.468965
2025-08-13T12:11:51.688457,43303,3.015625,3.101562,3.015625,-1,166.381819,23.468965
2025-08-13T12:11:52.305461,43304,3.011719,3.097656,3.003906,-1,166.564924,23.478407
2025-08-13T12:11:52.920469,43305,3.015625,3.101562,3.0117190000000003,-1,166.62596,23.478407
2025-08-13T12:11:53.537469,43306,3.011719,3.097656,3.003906,-1,166.381819,23.478407
2025-08-13T12:11:54.151470,43307,3.011719,3.09375,3.0117190000000003,-1,166.381819,23.487848
2025-08-13T12:11:54.756472,43308,3.015625,3.097656,3.0117190000000003,-1,166.442854,23.49729
2025-08-13T12:11:55.385469,43309,3.015625,3.097656,3.003906,-1,166.62596,23.49729
2025-08-13T12:11:56.008185,43310,3.011719,3.097656,3.007812,-1,166.62596,23.506731
2025-08-13T12:11:56.649185,43311,3.011719,3.101562,3.007812,-1,166.503889,23.516172
2025-08-13T12:11:57.251236,43312,3.015625,3.097656,3.0117190000000003,-1,166.503889,23.516172
2025-08-13T12:11:57.873234,43313,3.007812,3.097656,3.015625,-1,166.503889,23.516172
2025-08-13T12:11:58.522228,43314,3.011719,3.097656,3.0117190000000003,-1,166.381819,23.516172
2025-08-13T12:11:59.129226,43315,3.007812,3.101562,3.023438,-1,166.442854,23.516172
2025-08-13T12:11:59.742227,43316,3.007812,3.101562,3.015625,-1,166.442854,23.516172
2025-08-13T12:12:00.365284,43317,3.007812,3.097656,3.007812,-1,166.564924,23.516172
2025-08-13T12:12:00.974285,43318,3.011719,3.101562,3.0117190000000003,-1,166.442854,23.525613
2025-08-13T12:12:01.594285,43319,3.011719,3.097656,3.003906,-1,166.564924,23.525613
2025-08-13T12:12:02.197907,43320,3.015625,3.101562,3.019531,-1,166.503889,23.516172
2025-08-13T12:12:02.841907,43321,3.011719,3.101562,3.015625,-1,166.442854,23.506731
2025-08-13T12:12:03.449907,43322,3.015625,3.101562,3.015625,-1,166.442854,23.516172
2025-08-13T12:12:04.066907,43323,3.011719,3.097656,3.015625,-1,166.381819,23.506731
2025-08-13T12:12:04.673654,43324,3.011719,3.101562,3.015625,-1,166.320784,23.506731
2025-08-13T12:12:05.296658,43325,3.011719,3.097656,3.007812,-1,166.381819,23.506731
2025-08-13T12:12:05.900057,43326,3.011719,3.097656,3.019531,-1,166.381819,23.506731
2025-08-13T12:12:06.547059,43327,3.007812,3.097656,3.0117190000000003,-1,166.442854,23.516172
2025-08-13T12:12:07.209060,43328,3.015625,3.09375,3.007812,-1,166.564924,23.506731
2025-08-13T12:12:07.865057,43329,3.007812,3.101562,3.0117190000000003,-1,166.503889,23.516172
2025-08-13T12:12:08.481534,43330,3.007812,3.101562,3.015625,-1,166.442854,23.525613
2025-08-13T12:12:09.134532,43331,3.015625,3.097656,3.015625,-1,166.381819,23.535054
2025-08-13T12:12:09.756443,43332,3.015625,3.101562,3.0117190000000003,-1,166.564924,23.535054
2025-08-13T12:12:10.376441,43333,3.011719,3.09375,3.007812,-1,166.503889,23.535054
2025-08-13T12:12:10.984478,43334,3.011719,3.101562,3.015625,-1,166.442854,23.535054
2025-08-13T12:12:11.611479,43335,3.003906,3.105469,3.007812,-1,166.320784,23.544495
2025-08-13T12:12:12.218143,43336,3.011719,3.09375,3.007812,-1,166.381819,23.535054
2025-08-13T12:12:12.832646,43337,3.003906,3.105469,3.019531,-1,166.564924,23.535054
2025-08-13T12:12:13.431646,43338,3.011719,3.097656,3.015625,-1,166.503889,23.535054
2025-08-13T12:12:14.042646,43339,3.011719,3.101562,3.015625,-1,166.503889,23.535054
2025-08-13T12:12:14.654648,43340,3.007812,3.097656,3.015625,-1,166.503889,23.544495
2025-08-13T12:12:15.261618,43341,3.011719,3.105469,3.019531,-1,166.442854,23.544495
2025-08-13T12:12:15.857618,43342,3.011719,3.097656,3.019531,-1,166.442854,23.544495
2025-08-13T12:12:16.476588,43343,3.011719,3.101562,3.019531,-1,166.442854,23.544495
2025-08-13T12:12:17.096587,43344,3.015625,3.097656,3.023438,-1,166.442854,23.544495
2025-08-13T12:12:17.706602,43345,3.011719,3.097656,3.019531,-1,166.503889,23.553936
2025-08-13T12:12:18.363602,43346,3.011719,3.097656,3.019531,-1,166.62596,23.563376
2025-08-13T12:12:18.974528,43347,3.015625,3.097656,3.019531,-1,166.381819,23.563376
2025-08-13T12:12:19.603525,43348,3.015625,3.101562,3.0117190000000003,-1,166.503889,23.563376
2025-08-13T12:12:20.206549,43349,3.011719,3.097656,3.015625,-1,166.503889,23.572817
2025-08-13T12:12:20.851550,43350,3.011719,3.101562,3.015625,-1,166.62596,23.582258
2025-08-13T12:12:21.467940,43351,3.015625,3.101562,3.015625,-1,166.381819,23.582258
2025-08-13T12:12:22.084939,43352,3.011719,3.101562,3.007812,-1,166.62596,23.591698
2025-08-13T12:12:22.697487,43353,3.015625,3.101562,3.015625,-1,166.564924,23.582258
2025-08-13T12:12:23.311484,43354,3.015625,3.097656,3.0117190000000003,-1,166.62596,23.582258
2025-08-13T12:12:23.918484,43355,3.015625,3.097656,3.019531,-1,166.442854,23.591698
2025-08-13T12:12:24.532483,43356,3.011719,3.101562,3.015625,-1,166.442854,23.591698
2025-08-13T12:12:25.144924,43357,3.007812,3.097656,3.015625,-1,166.442854,23.591698
2025-08-13T12:12:25.768924,43358,3.015625,3.097656,3.015625,-1,166.564924,23.601138
2025-08-13T12:12:26.375926,43359,3.015625,3.097656,3.007812,-1,166.381819,23.601138
2025-08-13T12:12:27.014923,43360,3.007812,3.097656,3.0117190000000003,-1,166.442854,23.610579
2025-08-13T12:12:27.645941,43361,3.015625,3.097656,3.015625,-1,166.442854,23.620019
2025-08-13T12:12:28.261941,43362,3.015625,3.097656,3.0117190000000003,-1,166.442854,23.620019
2025-08-13T12:12:28.871960,43363,3.015625,3.101562,3.019531,-1,166.564924,23.620019
2025-08-13T12:12:29.488960,43364,3.011719,3.097656,3.015625,-1,166.442854,23.629459
2025-08-13T12:12:30.108744,43365,3.011719,3.097656,3.019531,-1,166.442854,23.629459
2025-08-13T12:12:30.717151,43366,3.007812,3.101562,3.023438,-1,166.503889,23.629459
2025-08-13T12:12:31.342151,43367,3.011719,3.097656,3.0117190000000003,-1,166.503889,23.629459
2025-08-13T12:12:31.959182,43368,3.015625,3.097656,3.007812,-1,166.381819,23.629459
2025-08-13T12:12:32.575182,43369,3.015625,3.09375,3.0117190000000003,-1,166.381819,23.638899
2025-08-13T12:12:33.179109,43370,3.011719,3.101562,3.0117190000000003,-1,166.564924,23.648339
2025-08-13T12:12:33.805111,43371,3.011719,3.101562,3.019531,-1,166.62596,23.638899
2025-08-13T12:12:34.406316,43372,3.015625,3.097656,3.007812,-1,166.564924,23.648339
2025-08-13T12:12:35.015316,43373,3.011719,3.09375,3.0117190000000003,-1,166.442854,23.657779
2025-08-13T12:12:35.626316,43374,3.011719,3.097656,3.007812,-1,166.503889,23.648339
2025-08-13T12:12:36.236770,43375,3.011719,3.105469,3.0117190000000003,-1,166.381819,23.657779
2025-08-13T12:12:36.862303,43376,3.011719,3.097656,3.015625,-1,166.442854,23.657779
2025-08-13T12:12:37.505302,43377,3.011719,3.101562,3.0117190000000003,-1,166.564924,23.657779
2025-08-13T12:12:38.136943,43378,3.011719,3.101562,3.015625,-1,166.62596,23.657779
2025-08-13T12:12:38.795940,43379,3.019531,3.097656,3.0117190000000003,-1,166.62596,23.657779
2025-08-13T12:12:39.423942,43380,3.015625,3.101562,3.015625,-1,166.442854,23.657779
2025-08-13T12:12:40.035955,43381,3.007812,3.101562,3.015625,-1,166.442854,23.657779
2025-08-13T12:12:40.740952,43382,3.015625,3.109375,3.0117190000000003,-1,166.503889,23.657779
2025-08-13T12:12:41.351842,43383,3.019531,3.097656,3.019531,-1,166.503889,23.657779
2025-08-13T12:12:41.997842,43384,3.011719,3.097656,3.007812,-1,166.62596,23.667219
2025-08-13T12:12:42.639843,43385,3.011719,3.097656,3.015625,-1,166.62596,23.667219
2025-08-13T12:12:43.250218,43386,3.011719,3.097656,3.0117190000000003,-1,166.564924,23.657779
2025-08-13T12:12:43.880218,43387,3.015625,3.09375,3.015625,-1,166.564924,23.657779
2025-08-13T12:12:44.501239,43388,3.015625,3.101562,3.007812,-1,166.564924,23.667219
2025-08-13T12:12:45.130239,43389,3.011719,3.097656,3.0117190000000003,-1,166.381819,23.667219
2025-08-13T12:12:45.748239,43390,3.015625,3.09375,3.015625,-1,166.503889,23.667219
2025-08-13T12:12:46.357716,43391,3.011719,3.101562,3.015625,-1,166.442854,23.667219
2025-08-13T12:12:46.960717,43392,3.015625,3.097656,3.015625,-1,166.564924,23.667219
2025-08-13T12:12:47.587488,43393,3.011719,3.097656,3.0117190000000003,-1,166.442854,23.676659
2025-08-13T12:12:48.207486,43394,3.011719,3.101562,3.007812,-1,166.442854,23.676659
2025-08-13T12:12:48.831858,43395,3.015625,3.097656,3.0117190000000003,-1,166.62596,23.686099
2025-08-13T12:12:49.453855,43396,3.007812,3.097656,3.0117190000000003,-1,166.381819,23.676659
2025-08-13T12:12:50.071838,43397,3.011719,3.097656,3.015625,-1,166.564924,23.676659
2025-08-13T12:12:50.685838,43398,3.011719,3.097656,3.0117190000000003,-1,166.442854,23.686099
2025-08-13T12:12:51.338229,43399,3.019531,3.089844,3.015625,-1,166.503889,23.686099
2025-08-13T12:12:51.969244,43400,3.011719,3.097656,3.019531,-1,166.381819,23.686099
2025-08-13T12:12:52.602230,43401,3.011719,3.097656,3.0117190000000003,-1,166.381819,23.686099
2025-08-13T12:12:53.210602,43402,3.015625,3.09375,3.015625,-1,166.442854,23.695539
2025-08-13T12:12:53.847611,43403,3.015625,3.097656,3.0117190000000003,-1,166.503889,23.695539
2025-08-13T12:12:54.457815,43404,3.019531,3.097656,3.0117190000000003,-1,166.564924,23.695539
2025-08-13T12:12:55.075816,43405,3.015625,3.105469,3.0117190000000003,-1,166.564924,23.695539
2025-08-13T12:12:55.691903,43406,3.011719,3.097656,3.0117190000000003,-1,166.442854,23.704979
2025-08-13T12:12:56.326901,43407,3.015625,3.097656,3.015625,-1,166.503889,23.704979
2025-08-13T12:12:56.996221,43408,3.015625,3.097656,3.015625,-1,166.564924,23.704979
2025-08-13T12:12:57.632789,43409,3.007812,3.097656,3.015625,-1,166.503889,23.714419
2025-08-13T12:12:58.255789,43410,3.011719,3.097656,3.015625,-1,166.381819,23.704979
2025-08-13T12:12:58.902980,43411,3.011719,3.101562,3.0117190000000003,-1,166.503889,23.714419
2025-08-13T12:12:59.528538,43412,3.015625,3.097656,3.015625,-1,166.62596,23.723859
2025-08-13T12:13:00.162538,43413,3.015625,3.097656,3.0117190000000003,-1,166.442854,23.723859
2025-08-13T12:13:00.817799,43414,3.015625,3.101562,3.015625,-1,166.62596,23.714419
2025-08-13T12:13:01.435798,43415,3.011719,3.097656,3.015625,-1,166.564924,23.704979
2025-08-13T12:13:02.042514,43416,3.007812,3.097656,3.015625,-1,166.564924,23.714419
2025-08-13T12:13:02.658513,43417,3.007812,3.101562,3.023438,-1,166.686995,23.714419
2025-08-13T12:13:03.270513,43418,3.011719,3.105469,3.0117190000000003,-1,166.564924,23.714419
2025-08-13T12:13:03.892192,43419,3.015625,3.09375,3.007812,-1,166.503889,23.723859
2025-08-13T12:13:04.507192,43420,3.007812,3.101562,3.007812,-1,166.62596,23.723859
2025-08-13T12:13:05.127864,43421,3.015625,3.097656,3.0117190000000003,-1,166.564924,23.723859
2025-08-13T12:13:05.744863,43422,3.015625,3.101562,3.0117190000000003,-1,166.62596,23.723859
2025-08-13T12:13:06.359248,43423,3.015625,3.105469,3.007812,-1,166.62596,23.723859
2025-08-13T12:13:06.991248,43424,3.015625,3.09375,3.0117190000000003,-1,166.62596,23.723859
2025-08-13T12:13:07.616714,43425,3.015625,3.09375,3.007812,-1,166.564924,23.723859
2025-08-13T12:13:08.239713,43426,3.011719,3.101562,3.003906,-1,166.62596,23.723859
2025-08-13T12:13:08.870714,43427,3.015625,3.101562,3.015625,-1,166.62596,23.723859
2025-08-13T12:13:09.492629,43428,3.011719,3.097656,3.007812,-1,166.503889,23.723859
2025-08-13T12:13:10.138628,43429,3.019531,3.101562,3.015625,-1,166.62596,23.723859
2025-08-13T12:13:10.786628,43430,3.011719,3.097656,3.015625,-1,166.686995,23.723859
2025-08-13T12:13:11.421627,43431,3.015625,3.097656,3.015625,-1,166.62596,23.723859
2025-08-13T12:13:12.101627,43432,3.015625,3.097656,3.0117190000000003,-1,166.686995,23.723859
2025-08-13T12:13:12.735627,43433,3.007812,3.097656,3.019531,-1,166.503889,23.723859
2025-08-13T12:13:13.355627,43434,3.011719,3.097656,3.015625,-1,166.442854,23.714419
2025-08-13T12:13:13.969627,43435,3.011719,3.097656,3.007812,-1,166.442854,23.714419
2025-08-13T12:13:14.578627,43436,3.015625,3.097656,3.015625,-1,166.564924,23.714419
2025-08-13T12:13:15.199186,43437,3.011719,3.097656,3.0117190000000003,-1,166.503889,23.723859
2025-08-13T12:13:15.840186,43438,3.007812,3.101562,3.019531,-1,166.503889,23.723859
2025-08-13T12:13:16.463226,43439,3.003906,3.101562,3.007812,-1,166.62596,23.723859
2025-08-13T12:13:17.074225,43440,3.011719,3.101562,3.019531,-1,166.442854,23.723859
2025-08-13T12:13:17.692227,43441,3.011719,3.097656,3.0117190000000003,-1,166.62596,23.733298
2025-08-13T12:13:18.307229,43442,3.015625,3.097656,3.0117190000000003,-1,166.503889,23.733298
2025-08-13T12:13:18.945225,43443,3.015625,3.101562,3.0117190000000003,-1,166.503889,23.723859
2025-08-13T12:13:19.560225,43444,3.015625,3.097656,3.0117190000000003,-1,166.564924,23.723859
2025-08-13T12:13:20.207227,43445,3.011719,3.097656,3.023438,-1,166.442854,23.723859
2025-08-13T12:13:20.861876,43446,3.015625,3.101562,3.015625,-1,166.503889,23.733298
2025-08-13T12:13:21.488877,43447,3.011719,3.097656,3.0117190000000003,-1,166.259749,23.733298
2025-08-13T12:13:22.102664,43448,3.015625,3.097656,3.0117190000000003,-1,166.442854,23.733298
2025-08-13T12:13:22.779664,43449,3.011719,3.09375,3.023438,-1,166.381819,23.733298
2025-08-13T12:13:23.409665,43450,3.015625,3.097656,3.0273440000000003,-1,166.259749,23.733298
2025-08-13T12:13:24.035723,43451,3.015625,3.101562,3.007812,-1,166.137678,23.723859
2025-08-13T12:13:24.651722,43452,3.015625,3.097656,3.0117190000000003,-1,166.198713,23.723859
2025-08-13T12:13:25.282721,43453,3.015625,3.101562,3.0117190000000003,-1,166.137678,23.733298
2025-08-13T12:13:25.901722,43454,3.007812,3.097656,3.0117190000000003,-1,166.198713,23.723859
2025-08-13T12:13:26.519724,43455,3.011719,3.097656,3.019531,-1,166.015608,23.723859
2025-08-13T12:13:27.161722,43456,3.015625,3.09375,3.007812,-1,166.076643,23.733298
2025-08-13T12:13:27.834722,43457,3.011719,3.097656,3.003906,-1,166.137678,23.733298
2025-08-13T12:13:28.455904,43458,3.011719,3.09375,3.015625,-1,166.320784,23.733298
2025-08-13T12:13:29.091904,43459,3.011719,3.09375,3.015625,-1,166.503889,23.723859
2025-08-13T12:13:29.726906,43460,3.007812,3.097656,3.0117190000000003,-1,166.381819,23.714419
2025-08-13T12:13:30.356907,43461,3.011719,3.097656,3.007812,-1,166.442854,23.714419
2025-08-13T12:13:30.970604,43462,3.015625,3.101562,3.0117190000000003,-1,166.503889,23.723859
2025-08-13T12:13:31.587026,43463,3.011719,3.105469,3.023438,-1,166.503889,23.733298
2025-08-13T12:13:32.212052,43464,3.011719,3.101562,3.015625,-1,166.503889,23.733298
2025-08-13T12:13:32.842580,43465,3.011719,3.101562,3.007812,-1,166.62596,23.723859
2025-08-13T12:13:33.447580,43466,3.015625,3.097656,3.015625,-1,166.442854,23.723859
2025-08-13T12:13:34.068017,43467,3.011719,3.097656,3.0117190000000003,-1,166.62596,23.733298
2025-08-13T12:13:34.687017,43468,3.011719,3.097656,3.007812,-1,166.503889,23.723859
2025-08-13T12:13:35.302351,43469,3.007812,3.097656,3.015625,-1,166.62596,23.723859
2025-08-13T12:13:35.918257,43470,3.011719,3.097656,3.019531,-1,166.503889,23.714419
2025-08-13T12:13:36.543977,43471,3.011719,3.101562,3.015625,-1,166.564924,23.714419
2025-08-13T12:13:37.164536,43472,3.011719,3.097656,3.015625,-1,166.503889,23.704979
2025-08-13T12:13:37.803536,43473,3.007812,3.097656,3.015625,-1,166.503889,23.695539
2025-08-13T12:13:38.424164,43474,3.019531,3.097656,3.007812,-1,166.442854,23.695539
2025-08-13T12:13:39.065164,43475,3.011719,3.097656,3.0117190000000003,-1,166.564924,23.686099
2025-08-13T12:13:39.687839,43476,3.011719,3.097656,3.015625,-1,166.564924,23.695539
2025-08-13T12:13:40.304839,43477,3.015625,3.097656,3.0117190000000003,-1,166.442854,23.686099
2025-08-13T12:13:40.938547,43478,3.011719,3.097656,3.023438,-1,166.503889,23.686099
2025-08-13T12:13:41.558087,43479,3.015625,3.097656,3.015625,-1,166.503889,23.686099
2025-08-13T12:13:42.184087,43480,3.011719,3.101562,3.015625,-1,166.442854,23.676659
2025-08-13T12:13:42.810844,43481,3.015625,3.109375,3.0117190000000003,-1,166.62596,23.686099
2025-08-13T12:13:43.436844,43482,3.011719,3.101562,3.023438,-1,166.503889,23.686099
2025-08-13T12:13:44.055805,43483,3.015625,3.101562,3.015625,-1,166.564924,23.676659
2025-08-13T12:13:44.709986,43484,3.015625,3.09375,3.0117190000000003,-1,166.564924,23.676659
2025-08-13T12:13:45.334616,43485,3.015625,3.101562,3.0117190000000003,-1,166.564924,23.686099
2025-08-13T12:13:45.946617,43486,3.011719,3.097656,3.015625,-1,166.503889,23.686099
2025-08-13T12:13:46.561712,43487,3.015625,3.101562,3.0117190000000003,-1,166.62596,23.676659
2025-08-13T12:13:47.181713,43488,3.015625,3.097656,3.0117190000000003,-1,166.442854,23.676659
2025-08-13T12:13:47.804902,43489,3.015625,3.101562,3.015625,-1,166.442854,23.686099
2025-08-13T12:13:48.417311,43490,3.015625,3.097656,3.0117190000000003,-1,166.62596,23.686099
2025-08-13T12:13:49.069304,43491,3.011719,3.101562,3.015625,-1,166.62596,23.676659
2025-08-13T12:13:49.689767,43492,3.015625,3.101562,3.0117190000000003,-1,166.381819,23.686099
2025-08-13T12:13:50.340505,43493,3.011719,3.101562,3.0117190000000003,-1,166.503889,23.686099
2025-08-13T12:13:50.950506,43494,3.007812,3.097656,3.0117190000000003,-1,166.62596,23.695539
2025-08-13T12:13:51.578503,43495,3.011719,3.097656,3.007812,-1,166.259749,23.686099
2025-08-13T12:13:52.208311,43496,3.015625,3.097656,3.007812,-1,166.442854,23.686099
2025-08-13T12:13:52.852311,43497,3.011719,3.097656,3.015625,-1,166.503889,23.676659
2025-08-13T12:13:53.464856,43498,3.015625,3.101562,3.0117190000000003,-1,166.442854,23.667219
2025-08-13T12:13:54.082856,43499,3.011719,3.097656,3.0117190000000003,-1,166.564924,23.657779
2025-08-13T12:13:54.694984,43500,3.015625,3.09375,3.015625,-1,166.686995,23.648339
2025-08-13T12:13:55.908719,43501,3.007812,3.09375,3.0117190000000003,-1,166.62596,23.648339
2025-08-13T12:13:56.525719,43502,3.011719,3.097656,3.0117190000000003,-1,166.564924,23.638899
2025-08-13T12:13:57.151794,43503,3.011719,3.097656,3.019531,-1,166.503889,23.638899
2025-08-13T12:13:57.778794,43504,3.015625,3.097656,3.0117190000000003,-1,166.564924,23.638899
2025-08-13T12:13:58.429794,43505,3.015625,3.097656,3.015625,-1,166.564924,23.638899
2025-08-13T12:13:59.061484,43506,3.015625,3.097656,3.007812,-1,166.381819,23.648339
2025-08-13T12:13:59.695484,43507,3.015625,3.097656,3.0117190000000003,-1,166.320784,23.648339
2025-08-13T12:14:00.328104,43508,3.015625,3.101562,3.019531,-1,166.381819,23.648339
2025-08-13T12:14:00.969822,43509,3.011719,3.101562,3.015625,-1,166.564924,23.638899
2025-08-13T12:14:01.600823,43510,3.011719,3.097656,3.015625,-1,166.564924,23.648339
2025-08-13T12:14:02.217944,43511,3.011719,3.105469,3.007812,-1,166.381819,23.638899
2025-08-13T12:14:02.857943,43512,3.011719,3.097656,3.007812,-1,166.564924,23.629459
2025-08-13T12:14:03.479070,43513,3.011719,3.101562,3.015625,-1,166.442854,23.620019
2025-08-13T12:14:04.102070,43514,3.011719,3.097656,3.019531,-1,166.564924,23.610579
2025-08-13T12:14:04.749144,43515,3.011719,3.101562,3.015625,-1,166.503889,23.620019
2025-08-13T12:14:05.435143,43516,3.011719,3.101562,3.0117190000000003,-1,166.503889,23.610579
2025-08-13T12:14:06.203144,43517,3.011719,3.097656,3.003906,-1,166.503889,23.601138
2025-08-13T12:14:07.007144,43518,3.011719,3.097656,3.007812,-1,166.62596,23.582258
2025-08-13T12:14:07.676144,43519,3.011719,3.097656,3.007812,-1,166.564924,23.582258
2025-08-13T12:14:08.308143,43520,3.011719,3.101562,3.015625,-1,166.442854,23.572817
2025-08-13T12:14:08.957144,43521,3.011719,3.101562,3.015625,-1,166.503889,23.572817
2025-08-13T12:14:09.612144,43522,3.015625,3.097656,3.019531,-1,166.503889,23.591698
2025-08-13T12:14:10.269144,43523,3.011719,3.097656,3.0117190000000003,-1,166.686995,23.591698
2025-08-13T12:14:10.908144,43524,3.015625,3.097656,3.007812,-1,166.442854,23.582258
2025-08-13T12:14:11.549143,43525,3.015625,3.097656,3.015625,-1,166.62596,23.582258
2025-08-13T12:14:12.187143,43526,3.015625,3.097656,3.023438,-1,166.564924,23.582258
2025-08-13T12:14:12.877144,43527,3.015625,3.097656,3.007812,-1,166.564924,23.582258
2025-08-13T12:14:13.520143,43528,3.015625,3.097656,3.0117190000000003,-1,166.442854,23.572817
2025-08-13T12:14:14.153143,43529,3.011719,3.097656,3.019531,-1,166.442854,23.582258
2025-08-13T12:14:14.833143,43530,3.011719,3.097656,3.019531,-1,166.442854,23.582258
2025-08-13T12:14:15.491143,43531,3.011719,3.101562,3.007812,-1,166.503889,23.582258
2025-08-13T12:14:16.499143,43532,3.011719,3.097656,3.015625,-1,166.62596,23.601138
2025-08-13T12:14:17.131143,43533,3.015625,3.101562,3.015625,-1,166.62596,23.601138
2025-08-13T12:14:17.780145,43534,3.007812,3.101562,3.007812,-1,166.442854,23.601138
2025-08-13T12:14:18.462144,43535,3.011719,3.101562,3.0117190000000003,-1,166.442854,23.601138
2025-08-13T12:14:19.143144,43536,3.015625,3.097656,3.0117190000000003,-1,166.62596,23.601138
2025-08-13T12:14:19.792144,43537,3.015625,3.097656,3.015625,-1,166.564924,23.601138
2025-08-13T12:14:20.436144,43538,3.011719,3.105469,3.019531,-1,166.564924,23.601138
2025-08-13T12:14:21.073144,43539,3.015625,3.097656,3.015625,-1,166.564924,23.591698
2025-08-13T12:14:21.720144,43540,3.011719,3.097656,3.015625,-1,166.564924,23.582258
2025-08-13T12:14:22.385144,43541,3.015625,3.09375,3.015625,-1,166.442854,23.582258
2025-08-13T12:14:23.064144,43542,3.015625,3.097656,3.015625,-1,166.442854,23.572817
2025-08-13T12:14:23.717144,43543,3.011719,3.097656,3.003906,-1,166.564924,23.572817
2025-08-13T12:14:24.354143,43544,3.011719,3.09375,3.015625,-1,166.503889,23.572817
2025-08-13T12:14:25.007144,43545,3.011719,3.097656,3.0117190000000003,-1,166.381819,23.572817
2025-08-13T12:14:25.668144,43546,3.011719,3.097656,3.0117190000000003,-1,166.503889,23.553936
2025-08-13T12:14:26.342144,43547,3.015625,3.097656,3.019531,-1,166.503889,23.544495
2025-08-13T12:14:26.986144,43548,3.011719,3.097656,3.015625,-1,166.442854,23.544495
2025-08-13T12:14:28.174143,43549,3.011719,3.09375,3.015625,-1,166.503889,23.535054
2025-08-13T12:14:28.872144,43550,3.015625,3.097656,3.007812,-1,166.442854,23.535054
2025-08-13T12:14:29.567144,43551,3.011719,3.105469,3.015625,-1,166.62596,23.535054
2025-08-13T12:14:30.244144,43552,3.015625,3.101562,3.007812,-1,166.503889,23.535054
2025-08-13T12:14:30.889144,43553,3.019531,3.101562,3.019531,-1,166.62596,23.544495
2025-08-13T12:14:31.551144,43554,3.015625,3.097656,3.003906,-1,166.62596,23.544495
2025-08-13T12:14:32.205144,43555,3.015625,3.097656,3.015625,-1,166.62596,23.544495
2025-08-13T12:14:32.835144,43556,3.015625,3.097656,3.007812,-1,166.503889,23.563376
2025-08-13T12:14:33.485143,43557,3.015625,3.101562,3.0117190000000003,-1,166.381819,23.563376
2025-08-13T12:14:34.127144,43558,3.011719,3.101562,3.0117190000000003,-1,166.442854,23.563376
2025-08-13T12:14:34.771144,43559,3.015625,3.097656,3.0117190000000003,-1,166.442854,23.563376
2025-08-13T12:14:35.407144,43560,3.011719,3.101562,3.007812,-1,166.503889,23.563376
2025-08-13T12:14:36.057143,43561,3.011719,3.097656,3.003906,-1,166.442854,23.563376
2025-08-13T12:14:36.681131,43562,3.015625,3.101562,3.0117190000000003,-1,166.381819,23.563376
2025-08-13T12:14:37.307585,43563,3.015625,3.101562,3.0117190000000003,-1,166.381819,23.563376
2025-08-13T12:14:37.933585,43564,3.011719,3.101562,3.0117190000000003,-1,166.442854,23.553936
2025-08-13T12:14:38.569352,43565,3.015625,3.097656,3.007812,-1,166.62596,23.544495
2025-08-13T12:14:39.206170,43566,3.015625,3.097656,3.015625,-1,166.442854,23.544495
2025-08-13T12:14:39.837676,43567,3.011719,3.097656,3.023438,-1,166.442854,23.525613
2025-08-13T12:14:40.478009,43568,3.015625,3.097656,3.023438,-1,166.442854,23.525613
2025-08-13T12:14:41.112071,43569,3.011719,3.105469,3.015625,-1,166.503889,23.516172
2025-08-13T12:14:41.739388,43570,3.015625,3.101562,3.015625,-1,166.564924,23.506731
2025-08-13T12:14:42.349804,43571,3.015625,3.097656,3.019531,-1,166.564924,23.49729
2025-08-13T12:14:42.977804,43572,3.015625,3.101562,3.015625,-1,166.381819,23.506731
2025-08-13T12:14:43.644694,43573,3.011719,3.097656,3.015625,-1,166.564924,23.49729
2025-08-13T12:14:44.279695,43574,3.011719,3.097656,3.007812,-1,166.442854,23.487848
2025-08-13T12:14:44.898282,43575,3.015625,3.101562,3.0117190000000003,-1,166.442854,23.487848
2025-08-13T12:14:45.524815,43576,3.011719,3.097656,3.015625,-1,166.564924,23.478407
2025-08-13T12:14:46.148245,43577,3.015625,3.101562,3.0117190000000003,-1,166.503889,23.468965
2025-08-13T12:14:46.772636,43578,3.011719,3.097656,3.015625,-1,166.564924,23.459523
2025-08-13T12:14:47.401143,43579,3.011719,3.101562,3.0117190000000003,-1,166.564924,23.459523
2025-08-13T12:14:48.032229,43580,3.011719,3.097656,3.0117190000000003,-1,166.442854,23.450081
2025-08-13T12:14:48.683229,43581,3.011719,3.097656,3.0117190000000003,-1,166.503889,23.459523
2025-08-13T12:14:49.335640,43582,3.015625,3.097656,3.015625,-1,166.442854,23.450081
2025-08-13T12:14:50.007811,43583,3.015625,3.097656,3.007812,-1,166.442854,23.450081
2025-08-13T12:14:50.688812,43584,3.015625,3.097656,3.015625,-1,166.564924,23.459523
2025-08-13T12:14:51.335083,43585,3.011719,3.097656,3.007812,-1,166.442854,23.459523
2025-08-13T12:14:51.991509,43586,3.011719,3.101562,3.007812,-1,166.381819,23.459523
2025-08-13T12:14:52.646702,43587,3.011719,3.101562,3.007812,-1,166.442854,23.459523
2025-08-13T12:14:53.260767,43588,3.011719,3.101562,3.019531,-1,166.381819,23.450081
2025-08-13T12:14:53.880186,43589,3.011719,3.097656,3.015625,-1,166.564924,23.450081
2025-08-13T12:14:54.483725,43590,3.015625,3.097656,3.0117190000000003,-1,166.442854,23.440639
2025-08-13T12:14:55.113724,43591,3.011719,3.09375,3.015625,-1,166.381819,23.440639
2025-08-13T12:14:55.747596,43592,3.011719,3.097656,3.0117190000000003,-1,166.320784,23.450081
2025-08-13T12:14:56.378239,43593,3.011719,3.105469,3.019531,-1,166.564924,23.450081
2025-08-13T12:14:56.997223,43594,3.007812,3.097656,3.0117190000000003,-1,166.442854,23.468965
2025-08-13T12:14:57.627858,43595,3.019531,3.09375,3.0117190000000003,-1,166.381819,23.478407
2025-08-13T12:14:58.256713,43596,3.011719,3.097656,3.0273440000000003,-1,166.503889,23.487848
2025-08-13T12:14:58.899898,43597,3.007812,3.101562,3.0117190000000003,-1,166.503889,23.487848
2025-08-13T12:14:59.519554,43598,3.007812,3.097656,3.019531,-1,166.381819,23.49729
2025-08-13T12:15:00.175896,43599,3.011719,3.101562,3.023438,-1,166.564924,23.506731
2025-08-13T12:15:00.806896,43600,3.015625,3.097656,3.007812,-1,166.381819,23.506731
2025-08-13T12:15:01.442066,43601,3.011719,3.101562,3.0117190000000003,-1,166.503889,23.516172
2025-08-13T12:15:02.065277,43602,3.015625,3.097656,3.007812,-1,166.503889,23.525613
2025-08-13T12:15:02.683742,43603,3.011719,3.101562,3.015625,-1,166.381819,23.535054
2025-08-13T12:15:03.303582,43604,3.015625,3.097656,3.019531,-1,166.564924,23.535054
2025-08-13T12:15:03.938252,43605,3.015625,3.097656,3.0117190000000003,-1,166.564924,23.544495
2025-08-13T12:15:04.566600,43606,3.007812,3.101562,3.015625,-1,166.62596,23.544495
2025-08-13T12:15:05.199621,43607,3.011719,3.101562,3.0117190000000003,-1,166.442854,23.544495
2025-08-13T12:15:05.821864,43608,3.015625,3.097656,3.0117190000000003,-1,166.503889,23.544495
2025-08-13T12:15:06.450291,43609,3.011719,3.097656,3.015625,-1,166.442854,23.535054
2025-08-13T12:15:07.085817,43610,3.011719,3.097656,3.015625,-1,166.381819,23.544495
2025-08-13T12:15:07.719129,43611,3.015625,3.097656,3.015625,-1,166.503889,23.544495
2025-08-13T12:15:08.336779,43612,3.015625,3.101562,3.019531,-1,166.564924,23.544495
2025-08-13T12:15:08.983638,43613,3.015625,3.097656,3.015625,-1,166.564924,23.544495
2025-08-13T12:15:09.636972,43614,3.011719,3.097656,3.015625,-1,166.62596,23.553936
2025-08-13T12:15:10.272973,43615,3.011719,3.097656,3.015625,-1,166.442854,23.553936
2025-08-13T12:15:10.885042,43616,3.015625,3.101562,3.0117190000000003,-1,166.442854,23.553936
2025-08-13T12:15:11.503996,43617,3.015625,3.101562,3.0117190000000003,-1,166.503889,23.563376
2025-08-13T12:15:12.142774,43618,3.015625,3.097656,3.019531,-1,166.62596,23.553936
2025-08-13T12:15:12.795859,43619,3.015625,3.097656,3.015625,-1,166.381819,23.563376
2025-08-13T12:15:13.420859,43620,3.011719,3.097656,3.0117190000000003,-1,166.62596,23.563376
2025-08-13T12:15:14.064922,43621,3.015625,3.101562,3.019531,-1,166.381819,23.563376
2025-08-13T12:15:14.711138,43622,3.015625,3.09375,3.019531,-1,166.442854,23.553936
2025-08-13T12:15:15.370879,43623,3.011719,3.097656,3.0117190000000003,-1,166.442854,23.553936
2025-08-13T12:15:15.988566,43624,3.011719,3.097656,3.015625,-1,166.564924,23.544495
2025-08-13T12:15:16.848580,43625,3.015625,3.101562,3.007812,-1,166.503889,23.544495
2025-08-13T12:15:17.476948,43626,3.011719,3.097656,3.015625,-1,166.381819,23.535054
2025-08-13T12:15:18.112624,43627,3.011719,3.097656,3.0117190000000003,-1,166.564924,23.525613
2025-08-13T12:15:18.753129,43628,3.015625,3.101562,3.019531,-1,166.564924,23.506731
2025-08-13T12:15:19.412544,43629,3.011719,3.097656,3.019531,-1,166.564924,23.516172
2025-08-13T12:15:20.038285,43630,3.011719,3.097656,3.007812,-1,166.442854,23.506731
2025-08-13T12:15:20.664744,43631,3.015625,3.097656,3.0117190000000003,-1,166.503889,23.487848
2025-08-13T12:15:21.287744,43632,3.015625,3.097656,3.0117190000000003,-1,166.442854,23.478407
2025-08-13T12:15:21.953743,43633,3.019531,3.101562,3.0117190000000003,-1,166.564924,23.468965
2025-08-13T12:15:22.624743,43634,3.015625,3.101562,3.015625,-1,166.564924,23.450081
2025-08-13T12:15:23.257832,43635,3.015625,3.097656,3.015625,-1,166.442854,23.440639
2025-08-13T12:15:23.911832,43636,3.011719,3.101562,3.015625,-1,166.564924,23.440639
2025-08-13T12:15:24.529831,43637,3.011719,3.097656,3.015625,-1,166.564924,23.440639
2025-08-13T12:15:25.171371,43638,3.011719,3.097656,3.015625,-1,166.564924,23.440639
2025-08-13T12:15:25.803851,43639,3.015625,3.097656,3.0117190000000003,-1,166.442854,23.440639
2025-08-13T12:15:26.449190,43640,3.015625,3.097656,3.0117190000000003,-1,166.503889,23.440639
2025-08-13T12:15:27.084407,43641,3.011719,3.097656,3.0117190000000003,-1,166.62596,23.431197
2025-08-13T12:15:27.709956,43642,3.015625,3.097656,3.0273440000000003,-1,166.442854,23.431197
2025-08-13T12:15:28.358955,43643,3.015625,3.097656,3.0117190000000003,-1,166.503889,23.440639
2025-08-13T12:15:28.996957,43644,3.011719,3.097656,3.007812,-1,166.503889,23.431197
2025-08-13T12:15:29.879103,43645,3.011719,3.101562,3.007812,-1,166.564924,23.440639
2025-08-13T12:15:30.525639,43646,3.011719,3.097656,3.0117190000000003,-1,166.381819,23.450081
2025-08-13T12:15:31.136738,43647,3.011719,3.097656,3.015625,-1,166.381819,23.440639
2025-08-13T12:15:31.781052,43648,3.015625,3.101562,3.0117190000000003,-1,166.381819,23.450081
2025-08-13T12:15:32.670997,43649,3.011719,3.101562,3.0117190000000003,-1,166.442854,23.450081
2025-08-13T12:15:33.314831,43650,3.007812,3.101562,3.007812,-1,166.503889,23.440639
2025-08-13T12:15:33.953671,43651,3.011719,3.097656,3.0117190000000003,-1,166.442854,23.440639
2025-08-13T12:15:34.589620,43652,3.019531,3.101562,3.015625,-1,166.381819,23.440639
2025-08-13T12:15:35.247673,43653,3.007812,3.101562,3.0117190000000003,-1,166.381819,23.440639
2025-08-13T12:15:35.862587,43654,3.015625,3.097656,3.0117190000000003,-1,166.442854,23.431197
2025-08-13T12:15:36.487771,43655,3.015625,3.105469,3.007812,-1,166.442854,23.440639
2025-08-13T12:15:37.143112,43656,3.015625,3.097656,3.019531,-1,166.442854,23.431197
2025-08-13T12:15:37.782990,43657,3.015625,3.097656,3.019531,-1,166.564924,23.440639
2025-08-13T12:15:38.434990,43658,3.015625,3.097656,3.015625,-1,166.381819,23.440639
2025-08-13T12:15:39.062485,43659,3.015625,3.097656,3.019531,-1,166.381819,23.431197
2025-08-13T12:15:39.709523,43660,3.011719,3.105469,3.007812,-1,166.442854,23.431197
2025-08-13T12:15:40.376969,43661,3.011719,3.101562,3.015625,-1,166.564924,23.431197
2025-08-13T12:15:41.008970,43662,3.015625,3.101562,3.0117190000000003,-1,166.503889,23.440639
2025-08-13T12:15:41.653184,43663,3.007812,3.097656,3.0117190000000003,-1,166.62596,23.440639
2025-08-13T12:15:42.288158,43664,3.011719,3.097656,3.019531,-1,166.564924,23.440639
2025-08-13T12:15:42.923387,43665,3.011719,3.097656,3.0117190000000003,-1,166.62596,23.440639
2025-08-13T12:15:43.534603,43666,3.015625,3.097656,3.015625,-1,166.503889,23.431197
2025-08-13T12:15:44.183604,43667,3.015625,3.101562,3.007812,-1,166.381819,23.440639
2025-08-13T12:15:44.800653,43668,3.007812,3.097656,3.007812,-1,166.442854,23.440639
2025-08-13T12:15:45.427154,43669,3.015625,3.097656,3.0117190000000003,-1,166.320784,23.440639
2025-08-13T12:15:46.048706,43670,3.015625,3.097656,3.0117190000000003,-1,166.381819,23.440639
2025-08-13T12:15:46.690707,43671,3.015625,3.097656,3.007812,-1,166.503889,23.440639
2025-08-13T12:15:47.328706,43672,3.015625,3.097656,3.0117190000000003,-1,166.381819,23.440639
2025-08-13T12:15:47.955707,43673,3.015625,3.101562,3.019531,-1,166.442854,23.440639
2025-08-13T12:15:48.586707,43674,3.015625,3.101562,3.0117190000000003,-1,166.381819,23.450081
2025-08-13T12:15:49.218707,43675,3.011719,3.101562,3.0117190000000003,-1,166.442854,23.440639
2025-08-13T12:15:49.850709,43676,3.007812,3.101562,3.003906,-1,166.564924,23.450081
2025-08-13T12:15:50.508707,43677,3.015625,3.101562,3.0117190000000003,-1,166.564924,23.440639
2025-08-13T12:15:51.149707,43678,3.011719,3.101562,3.007812,-1,166.503889,23.440639
2025-08-13T12:15:51.802707,43679,3.011719,3.097656,3.015625,-1,166.503889,23.440639
2025-08-13T12:15:52.452707,43680,3.011719,3.101562,3.003906,-1,166.503889,23.440639
2025-08-13T12:15:53.137707,43681,3.011719,3.101562,3.0117190000000003,-1,166.503889,23.440639
2025-08-13T12:15:53.798707,43682,3.015625,3.101562,3.0117190000000003,-1,166.442854,23.450081
2025-08-13T12:15:54.438706,43683,3.015625,3.097656,3.007812,-1,166.503889,23.450081
2025-08-13T12:15:55.082706,43684,3.011719,3.097656,3.015625,-1,166.503889,23.450081
2025-08-13T12:15:55.738707,43685,3.015625,3.097656,3.015625,-1,166.381819,23.468965
2025-08-13T12:15:56.368707,43686,3.015625,3.097656,3.007812,-1,166.564924,23.468965
2025-08-13T12:15:57.001708,43687,3.015625,3.101562,3.007812,-1,166.442854,23.468965
2025-08-13T12:15:57.653707,43688,3.015625,3.101562,3.019531,-1,166.564924,23.468965
2025-08-13T12:15:58.299707,43689,3.011719,3.097656,3.015625,-1,166.442854,23.459523
2025-08-13T12:15:58.934708,43690,3.015625,3.101562,3.0117190000000003,-1,166.564924,23.459523
2025-08-13T12:15:59.591707,43691,3.015625,3.101562,3.0117190000000003,-1,166.564924,23.459523
2025-08-13T12:16:00.233706,43692,3.015625,3.101562,3.0117190000000003,-1,166.442854,23.468965
2025-08-13T12:16:00.868706,43693,3.015625,3.097656,3.015625,-1,166.442854,23.450081
2025-08-13T12:16:01.503706,43694,3.011719,3.097656,3.007812,-1,166.442854,23.459523
2025-08-13T12:16:02.151707,43695,3.011719,3.09375,3.015625,-1,166.442854,23.468965
2025-08-13T12:16:02.770707,43696,3.011719,3.101562,3.0117190000000003,-1,166.564924,23.468965
2025-08-13T12:16:03.404706,43697,3.011719,3.097656,3.0117190000000003,-1,166.503889,23.459523
2025-08-13T12:16:04.037715,43698,3.011719,3.101562,3.007812,-1,166.62596,23.450081
2025-08-13T12:16:04.677712,43699,3.011719,3.097656,3.015625,-1,166.442854,23.431197
2025-08-13T12:16:05.294709,43700,3.011719,3.097656,3.007812,-1,166.442854,23.431197
2025-08-13T12:16:05.898707,43701,3.015625,3.101562,3.0117190000000003,-1,166.564924,23.431197
2025-08-13T12:16:06.510708,43702,3.011719,3.09375,3.019531,-1,166.381819,23.421754
2025-08-13T12:16:07.136706,43703,3.015625,3.101562,3.0117190000000003,-1,166.564924,23.421754
2025-08-13T12:16:07.751708,43704,3.015625,3.097656,3.0117190000000003,-1,166.564924,23.421754
2025-08-13T12:16:08.361708,43705,3.011719,3.101562,3.0117190000000003,-1,166.381819,23.412312
2025-08-13T12:16:08.954706,43706,3.015625,3.101562,3.0117190000000003,-1,166.503889,23.421754
2025-08-13T12:16:09.552707,43707,3.015625,3.101562,3.019531,-1,166.503889,23.402869
2025-08-13T12:16:10.179707,43708,3.015625,3.097656,3.0117190000000003,-1,166.564924,23.402869
2025-08-13T12:16:10.807706,43709,3.015625,3.09375,3.007812,-1,166.442854,23.412312
2025-08-13T12:16:11.414707,43710,3.011719,3.097656,3.015625,-1,166.381819,23.402869
2025-08-13T12:16:12.025707,43711,3.011719,3.097656,3.003906,-1,166.381819,23.402869
2025-08-13T12:16:12.643706,43712,3.011719,3.097656,3.019531,-1,166.442854,23.402869
2025-08-13T12:16:13.253706,43713,3.015625,3.101562,3.019531,-1,166.503889,23.402869
2025-08-13T12:16:13.846708,43714,3.015625,3.09375,3.015625,-1,166.503889,23.402869
2025-08-13T12:16:14.465706,43715,3.011719,3.101562,3.015625,-1,166.442854,23.412312
2025-08-13T12:16:15.096707,43716,3.011719,3.101562,3.015625,-1,166.381819,23.421754
2025-08-13T12:16:15.720707,43717,3.011719,3.097656,3.0117190000000003,-1,166.381819,23.431197
2025-08-13T12:16:16.340707,43718,3.011719,3.101562,3.015625,-1,166.564924,23.431197
2025-08-13T12:16:16.980707,43719,3.011719,3.097656,3.0117190000000003,-1,166.381819,23.431197
2025-08-13T12:16:17.591707,43720,3.011719,3.097656,3.015625,-1,166.503889,23.431197
2025-08-13T12:16:18.219707,43721,3.015625,3.097656,3.015625,-1,166.442854,23.431197
2025-08-13T12:16:18.928707,43722,3.011719,3.097656,3.0117190000000003,-1,166.442854,23.431197
2025-08-13T12:16:19.558707,43723,3.011719,3.097656,3.015625,-1,166.381819,23.431197
2025-08-13T12:16:20.177706,43724,3.011719,3.097656,3.007812,-1,166.381819,23.431197
2025-08-13T12:16:20.784706,43725,3.015625,3.097656,3.015625,-1,166.442854,23.431197
2025-08-13T12:16:21.402708,43726,3.011719,3.101562,3.0117190000000003,-1,166.564924,23.440639
2025-08-13T12:16:22.012707,43727,3.015625,3.09375,3.015625,-1,166.564924,23.440639
2025-08-13T12:16:22.624707,43728,3.007812,3.09375,3.007812,-1,166.442854,23.450081
2025-08-13T12:16:23.260706,43729,3.011719,3.101562,3.0117190000000003,-1,166.503889,23.459523
2025-08-13T12:16:23.998707,43730,3.019531,3.097656,3.0117190000000003,-1,166.442854,23.468965
2025-08-13T12:16:24.656709,43731,3.007812,3.097656,3.003906,-1,166.564924,23.468965
2025-08-13T12:16:25.301706,43732,3.011719,3.097656,3.019531,-1,166.381819,23.478407
2025-08-13T12:16:25.953706,43733,3.015625,3.09375,3.007812,-1,166.564924,23.468965
2025-08-13T12:16:26.725706,43734,3.015625,3.097656,3.0117190000000003,-1,166.503889,23.459523
2025-08-13T12:16:27.365707,43735,3.019531,3.101562,3.0117190000000003,-1,166.503889,23.459523
2025-08-13T12:16:27.984706,43736,3.007812,3.101562,3.007812,-1,166.442854,23.450081
2025-08-13T12:16:28.600707,43737,3.011719,3.097656,3.015625,-1,166.503889,23.450081
2025-08-13T12:16:29.243707,43738,3.011719,3.101562,3.007812,-1,166.564924,23.440639
2025-08-13T12:16:29.907707,43739,3.015625,3.101562,3.015625,-1,166.503889,23.431197
2025-08-13T12:16:30.520706,43740,3.019531,3.097656,3.015625,-1,166.503889,23.431197
2025-08-13T12:16:31.135707,43741,3.011719,3.101562,3.019531,-1,166.442854,23.431197
2025-08-13T12:16:31.760707,43742,3.015625,3.101562,3.0117190000000003,-1,166.564924,23.440639
2025-08-13T12:16:32.389707,43743,3.007812,3.101562,3.015625,-1,166.442854,23.440639
2025-08-13T12:16:33.044707,43744,3.015625,3.09375,3.019531,-1,166.503889,23.450081
2025-08-13T12:16:33.682707,43745,3.015625,3.101562,3.015625,-1,166.503889,23.440639
2025-08-13T12:16:34.289706,43746,3.015625,3.101562,3.0117190000000003,-1,166.564924,23.431197
2025-08-13T12:16:34.916708,43747,3.011719,3.097656,3.007812,-1,166.564924,23.431197
2025-08-13T12:16:35.532707,43748,3.015625,3.097656,3.007812,-1,166.564924,23.431197
2025-08-13T12:16:36.148707,43749,3.015625,3.097656,3.0117190000000003,-1,166.564924,23.431197
2025-08-13T12:16:36.783706,43750,3.015625,3.097656,3.015625,-1,166.503889,23.431197
2025-08-13T12:16:37.417708,43751,3.015625,3.097656,3.015625,-1,166.381819,23.431197
2025-08-13T12:16:38.052708,43752,3.011719,3.097656,3.007812,-1,166.381819,23.431197
2025-08-13T12:16:38.683712,43753,3.011719,3.097656,3.023438,-1,166.442854,23.431197
2025-08-13T12:16:39.317708,43754,3.011719,3.101562,3.015625,-1,166.381819,23.431197
2025-08-13T12:16:39.947707,43755,3.007812,3.101562,3.015625,-1,166.564924,23.431197
2025-08-13T12:16:40.558707,43756,3.015625,3.105469,3.015625,-1,166.381819,23.431197
2025-08-13T12:16:41.194710,43757,3.015625,3.09375,3.0117190000000003,-1,166.381819,23.421754
2025-08-13T12:16:41.815709,43758,3.015625,3.097656,3.015625,-1,166.381819,23.431197
2025-08-13T12:16:42.432706,43759,3.015625,3.097656,3.0117190000000003,-1,166.503889,23.431197
2025-08-13T12:16:43.057707,43760,3.011719,3.09375,3.0117190000000003,-1,166.503889,23.440639
2025-08-13T12:16:43.688707,43761,3.015625,3.097656,3.007812,-1,166.564924,23.440639
2025-08-13T12:16:44.367706,43762,3.015625,3.101562,3.0117190000000003,-1,166.442854,23.450081
2025-08-13T12:16:45.025707,43763,3.011719,3.097656,3.015625,-1,166.381819,23.450081
2025-08-13T12:16:45.659706,43764,3.007812,3.097656,3.0117190000000003,-1,166.381819,23.450081
2025-08-13T12:16:46.316707,43765,3.007812,3.097656,3.019531,-1,166.503889,23.440639
2025-08-13T12:16:46.953706,43766,3.011719,3.101562,3.0117190000000003,-1,166.564924,23.450081
2025-08-13T12:16:47.590707,43767,3.015625,3.105469,3.015625,-1,166.381819,23.440639
2025-08-13T12:16:48.221707,43768,3.011719,3.09375,3.007812,-1,166.564924,23.431197
2025-08-13T12:16:48.852706,43769,3.011719,3.097656,3.007812,-1,166.381819,23.440639
2025-08-13T12:16:49.469707,43770,3.011719,3.101562,3.015625,-1,166.503889,23.440639
2025-08-13T12:16:50.096707,43771,3.015625,3.097656,3.007812,-1,166.503889,23.440639
2025-08-13T12:16:50.731707,43772,3.011719,3.101562,3.007812,-1,166.320784,23.421754
2025-08-13T12:16:51.380707,43773,3.015625,3.097656,3.003906,-1,166.503889,23.421754
2025-08-13T12:16:52.003706,43774,3.011719,3.101562,3.015625,-1,166.503889,23.421754
2025-08-13T12:16:52.629707,43775,3.011719,3.101562,3.019531,-1,166.564924,23.412312
2025-08-13T12:16:53.256706,43776,3.015625,3.105469,3.0117190000000003,-1,166.62596,23.412312
2025-08-13T12:16:53.910707,43777,3.015625,3.097656,3.023438,-1,166.503889,23.421754
2025-08-13T12:16:54.538706,43778,3.007812,3.097656,3.0117190000000003,-1,166.503889,23.421754
2025-08-13T12:16:55.196708,43779,3.015625,3.097656,3.015625,-1,166.564924,23.421754
2025-08-13T12:16:55.836707,43780,3.011719,3.097656,3.0117190000000003,-1,166.381819,23.412312
2025-08-13T12:16:56.487707,43781,3.015625,3.097656,3.0117190000000003,-1,166.320784,23.412312
2025-08-13T12:16:57.651706,43782,3.007812,3.089844,3.0117190000000003,-1,166.381819,23.412312
2025-08-13T12:16:58.283707,43783,3.011719,3.101562,3.015625,-1,166.442854,23.421754
2025-08-13T12:16:58.920706,43784,3.015625,3.097656,3.019531,-1,166.442854,23.431197
2025-08-13T12:16:59.542707,43785,3.015625,3.097656,3.007812,-1,166.503889,23.450081
2025-08-13T12:17:00.196707,43786,3.015625,3.101562,3.019531,-1,166.442854,23.459523
2025-08-13T12:17:00.825707,43787,3.011719,3.09375,3.0117190000000003,-1,166.320784,23.468965
2025-08-13T12:17:01.457707,43788,3.015625,3.101562,3.0117190000000003,-1,166.198713,23.487848
2025-08-13T12:17:02.089707,43789,3.015625,3.101562,3.0117190000000003,-1,166.198713,23.49729
2025-08-13T12:17:02.731710,43790,3.015625,3.097656,3.0117190000000003,-1,166.015608,23.506731
2025-08-13T12:17:03.364708,43791,3.015625,3.101562,3.015625,-1,165.832503,23.49729
2025-08-13T12:17:04.023707,43792,3.011719,3.097656,3.015625,-1,166.076643,23.49729
2025-08-13T12:17:04.686706,43793,3.011719,3.101562,3.015625,-1,166.503889,23.506731
2025-08-13T12:17:05.358707,43794,3.015625,3.097656,3.007812,-1,166.442854,23.506731
2025-08-13T12:17:06.062707,43795,3.011719,3.097656,3.019531,-1,166.381819,23.516172
2025-08-13T12:17:06.686708,43796,3.011719,3.105469,3.0117190000000003,-1,166.503889,23.525613
2025-08-13T12:17:07.919706,43797,3.015625,3.089844,3.015625,-1,166.503889,23.525613
2025-08-13T12:17:08.640711,43798,3.007812,3.097656,3.015625,-1,166.503889,23.535054
2025-08-13T12:17:09.279706,43799,3.015625,3.097656,3.007812,-1,166.381819,23.535054
2025-08-13T12:17:09.952707,43800,3.011719,3.101562,3.015625,-1,166.564924,23.535054
2025-08-13T12:17:10.601706,43801,3.011719,3.101562,3.0117190000000003,-1,166.442854,23.544495
2025-08-13T12:17:11.226967,43802,3.015625,3.101562,3.015625,-1,166.503889,23.553936
2025-08-13T12:17:11.871967,43803,3.011719,3.101562,3.019531,-1,166.503889,23.544495
2025-08-13T12:17:12.543199,43804,3.011719,3.101562,3.0117190000000003,-1,166.62596,23.553936
2025-08-13T12:17:13.155375,43805,3.015625,3.097656,3.0117190000000003,-1,166.442854,23.553936
2025-08-13T12:17:13.832375,43806,3.015625,3.097656,3.015625,-1,166.442854,23.563376
2025-08-13T12:17:14.514109,43807,3.015625,3.097656,3.0117190000000003,-1,166.442854,23.572817
2025-08-13T12:17:15.170106,43808,3.011719,3.097656,3.023438,-1,166.442854,23.563376
2025-08-13T12:17:15.796106,43809,3.011719,3.097656,3.015625,-1,166.503889,23.563376
2025-08-13T12:17:16.502106,43810,3.011719,3.097656,3.019531,-1,166.442854,23.572817
2025-08-13T12:17:17.133029,43811,3.007812,3.097656,3.015625,-1,166.503889,23.582258
2025-08-13T12:17:17.768029,43812,3.015625,3.105469,3.015625,-1,166.564924,23.582258
2025-08-13T12:17:18.413027,43813,3.015625,3.101562,3.0117190000000003,-1,166.503889,23.572817
2025-08-13T12:17:19.036030,43814,3.011719,3.105469,3.003906,-1,166.442854,23.572817
2025-08-13T12:17:19.655028,43815,3.015625,3.101562,3.0117190000000003,-1,166.381819,23.582258
2025-08-13T12:17:20.296027,43816,3.015625,3.097656,3.019531,-1,166.442854,23.591698
2025-08-13T12:17:20.943030,43817,3.007812,3.101562,3.015625,-1,166.564924,23.591698
2025-08-13T12:17:21.613028,43818,3.023438,3.113281,3.007812,-1,166.442854,23.601138
2025-08-13T12:17:22.241029,43819,3.011719,3.09375,3.0117190000000003,-1,166.564924,23.591698
2025-08-13T12:36:52.649533,43820,3.011719,3.101562,3.03125,-1,165.954573,23.544495
2025-08-13T12:36:53.250532,43821,3.015625,3.09375,3.019531,-1,165.832503,23.525613
2025-08-13T12:36:53.898536,43822,3.015625,3.101562,3.0117190000000003,-1,166.015608,23.525613
2025-08-13T12:36:54.544532,43823,3.011719,3.097656,3.019531,-1,166.015608,23.525613
2025-08-13T12:36:55.137936,43824,3.011719,3.097656,3.015625,-1,165.893538,23.525613
2025-08-13T12:36:55.790934,43825,3.007812,3.097656,3.015625,-1,165.954573,23.535054
2025-08-13T12:36:56.391853,43826,3.015625,3.097656,3.019531,-1,165.954573,23.553936
2025-08-13T12:36:56.969856,43827,3.015625,3.097656,3.019531,-1,165.893538,23.553936
2025-08-13T12:36:57.563859,43828,3.011719,3.09375,3.015625,-1,166.076643,23.544495
2025-08-13T12:36:58.152872,43829,3.023438,3.101562,3.0117190000000003,-1,165.893538,23.553936
2025-08-13T12:36:58.761871,43830,3.007812,3.097656,3.015625,-1,165.893538,23.544495
2025-08-13T12:36:59.437857,43831,3.015625,3.101562,3.0117190000000003,-1,166.015608,23.535054
2025-08-13T12:37:00.077858,43832,3.015625,3.097656,3.019531,-1,165.954573,23.535054
2025-08-13T12:37:00.741716,43833,3.011719,3.101562,3.007812,-1,165.893538,23.535054
2025-08-13T12:37:01.611715,43834,3.011719,3.097656,3.0117190000000003,-1,166.076643,23.525613
2025-08-13T12:37:02.435717,43835,3.007812,3.105469,3.0117190000000003,-1,165.893538,23.525613
2025-08-13T12:37:03.201715,43836,3.011719,3.097656,3.015625,-1,166.137678,23.516172
2025-08-13T12:37:04.022715,43837,3.015625,3.101562,3.0117190000000003,-1,166.015608,23.516172
2025-08-13T12:37:04.892717,43838,3.011719,3.097656,3.015625,-1,165.954573,23.525613
2025-08-13T12:37:05.524716,43839,3.011719,3.105469,3.003906,-1,165.954573,23.525613
2025-08-13T12:37:06.166716,43840,3.015625,3.101562,3.015625,-1,165.954573,23.516172
2025-08-13T12:37:06.822714,43841,3.011719,3.101562,3.015625,-1,165.771467,23.516172
2025-08-13T12:37:07.487714,43842,3.015625,3.097656,3.015625,-1,166.015608,23.516172
2025-08-13T12:37:08.123715,43843,3.015625,3.097656,3.015625,-1,166.015608,23.516172
2025-08-13T12:37:08.816714,43844,3.011719,3.097656,3.0273440000000003,-1,165.954573,23.525613
2025-08-13T12:37:09.493714,43845,3.011719,3.105469,3.0117190000000003,-1,166.076643,23.525613
2025-08-13T12:37:10.113715,43846,3.011719,3.097656,3.0117190000000003,-1,166.015608,23.525613
2025-08-13T12:37:10.781714,43847,3.015625,3.101562,3.0117190000000003,-1,166.015608,23.516172
2025-08-13T12:37:11.557335,43848,3.003906,3.097656,3.007812,-1,166.137678,23.506731
2025-08-13T12:37:12.201336,43849,3.015625,3.09375,3.0117190000000003,-1,165.893538,23.49729
2025-08-13T12:37:12.840051,43850,3.015625,3.097656,3.019531,-1,166.076643,23.487848
2025-08-13T12:37:13.456048,43851,3.011719,3.097656,3.007812,-1,165.893538,23.487848
2025-08-13T12:37:14.136459,43852,3.015625,3.097656,3.0117190000000003,-1,165.893538,23.478407
2025-08-13T12:37:14.910458,43853,3.011719,3.097656,3.015625,-1,165.954573,23.468965
2025-08-13T12:37:15.657458,43854,3.011719,3.097656,3.0117190000000003,-1,165.710432,23.468965
2025-08-13T12:37:16.386459,43855,3.011719,3.097656,3.0117190000000003,-1,165.405257,23.468965
2025-08-13T12:37:17.080457,43856,3.011719,3.09375,3.023438,-1,165.832503,23.478407
2025-08-13T12:37:17.796459,43857,3.007812,3.101562,3.015625,-1,165.466292,23.468965
2025-08-13T12:37:18.551460,43858,3.007812,3.097656,3.023438,-1,165.710432,23.487848
2025-08-13T12:37:19.238323,43859,3.011719,3.101562,3.0117190000000003,-1,165.588362,23.49729
2025-08-13T12:37:19.898322,43860,3.015625,3.09375,3.019531,-1,165.588362,23.516172
2025-08-13T12:37:20.520323,43861,3.011719,3.097656,3.019531,-1,165.710432,23.506731
2025-08-13T12:37:21.175323,43862,3.011719,3.097656,3.019531,-1,165.710432,23.516172
2025-08-13T12:37:21.852322,43863,3.011719,3.097656,3.015625,-1,165.527327,23.525613
2025-08-13T12:37:22.533325,43864,3.019531,3.101562,3.0117190000000003,-1,165.710432,23.535054
2025-08-13T12:37:23.286330,43865,3.003906,3.097656,3.015625,-1,165.771467,23.525613
2025-08-13T12:37:23.963322,43866,3.011719,3.09375,3.015625,-1,165.649397,23.525613
2025-08-13T12:37:24.717323,43867,3.011719,3.097656,3.019531,-1,165.710432,23.535054
2025-08-13T12:37:25.331333,43868,3.015625,3.09375,3.0117190000000003,-1,165.649397,23.544495
2025-08-13T12:37:25.938344,43869,3.011719,3.097656,3.0117190000000003,-1,165.649397,23.553936
2025-08-13T12:37:26.546344,43870,3.007812,3.097656,3.019531,-1,165.588362,23.544495
2025-08-13T12:37:27.158355,43871,3.015625,3.097656,3.015625,-1,165.649397,23.544495
2025-08-13T12:37:27.757344,43872,3.007812,3.097656,3.023438,-1,165.588362,23.544495
2025-08-13T12:37:28.446347,43873,3.015625,3.097656,3.015625,-1,165.588362,23.544495
2025-08-13T12:37:29.079344,43874,3.011719,3.097656,3.019531,-1,165.771467,23.544495
2025-08-13T12:37:29.721344,43875,3.015625,3.101562,3.019531,-1,165.588362,23.544495
2025-08-13T12:37:30.338344,43876,3.011719,3.101562,3.019531,-1,165.771467,23.544495
2025-08-13T12:37:30.959345,43877,3.015625,3.097656,3.0117190000000003,-1,165.710432,23.544495
2025-08-13T12:37:31.583867,43878,3.015625,3.09375,3.007812,-1,165.710432,23.535054
2025-08-13T12:37:32.188869,43879,3.015625,3.101562,3.019531,-1,165.527327,23.535054
2025-08-13T12:37:32.940868,43880,3.011719,3.101562,3.007812,-1,165.710432,23.535054
2025-08-13T12:37:33.672867,43881,3.019531,3.09375,3.0117190000000003,-1,165.588362,23.525613
2025-08-13T12:37:34.357868,43882,3.011719,3.101562,3.0117190000000003,-1,165.771467,23.535054
2025-08-13T12:37:35.017868,43883,3.015625,3.097656,3.015625,-1,165.771467,23.535054
2025-08-13T12:37:35.643868,43884,3.011719,3.101562,3.015625,-1,165.588362,23.525613
2025-08-13T12:37:36.249903,43885,3.011719,3.097656,3.003906,-1,165.588362,23.535054
2025-08-13T12:37:36.889903,43886,3.011719,3.097656,3.0117190000000003,-1,165.710432,23.535054
2025-08-13T12:37:37.517706,43887,3.015625,3.101562,3.0117190000000003,-1,165.710432,23.535054
2025-08-13T12:37:38.132706,43888,3.011719,3.097656,3.0117190000000003,-1,165.649397,23.544495
2025-08-13T12:37:38.760757,43889,3.011719,3.097656,3.015625,-1,165.588362,23.535054
2025-08-13T12:37:39.416756,43890,3.011719,3.101562,3.019531,-1,165.588362,23.535054
2025-08-13T12:37:40.096761,43891,3.015625,3.097656,3.019531,-1,165.771467,23.535054
2025-08-13T12:37:40.864755,43892,3.015625,3.09375,3.015625,-1,165.710432,23.535054
2025-08-13T12:37:41.566755,43893,3.027344,3.101562,3.0,-1,165.588362,23.525613
2025-08-13T12:37:42.256755,43894,3.007812,3.101562,3.015625,-1,165.649397,23.525613
2025-08-13T12:37:42.993458,43895,3.015625,3.09375,3.019531,-1,165.649397,23.525613
2025-08-13T12:37:43.680456,43896,3.007812,3.097656,3.015625,-1,165.710432,23.525613
2025-08-13T12:37:44.292456,43897,3.003906,3.101562,3.015625,-1,165.588362,23.535054
2025-08-13T12:37:44.894456,43898,3.015625,3.097656,3.019531,-1,165.588362,23.516172
2025-08-13T12:37:45.495905,43899,3.007812,3.097656,3.019531,-1,165.710432,23.506731
2025-08-13T12:37:46.108695,43900,3.011719,3.097656,3.0117190000000003,-1,165.649397,23.516172
2025-08-13T12:37:46.724697,43901,3.015625,3.101562,3.019531,-1,165.771467,23.516172
2025-08-13T12:37:47.370696,43902,3.015625,3.097656,3.0117190000000003,-1,165.710432,23.506731
2025-08-13T12:37:48.011695,43903,3.011719,3.097656,3.019531,-1,165.710432,23.525613
2025-08-13T12:37:48.609972,43904,3.015625,3.097656,3.019531,-1,165.527327,23.516172
2025-08-13T12:37:49.241972,43905,3.011719,3.101562,3.015625,-1,165.710432,23.525613
2025-08-13T12:37:49.874939,43906,3.015625,3.097656,3.0117190000000003,-1,165.588362,23.516172
2025-08-13T12:37:50.497941,43907,3.011719,3.105469,3.0117190000000003,-1,165.710432,23.525613
2025-08-13T12:37:51.132941,43908,3.015625,3.101562,3.0117190000000003,-1,165.710432,23.516172
2025-08-13T12:37:51.813940,43909,3.015625,3.101562,3.0117190000000003,-1,165.710432,23.525613
2025-08-13T12:37:52.468940,43910,3.011719,3.097656,3.019531,-1,165.710432,23.516172
2025-08-13T12:37:53.076003,43911,3.011719,3.097656,3.0117190000000003,-1,165.588362,23.516172
2025-08-13T12:37:53.697003,43912,3.007812,3.101562,3.0117190000000003,-1,165.588362,23.516172
2025-08-13T12:37:54.304857,43913,3.007812,3.097656,3.019531,-1,165.588362,23.516172
2025-08-13T12:37:54.898857,43914,3.015625,3.097656,2.988281,-1,165.588362,23.506731
2025-08-13T12:37:55.505857,43915,3.011719,3.097656,3.015625,-1,165.527327,23.516172
2025-08-13T12:37:56.090858,43916,3.015625,3.101562,3.0117190000000003,-1,165.710432,23.525613
2025-08-13T12:37:56.707859,43917,3.007812,3.105469,3.015625,-1,165.649397,23.516172
2025-08-13T12:37:57.297826,43918,3.015625,3.097656,3.023438,-1,165.527327,23.506731
2025-08-13T12:37:57.891825,43919,3.007812,3.097656,3.0117190000000003,-1,165.527327,23.506731
2025-08-13T12:37:58.480499,43920,3.011719,3.101562,3.0117190000000003,-1,165.588362,23.506731
2025-08-13T12:37:59.101498,43921,3.011719,3.09375,3.0117190000000003,-1,165.527327,23.516172
2025-08-13T12:37:59.690504,43922,3.011719,3.09375,3.007812,-1,165.588362,23.516172
2025-08-13T12:38:00.295516,43923,3.011719,3.097656,3.007812,-1,165.527327,23.516172
2025-08-13T12:38:00.897255,43924,3.011719,3.089844,3.0117190000000003,-1,165.466292,23.516172
2025-08-13T12:38:01.496255,43925,3.007812,3.097656,3.007812,-1,165.527327,23.525613
2025-08-13T12:38:02.101855,43926,3.011719,3.097656,3.003906,-1,165.527327,23.516172
2025-08-13T12:38:02.685855,43927,3.015625,3.097656,3.0117190000000003,-1,165.649397,23.525613
2025-08-13T12:38:03.271864,43928,3.019531,3.101562,3.015625,-1,165.649397,23.525613
2025-08-13T12:38:03.861952,43929,3.015625,3.101562,3.015625,-1,165.710432,23.535054
2025-08-13T12:38:04.485591,43930,3.011719,3.09375,3.015625,-1,165.588362,23.535054
2025-08-13T12:38:05.078591,43931,3.011719,3.101562,3.0117190000000003,-1,165.527327,23.535054
2025-08-13T12:38:05.714841,43932,3.015625,3.097656,3.015625,-1,165.710432,23.535054
2025-08-13T12:38:06.309842,43933,3.003906,3.097656,3.015625,-1,165.649397,23.544495
2025-08-13T12:38:06.902843,43934,3.023438,3.105469,3.03125,-1,165.649397,23.544495
2025-08-13T12:38:07.499844,43935,3.011719,3.09375,3.015625,-1,165.527327,23.544495
2025-08-13T12:38:08.098845,43936,3.011719,3.097656,3.007812,-1,165.527327,23.544495
2025-08-13T12:38:08.696841,43937,3.007812,3.097656,3.0117190000000003,-1,165.527327,23.553936
2025-08-13T12:38:09.345841,43938,3.011719,3.101562,3.007812,-1,165.527327,23.535054
2025-08-13T12:38:09.937841,43939,3.011719,3.101562,3.015625,-1,165.588362,23.535054
2025-08-13T12:38:10.536842,43940,3.019531,3.09375,3.0273440000000003,-1,165.527327,23.553936
2025-08-13T12:38:11.127841,43941,3.019531,3.097656,3.015625,-1,165.649397,23.553936
2025-08-13T12:38:11.719773,43942,3.019531,3.097656,3.007812,-1,165.710432,23.544495
2025-08-13T12:38:12.316274,43943,3.011719,3.101562,3.0117190000000003,-1,165.649397,23.553936
2025-08-13T12:38:12.912273,43944,3.015625,3.101562,3.023438,-1,165.649397,23.553936
2025-08-13T12:38:13.505274,43945,3.007812,3.097656,3.015625,-1,165.588362,23.572817
2025-08-13T12:38:14.097273,43946,3.015625,3.097656,3.0117190000000003,-1,165.588362,23.563376
2025-08-13T12:38:14.705273,43947,3.015625,3.09375,3.015625,-1,165.771467,23.582258
2025-08-13T12:38:15.302277,43948,3.015625,3.101562,3.023438,-1,165.649397,23.582258
2025-08-13T12:38:16.021275,43949,3.011719,3.097656,3.015625,-1,165.710432,23.591698
2025-08-13T12:38:16.617273,43950,3.015625,3.097656,3.007812,-1,165.771467,23.591698
2025-08-13T12:38:17.225274,43951,3.007812,3.101562,3.015625,-1,165.588362,23.601138
2025-08-13T12:38:17.846273,43952,3.007812,3.101562,3.0117190000000003,-1,165.527327,23.591698
2025-08-13T12:38:18.468274,43953,3.015625,3.09375,3.007812,-1,165.588362,23.601138
2025-08-13T12:38:19.095273,43954,3.015625,3.101562,3.015625,-1,165.466292,23.591698
2025-08-13T12:38:19.702278,43955,3.015625,3.101562,3.007812,-1,165.527327,23.591698
2025-08-13T12:38:20.318275,43956,3.003906,3.097656,3.015625,-1,165.649397,23.591698
2025-08-13T12:38:20.940274,43957,3.011719,3.097656,3.0117190000000003,-1,165.588362,23.582258
2025-08-13T12:38:21.558275,43958,3.015625,3.101562,3.023438,-1,165.527327,23.582258
2025-08-13T12:38:22.164274,43959,3.011719,3.097656,3.007812,-1,165.527327,23.582258
2025-08-13T12:38:22.801275,43960,3.011719,3.101562,3.019531,-1,165.649397,23.591698
2025-08-13T12:38:23.438273,43961,3.011719,3.097656,3.015625,-1,165.588362,23.591698
2025-08-13T12:38:24.027273,43962,3.011719,3.097656,3.003906,-1,165.466292,23.591698
2025-08-13T12:38:24.640273,43963,3.015625,3.09375,3.0117190000000003,-1,165.649397,23.582258
2025-08-13T12:38:25.251274,43964,3.011719,3.097656,3.0273440000000003,-1,165.649397,23.582258
2025-08-13T12:38:25.869273,43965,3.015625,3.097656,3.015625,-1,165.710432,23.591698
2025-08-13T12:38:26.475273,43966,3.015625,3.097656,3.015625,-1,165.710432,23.591698
2025-08-13T12:38:27.087274,43967,3.011719,3.097656,3.003906,-1,165.466292,23.601138
2025-08-13T12:38:27.677273,43968,3.007812,3.101562,3.0117190000000003,-1,165.588362,23.591698
2025-08-13T12:38:28.324273,43969,3.011719,3.097656,3.007812,-1,165.710432,23.591698
2025-08-13T12:38:28.943275,43970,3.015625,3.101562,3.015625,-1,165.649397,23.591698
2025-08-13T12:38:29.723276,43971,3.011719,3.101562,3.019531,-1,165.649397,23.591698
2025-08-13T12:38:31.086277,43972,3.015625,3.101562,3.0117190000000003,-1,165.588362,23.610579
2025-08-13T12:38:31.844274,43973,3.007812,3.101562,3.0117190000000003,-1,165.710432,23.601138
2025-08-13T12:38:32.693275,43974,3.015625,3.097656,3.015625,-1,165.527327,23.610579
2025-08-13T12:38:33.432273,43975,3.015625,3.097656,3.0117190000000003,-1,165.710432,23.610579
2025-08-13T12:38:34.057275,43976,3.015625,3.097656,3.019531,-1,165.649397,23.620019
2025-08-13T12:38:34.673273,43977,3.011719,3.097656,3.007812,-1,165.710432,23.620019
2025-08-13T12:38:35.292275,43978,3.015625,3.09375,3.0117190000000003,-1,165.649397,23.629459
2025-08-13T12:38:35.930273,43979,3.015625,3.09375,3.015625,-1,165.710432,23.620019
2025-08-13T12:38:36.612274,43980,3.011719,3.09375,3.007812,-1,165.527327,23.620019
2025-08-13T12:38:37.262273,43981,3.015625,3.097656,3.007812,-1,165.527327,23.629459
2025-08-13T12:38:37.937274,43982,3.007812,3.097656,3.0117190000000003,-1,165.588362,23.629459
2025-08-13T12:38:38.566273,43983,3.015625,3.097656,3.019531,-1,165.710432,23.629459
2025-08-13T12:38:39.173273,43984,3.015625,3.097656,3.007812,-1,165.649397,23.629459
2025-08-13T12:38:39.794276,43985,3.011719,3.097656,3.019531,-1,165.649397,23.629459
2025-08-13T12:38:40.495273,43986,3.011719,3.101562,3.0273440000000003,-1,165.710432,23.629459
2025-08-13T12:38:41.133274,43987,3.015625,3.09375,3.015625,-1,165.527327,23.629459
2025-08-13T12:38:41.761274,43988,3.015625,3.101562,3.0117190000000003,-1,165.649397,23.629459
2025-08-13T12:38:42.398275,43989,3.011719,3.097656,3.0117190000000003,-1,165.588362,23.638899
2025-08-13T12:38:43.154274,43990,3.011719,3.105469,3.0117190000000003,-1,165.527327,23.629459
2025-08-13T12:38:43.916278,43991,3.019531,3.097656,3.015625,-1,165.466292,23.620019
2025-08-13T12:38:44.653274,43992,3.007812,3.097656,3.0117190000000003,-1,165.527327,23.620019
2025-08-13T12:38:45.276275,43993,3.015625,3.097656,3.007812,-1,165.710432,23.629459
2025-08-13T12:38:45.909273,43994,3.011719,3.097656,3.015625,-1,165.771467,23.620019
2025-08-13T12:38:46.535278,43995,3.015625,3.09375,3.0117190000000003,-1,165.649397,23.629459
2025-08-13T12:38:47.157273,43996,3.007812,3.097656,3.0117190000000003,-1,165.649397,23.629459
2025-08-13T12:38:47.776273,43997,3.011719,3.09375,3.0117190000000003,-1,165.649397,23.620019
2025-08-13T12:38:48.394274,43998,3.011719,3.105469,3.023438,-1,165.649397,23.610579
2025-08-13T12:38:49.003274,43999,3.019531,3.097656,3.019531,-1,165.771467,23.610579
2025-08-13T12:38:49.698273,44000,3.015625,3.097656,3.015625,-1,165.710432,23.601138
2025-08-13T12:38:50.302274,44001,3.015625,3.101562,3.003906,-1,165.649397,23.601138
2025-08-13T12:38:50.918274,44002,3.015625,3.097656,3.023438,-1,165.588362,23.610579
2025-08-13T12:38:51.540275,44003,3.011719,3.097656,3.007812,-1,165.710432,23.610579
2025-08-13T12:38:52.150273,44004,3.011719,3.101562,3.003906,-1,165.710432,23.610579
2025-08-13T12:38:52.762274,44005,3.007812,3.097656,3.0117190000000003,-1,165.588362,23.620019
2025-08-13T12:38:53.372275,44006,3.011719,3.105469,3.0117190000000003,-1,165.771467,23.620019
2025-08-13T12:38:53.978275,44007,3.015625,3.097656,3.0117190000000003,-1,165.649397,23.620019
2025-08-13T12:38:54.596275,44008,3.007812,3.101562,3.007812,-1,165.710432,23.620019
2025-08-13T12:38:55.213276,44009,3.015625,3.105469,3.015625,-1,165.771467,23.620019
2025-08-13T12:38:55.827273,44010,3.011719,3.101562,3.007812,-1,165.771467,23.610579
2025-08-13T12:38:56.470275,44011,3.007812,3.101562,3.015625,-1,165.588362,23.601138
2025-08-13T12:38:57.085275,44012,3.011719,3.097656,3.019531,-1,165.588362,23.591698
2025-08-13T12:38:57.735274,44013,3.015625,3.105469,3.0117190000000003,-1,165.588362,23.591698
2025-08-13T12:38:58.360273,44014,3.015625,3.101562,3.023438,-1,165.649397,23.582258
2025-08-13T12:38:59.002273,44015,3.019531,3.097656,3.015625,-1,165.466292,23.582258
2025-08-13T12:38:59.648273,44016,3.015625,3.097656,3.0117190000000003,-1,165.710432,23.591698
2025-08-13T12:39:00.297273,44017,3.007812,3.097656,3.007812,-1,165.527327,23.591698
2025-08-13T12:39:00.923273,44018,3.011719,3.097656,3.015625,-1,165.588362,23.582258
2025-08-13T12:39:01.579275,44019,3.019531,3.097656,3.0117190000000003,-1,165.466292,23.572817
2025-08-13T12:39:02.178273,44020,3.011719,3.101562,3.015625,-1,165.588362,23.563376
2025-08-13T12:39:02.861274,44021,3.007812,3.097656,3.0117190000000003,-1,165.466292,23.563376
2025-08-13T12:39:03.494273,44022,3.015625,3.097656,3.007812,-1,165.649397,23.553936
2025-08-13T12:39:04.135276,44023,3.011719,3.097656,3.0117190000000003,-1,165.649397,23.544495
2025-08-13T12:39:04.778275,44024,3.015625,3.109375,3.007812,-1,165.710432,23.535054
2025-08-13T12:39:05.389274,44025,3.003906,3.101562,3.0,-1,165.710432,23.544495
2025-08-13T12:39:06.003276,44026,3.011719,3.097656,3.023438,-1,165.527327,23.535054
2025-08-13T12:39:06.615275,44027,3.011719,3.09375,3.0117190000000003,-1,165.710432,23.544495
2025-08-13T12:39:07.229273,44028,3.015625,3.09375,3.003906,-1,165.466292,23.544495
2025-08-13T12:39:07.846988,44029,3.011719,3.09375,3.0117190000000003,-1,165.710432,23.535054
2025-08-13T12:39:08.487988,44030,3.011719,3.097656,3.015625,-1,165.649397,23.544495
2025-08-13T12:39:09.114785,44031,3.011719,3.097656,3.0117190000000003,-1,165.527327,23.544495
2025-08-13T12:39:09.713785,44032,3.011719,3.101562,3.015625,-1,165.405257,23.553936
2025-08-13T12:39:10.313784,44033,3.011719,3.105469,3.019531,-1,165.405257,23.553936
2025-08-13T12:39:10.929788,44034,3.015625,3.105469,3.003906,-1,165.527327,23.563376
2025-08-13T12:39:11.536786,44035,3.015625,3.097656,3.0117190000000003,-1,165.649397,23.553936
2025-08-13T12:39:12.120388,44036,3.011719,3.105469,3.0117190000000003,-1,165.588362,23.553936
2025-08-13T12:39:12.747389,44037,3.023438,3.101562,3.015625,-1,165.588362,23.553936
2025-08-13T12:39:13.331728,44038,3.011719,3.097656,3.007812,-1,165.588362,23.553936
2025-08-13T12:39:13.941729,44039,3.003906,3.097656,3.0117190000000003,-1,165.466292,23.563376
2025-08-13T12:39:14.545146,44040,3.011719,3.101562,3.023438,-1,165.710432,23.553936
2025-08-13T12:39:15.151147,44041,3.019531,3.101562,3.007812,-1,165.527327,23.553936
2025-08-13T12:39:15.752243,44042,3.015625,3.105469,3.015625,-1,165.588362,23.544495
2025-08-13T12:39:16.512246,44043,3.011719,3.09375,3.0117190000000003,-1,165.527327,23.544495
2025-08-13T12:39:17.117244,44044,3.011719,3.105469,3.007812,-1,165.588362,23.535054
2025-08-13T12:39:17.721625,44045,3.011719,3.09375,3.0117190000000003,-1,165.588362,23.516172
2025-08-13T12:39:18.337626,44046,3.011719,3.101562,3.0117190000000003,-1,165.527327,23.506731
2025-08-13T12:39:18.949417,44047,3.011719,3.105469,3.015625,-1,165.588362,23.49729
2025-08-13T12:39:19.553417,44048,3.007812,3.09375,3.015625,-1,165.466292,23.487848
2025-08-13T12:39:20.282419,44049,3.023438,3.09375,3.0117190000000003,-1,165.649397,23.487848
2025-08-13T12:39:20.875419,44050,3.011719,3.09375,3.0117190000000003,-1,165.527327,23.487848
2025-08-13T12:39:21.483417,44051,3.015625,3.097656,3.0117190000000003,-1,165.466292,23.487848
2025-08-13T12:39:22.082417,44052,3.015625,3.09375,3.015625,-1,165.649397,23.487848
2025-08-13T12:39:22.719418,44053,3.011719,3.097656,3.007812,-1,165.649397,23.478407
2025-08-13T12:39:33.304431,44054,3.003906,3.097656,3.0117190000000003,-1,165.466292,23.459523
2025-08-13T12:39:47.111610,44055,3.011719,3.097656,3.015625,-1,165.771467,23.431197
2025-08-13T12:39:57.675706,44056,3.015625,3.097656,3.0117190000000003,-1,165.588362,23.421754
2025-08-13T12:40:08.281291,44057,3.011719,3.097656,3.007812,-1,165.527327,23.412312
2025-08-13T12:40:08.876291,44058,3.015625,3.097656,3.0117190000000003,-1,165.649397,23.421754
2025-08-13T12:40:09.461290,44059,3.015625,3.09375,3.019531,-1,165.466292,23.412312
2025-08-13T12:40:10.053290,44060,3.003906,3.101562,3.007812,-1,165.527327,23.412312
2025-08-13T12:40:10.636996,44061,3.011719,3.097656,3.019531,-1,165.771467,23.412312
2025-08-13T12:40:11.225998,44062,3.011719,3.097656,3.0117190000000003,-1,165.771467,23.402869
2025-08-13T12:40:11.813399,44063,3.011719,3.105469,3.019531,-1,165.893538,23.402869
2025-08-13T12:40:12.407131,44064,3.007812,3.097656,3.0273440000000003,-1,165.649397,23.412312
2025-08-13T12:40:13.010131,44065,3.011719,3.097656,3.007812,-1,165.588362,23.402869
2025-08-13T12:40:13.676132,44066,3.011719,3.097656,3.015625,-1,165.527327,23.402869
2025-08-13T12:40:14.568132,44067,3.011719,3.097656,3.019531,-1,165.527327,23.412312
2025-08-13T12:40:15.337134,44068,3.011719,3.101562,3.019531,-1,165.710432,23.402869
2025-08-13T12:40:16.066131,44069,3.015625,3.101562,3.0117190000000003,-1,165.710432,23.402869
2025-08-13T12:40:16.751132,44070,3.011719,3.097656,3.0273440000000003,-1,165.649397,23.402869
2025-08-13T12:40:17.383131,44071,3.011719,3.105469,3.015625,-1,165.588362,23.402869
2025-08-13T12:40:18.101130,44072,3.015625,3.097656,3.015625,-1,165.771467,23.402869
2025-08-13T12:40:18.753132,44073,3.007812,3.101562,3.007812,-1,165.710432,23.412312
2025-08-13T12:40:19.491133,44074,3.011719,3.097656,3.019531,-1,165.710432,23.421754
2025-08-13T12:40:20.168130,44075,3.007812,3.105469,3.0117190000000003,-1,165.710432,23.421754
2025-08-13T12:40:20.828133,44076,3.015625,3.09375,3.0117190000000003,-1,165.588362,23.431197
2025-08-13T12:40:21.523131,44077,3.007812,3.101562,3.0117190000000003,-1,165.771467,23.431197
2025-08-13T12:40:22.177757,44078,3.007812,3.097656,3.0117190000000003,-1,165.649397,23.440639
2025-08-13T12:40:22.834758,44079,3.019531,3.097656,3.015625,-1,165.588362,23.450081
2025-08-13T12:40:23.563760,44080,3.015625,3.097656,3.007812,-1,165.710432,23.450081
2025-08-13T12:40:24.215757,44081,3.007812,3.101562,3.015625,-1,165.649397,23.459523
2025-08-13T12:40:24.883759,44082,3.015625,3.09375,3.0117190000000003,-1,165.527327,23.468965
2025-08-13T12:40:25.599757,44083,3.015625,3.097656,3.0117190000000003,-1,165.649397,23.468965
2025-08-13T12:40:26.235757,44084,3.011719,3.09375,3.0117190000000003,-1,165.588362,23.478407
2025-08-13T12:40:26.986759,44085,3.007812,3.101562,3.0117190000000003,-1,165.649397,23.478407
2025-08-13T12:40:27.687757,44086,3.015625,3.101562,3.0117190000000003,-1,165.771467,23.487848
2025-08-13T12:40:28.347757,44087,3.015625,3.097656,3.0117190000000003,-1,165.771467,23.49729
2025-08-13T12:40:29.038759,44088,3.011719,3.097656,3.0117190000000003,-1,165.649397,23.506731
2025-08-13T12:40:29.692758,44089,3.011719,3.097656,3.0117190000000003,-1,165.771467,23.506731
2025-08-13T12:40:30.353758,44090,3.007812,3.101562,3.0117190000000003,-1,165.710432,23.516172
2025-08-13T12:40:31.095757,44091,3.011719,3.09375,3.0117190000000003,-1,165.588362,23.516172
2025-08-13T12:40:31.777756,44092,3.011719,3.097656,3.003906,-1,165.771467,23.525613
2025-08-13T12:40:32.465758,44093,3.011719,3.09375,3.0117190000000003,-1,165.710432,23.535054
2025-08-13T12:40:33.132757,44094,3.019531,3.105469,3.0117190000000003,-1,165.710432,23.535054
2025-08-13T12:40:33.770757,44095,3.019531,3.097656,3.019531,-1,165.771467,23.535054
2025-08-13T12:40:34.477758,44096,3.011719,3.101562,3.015625,-1,165.771467,23.525613
2025-08-13T12:40:35.158757,44097,3.011719,3.097656,3.019531,-1,165.771467,23.516172
2025-08-13T12:40:35.834758,44098,3.019531,3.097656,3.015625,-1,165.771467,23.516172
2025-08-13T12:40:36.531805,44099,3.015625,3.09375,3.007812,-1,165.588362,23.516172
2025-08-13T12:40:37.250806,44100,3.015625,3.101562,3.019531,-1,165.832503,23.516172
2025-08-13T12:40:37.929808,44101,3.011719,3.101562,3.015625,-1,165.771467,23.506731
2025-08-13T12:40:38.637823,44102,3.015625,3.09375,3.0117190000000003,-1,165.710432,23.506731
2025-08-13T12:40:39.276822,44103,3.007812,3.09375,3.015625,-1,165.649397,23.506731
2025-08-13T12:40:39.961821,44104,3.011719,3.09375,3.015625,-1,165.588362,23.506731
2025-08-13T12:40:40.662241,44105,3.011719,3.105469,3.015625,-1,165.649397,23.506731
2025-08-13T12:40:41.320253,44106,3.011719,3.101562,3.019531,-1,165.771467,23.49729
2025-08-13T12:40:42.055242,44107,3.011719,3.101562,3.007812,-1,165.710432,23.49729
2025-08-13T12:40:42.739239,44108,3.007812,3.097656,3.023438,-1,165.588362,23.478407
2025-08-13T12:40:43.414241,44109,3.015625,3.09375,3.023438,-1,165.710432,23.468965
2025-08-13T12:40:44.114243,44110,3.007812,3.101562,3.0117190000000003,-1,165.771467,23.468965
2025-08-13T12:40:44.775243,44111,3.011719,3.097656,3.007812,-1,165.771467,23.459523
2025-08-13T12:40:45.487242,44112,3.007812,3.097656,3.015625,-1,165.710432,23.450081
2025-08-13T12:40:46.189246,44113,3.007812,3.101562,3.0,-1,165.588362,23.450081
2025-08-13T12:40:46.875395,44114,3.015625,3.097656,3.0117190000000003,-1,165.649397,23.450081
2025-08-13T12:40:47.595242,44115,3.015625,3.09375,3.015625,-1,165.710432,23.440639
2025-08-13T12:40:48.233239,44116,3.011719,3.097656,3.015625,-1,165.710432,23.440639
2025-08-13T12:40:48.955245,44117,3.011719,3.101562,3.019531,-1,165.588362,23.421754
2025-08-13T12:40:49.670389,44118,3.011719,3.097656,3.015625,-1,165.771467,23.421754
2025-08-13T12:40:50.884762,44119,3.007812,3.105469,3.007812,-1,165.649397,23.412312
2025-08-13T12:40:51.636760,44120,3.019531,3.097656,3.0117190000000003,-1,165.771467,23.421754
2025-08-13T12:40:52.314761,44121,3.007812,3.101562,3.015625,-1,165.649397,23.431197
2025-08-13T12:40:53.003235,44122,3.011719,3.097656,3.0117190000000003,-1,165.771467,23.440639
2025-08-13T12:40:53.700235,44123,3.011719,3.101562,3.015625,-1,165.710432,23.450081
2025-08-13T12:40:54.470233,44124,3.015625,3.097656,3.007812,-1,165.527327,23.468965
2025-08-13T12:40:55.170236,44125,3.003906,3.097656,3.0,-1,165.588362,23.468965
2025-08-13T12:40:55.916235,44126,3.007812,3.085938,3.035156,-1,165.710432,23.487848
2025-08-13T12:40:56.751235,44127,3.007812,3.101562,3.015625,-1,165.771467,23.478407
2025-08-13T12:40:57.477234,44128,3.003906,3.101562,3.015625,-1,165.588362,23.468965
2025-08-13T12:40:58.175234,44129,3.015625,3.101562,3.0117190000000003,-1,165.649397,23.468965
2025-08-13T12:40:58.861236,44130,3.015625,3.097656,3.019531,-1,165.710432,23.468965
2025-08-13T12:40:59.567236,44131,3.011719,3.097656,3.015625,-1,165.832503,23.468965
2025-08-13T12:41:00.220234,44132,3.011719,3.097656,3.015625,-1,165.771467,23.468965
2025-08-13T12:41:00.891234,44133,3.015625,3.101562,3.0117190000000003,-1,165.649397,23.459523
2025-08-13T12:41:01.588236,44134,3.015625,3.101562,3.007812,-1,165.771467,23.459523
2025-08-13T12:41:02.299235,44135,3.015625,3.09375,3.015625,-1,165.588362,23.468965
2025-08-13T12:41:03.005236,44136,3.015625,3.101562,3.0117190000000003,-1,165.100081,23.478407
2025-08-13T12:41:03.711235,44137,3.015625,3.101562,3.007812,-1,161.682112,23.478407
2025-08-13T12:41:04.450244,44138,3.214844,3.066406,2.9492190000000003,-1,160.644515,23.487848
2025-08-13T12:41:05.049235,44139,3.003906,3.097656,3.023438,-1,160.766585,23.544495
2025-08-13T12:41:05.728234,44140,3.09375,3.125,2.992188,-1,160.522445,23.553936
2025-08-13T12:41:06.414235,44141,3.160156,3.027344,2.929688,-1,160.766585,23.563376
2025-08-13T12:41:07.109233,44142,3.054688,3.097656,2.929688,-1,161.926253,23.563376
2025-08-13T12:41:08.131233,44143,3.003906,3.097656,3.0117190000000003,-1,164.97801,23.553936
2025-08-13T12:41:08.795236,44144,3.003906,3.097656,3.019531,-1,165.161116,23.553936
2025-08-13T12:41:09.680234,44145,3.003906,3.089844,3.007812,-1,165.100081,23.544495
2025-08-13T12:41:10.358234,44146,3.007812,3.105469,3.035156,-1,165.161116,23.544495
2025-08-13T12:41:10.966234,44147,3.003906,3.097656,3.015625,-1,165.039046,23.553936
2025-08-13T12:41:11.654237,44148,3.003906,3.097656,3.007812,-1,165.039046,23.563376
2025-08-13T12:41:12.323233,44149,3.003906,3.097656,3.015625,-1,165.100081,23.563376
2025-08-13T12:41:13.041234,44150,3.003906,3.101562,3.0117190000000003,-1,165.222151,23.572817
2025-08-13T12:41:13.698235,44151,3.007812,3.097656,3.015625,-1,165.283186,23.563376
2025-08-13T12:41:14.395873,44152,3.003906,3.101562,3.015625,-1,165.039046,23.563376
2025-08-13T12:41:15.083870,44153,3.003906,3.105469,3.0117190000000003,-1,165.100081,23.563376
2025-08-13T12:41:15.820869,44154,3.003906,3.097656,3.0117190000000003,-1,165.161116,23.563376
2025-08-13T12:41:16.689870,44155,3.007812,3.101562,3.0117190000000003,-1,165.161116,23.553936
2025-08-13T12:41:17.297870,44156,3.015625,3.097656,3.019531,-1,165.161116,23.553936
2025-08-13T12:41:17.893875,44157,3.003906,3.101562,3.015625,-1,165.283186,23.563376
2025-08-13T12:41:18.604869,44158,3.003906,3.101562,3.007812,-1,165.222151,23.553936
2025-08-13T12:41:19.238871,44159,3.003906,3.097656,3.019531,-1,165.222151,23.553936
2025-08-13T12:41:20.546872,44160,3.011719,3.09375,3.0117190000000003,-1,165.283186,23.553936
2025-08-13T12:41:21.167870,44161,3.007812,3.097656,3.015625,-1,165.222151,23.544495
2025-08-13T12:41:21.778315,44162,3.003906,3.101562,3.003906,-1,165.222151,23.544495
2025-08-13T12:41:22.604316,44163,3.003906,3.097656,3.015625,-1,165.161116,23.553936
2025-08-13T12:41:23.352313,44164,3.007812,3.101562,3.015625,-1,165.283186,23.544495
2025-08-13T12:41:24.176314,44165,3.003906,3.09375,3.0117190000000003,-1,165.283186,23.553936
2025-08-13T12:41:24.934759,44166,3.003906,3.097656,3.0117190000000003,-1,165.039046,23.563376
2025-08-13T12:41:25.649756,44167,3.015625,3.101562,3.007812,-1,164.306624,23.553936
2025-08-13T12:41:26.284756,44168,3.050781,3.003906,3.0,-1,164.550764,23.553936
2025-08-13T12:41:26.957756,44169,3.128906,3.097656,2.992188,-1,164.123518,23.553936
2025-08-13T12:41:27.608755,44170,3.117188,3.074219,3.039062,-1,161.621077,23.553936
2025-08-13T12:41:28.253755,44171,3.207031,3.085938,3.003906,-1,157.836898,23.553936
2025-08-13T12:41:28.962272,44172,3.117188,3.289062,3.03125,-1,157.958968,23.591698
2025-08-13T12:41:29.604272,44173,3.125,3.230469,2.992188,-1,155.700668,23.856017
2025-08-13T12:41:30.307274,44174,3.136719,3.179688,2.9960940000000003,-1,156.127914,23.818257
2025-08-13T12:41:30.983273,44175,3.035156,3.175781,3.007812,-1,157.470687,23.657779
2025-08-13T12:41:31.644274,44176,3.058594,3.480469,3.269531,-1,157.836898,23.563376
2025-08-13T12:41:32.304273,44177,3.109375,3.210938,2.9960940000000003,-1,159.973128,23.572817
2025-08-13T12:41:32.987273,44178,3.199219,3.097656,2.9375,-1,157.897933,23.638899
2025-08-13T12:41:33.618272,44179,3.128906,3.109375,3.007812,-1,158.935531,23.516172
2025-08-13T12:41:34.317275,44180,3.101562,3.054688,3.0117190000000003,-1,161.193831,23.535054
2025-08-13T12:41:34.933272,44181,3.066406,3.089844,3.0117190000000003,-1,161.254866,23.544495
2025-08-13T12:41:35.517277,44182,3.007812,3.070312,3.964844,1,164.001448,23.525613
2025-08-13T12:41:36.154273,44183,3.015625,3.09375,3.007812,-1,164.367659,23.525613
2025-08-13T12:41:36.789273,44184,3.023438,3.09375,3.0117190000000003,-1,164.550764,23.525613
2025-08-13T12:41:37.400273,44185,3.027344,3.097656,3.003906,-1,164.550764,23.535054
2025-08-13T12:41:37.966272,44186,3.015625,3.09375,3.015625,-1,164.550764,23.535054
2025-08-13T12:41:38.607280,44187,3.023438,3.101562,3.007812,-1,164.428694,23.535054
2025-08-13T12:41:39.212272,44188,3.003906,3.09375,3.019531,-1,164.428694,23.525613
2025-08-13T12:41:39.852272,44189,3.015625,3.097656,3.019531,-1,164.6118,23.525613
2025-08-13T12:41:40.482273,44190,3.015625,3.09375,3.015625,-1,164.428694,23.535054
2025-08-13T12:41:41.074280,44191,3.019531,3.097656,3.0117190000000003,-1,164.6118,23.535054
2025-08-13T12:41:41.674272,44192,3.019531,3.097656,3.0117190000000003,-1,164.489729,23.535054
2025-08-13T12:41:42.257274,44193,3.011719,3.097656,3.0117190000000003,-1,164.550764,23.535054
2025-08-13T12:41:42.872272,44194,3.019531,3.09375,3.015625,-1,164.489729,23.544495
2025-08-13T12:41:43.463272,44195,3.007812,3.097656,3.015625,-1,164.6118,23.553936
2025-08-13T12:41:44.077275,44196,3.015625,3.09375,3.0117190000000003,-1,164.367659,23.553936
2025-08-13T12:41:44.756272,44197,3.003906,3.089844,3.0117190000000003,-1,164.367659,23.553936
2025-08-13T12:41:45.476271,44198,3.007812,3.097656,3.019531,-1,164.367659,23.553936
2025-08-13T12:41:46.152272,44199,3.011719,3.085938,3.0273440000000003,-1,164.062483,23.553936
2025-08-13T12:41:46.831273,44200,3.003906,3.066406,3.0585940000000003,-1,166.503889,23.00607
2025-08-13T12:41:47.539272,44201,3.324219,3.125,2.9804690000000003,-1,160.888655,23.752178
2025-08-13T12:41:48.201273,44202,3.355469,3.101562,2.957031,-1,157.714828,23.865457
2025-08-13T12:41:48.889999,44203,3.074219,3.09375,3.007812,-1,161.132796,23.723859
2025-08-13T12:41:49.558998,44204,3.007812,3.09375,3.015625,-1,164.306624,23.601138
2025-08-13T12:41:50.229999,44205,3.007812,3.09375,3.0273440000000003,-1,164.306624,23.591698
2025-08-13T12:41:50.955996,44206,3.015625,3.09375,3.023438,-1,164.428694,23.591698
2025-08-13T12:41:51.535998,44207,3.003906,3.097656,3.015625,-1,164.489729,23.591698
2025-08-13T12:41:52.319997,44208,3.003906,3.09375,3.0273440000000003,-1,164.306624,23.601138
2025-08-13T12:41:53.040000,44209,3.011719,3.09375,3.007812,-1,164.489729,23.601138
2025-08-13T12:41:53.647000,44210,3.003906,3.09375,3.015625,-1,164.428694,23.582258
2025-08-13T12:41:54.297996,44211,3.011719,3.089844,3.007812,-1,164.306624,23.582258
2025-08-13T12:41:54.882999,44212,3.003906,3.09375,3.0117190000000003,-1,164.367659,23.582258
2025-08-13T12:41:55.497000,44213,3.007812,3.09375,3.0117190000000003,-1,164.489729,23.591698
2025-08-13T12:41:56.175999,44214,3.011719,3.09375,3.0117190000000003,-1,164.6118,23.582258
2025-08-13T12:41:56.836995,44215,3.003906,3.09375,3.0117190000000003,-1,164.489729,23.582258
2025-08-13T12:41:58.351996,44216,3.003906,3.09375,3.0117190000000003,-1,164.367659,23.582258
2025-08-13T12:41:58.967997,44217,3.003906,3.09375,3.015625,-1,164.428694,23.582258
2025-08-13T12:41:59.566747,44218,3.003906,3.097656,3.007812,-1,164.062483,23.601138
2025-08-13T12:42:00.213745,44219,3.003906,3.097656,3.015625,-1,164.306624,23.610579
2025-08-13T12:42:01.036749,44220,3.007812,3.097656,3.007812,-1,164.306624,23.610579
2025-08-13T12:42:01.697748,44221,3.007812,3.09375,3.0273440000000003,-1,164.428694,23.620019
2025-08-13T12:42:02.432745,44222,3.003906,3.097656,3.015625,-1,164.245589,23.610579
2025-08-13T12:42:03.034747,44223,3.011719,3.09375,3.015625,-1,164.428694,23.601138
2025-08-13T12:42:03.604747,44224,3.003906,3.09375,3.019531,-1,164.245589,23.601138
2025-08-13T12:42:04.165745,44225,3.003906,3.09375,3.015625,-1,164.489729,23.591698
2025-08-13T12:42:04.717745,44226,3.007812,3.09375,3.015625,-1,164.550764,23.591698
2025-08-13T12:42:05.292745,44227,3.003906,3.097656,3.015625,-1,164.6118,23.601138
2025-08-13T12:42:05.884745,44228,3.007812,3.09375,3.0117190000000003,-1,164.6118,23.591698
2025-08-13T12:42:06.456887,44229,3.011719,3.097656,3.019531,-1,164.672835,23.591698
2025-08-13T12:42:07.011888,44230,3.003906,3.09375,3.019531,-1,164.367659,23.591698
2025-08-13T12:42:07.550887,44231,3.003906,3.09375,3.019531,-1,164.489729,23.582258
2025-08-13T12:42:08.303889,44232,3.011719,3.089844,3.0117190000000003,-1,164.428694,23.591698
2025-08-13T12:42:08.889109,44233,3.007812,3.09375,3.015625,-1,164.428694,23.601138
2025-08-13T12:42:09.484111,44234,3.003906,3.097656,3.015625,-1,164.245589,23.591698
2025-08-13T12:42:10.024117,44235,3.003906,3.105469,3.019531,-1,164.306624,23.572817
2025-08-13T12:42:10.577110,44236,3.007812,3.09375,3.0273440000000003,-1,164.367659,23.582258
2025-08-13T12:42:11.146384,44237,3.007812,3.097656,3.0117190000000003,-1,164.306624,23.563376
2025-08-13T12:42:11.768383,44238,3.011719,3.089844,3.0117190000000003,-1,164.489729,23.572817
2025-08-13T12:42:12.385400,44239,3.007812,3.097656,3.0117190000000003,-1,164.367659,23.563376
2025-08-13T12:42:13.004399,44240,3.003906,3.085938,3.0117190000000003,-1,164.428694,23.572817
2025-08-13T12:42:13.575810,44241,3.003906,3.09375,3.0117190000000003,-1,164.428694,23.582258
2025-08-13T12:42:14.117814,44242,3.003906,3.089844,3.0117190000000003,-1,164.367659,23.572817
2025-08-13T12:42:14.671809,44243,3.003906,3.097656,3.015625,-1,164.367659,23.591698
2025-08-13T12:42:15.197808,44244,3.019531,3.097656,3.015625,-1,164.428694,23.601138
2025-08-13T12:42:15.742809,44245,3.003906,3.09375,3.0117190000000003,-1,164.428694,23.601138
2025-08-13T12:42:16.265808,44246,3.007812,3.09375,3.015625,-1,164.245589,23.601138
2025-08-13T12:42:16.816809,44247,3.003906,3.089844,3.015625,-1,164.245589,23.610579
2025-08-13T12:42:17.360809,44248,3.003906,3.09375,3.019531,-1,164.428694,23.620019
2025-08-13T12:42:17.903809,44249,3.003906,3.09375,3.015625,-1,164.245589,23.620019
2025-08-13T12:42:18.531808,44250,3.007812,3.09375,3.0117190000000003,-1,164.367659,23.610579
2025-08-13T12:42:19.089809,44251,3.007812,3.09375,3.019531,-1,164.367659,23.620019
2025-08-13T12:42:19.669808,44252,3.003906,3.097656,3.0117190000000003,-1,164.306624,23.620019
2025-08-13T12:42:20.185808,44253,3.003906,3.097656,3.0117190000000003,-1,164.306624,23.629459
2025-08-13T12:42:20.777809,44254,3.007812,3.097656,3.015625,-1,164.245589,23.629459
2025-08-13T12:42:21.296832,44255,3.007812,3.085938,3.0117190000000003,-1,164.489729,23.620019
2025-08-13T12:42:21.895826,44256,3.003906,3.089844,3.015625,-1,164.489729,23.610579
2025-08-13T12:42:22.426763,44257,3.003906,3.09375,3.019531,-1,164.367659,23.610579
2025-08-13T12:42:22.995764,44258,3.003906,3.089844,3.019531,-1,164.428694,23.620019
2025-08-13T12:42:23.561761,44259,3.003906,3.097656,3.015625,-1,164.306624,23.610579
2025-08-13T12:42:24.691762,44260,3.007812,3.09375,3.0117190000000003,-1,164.306624,23.601138
2025-08-13T12:42:25.304764,44261,3.007812,3.085938,3.007812,-1,164.367659,23.601138
2025-08-13T12:42:25.916761,44262,3.011719,3.097656,3.007812,-1,164.428694,23.610579
2025-08-13T12:42:26.519763,44263,3.003906,3.09375,3.015625,-1,164.367659,23.610579
2025-08-13T12:42:27.148762,44264,3.003906,3.097656,3.019531,-1,164.367659,23.610579
2025-08-13T12:42:27.758764,44265,3.007812,3.097656,3.019531,-1,164.306624,23.620019
2025-08-13T12:42:28.349765,44266,3.003906,3.097656,3.0117190000000003,-1,164.367659,23.620019
2025-08-13T12:42:28.917761,44267,3.003906,3.09375,3.015625,-1,164.306624,23.629459
2025-08-13T12:42:29.483762,44268,3.003906,3.09375,3.0117190000000003,-1,164.306624,23.629459
2025-08-13T12:42:30.061763,44269,3.011719,3.09375,3.003906,-1,164.367659,23.629459
2025-08-13T12:42:30.729762,44270,3.003906,3.09375,3.007812,-1,164.428694,23.610579
2025-08-13T12:42:31.404763,44271,3.003906,3.09375,3.007812,-1,164.428694,23.610579
2025-08-13T12:42:32.142762,44272,3.007812,3.097656,3.0117190000000003,-1,164.306624,23.610579
2025-08-13T12:42:32.748762,44273,3.003906,3.097656,3.015625,-1,164.245589,23.629459
2025-08-13T12:42:33.380763,44274,3.003906,3.09375,3.0117190000000003,-1,164.306624,23.629459
2025-08-13T12:42:33.984762,44275,3.003906,3.09375,3.007812,-1,164.367659,23.620019
2025-08-13T12:42:34.526779,44276,3.003906,3.089844,3.007812,-1,164.367659,23.620019
2025-08-13T12:42:35.095785,44277,3.015625,3.097656,3.007812,-1,164.428694,23.629459
2025-08-13T12:42:35.682783,44278,3.007812,3.089844,3.0117190000000003,-1,164.367659,23.629459
2025-08-13T12:42:36.236780,44279,3.007812,3.09375,3.007812,-1,164.184554,23.629459
2025-08-13T12:42:36.798779,44280,3.003906,3.097656,3.015625,-1,164.184554,23.629459
2025-08-13T12:42:37.320779,44281,3.011719,3.09375,3.0117190000000003,-1,164.245589,23.629459
2025-08-13T12:42:37.956781,44282,3.003906,3.09375,3.0117190000000003,-1,164.245589,23.629459
2025-08-13T12:42:38.615781,44283,3.003906,3.09375,3.0273440000000003,-1,164.184554,23.638899
2025-08-13T12:42:39.296781,44284,3.003906,3.089844,3.0117190000000003,-1,163.940413,23.638899
2025-08-13T12:42:39.944780,44285,3.003906,3.101562,3.015625,-1,163.818343,23.638899
2025-08-13T12:42:40.589781,44286,3.003906,3.09375,3.007812,-1,163.818343,23.638899
2025-08-13T12:42:41.323780,44287,3.003906,3.097656,3.015625,-1,163.574202,23.638899
2025-08-13T12:42:41.877780,44288,3.003906,3.09375,3.0117190000000003,-1,164.245589,23.629459
2025-08-13T12:42:42.427723,44289,3.003906,3.097656,3.0117190000000003,-1,164.184554,23.629459
2025-08-13T12:42:42.964721,44290,3.003906,3.097656,3.019531,-1,164.489729,23.638899
2025-08-13T12:42:43.509722,44291,3.007812,3.097656,3.019531,-1,164.367659,23.638899
2025-08-13T12:42:44.020185,44292,3.015625,3.089844,3.0117190000000003,-1,164.367659,23.648339
2025-08-13T12:42:44.550186,44293,3.003906,3.097656,3.0117190000000003,-1,164.245589,23.657779
2025-08-13T12:42:45.092408,44294,3.003906,3.097656,3.015625,-1,164.550764,23.667219
2025-08-13T12:42:45.622409,44295,3.003906,3.09375,3.007812,-1,164.489729,23.667219
2025-08-13T12:42:46.143595,44296,3.011719,3.097656,3.0117190000000003,-1,164.367659,23.667219
2025-08-13T12:42:46.668594,44297,3.007812,3.097656,3.015625,-1,164.367659,23.667219
2025-08-13T12:42:47.193617,44298,3.011719,3.09375,3.015625,-1,164.367659,23.676659
2025-08-13T12:42:47.727617,44299,3.015625,3.089844,3.015625,-1,164.245589,23.667219
2025-08-13T12:42:48.346022,44300,3.007812,3.09375,3.015625,-1,164.245589,23.676659
2025-08-13T12:42:48.875854,44301,3.003906,3.097656,3.015625,-1,164.245589,23.667219
2025-08-13T12:42:49.420869,44302,3.011719,3.09375,3.015625,-1,164.306624,23.657779
2025-08-13T12:42:49.929869,44303,3.003906,3.097656,3.015625,-1,164.306624,23.648339
2025-08-13T12:42:50.446146,44304,3.011719,3.09375,3.0117190000000003,-1,164.428694,23.648339
2025-08-13T12:42:51.476460,44305,3.011719,3.097656,3.019531,-1,164.245589,23.638899
2025-08-13T12:42:51.988016,44306,3.003906,3.097656,3.015625,-1,164.306624,23.629459
2025-08-13T12:42:52.512821,44307,3.015625,3.09375,3.015625,-1,164.306624,23.638899
2025-08-13T12:42:53.027854,44308,3.007812,3.09375,3.0117190000000003,-1,164.367659,23.629459
2025-08-13T12:42:53.553048,44309,3.007812,3.097656,3.015625,-1,164.306624,23.629459
2025-08-13T12:42:54.063808,44310,3.015625,3.097656,3.019531,-1,164.489729,23.629459
2025-08-13T12:42:54.600807,44311,3.007812,3.09375,3.007812,-1,164.306624,23.620019
2025-08-13T12:42:55.120807,44312,3.003906,3.09375,3.019531,-1,164.428694,23.629459
2025-08-13T12:42:55.664809,44313,3.003906,3.09375,3.007812,-1,164.245589,23.629459
2025-08-13T12:42:56.184807,44314,3.003906,3.09375,3.0117190000000003,-1,164.306624,23.638899
2025-08-13T12:42:56.698807,44315,3.007812,3.09375,3.007812,-1,164.367659,23.638899
2025-08-13T12:42:57.250808,44316,3.003906,3.09375,3.0117190000000003,-1,164.245589,23.629459
2025-08-13T12:42:57.767807,44317,3.011719,3.09375,3.019531,-1,164.245589,23.629459
2025-08-13T12:42:58.292807,44318,3.007812,3.089844,3.019531,-1,164.489729,23.620019
2025-08-13T12:42:58.806812,44319,3.007812,3.09375,3.0117190000000003,-1,164.489729,23.610579
2025-08-13T12:42:59.359813,44320,3.007812,3.09375,3.019531,-1,164.306624,23.601138
2025-08-13T12:42:59.896812,44321,3.011719,3.09375,3.0117190000000003,-1,164.306624,23.610579
2025-08-13T12:43:00.427813,44322,3.003906,3.09375,3.0117190000000003,-1,164.367659,23.620019
2025-08-13T12:43:00.964815,44323,3.003906,3.097656,3.023438,-1,164.245589,23.610579
2025-08-13T12:43:01.645818,44324,3.003906,3.09375,3.015625,-1,164.428694,23.610579
2025-08-13T12:43:02.322815,44325,3.003906,3.097656,3.0117190000000003,-1,164.428694,23.610579
2025-08-13T12:43:02.982816,44326,3.003906,3.097656,3.0117190000000003,-1,164.367659,23.610579
2025-08-13T12:43:03.628815,44327,3.007812,3.09375,3.019531,-1,164.489729,23.620019
2025-08-13T12:43:04.276816,44328,3.003906,3.097656,3.015625,-1,164.489729,23.620019
2025-08-13T12:43:04.963813,44329,3.003906,3.09375,3.015625,-1,164.367659,23.610579
2025-08-13T12:43:05.713813,44330,3.003906,3.089844,3.0117190000000003,-1,164.489729,23.620019
2025-08-13T12:43:06.336819,44331,3.007812,3.097656,3.0117190000000003,-1,164.245589,23.620019
2025-08-13T12:43:07.017812,44332,3.011719,3.09375,3.0117190000000003,-1,164.367659,23.610579
2025-08-13T12:43:07.664341,44333,3.007812,3.097656,3.015625,-1,164.428694,23.610579
2025-08-13T12:43:08.305339,44334,3.003906,3.097656,3.019531,-1,164.306624,23.610579
2025-08-13T12:43:09.050338,44335,3.003906,3.09375,3.0117190000000003,-1,164.306624,23.601138
2025-08-13T12:43:09.591341,44336,3.003906,3.09375,3.0117190000000003,-1,164.489729,23.601138
2025-08-13T12:43:10.137402,44337,3.003906,3.097656,3.0117190000000003,-1,164.306624,23.591698
2025-08-13T12:43:10.677402,44338,3.003906,3.09375,3.019531,-1,164.428694,23.591698
2025-08-13T12:43:11.195403,44339,3.003906,3.097656,3.007812,-1,164.489729,23.582258
2025-08-13T12:43:11.754403,44340,3.007812,3.09375,3.0117190000000003,-1,164.306624,23.582258
2025-08-13T12:43:12.283402,44341,3.003906,3.089844,3.015625,-1,164.428694,23.582258
2025-08-13T12:43:12.807402,44342,3.003906,3.097656,3.015625,-1,164.245589,23.591698
2025-08-13T12:43:13.326564,44343,3.003906,3.09375,3.015625,-1,164.306624,23.601138
2025-08-13T12:43:13.852564,44344,3.003906,3.09375,3.0117190000000003,-1,164.367659,23.610579
2025-08-13T12:43:14.391864,44345,3.011719,3.09375,3.015625,-1,164.367659,23.620019
2025-08-13T12:43:14.918866,44346,3.003906,3.09375,3.0117190000000003,-1,164.306624,23.629459
2025-08-13T12:43:15.441763,44347,3.003906,3.09375,3.015625,-1,164.428694,23.629459
2025-08-13T12:43:15.971763,44348,3.007812,3.089844,3.0117190000000003,-1,164.428694,23.638899
2025-08-13T12:43:16.524764,44349,3.003906,3.097656,3.0117190000000003,-1,164.306624,23.638899
2025-08-13T12:43:17.052763,44350,3.007812,3.097656,3.0117190000000003,-1,164.428694,23.638899
2025-08-13T12:43:17.573854,44351,3.007812,3.09375,3.015625,-1,164.306624,23.648339
2025-08-13T12:43:18.117853,44352,3.003906,3.09375,3.0117190000000003,-1,164.428694,23.638899
2025-08-13T12:43:18.638039,44353,3.007812,3.09375,3.0117190000000003,-1,164.550764,23.648339
2025-08-13T12:43:19.159039,44354,3.003906,3.097656,3.0117190000000003,-1,164.550764,23.629459
2025-08-13T12:43:19.697040,44355,3.003906,3.089844,3.0117190000000003,-1,164.6118,23.620019
2025-08-13T12:43:20.229039,44356,3.007812,3.09375,3.015625,-1,164.489729,23.610579
2025-08-13T12:43:20.751038,44357,3.007812,3.089844,3.0117190000000003,-1,164.428694,23.610579
2025-08-13T12:43:21.270037,44358,3.003906,3.09375,3.0117190000000003,-1,164.6118,23.620019
2025-08-13T12:43:21.787038,44359,3.003906,3.09375,3.0117190000000003,-1,164.367659,23.610579
2025-08-13T12:43:22.322054,44360,3.007812,3.09375,3.007812,-1,164.489729,23.620019
2025-08-13T12:43:22.842056,44361,3.003906,3.089844,3.0117190000000003,-1,164.428694,23.620019
2025-08-13T12:43:23.369053,44362,3.003906,3.09375,3.019531,-1,164.489729,23.620019
2025-08-13T12:43:23.936053,44363,3.003906,3.097656,3.0117190000000003,-1,164.489729,23.629459
2025-08-13T12:43:24.474204,44364,3.003906,3.097656,3.015625,-1,164.428694,23.629459
2025-08-13T12:43:25.024205,44365,3.003906,3.09375,3.0117190000000003,-1,164.489729,23.638899
2025-08-13T12:43:25.554205,44366,3.007812,3.09375,3.007812,-1,164.306624,23.648339
2025-08-13T12:43:26.080204,44367,3.007812,3.09375,3.015625,-1,164.306624,23.648339
2025-08-13T12:43:26.611880,44368,3.007812,3.09375,3.007812,-1,164.306624,23.657779
2025-08-13T12:43:27.138879,44369,3.011719,3.09375,3.0117190000000003,-1,164.306624,23.657779
2025-08-13T12:43:27.666878,44370,3.003906,3.09375,3.0117190000000003,-1,164.306624,23.667219
2025-08-13T12:43:28.295878,44371,3.007812,3.09375,3.0117190000000003,-1,164.306624,23.676659
2025-08-13T12:43:28.817878,44372,3.003906,3.09375,3.015625,-1,164.367659,23.676659
2025-08-13T12:43:29.341823,44373,3.003906,3.09375,3.0117190000000003,-1,164.489729,23.676659
2025-08-13T12:43:29.871822,44374,3.007812,3.09375,3.0117190000000003,-1,164.367659,23.686099
2025-08-13T12:43:30.399824,44375,3.003906,3.09375,3.0117190000000003,-1,164.489729,23.686099
2025-08-13T12:43:30.921825,44376,3.003906,3.09375,3.015625,-1,164.428694,23.695539
2025-08-13T12:43:31.446823,44377,3.003906,3.09375,3.0117190000000003,-1,164.306624,23.695539
2025-08-13T12:43:31.963823,44378,3.007812,3.09375,3.0117190000000003,-1,164.428694,23.695539
2025-08-13T12:43:32.494878,44379,3.003906,3.09375,3.015625,-1,164.428694,23.695539
2025-08-13T12:43:33.065878,44380,3.007812,3.09375,3.019531,-1,164.245589,23.695539
2025-08-13T12:43:33.590879,44381,3.007812,3.089844,3.015625,-1,164.306624,23.704979
2025-08-13T12:43:34.122878,44382,3.003906,3.09375,3.007812,-1,164.306624,23.704979
2025-08-13T12:43:34.655836,44383,3.003906,3.097656,3.0117190000000003,-1,164.306624,23.695539
2025-08-13T12:43:35.182837,44384,3.003906,3.09375,3.0117190000000003,-1,164.489729,23.686099
2025-08-13T12:43:35.853331,44385,3.003906,3.097656,3.015625,-1,164.428694,23.695539
2025-08-13T12:43:36.393332,44386,3.003906,3.097656,3.0117190000000003,-1,164.245589,23.695539
2025-08-13T12:43:36.912333,44387,3.011719,3.089844,3.015625,-1,164.306624,23.704979
2025-08-13T12:43:37.447331,44388,3.011719,3.097656,3.007812,-1,164.306624,23.695539
2025-08-13T12:43:37.990332,44389,3.007812,3.097656,3.0117190000000003,-1,164.367659,23.695539
2025-08-13T12:43:38.535332,44390,3.015625,3.097656,3.015625,-1,164.428694,23.695539
2025-08-13T12:43:39.059331,44391,3.003906,3.097656,3.0117190000000003,-1,164.306624,23.695539
2025-08-13T12:43:39.574332,44392,3.003906,3.089844,3.019531,-1,164.428694,23.704979
2025-08-13T12:43:40.103331,44393,3.003906,3.089844,3.015625,-1,164.367659,23.704979
2025-08-13T12:43:40.627331,44394,3.003906,3.085938,3.015625,-1,164.428694,23.695539
2025-08-13T12:43:41.147548,44395,3.003906,3.097656,3.015625,-1,164.489729,23.695539
2025-08-13T12:43:41.670549,44396,3.003906,3.09375,3.015625,-1,164.489729,23.695539
2025-08-13T12:43:42.189968,44397,3.003906,3.097656,3.0117190000000003,-1,164.428694,23.686099
2025-08-13T12:43:42.719966,44398,3.007812,3.09375,3.015625,-1,164.428694,23.686099
2025-08-13T12:43:43.251972,44399,3.003906,3.089844,3.019531,-1,164.306624,23.676659
2025-08-13T12:43:43.774972,44400,3.003906,3.097656,3.015625,-1,164.428694,23.667219
2025-08-13T12:43:45.149479,44401,3.003906,3.09375,3.019531,-1,164.428694,23.657779
2025-08-13T12:43:45.682480,44402,3.003906,3.09375,3.015625,-1,164.428694,23.667219
2025-08-13T12:43:46.209477,44403,3.003906,3.09375,3.0117190000000003,-1,164.428694,23.667219
2025-08-13T12:43:46.745477,44404,3.003906,3.089844,3.0117190000000003,-1,164.489729,23.667219
2025-08-13T12:43:47.279478,44405,3.007812,3.09375,3.019531,-1,164.489729,23.667219
2025-08-13T12:43:47.821477,44406,3.003906,3.097656,3.003906,-1,164.367659,23.676659
2025-08-13T12:43:48.343117,44407,3.007812,3.097656,3.015625,-1,164.489729,23.686099
2025-08-13T12:43:48.876119,44408,3.007812,3.097656,3.0117190000000003,-1,164.306624,23.686099
2025-08-13T12:43:49.400146,44409,3.007812,3.09375,3.015625,-1,164.306624,23.695539
2025-08-13T12:43:49.918151,44410,3.003906,3.09375,3.0117190000000003,-1,164.489729,23.695539
2025-08-13T12:43:50.543898,44411,3.007812,3.09375,3.015625,-1,164.489729,23.695539
2025-08-13T12:43:51.064900,44412,3.007812,3.09375,3.0117190000000003,-1,164.428694,23.695539
2025-08-13T12:43:51.600899,44413,3.007812,3.089844,3.0117190000000003,-1,164.489729,23.704979
2025-08-13T12:43:52.136900,44414,3.011719,3.097656,3.015625,-1,164.550764,23.695539
2025-08-13T12:43:52.656899,44415,3.003906,3.09375,3.019531,-1,164.489729,23.704979
2025-08-13T12:43:53.193900,44416,3.011719,3.09375,3.019531,-1,164.306624,23.686099
2025-08-13T12:43:53.722749,44417,3.003906,3.101562,3.0117190000000003,-1,164.489729,23.695539
2025-08-13T12:43:54.265751,44418,3.003906,3.09375,3.0117190000000003,-1,164.367659,23.686099
2025-08-13T12:43:54.933752,44419,3.015625,3.09375,3.019531,-1,164.428694,23.686099
2025-08-13T12:43:55.578425,44420,3.003906,3.097656,3.007812,-1,164.428694,23.695539
2025-08-13T12:43:56.118424,44421,3.003906,3.09375,3.007812,-1,164.489729,23.704979
2025-08-13T12:43:56.650754,44422,3.003906,3.089844,3.0117190000000003,-1,164.428694,23.704979
2025-08-13T12:43:57.240511,44423,3.007812,3.089844,3.015625,-1,164.367659,23.704979
2025-08-13T12:43:57.767094,44424,3.003906,3.09375,3.0117190000000003,-1,164.489729,23.723859
2025-08-13T12:43:58.290092,44425,3.007812,3.097656,3.007812,-1,164.306624,23.723859
2025-08-13T12:43:58.921576,44426,3.003906,3.09375,3.007812,-1,164.489729,23.723859
2025-08-13T12:43:59.447408,44427,3.007812,3.089844,3.0117190000000003,-1,164.428694,23.723859
2025-08-13T12:43:59.973404,44428,3.003906,3.09375,3.015625,-1,164.367659,23.733298
2025-08-13T12:44:00.501863,44429,3.015625,3.09375,3.007812,-1,164.306624,23.723859
2025-08-13T12:44:01.043862,44430,3.011719,3.097656,3.0117190000000003,-1,164.306624,23.714419
2025-08-13T12:44:01.570885,44431,3.003906,3.09375,3.0117190000000003,-1,164.306624,23.704979
2025-08-13T12:44:02.085895,44432,3.007812,3.09375,3.015625,-1,164.367659,23.704979
2025-08-13T12:44:02.599615,44433,3.011719,3.097656,3.007812,-1,164.489729,23.714419
2025-08-13T12:44:03.227863,44434,3.003906,3.09375,3.0117190000000003,-1,164.367659,23.714419
2025-08-13T12:44:03.744864,44435,3.003906,3.097656,3.0117190000000003,-1,164.428694,23.723859
2025-08-13T12:44:04.282863,44436,3.011719,3.097656,3.019531,-1,164.367659,23.723859
2025-08-13T12:44:04.814835,44437,3.011719,3.09375,3.015625,-1,164.428694,23.723859
2025-08-13T12:44:05.337836,44438,3.003906,3.089844,3.019531,-1,164.428694,23.723859
2025-08-13T12:44:05.860046,44439,3.003906,3.097656,3.015625,-1,164.367659,23.714419
2025-08-13T12:44:06.404182,44440,3.007812,3.097656,3.0117190000000003,-1,164.489729,23.714419
2025-08-13T12:44:06.959933,44441,3.015625,3.09375,3.015625,-1,164.428694,23.714419
2025-08-13T12:44:07.474933,44442,3.007812,3.089844,3.0117190000000003,-1,164.367659,23.714419
2025-08-13T12:44:07.996933,44443,3.007812,3.097656,3.015625,-1,164.489729,23.723859
2025-08-13T12:44:08.611736,44444,3.003906,3.09375,3.015625,-1,164.367659,23.733298
2025-08-13T12:44:09.144736,44445,3.003906,3.09375,3.015625,-1,164.428694,23.733298
2025-08-13T12:44:09.665856,44446,3.003906,3.097656,3.019531,-1,164.489729,23.733298
2025-08-13T12:44:10.191856,44447,3.003906,3.09375,3.0117190000000003,-1,164.306624,23.733298
2025-08-13T12:44:10.707857,44448,3.003906,3.09375,3.0117190000000003,-1,164.489729,23.723859
2025-08-13T12:44:11.234279,44449,3.007812,3.097656,3.0117190000000003,-1,164.367659,23.742738
2025-08-13T12:44:11.751908,44450,3.007812,3.09375,3.015625,-1,164.489729,23.761618
2025-08-13T12:44:12.371906,44451,3.003906,3.097656,3.015625,-1,164.367659,23.742738
2025-08-13T12:44:12.893906,44452,3.003906,3.097656,3.0117190000000003,-1,164.428694,23.752178
2025-08-13T12:44:13.411906,44453,3.015625,3.09375,3.015625,-1,164.367659,23.752178
2025-08-13T12:44:13.934907,44454,3.003906,3.09375,3.015625,-1,164.489729,23.752178
2025-08-13T12:44:14.459906,44455,3.007812,3.089844,3.015625,-1,164.306624,23.742738
2025-08-13T12:44:14.986480,44456,3.003906,3.09375,3.015625,-1,164.306624,23.733298
2025-08-13T12:44:15.513907,44457,3.011719,3.09375,3.019531,-1,164.367659,23.723859
2025-08-13T12:44:16.089976,44458,3.007812,3.097656,3.015625,-1,164.550764,23.733298
2025-08-13T12:44:16.612675,44459,3.003906,3.089844,3.0117190000000003,-1,164.367659,23.742738
2025-08-13T12:44:17.129085,44460,3.003906,3.09375,3.019531,-1,164.306624,23.742738
2025-08-13T12:44:18.021541,44461,3.007812,3.097656,3.0117190000000003,-1,164.367659,23.742738
2025-08-13T12:44:18.551020,44462,3.015625,3.09375,3.007812,-1,164.489729,23.742738
2025-08-13T12:44:19.078020,44463,3.003906,3.09375,3.015625,-1,164.489729,23.742738
2025-08-13T12:44:19.693870,44464,3.003906,3.089844,3.015625,-1,164.489729,23.742738
2025-08-13T12:44:20.214871,44465,3.003906,3.085938,3.007812,-1,164.306624,23.733298
2025-08-13T12:44:20.751869,44466,3.015625,3.089844,3.015625,-1,164.489729,23.733298
2025-08-13T12:44:21.275870,44467,3.003906,3.089844,3.015625,-1,164.428694,23.733298
2025-08-13T12:44:21.797870,44468,3.003906,3.09375,3.0117190000000003,-1,164.6118,23.752178
2025-08-13T12:44:22.329870,44469,3.003906,3.089844,3.015625,-1,164.489729,23.752178
2025-08-13T12:44:22.854871,44470,3.015625,3.097656,3.015625,-1,164.550764,23.752178
2025-08-13T12:44:23.402872,44471,3.003906,3.085938,3.015625,-1,164.489729,23.761618
2025-08-13T12:44:23.919784,44472,3.007812,3.097656,3.019531,-1,164.245589,23.752178
2025-08-13T12:44:24.456783,44473,3.011719,3.089844,3.015625,-1,164.489729,23.761618
2025-08-13T12:44:24.999784,44474,3.003906,3.09375,3.0117190000000003,-1,164.489729,23.761618
2025-08-13T12:44:25.617783,44475,3.003906,3.097656,3.019531,-1,164.489729,23.761618
2025-08-13T12:44:26.167783,44476,3.003906,3.09375,3.0117190000000003,-1,164.489729,23.771058
2025-08-13T12:44:26.822783,44477,3.003906,3.097656,3.0117190000000003,-1,164.367659,23.771058
2025-08-13T12:44:27.353784,44478,3.003906,3.09375,3.015625,-1,164.367659,23.761618
2025-08-13T12:44:27.877784,44479,3.007812,3.09375,3.019531,-1,164.550764,23.752178
2025-08-13T12:44:28.418784,44480,3.003906,3.09375,3.015625,-1,164.489729,23.723859
2025-08-13T12:44:29.656691,44481,3.003906,3.09375,3.015625,-1,164.428694,23.704979
2025-08-13T12:44:30.181692,44482,3.003906,3.09375,3.003906,-1,164.367659,23.704979
2025-08-13T12:44:30.705110,44483,3.011719,3.097656,3.015625,-1,164.550764,23.723859
2025-08-13T12:44:31.274109,44484,3.003906,3.089844,3.015625,-1,164.306624,23.714419
2025-08-13T12:44:31.838731,44485,3.003906,3.09375,3.0117190000000003,-1,164.489729,23.714419
2025-08-13T12:44:32.385732,44486,3.003906,3.097656,3.0117190000000003,-1,164.6118,23.714419
2025-08-13T12:44:32.912940,44487,3.011719,3.09375,3.0117190000000003,-1,164.550764,23.723859
2025-08-13T12:44:33.453939,44488,3.007812,3.101562,3.0117190000000003,-1,164.550764,23.723859
2025-08-13T12:44:34.015950,44489,3.011719,3.09375,3.007812,-1,164.489729,23.733298
2025-08-13T12:44:34.589944,44490,3.003906,3.097656,3.0117190000000003,-1,164.550764,23.742738
2025-08-13T12:44:35.143944,44491,3.007812,3.09375,3.0117190000000003,-1,164.428694,23.742738
2025-08-13T12:44:35.677946,44492,3.003906,3.101562,3.007812,-1,164.367659,23.742738
2025-08-13T12:44:36.246945,44493,3.007812,3.097656,3.0117190000000003,-1,164.550764,23.752178
2025-08-13T12:44:36.795944,44494,3.003906,3.089844,3.023438,-1,164.428694,23.752178
2025-08-13T12:44:37.333944,44495,3.007812,3.09375,3.007812,-1,164.367659,23.752178
2025-08-13T12:44:37.860944,44496,3.003906,3.089844,3.0117190000000003,-1,164.428694,23.761618
2025-08-13T12:44:38.388944,44497,3.003906,3.09375,3.0117190000000003,-1,164.550764,23.761618
2025-08-13T12:44:38.924948,44498,3.007812,3.09375,3.015625,-1,164.428694,23.761618
2025-08-13T12:44:39.459944,44499,3.003906,3.09375,3.019531,-1,164.428694,23.761618
2025-08-13T12:44:40.039945,44500,3.003906,3.09375,3.015625,-1,164.489729,23.771058
2025-08-13T12:44:40.611945,44501,3.003906,3.09375,3.015625,-1,164.489729,23.771058
2025-08-13T12:44:41.144945,44502,3.003906,3.09375,3.023438,-1,164.428694,23.780498
2025-08-13T12:44:41.680944,44503,3.007812,3.09375,3.015625,-1,164.550764,23.780498
2025-08-13T12:44:42.200864,44504,3.003906,3.089844,3.019531,-1,164.367659,23.780498
2025-08-13T12:44:42.736874,44505,3.003906,3.097656,3.015625,-1,164.367659,23.771058
2025-08-13T12:44:43.277861,44506,3.003906,3.097656,3.015625,-1,164.550764,23.771058
2025-08-13T12:44:43.904858,44507,3.003906,3.09375,3.007812,-1,164.6118,23.771058
2025-08-13T12:44:44.432860,44508,3.003906,3.097656,3.019531,-1,164.550764,23.752178
2025-08-13T12:44:44.962861,44509,3.011719,3.09375,3.0117190000000003,-1,164.428694,23.752178
2025-08-13T12:44:45.489859,44510,3.003906,3.097656,3.0117190000000003,-1,164.428694,23.752178
2025-08-13T12:44:46.016860,44511,3.015625,3.089844,3.007812,-1,164.6118,23.742738
2025-08-13T12:44:46.547860,44512,3.003906,3.097656,3.015625,-1,164.550764,23.742738
2025-08-13T12:44:47.064149,44513,3.003906,3.09375,3.007812,-1,164.428694,23.752178
2025-08-13T12:44:47.690147,44514,3.003906,3.097656,3.015625,-1,164.550764,23.761618
2025-08-13T12:44:48.204146,44515,3.003906,3.09375,3.0,-1,164.550764,23.752178
2025-08-13T12:44:48.731147,44516,3.015625,3.089844,3.0117190000000003,-1,164.73387,23.752178
2025-08-13T12:44:49.246147,44517,3.003906,3.097656,3.0117190000000003,-1,164.73387,23.752178
2025-08-13T12:44:49.767147,44518,3.003906,3.09375,3.015625,-1,164.6118,23.752178
2025-08-13T12:44:50.286164,44519,3.007812,3.09375,3.0117190000000003,-1,164.550764,23.733298
2025-08-13T12:44:50.824164,44520,3.003906,3.09375,3.019531,-1,164.367659,23.723859
2025-08-13T12:44:51.347208,44521,3.003906,3.097656,3.0117190000000003,-1,164.428694,23.723859
2025-08-13T12:44:51.865209,44522,3.007812,3.089844,3.007812,-1,164.550764,23.714419
2025-08-13T12:44:52.395857,44523,3.007812,3.09375,3.007812,-1,164.489729,23.704979
2025-08-13T12:44:53.029855,44524,3.003906,3.097656,3.015625,-1,164.550764,23.704979
2025-08-13T12:44:53.559855,44525,3.003906,3.09375,3.0117190000000003,-1,164.367659,23.695539
2025-08-13T12:44:54.083856,44526,3.003906,3.097656,3.0117190000000003,-1,164.428694,23.686099
2025-08-13T12:44:54.607319,44527,3.015625,3.09375,3.015625,-1,164.428694,23.695539
2025-08-13T12:44:55.134319,44528,3.011719,3.089844,3.015625,-1,164.489729,23.695539
2025-08-13T12:44:55.657714,44529,3.003906,3.09375,3.007812,-1,164.489729,23.695539
2025-08-13T12:44:56.193715,44530,3.011719,3.09375,3.015625,-1,164.489729,23.686099
2025-08-13T12:44:56.726495,44531,3.011719,3.089844,3.007812,-1,164.428694,23.686099
2025-08-13T12:44:57.258495,44532,3.003906,3.089844,3.015625,-1,164.550764,23.686099
2025-08-13T12:44:57.784349,44533,3.003906,3.097656,3.007812,-1,164.367659,23.686099
2025-08-13T12:44:58.324349,44534,3.003906,3.09375,3.015625,-1,164.367659,23.695539
2025-08-13T12:44:58.853521,44535,3.003906,3.097656,3.019531,-1,164.489729,23.695539
2025-08-13T12:44:59.411519,44536,3.007812,3.09375,3.015625,-1,164.550764,23.695539
2025-08-13T12:44:59.946390,44537,3.003906,3.09375,3.0117190000000003,-1,164.428694,23.686099
2025-08-13T12:45:00.595389,44538,3.003906,3.09375,3.0117190000000003,-1,164.550764,23.686099
2025-08-13T12:45:01.117512,44539,3.007812,3.089844,3.0117190000000003,-1,164.367659,23.686099
2025-08-13T12:45:01.666511,44540,3.003906,3.09375,3.015625,-1,164.550764,23.686099
2025-08-13T12:45:02.190973,44541,3.011719,3.09375,3.023438,-1,164.428694,23.676659
2025-08-13T12:45:02.726972,44542,3.003906,3.09375,3.0117190000000003,-1,164.550764,23.686099
2025-08-13T12:45:03.249972,44543,3.011719,3.09375,3.019531,-1,164.6118,23.676659
2025-08-13T12:45:03.772971,44544,3.003906,3.097656,3.0117190000000003,-1,164.6118,23.676659
2025-08-13T12:45:04.444176,44545,3.003906,3.09375,3.019531,-1,164.6118,23.695539
2025-08-13T12:45:05.004174,44546,3.007812,3.097656,3.007812,-1,164.550764,23.704979
2025-08-13T12:45:05.544180,44547,3.003906,3.089844,3.015625,-1,164.6118,23.704979
2025-08-13T12:45:06.088176,44548,3.003906,3.097656,3.019531,-1,164.367659,23.714419
2025-08-13T12:45:06.615310,44549,3.007812,3.09375,3.015625,-1,164.428694,23.714419
2025-08-13T12:45:07.173317,44550,3.003906,3.097656,3.0117190000000003,-1,164.489729,23.714419
2025-08-13T12:45:07.730174,44551,3.003906,3.09375,3.0117190000000003,-1,164.428694,23.695539
2025-08-13T12:45:08.287179,44552,3.003906,3.097656,3.015625,-1,164.6118,23.686099
2025-08-13T12:45:10.094176,44553,3.011719,3.09375,3.015625,-1,164.428694,23.676659
2025-08-13T12:45:10.674176,44554,3.003906,3.089844,3.007812,-1,164.550764,23.667219
2025-08-13T12:45:11.237176,44555,3.007812,3.097656,3.0117190000000003,-1,164.550764,23.667219
2025-08-13T12:45:11.789174,44556,3.003906,3.097656,3.015625,-1,164.550764,23.667219
2025-08-13T12:45:12.327175,44557,3.003906,3.089844,3.015625,-1,164.489729,23.657779
2025-08-13T12:45:13.092176,44558,3.007812,3.09375,3.0117190000000003,-1,164.428694,23.648339
2025-08-13T12:45:13.807177,44559,3.011719,3.09375,3.003906,-1,164.367659,23.648339
2025-08-13T12:45:14.497174,44560,3.007812,3.09375,3.015625,-1,164.489729,23.638899
2025-08-13T12:45:15.670175,44561,3.003906,3.09375,3.015625,-1,164.428694,23.629459
2025-08-13T12:45:16.276175,44562,3.007812,3.09375,3.0117190000000003,-1,164.489729,23.638899
2025-08-13T12:45:16.886174,44563,3.003906,3.09375,3.019531,-1,164.550764,23.629459
2025-08-13T12:45:17.428174,44564,3.007812,3.09375,3.007812,-1,164.489729,23.629459
2025-08-13T12:45:18.013174,44565,3.003906,3.097656,3.007812,-1,164.367659,23.629459
2025-08-13T12:45:18.609175,44566,3.003906,3.09375,3.019531,-1,164.367659,23.610579
2025-08-13T12:45:19.265174,44567,3.003906,3.09375,3.019531,-1,164.550764,23.620019
2025-08-13T12:45:19.849175,44568,3.003906,3.09375,3.0117190000000003,-1,164.367659,23.620019
2025-08-13T12:45:20.518174,44569,3.007812,3.09375,3.007812,-1,164.428694,23.610579
2025-08-13T12:45:21.097184,44570,3.003906,3.101562,3.015625,-1,164.428694,23.601138
2025-08-13T12:45:21.670184,44571,3.003906,3.09375,3.007812,-1,164.550764,23.591698
2025-08-13T12:45:22.214184,44572,3.015625,3.09375,3.015625,-1,164.6118,23.582258
2025-08-13T12:45:22.769184,44573,3.003906,3.09375,3.015625,-1,164.550764,23.601138
2025-08-13T12:45:23.299184,44574,3.003906,3.09375,3.023438,-1,164.367659,23.582258
2025-08-13T12:45:23.866184,44575,3.007812,3.09375,3.0117190000000003,-1,164.550764,23.572817
2025-08-13T12:45:24.423184,44576,3.003906,3.09375,3.0117190000000003,-1,164.428694,23.582258
2025-08-13T12:45:25.010431,44577,3.003906,3.09375,3.007812,-1,164.550764,23.572817
2025-08-13T12:45:25.716181,44578,3.011719,3.089844,3.0117190000000003,-1,164.550764,23.582258
2025-08-13T12:45:26.380182,44579,3.003906,3.097656,3.007812,-1,164.428694,23.582258
2025-08-13T12:45:27.135183,44580,3.003906,3.097656,3.0117190000000003,-1,164.367659,23.591698
2025-08-13T12:45:27.776867,44581,3.007812,3.09375,3.007812,-1,164.550764,23.610579
2025-08-13T12:45:28.383868,44582,3.007812,3.09375,3.019531,-1,164.428694,23.620019
2025-08-13T12:45:28.976867,44583,3.011719,3.09375,3.0117190000000003,-1,164.489729,23.638899
2025-08-13T12:45:29.650843,44584,3.003906,3.097656,3.0117190000000003,-1,164.428694,23.638899
2025-08-13T12:45:30.279843,44585,3.007812,3.09375,3.019531,-1,164.428694,23.638899
2025-08-13T12:45:30.882843,44586,3.003906,3.097656,3.015625,-1,164.367659,23.648339
2025-08-13T12:45:31.545848,44587,3.003906,3.09375,3.019531,-1,164.550764,23.638899
2025-08-13T12:45:32.215845,44588,3.007812,3.09375,3.0117190000000003,-1,164.428694,23.638899
2025-08-13T12:45:33.032845,44589,3.007812,3.097656,3.019531,-1,164.550764,23.629459
2025-08-13T12:45:34.202846,44590,3.007812,3.101562,3.0117190000000003,-1,164.367659,23.629459
2025-08-13T12:45:34.861844,44591,3.003906,3.09375,3.0117190000000003,-1,164.550764,23.620019
2025-08-13T12:45:35.423844,44592,3.003906,3.09375,3.0117190000000003,-1,164.550764,23.620019
2025-08-13T12:45:36.304845,44593,3.007812,3.097656,3.0117190000000003,-1,164.489729,23.620019
2025-08-13T12:45:37.105844,44594,3.003906,3.09375,3.015625,-1,164.489729,23.601138
2025-08-13T12:45:37.665112,44595,3.007812,3.089844,3.0117190000000003,-1,164.489729,23.601138
2025-08-13T12:45:38.343125,44596,3.003906,3.09375,3.0117190000000003,-1,164.428694,23.591698
2025-08-13T12:45:38.894584,44597,3.007812,3.097656,3.019531,-1,164.489729,23.591698
2025-08-13T12:45:39.448665,44598,3.007812,3.09375,3.019531,-1,164.550764,23.591698
2025-08-13T12:45:40.001660,44599,3.007812,3.097656,3.0117190000000003,-1,164.367659,23.582258
2025-08-13T12:45:40.531553,44600,3.003906,3.09375,3.0117190000000003,-1,164.428694,23.582258
2025-08-13T12:45:41.083549,44601,3.003906,3.09375,3.015625,-1,164.489729,23.591698
2025-08-13T12:45:41.720553,44602,3.007812,3.089844,3.0117190000000003,-1,164.428694,23.591698
2025-08-13T12:45:42.338553,44603,3.007812,3.097656,3.015625,-1,164.550764,23.610579
2025-08-13T12:45:43.069551,44604,3.003906,3.09375,3.0117190000000003,-1,164.489729,23.620019
2025-08-13T12:45:43.753552,44605,3.003906,3.09375,3.015625,-1,164.6118,23.620019
2025-08-13T12:45:44.584551,44606,3.003906,3.09375,3.007812,-1,164.489729,23.610579
2025-08-13T12:45:45.349550,44607,3.003906,3.097656,3.0117190000000003,-1,164.489729,23.620019
2025-08-13T12:45:46.175549,44608,3.007812,3.09375,3.015625,-1,164.428694,23.601138
2025-08-13T12:45:46.889552,44609,3.007812,3.097656,3.007812,-1,164.367659,23.591698
2025-08-13T12:45:47.568550,44610,3.011719,3.089844,3.007812,-1,164.6118,23.582258
2025-08-13T12:45:48.343551,44611,3.011719,3.09375,3.0117190000000003,-1,164.428694,23.572817
2025-08-13T12:45:49.017552,44612,3.007812,3.097656,3.015625,-1,164.550764,23.563376
2025-08-13T12:45:49.699552,44613,3.003906,3.09375,3.015625,-1,164.489729,23.553936
2025-08-13T12:45:50.499550,44614,3.003906,3.097656,3.015625,-1,164.428694,23.572817
2025-08-13T12:45:51.022388,44615,3.007812,3.097656,3.015625,-1,164.428694,23.572817
2025-08-13T12:45:51.570389,44616,3.003906,3.097656,3.019531,-1,164.550764,23.572817
2025-08-13T12:45:52.171388,44617,3.007812,3.09375,3.0117190000000003,-1,164.428694,23.572817
2025-08-13T12:45:53.089387,44618,3.003906,3.089844,3.0117190000000003,-1,164.6118,23.553936
2025-08-13T12:45:53.669387,44619,3.003906,3.09375,3.007812,-1,164.367659,23.563376
2025-08-13T12:45:54.255387,44620,3.007812,3.089844,3.023438,-1,164.6118,23.572817
2025-08-13T12:45:54.845389,44621,3.011719,3.09375,3.023438,-1,164.489729,23.553936
2025-08-13T12:45:55.356388,44622,3.003906,3.101562,3.019531,-1,164.367659,23.563376
2025-08-13T12:45:55.932389,44623,3.003906,3.09375,3.0117190000000003,-1,164.428694,23.572817
2025-08-13T12:45:56.501389,44624,3.003906,3.097656,3.023438,-1,164.550764,23.582258
2025-08-13T12:45:57.066388,44625,3.003906,3.089844,3.007812,-1,164.428694,23.582258
2025-08-13T12:45:57.645389,44626,3.003906,3.089844,3.0117190000000003,-1,164.550764,23.582258
2025-08-13T12:45:58.307388,44627,3.003906,3.09375,3.0117190000000003,-1,164.489729,23.572817
2025-08-13T12:45:58.962389,44628,3.011719,3.097656,3.007812,-1,164.428694,23.572817
2025-08-13T12:45:59.524392,44629,3.003906,3.097656,3.019531,-1,164.367659,23.572817
2025-08-13T12:46:00.102387,44630,3.003906,3.09375,3.0117190000000003,-1,164.489729,23.582258
2025-08-13T12:46:00.704391,44631,3.003906,3.097656,3.019531,-1,164.428694,23.582258
2025-08-13T12:46:01.299419,44632,3.007812,3.09375,3.015625,-1,164.428694,23.591698
2025-08-13T12:46:01.943419,44633,3.003906,3.09375,3.0273440000000003,-1,164.550764,23.582258
2025-08-13T12:46:02.592421,44634,3.003906,3.097656,3.0117190000000003,-1,164.550764,23.582258
2025-08-13T12:46:03.192418,44635,3.003906,3.09375,3.015625,-1,164.550764,23.591698
2025-08-13T12:46:03.799417,44636,3.007812,3.09375,3.019531,-1,164.489729,23.582258
2025-08-13T12:46:04.376418,44637,3.003906,3.09375,3.007812,-1,164.550764,23.591698
2025-08-13T12:46:04.988418,44638,3.007812,3.097656,3.015625,-1,164.367659,23.591698
2025-08-13T12:46:05.579418,44639,3.007812,3.09375,3.007812,-1,164.428694,23.591698
2025-08-13T12:46:06.129441,44640,3.007812,3.085938,3.015625,-1,164.489729,23.591698
2025-08-13T12:46:06.704442,44641,3.007812,3.09375,3.0117190000000003,-1,164.550764,23.582258
2025-08-13T12:46:07.242441,44642,3.003906,3.09375,3.0117190000000003,-1,164.428694,23.572817
2025-08-13T12:46:07.885441,44643,3.003906,3.089844,3.0273440000000003,-1,164.428694,23.572817
2025-08-13T12:46:08.416128,44644,3.007812,3.089844,3.015625,-1,164.550764,23.563376
2025-08-13T12:46:08.991123,44645,3.003906,3.085938,3.0117190000000003,-1,164.428694,23.553936
2025-08-13T12:46:09.541090,44646,3.007812,3.09375,3.007812,-1,164.367659,23.544495
2025-08-13T12:46:10.175090,44647,3.015625,3.097656,3.003906,-1,164.550764,23.535054
2025-08-13T12:46:10.813092,44648,3.003906,3.089844,3.015625,-1,164.550764,23.516172
2025-08-13T12:46:11.482090,44649,3.003906,3.09375,3.0117190000000003,-1,164.428694,23.525613
2025-08-13T12:46:12.139091,44650,3.007812,3.089844,3.019531,-1,164.550764,23.525613
2025-08-13T12:46:12.775089,44651,3.003906,3.097656,3.019531,-1,164.6118,23.525613
2025-08-13T12:46:13.404091,44652,3.003906,3.09375,3.007812,-1,164.550764,23.535054
2025-08-13T12:46:13.952089,44653,3.007812,3.09375,3.007812,-1,164.489729,23.535054
2025-08-13T12:46:14.626089,44654,3.003906,3.089844,3.019531,-1,164.367659,23.535054
2025-08-13T12:46:15.234089,44655,3.007812,3.09375,3.023438,-1,164.367659,23.535054
2025-08-13T12:46:15.886089,44656,3.003906,3.09375,3.0117190000000003,-1,164.6118,23.544495
2025-08-13T12:46:16.463101,44657,3.007812,3.097656,3.0117190000000003,-1,164.550764,23.544495
2025-08-13T12:46:17.051090,44658,3.007812,3.09375,3.019531,-1,164.550764,23.535054
2025-08-13T12:46:17.654089,44659,3.003906,3.09375,3.015625,-1,164.550764,23.525613
2025-08-13T12:46:18.265090,44660,3.011719,3.097656,3.0117190000000003,-1,164.428694,23.535054
2025-08-13T12:46:18.863088,44661,3.011719,3.09375,3.015625,-1,164.489729,23.535054
2025-08-13T12:46:19.439094,44662,3.003906,3.101562,3.007812,-1,164.367659,23.535054
2025-08-13T12:46:20.036088,44663,3.003906,3.09375,3.0117190000000003,-1,164.367659,23.535054
2025-08-13T12:46:21.818209,44664,3.003906,3.097656,3.023438,-1,164.306624,23.525613
2025-08-13T12:46:22.529206,44665,3.011719,3.09375,3.015625,-1,164.428694,23.525613
2025-08-13T12:46:23.237208,44666,3.011719,3.09375,3.015625,-1,164.367659,23.525613
2025-08-13T12:46:23.883208,44667,3.011719,3.09375,3.0117190000000003,-1,164.245589,23.535054
2025-08-13T12:46:24.505209,44668,3.011719,3.09375,3.019531,-1,164.245589,23.535054
2025-08-13T12:46:25.254210,44669,3.003906,3.09375,3.0117190000000003,-1,164.367659,23.544495
2025-08-13T12:46:25.831208,44670,3.007812,3.097656,3.007812,-1,164.184554,23.544495
2025-08-13T12:46:26.361205,44671,3.003906,3.097656,3.015625,-1,164.428694,23.544495
2025-08-13T12:46:26.940205,44672,3.003906,3.089844,3.015625,-1,164.428694,23.544495
2025-08-13T12:46:27.484206,44673,3.003906,3.09375,3.023438,-1,164.306624,23.544495
2025-08-13T12:46:28.060207,44674,3.003906,3.097656,3.015625,-1,164.123518,23.553936
2025-08-13T12:46:28.640206,44675,3.003906,3.09375,3.019531,-1,164.306624,23.544495
2025-08-13T12:46:29.196206,44676,3.011719,3.097656,3.023438,-1,164.245589,23.544495
2025-08-13T12:46:29.833206,44677,3.007812,3.09375,3.015625,-1,164.428694,23.563376
2025-08-13T12:46:30.375207,44678,3.011719,3.09375,3.023438,-1,164.367659,23.572817
2025-08-13T12:46:30.999205,44679,3.003906,3.09375,3.0117190000000003,-1,164.428694,23.572817
2025-08-13T12:46:31.579206,44680,3.003906,3.09375,3.019531,-1,164.489729,23.582258
2025-08-13T12:46:32.201213,44681,3.007812,3.09375,3.019531,-1,164.367659,23.582258
2025-08-13T12:46:32.816208,44682,3.007812,3.09375,3.0117190000000003,-1,164.367659,23.582258
2025-08-13T12:46:33.386213,44683,3.003906,3.097656,3.007812,-1,164.367659,23.582258
2025-08-13T12:46:33.981207,44684,3.011719,3.097656,3.019531,-1,164.428694,23.582258
2025-08-13T12:46:34.692207,44685,3.007812,3.09375,3.0117190000000003,-1,164.489729,23.572817
2025-08-13T12:46:35.337804,44686,3.007812,3.097656,3.015625,-1,164.489729,23.582258
2025-08-13T12:46:35.937804,44687,3.007812,3.097656,3.0273440000000003,-1,164.489729,23.582258
2025-08-13T12:46:36.623221,44688,3.003906,3.09375,3.015625,-1,164.367659,23.601138
2025-08-13T12:46:37.188221,44689,3.007812,3.09375,3.015625,-1,164.550764,23.610579
2025-08-13T12:46:37.765222,44690,3.003906,3.09375,3.015625,-1,164.550764,23.610579
2025-08-13T12:46:38.417222,44691,3.007812,3.097656,3.007812,-1,164.489729,23.620019
2025-08-13T12:46:39.041221,44692,3.007812,3.089844,3.0117190000000003,-1,164.428694,23.629459
2025-08-13T12:46:39.688223,44693,3.003906,3.09375,3.015625,-1,164.550764,23.610579
2025-08-13T12:46:40.832224,44694,3.007812,3.097656,3.023438,-1,164.550764,23.601138
2025-08-13T12:46:41.544223,44695,3.003906,3.097656,3.0117190000000003,-1,164.367659,23.582258
2025-08-13T12:46:42.185223,44696,3.003906,3.09375,3.0117190000000003,-1,164.367659,23.582258
2025-08-13T12:46:42.802221,44697,3.003906,3.09375,3.0117190000000003,-1,164.489729,23.582258
2025-08-13T12:46:43.341221,44698,3.003906,3.097656,3.019531,-1,164.489729,23.572817
2025-08-13T12:46:43.926221,44699,3.003906,3.097656,3.0117190000000003,-1,164.367659,23.582258
2025-08-13T12:46:44.478565,44700,3.007812,3.09375,3.0117190000000003,-1,164.489729,23.572817
2025-08-13T12:46:45.062565,44701,3.007812,3.097656,3.0117190000000003,-1,164.489729,23.563376
2025-08-13T12:46:45.758587,44702,3.003906,3.089844,3.0117190000000003,-1,164.367659,23.572817
2025-08-13T12:46:46.291181,44703,3.011719,3.097656,3.019531,-1,164.489729,23.582258
2025-08-13T12:46:46.966181,44704,3.003906,3.09375,3.019531,-1,164.428694,23.591698
2025-08-13T12:46:47.513056,44705,3.003906,3.097656,3.019531,-1,164.550764,23.582258
2025-08-13T12:46:48.085055,44706,3.007812,3.09375,3.0117190000000003,-1,164.367659,23.582258
2025-08-13T12:46:48.699057,44707,3.003906,3.097656,3.019531,-1,164.367659,23.582258
2025-08-13T12:46:49.325057,44708,3.003906,3.09375,3.0117190000000003,-1,164.367659,23.572817
2025-08-13T12:46:49.921055,44709,3.011719,3.089844,3.015625,-1,164.428694,23.572817
2025-08-13T12:46:50.493055,44710,3.007812,3.097656,3.015625,-1,164.367659,23.572817
2025-08-13T12:46:53.336665,44711,3.003906,3.09375,3.019531,-1,164.550764,23.601138
2025-08-13T12:46:54.007665,44712,3.011719,3.09375,3.003906,-1,164.489729,23.601138
2025-08-13T12:46:54.720666,44713,3.007812,3.089844,3.015625,-1,164.489729,23.591698
2025-08-13T12:46:55.388667,44714,3.003906,3.097656,3.015625,-1,164.550764,23.591698
2025-08-13T12:46:56.065665,44715,3.007812,3.09375,3.0117190000000003,-1,164.428694,23.591698
2025-08-13T12:46:56.772665,44716,3.003906,3.09375,3.015625,-1,164.550764,23.601138
2025-08-13T12:46:57.458665,44717,3.015625,3.09375,3.003906,-1,164.428694,23.591698
2025-08-13T12:46:58.051665,44718,3.011719,3.097656,3.015625,-1,164.428694,23.591698
2025-08-13T12:46:58.880670,44719,3.007812,3.09375,3.019531,-1,164.367659,23.591698
2025-08-13T12:46:59.532664,44720,3.011719,3.09375,3.023438,-1,164.428694,23.591698
2025-08-13T12:47:00.200728,44721,3.007812,3.09375,3.007812,-1,164.550764,23.601138
2025-08-13T12:47:00.873728,44722,3.003906,3.09375,3.019531,-1,164.550764,23.601138
2025-08-13T12:47:01.484728,44723,3.011719,3.097656,3.015625,-1,164.550764,23.601138
2025-08-13T12:47:02.066730,44724,3.007812,3.089844,3.019531,-1,164.489729,23.610579
2025-08-13T12:47:02.648729,44725,3.007812,3.097656,3.015625,-1,164.550764,23.610579
2025-08-13T12:47:03.360727,44726,3.007812,3.09375,3.007812,-1,164.550764,23.610579
2025-08-13T12:47:04.004729,44727,3.007812,3.097656,3.015625,-1,164.489729,23.620019
2025-08-13T12:47:04.623728,44728,3.003906,3.09375,3.003906,-1,164.550764,23.620019
2025-08-13T12:47:05.261729,44729,3.003906,3.097656,3.015625,-1,164.428694,23.620019
2025-08-13T12:47:05.876728,44730,3.003906,3.097656,3.023438,-1,164.367659,23.629459
2025-08-13T12:47:06.479729,44731,3.003906,3.09375,3.015625,-1,164.428694,23.629459
2025-08-13T12:47:07.262797,44732,3.007812,3.09375,3.0117190000000003,-1,164.489729,23.638899
2025-08-13T12:47:07.828797,44733,3.003906,3.09375,3.003906,-1,164.550764,23.638899
2025-08-13T12:47:08.363569,44734,3.007812,3.097656,3.0117190000000003,-1,164.367659,23.629459
2025-08-13T12:47:08.939568,44735,3.015625,3.097656,3.0117190000000003,-1,164.550764,23.629459
2025-08-13T12:47:09.487966,44736,3.011719,3.097656,3.0117190000000003,-1,164.489729,23.620019
2025-08-13T12:47:10.063965,44737,3.007812,3.089844,3.0117190000000003,-1,164.489729,23.610579
2025-08-13T12:47:10.628965,44738,3.003906,3.097656,3.015625,-1,164.428694,23.620019
2025-08-13T12:47:11.373965,44739,3.011719,3.09375,3.015625,-1,164.428694,23.610579
2025-08-13T12:47:12.014964,44740,3.007812,3.097656,3.003906,-1,164.489729,23.610579
2025-08-13T12:47:12.684966,44741,3.011719,3.097656,3.0117190000000003,-1,164.428694,23.610579
2025-08-13T12:47:13.362573,44742,3.007812,3.09375,3.015625,-1,164.428694,23.601138
2025-08-13T12:47:14.040572,44743,3.003906,3.089844,3.015625,-1,164.367659,23.582258
2025-08-13T12:47:14.824570,44744,3.003906,3.097656,3.0117190000000003,-1,164.428694,23.582258
2025-08-13T12:47:15.583571,44745,3.003906,3.089844,3.015625,-1,164.428694,23.582258
2025-08-13T12:47:16.388571,44746,3.003906,3.097656,3.0117190000000003,-1,164.550764,23.582258
2025-08-13T12:47:16.937570,44747,3.003906,3.101562,3.007812,-1,164.367659,23.591698
2025-08-13T12:47:17.539570,44748,3.011719,3.09375,3.015625,-1,164.367659,23.582258
2025-08-13T12:47:18.155569,44749,3.003906,3.09375,3.019531,-1,164.428694,23.582258
2025-08-13T12:47:18.774573,44750,3.003906,3.097656,3.007812,-1,164.428694,23.572817
2025-08-13T12:47:19.385570,44751,3.007812,3.101562,3.007812,-1,164.367659,23.563376
2025-08-13T12:47:20.120570,44752,3.003906,3.09375,3.015625,-1,164.367659,23.572817
2025-08-13T12:47:20.736570,44753,3.003906,3.09375,3.0117190000000003,-1,164.550764,23.572817
2025-08-13T12:47:21.281291,44754,3.003906,3.09375,3.019531,-1,164.428694,23.572817
2025-08-13T12:47:21.900293,44755,3.003906,3.09375,3.015625,-1,164.428694,23.591698
2025-08-13T12:47:22.483294,44756,3.007812,3.097656,3.0117190000000003,-1,164.428694,23.572817
2025-08-13T12:47:23.241293,44757,3.003906,3.09375,3.007812,-1,164.550764,23.582258
2025-08-13T12:47:23.871625,44758,3.003906,3.09375,3.0117190000000003,-1,164.428694,23.572817
2025-08-13T12:47:24.487627,44759,3.011719,3.089844,3.019531,-1,164.367659,23.572817
2025-08-13T12:47:25.108629,44760,3.007812,3.097656,3.0117190000000003,-1,164.428694,23.582258
2025-08-13T12:47:25.777624,44761,3.003906,3.097656,3.019531,-1,164.428694,23.572817
2025-08-13T12:47:26.323623,44762,3.003906,3.089844,3.0117190000000003,-1,164.367659,23.572817
2025-08-13T12:47:26.923622,44763,3.003906,3.097656,3.015625,-1,164.367659,23.572817
2025-08-13T12:47:27.478623,44764,3.003906,3.085938,3.015625,-1,164.306624,23.572817
2025-08-13T12:47:28.066626,44765,3.019531,3.09375,3.015625,-1,164.6118,23.572817
2025-08-13T12:47:28.713623,44766,3.015625,3.09375,3.015625,-1,164.428694,23.572817
2025-08-13T12:47:29.317624,44767,3.003906,3.097656,3.019531,-1,164.489729,23.572817
2025-08-13T12:47:29.977626,44768,3.007812,3.09375,3.015625,-1,164.489729,23.591698
2025-08-13T12:47:30.588622,44769,3.011719,3.097656,3.0117190000000003,-1,164.367659,23.582258
2025-08-13T12:47:31.161624,44770,3.003906,3.09375,3.003906,-1,164.367659,23.572817
2025-08-13T12:47:31.738624,44771,3.003906,3.09375,3.0117190000000003,-1,164.428694,23.563376
2025-08-13T12:47:32.294626,44772,3.019531,3.101562,3.0117190000000003,-1,164.428694,23.563376
2025-08-13T12:47:32.879624,44773,3.007812,3.097656,3.015625,-1,164.428694,23.563376
2025-08-13T12:47:33.424622,44774,3.003906,3.09375,3.003906,-1,164.367659,23.553936
2025-08-13T12:47:34.032622,44775,3.003906,3.09375,3.0117190000000003,-1,164.489729,23.553936
2025-08-13T12:47:34.610624,44776,3.003906,3.097656,3.015625,-1,164.489729,23.563376
2025-08-13T12:47:35.181623,44777,3.007812,3.09375,3.015625,-1,164.550764,23.563376
2025-08-13T12:47:35.776622,44778,3.003906,3.089844,3.015625,-1,164.550764,23.582258
2025-08-13T12:47:36.351624,44779,3.007812,3.097656,3.015625,-1,164.428694,23.572817
2025-08-13T12:47:36.943624,44780,3.007812,3.097656,3.0117190000000003,-1,164.428694,23.572817
2025-08-13T12:47:37.615763,44781,3.007812,3.097656,3.015625,-1,164.550764,23.582258
2025-08-13T12:47:38.342622,44782,3.007812,3.09375,3.015625,-1,164.489729,23.582258
2025-08-13T12:47:39.045622,44783,3.003906,3.097656,3.0117190000000003,-1,164.489729,23.582258
2025-08-13T12:47:39.674624,44784,3.015625,3.09375,3.0117190000000003,-1,164.367659,23.572817
2025-08-13T12:47:40.272624,44785,3.007812,3.097656,3.015625,-1,164.367659,23.563376
2025-08-13T12:47:40.943624,44786,3.007812,3.097656,3.0117190000000003,-1,164.367659,23.553936
2025-08-13T12:47:41.571628,44787,3.003906,3.09375,3.0117190000000003,-1,164.428694,23.553936
2025-08-13T12:47:42.189622,44788,3.007812,3.09375,3.015625,-1,164.550764,23.544495
2025-08-13T12:47:42.805623,44789,3.003906,3.09375,3.019531,-1,164.489729,23.535054
2025-08-13T12:47:43.355622,44790,3.011719,3.09375,3.0117190000000003,-1,164.428694,23.535054
2025-08-13T12:47:43.956622,44791,3.003906,3.09375,3.019531,-1,164.489729,23.535054
2025-08-13T12:47:44.532624,44792,3.011719,3.09375,3.0117190000000003,-1,164.550764,23.535054
2025-08-13T12:47:45.148622,44793,3.003906,3.09375,3.015625,-1,164.428694,23.544495
2025-08-13T12:47:45.740622,44794,3.003906,3.097656,3.0117190000000003,-1,164.367659,23.544495
2025-08-13T12:47:46.273627,44795,3.007812,3.09375,3.015625,-1,164.550764,23.553936
2025-08-13T12:47:46.863622,44796,3.003906,3.09375,3.0117190000000003,-1,164.367659,23.553936
2025-08-13T12:47:47.408624,44797,3.011719,3.09375,3.007812,-1,164.367659,23.563376
2025-08-13T12:47:48.070622,44798,3.003906,3.09375,3.015625,-1,164.550764,23.572817
2025-08-13T12:47:48.767623,44799,3.003906,3.089844,3.023438,-1,164.550764,23.572817
2025-08-13T12:47:49.545624,44800,3.007812,3.101562,3.015625,-1,164.550764,23.572817
2025-08-13T12:47:50.231623,44801,3.003906,3.09375,3.0117190000000003,-1,164.6118,23.553936
2025-08-13T12:47:50.847625,44802,3.003906,3.09375,3.015625,-1,164.550764,23.563376
2025-08-13T12:47:51.620622,44803,3.007812,3.09375,3.015625,-1,164.6118,23.553936
2025-08-13T12:47:52.187090,44804,3.003906,3.089844,3.023438,-1,164.6118,23.544495
2025-08-13T12:47:52.795089,44805,3.011719,3.089844,3.007812,-1,164.367659,23.544495
2025-08-13T12:47:53.520090,44806,3.003906,3.09375,3.019531,-1,164.550764,23.553936
2025-08-13T12:47:54.271088,44807,3.015625,3.09375,3.007812,-1,164.367659,23.553936
2025-08-13T12:47:55.186091,44808,3.007812,3.09375,3.007812,-1,164.489729,23.544495
2025-08-13T12:47:55.979092,44809,3.003906,3.09375,3.007812,-1,164.428694,23.544495
2025-08-13T12:47:56.758089,44810,3.003906,3.097656,3.019531,-1,164.428694,23.544495
2025-08-13T12:47:57.333940,44811,3.007812,3.09375,3.0117190000000003,-1,164.550764,23.535054
2025-08-13T12:47:57.923940,44812,3.003906,3.09375,3.019531,-1,164.367659,23.535054
2025-08-13T12:47:58.470100,44813,3.007812,3.09375,3.019531,-1,164.489729,23.525613
2025-08-13T12:47:59.026943,44814,3.003906,3.097656,3.007812,-1,164.306624,23.525613
2025-08-13T12:47:59.560941,44815,3.003906,3.097656,3.015625,-1,164.367659,23.525613
2025-08-13T12:48:00.095940,44816,3.003906,3.09375,3.0117190000000003,-1,164.489729,23.525613
2025-08-13T12:48:00.630940,44817,3.015625,3.089844,3.0117190000000003,-1,164.367659,23.525613
2025-08-13T12:48:01.165967,44818,3.003906,3.09375,3.0117190000000003,-1,164.367659,23.525613
2025-08-13T12:48:01.697969,44819,3.003906,3.09375,3.007812,-1,164.367659,23.535054
2025-08-13T12:48:02.240707,44820,3.003906,3.09375,3.019531,-1,164.306624,23.544495
2025-08-13T12:48:02.788708,44821,3.007812,3.09375,3.015625,-1,164.306624,23.544495
2025-08-13T12:48:03.326780,44822,3.003906,3.09375,3.015625,-1,164.367659,23.544495
2025-08-13T12:48:03.873780,44823,3.007812,3.089844,3.015625,-1,164.367659,23.544495
2025-08-13T12:48:04.411980,44824,3.003906,3.09375,3.0117190000000003,-1,164.245589,23.535054
2025-08-13T12:48:04.960979,44825,3.007812,3.09375,3.007812,-1,164.245589,23.544495
2025-08-13T12:48:05.490980,44826,3.003906,3.09375,3.0117190000000003,-1,164.306624,23.544495
2025-08-13T12:48:06.022979,44827,3.011719,3.09375,3.015625,-1,164.428694,23.544495
2025-08-13T12:48:06.551758,44828,3.003906,3.09375,3.015625,-1,164.245589,23.544495
2025-08-13T12:48:07.103759,44829,3.011719,3.09375,3.015625,-1,164.367659,23.553936
2025-08-13T12:48:07.631758,44830,3.015625,3.097656,3.007812,-1,164.367659,23.544495
2025-08-13T12:48:08.154759,44831,3.003906,3.09375,3.015625,-1,164.306624,23.563376
2025-08-13T12:48:08.700798,44832,3.007812,3.09375,3.019531,-1,164.306624,23.572817
2025-08-13T12:48:09.239797,44833,3.007812,3.09375,3.0117190000000003,-1,164.245589,23.572817
2025-08-13T12:48:09.776815,44834,3.007812,3.09375,3.003906,-1,164.306624,23.572817
2025-08-13T12:48:10.414815,44835,3.003906,3.09375,3.023438,-1,164.489729,23.582258
2025-08-13T12:48:10.945848,44836,3.003906,3.097656,3.015625,-1,164.489729,23.582258
2025-08-13T12:48:11.496814,44837,3.003906,3.09375,3.019531,-1,164.550764,23.582258
2025-08-13T12:48:12.015616,44838,3.007812,3.09375,3.015625,-1,164.367659,23.601138
2025-08-13T12:48:12.537614,44839,3.003906,3.097656,3.019531,-1,164.367659,23.591698
2025-08-13T12:48:13.076656,44840,3.003906,3.09375,3.015625,-1,164.367659,23.591698
2025-08-13T12:48:13.613657,44841,3.003906,3.097656,3.015625,-1,164.489729,23.601138
2025-08-13T12:48:14.238887,44842,3.003906,3.097656,3.0117190000000003,-1,164.489729,23.601138
2025-08-13T12:48:14.789277,44843,3.011719,3.097656,3.007812,-1,164.428694,23.620019
2025-08-13T12:48:15.325133,44844,3.003906,3.09375,3.015625,-1,164.367659,23.620019
2025-08-13T12:48:15.857132,44845,3.007812,3.09375,3.019531,-1,164.550764,23.620019
2025-08-13T12:48:16.392133,44846,3.003906,3.09375,3.023438,-1,164.550764,23.629459
2025-08-13T12:48:16.917107,44847,3.007812,3.089844,3.019531,-1,164.367659,23.629459
2025-08-13T12:48:17.462107,44848,3.007812,3.09375,3.015625,-1,164.367659,23.629459
2025-08-13T12:48:17.986875,44849,3.003906,3.089844,3.0117190000000003,-1,164.489729,23.638899
2025-08-13T12:48:18.515875,44850,3.007812,3.097656,3.0117190000000003,-1,164.489729,23.648339
2025-08-13T12:48:19.090877,44851,3.007812,3.09375,3.007812,-1,164.367659,23.648339
2025-08-13T12:48:19.711877,44852,3.003906,3.09375,3.007812,-1,164.367659,23.648339
2025-08-13T12:48:20.292875,44853,3.003906,3.09375,3.0117190000000003,-1,164.6118,23.657779
2025-08-13T12:48:20.859672,44854,3.003906,3.09375,3.019531,-1,164.550764,23.648339
2025-08-13T12:48:21.412673,44855,3.003906,3.097656,3.0117190000000003,-1,164.550764,23.629459
2025-08-13T12:48:22.092674,44856,3.003906,3.089844,3.007812,-1,164.550764,23.629459
2025-08-13T12:48:22.837673,44857,3.003906,3.09375,3.0117190000000003,-1,164.550764,23.629459
2025-08-13T12:48:23.611671,44858,3.007812,3.097656,3.0117190000000003,-1,164.550764,23.629459
2025-08-13T12:48:24.308671,44859,3.007812,3.089844,3.0117190000000003,-1,164.428694,23.638899
2025-08-13T12:48:25.182671,44860,3.003906,3.097656,3.015625,-1,164.367659,23.638899
2025-08-13T12:48:25.918672,44861,3.007812,3.101562,3.007812,-1,164.489729,23.629459
2025-08-13T12:48:26.581672,44862,3.003906,3.101562,3.0117190000000003,-1,164.428694,23.638899
2025-08-13T12:48:27.155673,44863,3.003906,3.097656,3.0273440000000003,-1,164.428694,23.648339
2025-08-13T12:48:27.746672,44864,3.003906,3.09375,3.015625,-1,164.428694,23.638899
2025-08-13T12:48:28.291672,44865,3.007812,3.097656,3.007812,-1,164.550764,23.629459
2025-08-13T12:48:28.950672,44866,3.007812,3.09375,3.007812,-1,164.428694,23.620019
2025-08-13T12:48:29.506956,44867,3.003906,3.09375,3.0117190000000003,-1,164.367659,23.610579
2025-08-13T12:48:30.073955,44868,3.007812,3.09375,3.015625,-1,164.428694,23.610579
2025-08-13T12:48:30.667954,44869,3.007812,3.09375,3.0117190000000003,-1,164.6118,23.610579
2025-08-13T12:48:31.214954,44870,3.003906,3.097656,3.0117190000000003,-1,164.489729,23.601138
2025-08-13T12:48:31.803956,44871,3.003906,3.089844,3.007812,-1,164.428694,23.591698
2025-08-13T12:48:32.353954,44872,3.007812,3.09375,3.007812,-1,164.550764,23.601138
2025-08-13T12:48:32.933955,44873,3.003906,3.089844,3.015625,-1,164.6118,23.601138
2025-08-13T12:48:33.477955,44874,3.007812,3.09375,3.015625,-1,164.550764,23.601138
2025-08-13T12:48:34.054954,44875,3.003906,3.09375,3.015625,-1,164.428694,23.610579
2025-08-13T12:48:34.635956,44876,3.007812,3.097656,3.015625,-1,164.367659,23.620019
2025-08-13T12:48:35.236955,44877,3.011719,3.09375,3.015625,-1,164.489729,23.620019
2025-08-13T12:48:35.822954,44878,3.003906,3.089844,3.015625,-1,164.489729,23.629459
2025-08-13T12:48:36.373674,44879,3.003906,3.097656,3.007812,-1,164.428694,23.638899
2025-08-13T12:48:37.058673,44880,3.007812,3.097656,3.0117190000000003,-1,164.6118,23.638899
2025-08-13T12:48:37.773936,44881,3.007812,3.101562,3.015625,-1,164.428694,23.648339
2025-08-13T12:48:38.315938,44882,3.003906,3.097656,3.0117190000000003,-1,164.550764,23.657779
2025-08-13T12:48:38.978936,44883,3.007812,3.09375,3.0117190000000003,-1,164.550764,23.657779
2025-08-13T12:48:39.658935,44884,3.003906,3.09375,3.015625,-1,164.550764,23.667219
2025-08-13T12:48:40.333939,44885,3.003906,3.09375,3.015625,-1,164.489729,23.667219
2025-08-13T12:48:40.986935,44886,3.011719,3.09375,3.015625,-1,164.428694,23.686099
2025-08-13T12:48:41.712938,44887,3.007812,3.089844,3.0117190000000003,-1,164.6118,23.676659
2025-08-13T12:48:42.462935,44888,3.003906,3.097656,3.019531,-1,164.6118,23.676659
2025-08-13T12:48:43.186936,44889,3.003906,3.089844,3.0117190000000003,-1,164.428694,23.686099
2025-08-13T12:48:43.897934,44890,3.003906,3.089844,3.0117190000000003,-1,164.489729,23.686099
2025-08-13T12:48:44.561934,44891,3.007812,3.097656,3.0117190000000003,-1,164.428694,23.686099
2025-08-13T12:48:45.141936,44892,3.007812,3.09375,3.007812,-1,164.428694,23.695539
2025-08-13T12:48:45.765935,44893,3.003906,3.085938,3.007812,-1,164.489729,23.695539
2025-08-13T12:48:46.423934,44894,3.007812,3.09375,3.015625,-1,164.550764,23.704979
2025-08-13T12:48:47.029937,44895,3.007812,3.097656,3.015625,-1,164.428694,23.704979
2025-08-13T12:48:47.625935,44896,3.007812,3.09375,3.019531,-1,164.428694,23.704979
2025-08-13T12:48:48.212936,44897,3.003906,3.089844,3.007812,-1,164.489729,23.704979
2025-08-13T12:48:48.822936,44898,3.003906,3.097656,3.0117190000000003,-1,164.428694,23.714419
2025-08-13T12:48:49.379936,44899,3.003906,3.09375,3.019531,-1,164.489729,23.704979
2025-08-13T12:48:50.077937,44900,3.003906,3.09375,3.003906,-1,164.367659,23.704979
2025-08-13T12:48:50.839938,44901,3.003906,3.097656,3.023438,-1,164.6118,23.714419
2025-08-13T12:48:51.529937,44902,3.003906,3.09375,3.007812,-1,164.489729,23.714419
2025-08-13T12:48:52.181935,44903,3.003906,3.09375,3.015625,-1,164.367659,23.723859
2025-08-13T12:48:52.869941,44904,3.003906,3.089844,3.0117190000000003,-1,164.550764,23.723859
2025-08-13T12:48:53.546116,44905,3.007812,3.09375,3.0117190000000003,-1,164.367659,23.723859
2025-08-13T12:48:54.148116,44906,3.007812,3.089844,3.007812,-1,164.550764,23.733298
2025-08-13T12:48:54.703115,44907,3.011719,3.09375,3.007812,-1,164.428694,23.742738
2025-08-13T12:48:55.237114,44908,3.003906,3.09375,3.015625,-1,164.428694,23.723859
2025-08-13T12:48:55.767115,44909,3.003906,3.097656,3.0117190000000003,-1,164.428694,23.723859
2025-08-13T12:48:56.411115,44910,3.003906,3.101562,3.003906,-1,164.6118,23.733298
2025-08-13T12:48:56.955280,44911,3.011719,3.097656,3.007812,-1,164.550764,23.733298
2025-08-13T12:48:57.492281,44912,3.003906,3.09375,3.019531,-1,164.489729,23.733298
2025-08-13T12:48:58.020280,44913,3.003906,3.09375,3.015625,-1,164.550764,23.733298
2025-08-13T12:48:58.549298,44914,3.011719,3.09375,3.015625,-1,164.428694,23.733298
2025-08-13T12:48:59.197280,44915,3.003906,3.09375,3.019531,-1,164.428694,23.733298
2025-08-13T12:48:59.727595,44916,3.011719,3.09375,3.019531,-1,164.550764,23.733298
2025-08-13T12:49:00.272598,44917,3.003906,3.09375,3.019531,-1,164.550764,23.742738
2025-08-13T12:49:01.010979,44918,3.003906,3.09375,3.0117190000000003,-1,164.550764,23.742738
2025-08-13T12:49:01.561979,44919,3.007812,3.09375,3.0117190000000003,-1,164.489729,23.752178
2025-08-13T12:49:02.098252,44920,3.003906,3.089844,3.015625,-1,164.550764,23.742738
2025-08-13T12:49:02.635252,44921,3.003906,3.097656,3.015625,-1,164.428694,23.752178
2025-08-13T12:49:03.187912,44922,3.003906,3.089844,3.015625,-1,164.672835,23.752178
2025-08-13T12:49:03.732912,44923,3.007812,3.09375,3.007812,-1,164.6118,23.752178
2025-08-13T12:49:04.407184,44924,3.007812,3.097656,3.015625,-1,164.550764,23.752178
2025-08-13T12:49:04.982024,44925,3.003906,3.089844,3.015625,-1,164.550764,23.752178
2025-08-13T12:49:15.507769,44926,3.003906,3.097656,3.015625,-1,164.489729,23.771058
2025-08-13T12:49:26.018484,44927,3.003906,3.09375,3.019531,-1,164.306624,23.657779
2025-08-13T12:49:36.548485,44928,3.003906,3.09375,3.019531,-1,164.367659,23.620019
2025-08-13T12:49:47.079976,44929,3.007812,3.09375,3.015625,-1,164.489729,23.582258
2025-08-13T12:49:47.600680,44930,3.007812,3.09375,3.0117190000000003,-1,164.550764,23.572817
2025-08-13T12:49:48.162685,44931,3.003906,3.097656,3.0117190000000003,-1,164.367659,23.572817
2025-08-13T12:49:48.706680,44932,3.003906,3.097656,3.0117190000000003,-1,164.428694,23.572817
2025-08-13T12:49:49.236685,44933,3.003906,3.09375,3.015625,-1,164.367659,23.572817
2025-08-13T12:49:49.761681,44934,3.011719,3.09375,3.015625,-1,164.367659,23.572817
2025-08-13T12:49:50.305680,44935,3.003906,3.085938,3.0117190000000003,-1,164.489729,23.572817
2025-08-13T12:49:50.937680,44936,3.003906,3.09375,3.0117190000000003,-1,164.428694,23.582258
2025-08-13T12:49:51.463680,44937,3.003906,3.089844,3.0117190000000003,-1,164.550764,23.572817
2025-08-13T12:49:52.000681,44938,3.007812,3.097656,3.0117190000000003,-1,164.428694,23.591698
2025-08-13T12:49:52.528682,44939,3.011719,3.09375,3.0117190000000003,-1,164.428694,23.582258
2025-08-13T12:49:53.059535,44940,3.003906,3.097656,3.0117190000000003,-1,164.367659,23.591698
2025-08-13T12:49:53.579532,44941,3.007812,3.097656,3.003906,-1,164.489729,23.591698
2025-08-13T12:49:54.130227,44942,3.007812,3.09375,3.007812,-1,164.489729,23.601138
2025-08-13T12:49:54.668226,44943,3.003906,3.097656,3.0117190000000003,-1,164.367659,23.601138
2025-08-13T12:49:55.302226,44944,3.007812,3.09375,3.015625,-1,164.428694,23.620019
2025-08-13T12:49:55.944226,44945,3.003906,3.097656,3.023438,-1,164.550764,23.610579
2025-08-13T12:49:56.457226,44946,3.007812,3.089844,3.0117190000000003,-1,164.550764,23.591698
2025-08-13T12:49:56.999227,44947,3.003906,3.09375,3.019531,-1,164.367659,23.582258
2025-08-13T12:49:57.520860,44948,3.003906,3.097656,3.0117190000000003,-1,164.367659,23.563376
2025-08-13T12:49:58.052861,44949,3.007812,3.09375,3.0117190000000003,-1,164.367659,23.544495
2025-08-13T12:49:58.589330,44950,3.007812,3.097656,3.019531,-1,164.367659,23.544495
2025-08-13T12:49:59.115331,44951,3.003906,3.09375,3.023438,-1,164.367659,23.544495
2025-08-13T12:49:59.799940,44952,3.003906,3.09375,3.0117190000000003,-1,164.489729,23.553936
2025-08-13T12:50:00.344940,44953,3.015625,3.089844,3.015625,-1,164.489729,23.563376
2025-08-13T12:50:00.869703,44954,3.007812,3.097656,3.019531,-1,164.367659,23.563376
2025-08-13T12:50:01.390704,44955,3.007812,3.09375,3.007812,-1,164.367659,23.572817
2025-08-13T12:50:01.917730,44956,3.011719,3.09375,3.0117190000000003,-1,164.306624,23.582258
2025-08-13T12:50:02.438730,44957,3.003906,3.09375,3.015625,-1,164.550764,23.591698
2025-08-13T12:50:02.950730,44958,3.003906,3.089844,3.007812,-1,164.428694,23.582258
2025-08-13T12:50:03.477753,44959,3.003906,3.09375,3.0,-1,164.367659,23.572817
2025-08-13T12:50:04.004753,44960,3.003906,3.097656,3.0117190000000003,-1,164.489729,23.563376
2025-08-13T12:50:04.526223,44961,3.003906,3.09375,3.0117190000000003,-1,164.367659,23.563376
2025-08-13T12:50:05.053224,44962,3.003906,3.09375,3.0117190000000003,-1,164.550764,23.553936
2025-08-13T12:50:05.580415,44963,3.011719,3.09375,3.019531,-1,164.428694,23.544495
2025-08-13T12:50:06.221413,44964,3.007812,3.089844,3.007812,-1,164.489729,23.553936
2025-08-13T12:50:06.740678,44965,3.003906,3.09375,3.0117190000000003,-1,164.428694,23.544495
2025-08-13T12:50:07.274676,44966,3.015625,3.09375,3.015625,-1,164.6118,23.544495
2025-08-13T12:50:07.929277,44967,3.003906,3.097656,3.0117190000000003,-1,164.428694,23.544495
2025-08-13T12:50:08.489277,44968,3.003906,3.097656,3.019531,-1,164.428694,23.553936
2025-08-13T12:50:09.012988,44969,3.003906,3.097656,3.023438,-1,164.6118,23.544495
2025-08-13T12:50:09.616988,44970,3.003906,3.09375,3.0117190000000003,-1,164.550764,23.544495
2025-08-13T12:50:10.135987,44971,3.003906,3.09375,3.015625,-1,164.367659,23.544495
2025-08-13T12:50:10.666987,44972,3.003906,3.09375,3.0117190000000003,-1,164.367659,23.544495
2025-08-13T12:50:11.295331,44973,3.003906,3.097656,3.015625,-1,164.489729,23.535054
2025-08-13T12:50:11.836331,44974,3.011719,3.09375,3.0117190000000003,-1,164.367659,23.544495
2025-08-13T12:50:12.372479,44975,3.011719,3.097656,3.019531,-1,164.489729,23.535054
2025-08-13T12:50:12.922479,44976,3.011719,3.09375,3.0117190000000003,-1,164.489729,23.535054
2025-08-13T12:50:13.449936,44977,3.007812,3.089844,3.0117190000000003,-1,164.367659,23.535054
2025-08-13T12:50:13.964932,44978,3.007812,3.097656,3.023438,-1,164.489729,23.535054
2025-08-13T12:50:14.489875,44979,3.007812,3.089844,3.015625,-1,164.428694,23.544495
2025-08-13T12:50:15.029875,44980,3.003906,3.097656,3.015625,-1,164.550764,23.535054
2025-08-13T12:50:15.545875,44981,3.007812,3.09375,3.007812,-1,164.550764,23.535054
2025-08-13T12:50:16.088827,44982,3.011719,3.097656,3.0117190000000003,-1,164.306624,23.535054
2025-08-13T12:50:16.621825,44983,3.003906,3.09375,3.019531,-1,164.367659,23.544495
2025-08-13T12:50:17.182386,44984,3.015625,3.09375,3.0117190000000003,-1,164.367659,23.525613
2025-08-13T12:50:17.716387,44985,3.007812,3.09375,3.015625,-1,164.428694,23.525613
2025-08-13T12:50:18.240384,44986,3.007812,3.09375,3.015625,-1,164.489729,23.544495
2025-08-13T12:50:18.768888,44987,3.003906,3.097656,3.015625,-1,164.428694,23.535054
2025-08-13T12:50:19.318829,44988,3.007812,3.09375,3.015625,-1,164.550764,23.544495
2025-08-13T12:50:19.892042,44989,3.003906,3.09375,3.0117190000000003,-1,164.550764,23.535054
2025-08-13T12:50:20.436547,44990,3.003906,3.09375,3.015625,-1,164.367659,23.535054
2025-08-13T12:50:20.966546,44991,3.015625,3.097656,3.015625,-1,164.367659,23.525613
2025-08-13T12:50:21.534779,44992,3.007812,3.09375,3.007812,-1,164.428694,23.525613
2025-08-13T12:50:22.076782,44993,3.007812,3.097656,3.015625,-1,164.428694,23.516172
2025-08-13T12:50:22.605789,44994,3.003906,3.097656,3.007812,-1,164.367659,23.516172
2025-08-13T12:50:23.141025,44995,3.003906,3.097656,3.0117190000000003,-1,164.428694,23.516172
2025-08-13T12:50:23.670028,44996,3.003906,3.09375,3.015625,-1,164.367659,23.516172
2025-08-13T12:50:24.213798,44997,3.011719,3.089844,3.003906,-1,164.550764,23.506731
2025-08-13T12:50:24.986013,44998,3.003906,3.097656,3.0117190000000003,-1,164.550764,23.506731
2025-08-13T12:50:25.511833,44999,3.011719,3.09375,3.019531,-1,164.428694,23.487848
2025-08-13T12:50:26.044835,45000,3.003906,3.09375,3.015625,-1,164.367659,23.487848
2025-08-13T12:50:26.563834,45001,3.011719,3.097656,3.0117190000000003,-1,164.489729,23.478407
2025-08-13T12:50:27.094833,45002,3.007812,3.09375,3.019531,-1,164.428694,23.487848
2025-08-13T12:50:27.619834,45003,3.011719,3.089844,3.003906,-1,164.550764,23.478407
2025-08-13T12:50:28.148120,45004,3.007812,3.09375,3.0117190000000003,-1,164.6118,23.459523
2025-08-13T12:50:28.790157,45005,3.003906,3.097656,3.019531,-1,164.550764,23.468965
2025-08-13T12:50:29.360155,45006,3.003906,3.09375,3.023438,-1,164.428694,23.478407
2025-08-13T12:50:29.889857,45007,3.011719,3.089844,3.019531,-1,164.489729,23.478407
2025-08-13T12:50:30.438856,45008,3.003906,3.097656,3.015625,-1,164.550764,23.487848
2025-08-13T12:50:30.972888,45009,3.007812,3.09375,3.023438,-1,164.428694,23.487848
2025-08-13T12:50:31.508888,45010,3.003906,3.09375,3.019531,-1,164.550764,23.487848
2025-08-13T12:50:32.034678,45011,3.003906,3.097656,3.019531,-1,164.489729,23.487848
2025-08-13T12:50:32.557678,45012,3.003906,3.09375,3.015625,-1,164.489729,23.487848
2025-08-13T12:50:33.089678,45013,3.011719,3.09375,3.015625,-1,164.550764,23.487848
2025-08-13T12:50:33.628678,45014,3.007812,3.09375,3.015625,-1,164.6118,23.478407
2025-08-13T12:50:34.145754,45015,3.003906,3.09375,3.0117190000000003,-1,164.428694,23.478407
2025-08-13T12:50:34.774757,45016,3.003906,3.097656,3.0117190000000003,-1,164.489729,23.478407
2025-08-13T12:50:35.303980,45017,3.015625,3.09375,3.015625,-1,164.428694,23.468965
2025-08-13T12:50:35.856982,45018,3.003906,3.097656,3.015625,-1,164.550764,23.468965
2025-08-13T12:50:36.388358,45019,3.003906,3.09375,3.015625,-1,164.428694,23.468965
2025-08-13T12:50:36.958358,45020,3.003906,3.09375,3.015625,-1,164.367659,23.468965
2025-08-13T12:50:37.586373,45021,3.003906,3.09375,3.003906,-1,164.550764,23.478407
2025-08-13T12:50:38.116376,45022,3.003906,3.089844,3.0117190000000003,-1,164.489729,23.478407
2025-08-13T12:50:38.630375,45023,3.007812,3.097656,3.007812,-1,164.489729,23.478407
2025-08-13T12:50:39.175374,45024,3.003906,3.089844,3.0117190000000003,-1,164.367659,23.487848
2025-08-13T12:50:39.706373,45025,3.011719,3.089844,3.003906,-1,164.367659,23.478407
2025-08-13T12:50:40.232376,45026,3.007812,3.097656,3.007812,-1,164.428694,23.487848
2025-08-13T12:50:40.790374,45027,3.011719,3.089844,3.003906,-1,164.489729,23.487848
2025-08-13T12:50:41.339375,45028,3.007812,3.09375,3.0117190000000003,-1,164.672835,23.487848
2025-08-13T12:50:41.892375,45029,3.011719,3.09375,3.015625,-1,164.6118,23.478407
2025-08-13T12:50:42.479374,45030,3.003906,3.09375,3.0117190000000003,-1,164.428694,23.478407
2025-08-13T12:50:43.137461,45031,3.003906,3.09375,3.0117190000000003,-1,164.428694,23.487848
2025-08-13T12:50:43.677461,45032,3.003906,3.09375,3.0117190000000003,-1,164.550764,23.487848
2025-08-13T12:50:44.233462,45033,3.007812,3.097656,3.015625,-1,164.428694,23.478407
2025-08-13T12:50:44.799461,45034,3.003906,3.09375,3.015625,-1,164.489729,23.487848
2025-08-13T12:50:45.323942,45035,3.011719,3.09375,3.015625,-1,164.428694,23.478407
2025-08-13T12:50:45.872955,45036,3.003906,3.09375,3.023438,-1,164.428694,23.478407
2025-08-13T12:50:46.407999,45037,3.007812,3.09375,3.0117190000000003,-1,164.428694,23.478407
2025-08-13T12:50:46.951995,45038,3.003906,3.09375,3.0273440000000003,-1,164.428694,23.478407
2025-08-13T12:50:47.916998,45039,3.003906,3.089844,3.015625,-1,164.489729,23.487848
2025-08-13T12:50:48.467004,45040,3.011719,3.09375,3.007812,-1,164.367659,23.49729
2025-08-13T12:50:49.009005,45041,3.015625,3.09375,3.0117190000000003,-1,164.245589,23.487848
2025-08-13T12:50:49.558005,45042,3.003906,3.097656,3.015625,-1,164.062483,23.487848
2025-08-13T12:50:50.099008,45043,3.003906,3.09375,3.015625,-1,163.757307,23.49729
2025-08-13T12:50:50.629005,45044,3.003906,3.089844,3.015625,-1,163.818343,23.478407
2025-08-13T12:50:51.748770,45045,3.007812,3.09375,3.007812,-1,163.818343,23.478407
2025-08-13T12:50:52.287769,45046,3.003906,3.097656,3.007812,-1,164.062483,23.459523
2025-08-13T12:50:52.820770,45047,3.011719,3.085938,3.023438,-1,164.184554,23.478407
2025-08-13T12:50:53.357484,45048,3.015625,3.09375,3.015625,-1,164.306624,23.468965
2025-08-13T12:50:54.010484,45049,3.007812,3.09375,3.0117190000000003,-1,164.367659,23.468965
2025-08-13T12:50:54.560484,45050,3.003906,3.097656,3.0117190000000003,-1,164.306624,23.478407
2025-08-13T12:50:55.082491,45051,3.003906,3.089844,3.019531,-1,164.489729,23.478407
2025-08-13T12:50:55.628522,45052,3.003906,3.089844,3.015625,-1,164.428694,23.487848
2025-08-13T12:50:56.170523,45053,3.007812,3.09375,3.015625,-1,164.428694,23.487848
2025-08-13T12:50:56.704521,45054,3.003906,3.09375,3.0117190000000003,-1,164.550764,23.49729
2025-08-13T12:50:57.262522,45055,3.003906,3.09375,3.0117190000000003,-1,164.550764,23.49729
2025-08-13T12:50:57.802399,45056,3.007812,3.089844,3.003906,-1,164.306624,23.49729
2025-08-13T12:50:58.340398,45057,3.003906,3.097656,3.0117190000000003,-1,164.550764,23.506731
2025-08-13T12:50:58.863407,45058,3.007812,3.09375,3.019531,-1,164.428694,23.506731
2025-08-13T12:50:59.413408,45059,3.011719,3.089844,3.015625,-1,164.367659,23.506731
2025-08-13T12:50:59.949407,45060,3.003906,3.089844,3.015625,-1,164.428694,23.516172
2025-08-13T12:51:00.485408,45061,3.003906,3.09375,3.023438,-1,164.550764,23.506731
2025-08-13T12:51:01.008432,45062,3.003906,3.09375,3.015625,-1,164.489729,23.506731
2025-08-13T12:51:01.546432,45063,3.003906,3.09375,3.0117190000000003,-1,164.550764,23.516172
2025-08-13T12:51:02.089520,45064,3.007812,3.09375,3.023438,-1,164.489729,23.525613
2025-08-13T12:51:02.633520,45065,3.007812,3.097656,3.019531,-1,164.489729,23.516172
2025-08-13T12:51:03.160856,45066,3.003906,3.089844,3.0117190000000003,-1,164.489729,23.516172
2025-08-13T12:51:03.809859,45067,3.003906,3.09375,3.0117190000000003,-1,164.550764,23.516172
2025-08-13T12:51:04.353845,45068,3.003906,3.09375,3.015625,-1,164.6118,23.516172
2025-08-13T12:51:04.892843,45069,3.003906,3.09375,3.015625,-1,164.6118,23.516172
2025-08-13T12:51:05.422279,45070,3.003906,3.097656,3.015625,-1,164.428694,23.506731
2025-08-13T12:51:05.980279,45071,3.007812,3.09375,3.015625,-1,164.428694,23.516172
2025-08-13T12:51:06.515985,45072,3.003906,3.09375,3.015625,-1,164.550764,23.506731
2025-08-13T12:51:07.046986,45073,3.003906,3.089844,3.015625,-1,164.6118,23.506731
2025-08-13T12:51:07.598987,45074,3.011719,3.089844,3.007812,-1,164.6118,23.506731
2025-08-13T12:51:08.126986,45075,3.007812,3.09375,3.015625,-1,164.428694,23.506731
2025-08-13T12:51:08.663439,45076,3.003906,3.097656,3.015625,-1,164.489729,23.506731
2025-08-13T12:51:09.192437,45077,3.007812,3.097656,3.007812,-1,164.6118,23.506731
2025-08-13T12:51:09.730437,45078,3.003906,3.09375,3.0117190000000003,-1,164.550764,23.516172
2025-08-13T12:51:10.278436,45079,3.003906,3.097656,3.007812,-1,164.6118,23.516172
2025-08-13T12:51:10.801671,45080,3.003906,3.089844,3.019531,-1,164.489729,23.516172
2025-08-13T12:51:11.323670,45081,3.003906,3.097656,3.0117190000000003,-1,164.550764,23.525613
2025-08-13T12:51:11.859049,45082,3.007812,3.097656,3.019531,-1,164.6118,23.525613
2025-08-13T12:51:12.415048,45083,3.003906,3.09375,3.0117190000000003,-1,164.489729,23.525613
2025-08-13T12:51:12.971048,45084,3.007812,3.089844,3.015625,-1,164.550764,23.516172
2025-08-13T12:51:13.496048,45085,3.003906,3.097656,3.015625,-1,164.6118,23.516172
2025-08-13T12:51:14.035048,45086,3.003906,3.097656,3.0117190000000003,-1,164.489729,23.525613
2025-08-13T12:51:14.562048,45087,3.003906,3.09375,3.019531,-1,164.428694,23.525613
2025-08-13T12:51:15.206049,45088,3.003906,3.09375,3.015625,-1,164.6118,23.525613
2025-08-13T12:51:15.746048,45089,3.003906,3.097656,3.015625,-1,164.489729,23.525613
2025-08-13T12:51:16.295048,45090,3.007812,3.09375,3.007812,-1,164.428694,23.516172
2025-08-13T12:51:16.825048,45091,3.007812,3.09375,3.007812,-1,164.6118,23.516172
2025-08-13T12:51:17.352048,45092,3.003906,3.09375,3.015625,-1,164.550764,23.506731
2025-08-13T12:51:17.888048,45093,3.007812,3.09375,3.0117190000000003,-1,164.489729,23.506731
2025-08-13T12:51:18.424047,45094,3.003906,3.09375,3.015625,-1,164.489729,23.506731
2025-08-13T12:51:19.045327,45095,3.003906,3.09375,3.015625,-1,164.489729,23.49729
2025-08-13T12:51:19.584327,45096,3.003906,3.09375,3.003906,-1,164.428694,23.49729
2025-08-13T12:51:20.112327,45097,3.003906,3.089844,3.019531,-1,164.489729,23.487848
2025-08-13T12:51:20.636327,45098,3.007812,3.097656,3.023438,-1,164.489729,23.478407
2025-08-13T12:51:21.172327,45099,3.003906,3.089844,3.0117190000000003,-1,164.6118,23.478407
2025-08-13T12:51:21.707008,45100,3.015625,3.097656,3.0117190000000003,-1,164.428694,23.468965
2025-08-13T12:51:22.245008,45101,3.011719,3.09375,3.015625,-1,164.428694,23.468965
2025-08-13T12:51:22.778008,45102,3.007812,3.09375,3.0117190000000003,-1,164.489729,23.468965
2025-08-13T12:51:23.420007,45103,3.007812,3.09375,3.0117190000000003,-1,164.428694,23.468965
2025-08-13T12:51:23.956008,45104,3.003906,3.09375,3.015625,-1,164.550764,23.468965
2025-08-13T12:51:24.529009,45105,3.003906,3.097656,3.015625,-1,164.73387,23.468965
2025-08-13T12:51:25.073025,45106,3.003906,3.097656,3.019531,-1,164.489729,23.478407
2025-08-13T12:51:25.663025,45107,3.003906,3.097656,3.0117190000000003,-1,164.428694,23.478407
2025-08-13T12:51:26.227025,45108,3.011719,3.097656,3.019531,-1,164.489729,23.478407
2025-08-13T12:51:26.815025,45109,3.011719,3.097656,3.019531,-1,164.550764,23.478407
2025-08-13T12:51:27.342719,45110,3.007812,3.097656,3.015625,-1,164.428694,23.487848
2025-08-13T12:51:27.928720,45111,3.003906,3.09375,3.007812,-1,164.428694,23.49729
2025-08-13T12:51:28.506720,45112,3.003906,3.089844,3.019531,-1,164.6118,23.506731
2025-08-13T12:51:29.086718,45113,3.003906,3.097656,3.0117190000000003,-1,164.428694,23.506731
2025-08-13T12:51:29.736718,45114,3.007812,3.09375,3.0117190000000003,-1,164.489729,23.49729
2025-08-13T12:51:30.276720,45115,3.007812,3.089844,3.0117190000000003,-1,164.428694,23.49729
2025-08-13T12:51:30.810720,45116,3.003906,3.089844,3.007812,-1,164.489729,23.49729
2025-08-13T12:51:31.350720,45117,3.003906,3.097656,3.015625,-1,164.6118,23.487848
2025-08-13T12:51:31.893719,45118,3.011719,3.097656,3.015625,-1,164.550764,23.487848
2025-08-13T12:51:32.463719,45119,3.003906,3.09375,3.0117190000000003,-1,164.550764,23.487848
2025-08-13T12:51:33.000719,45120,3.003906,3.089844,3.0117190000000003,-1,164.489729,23.478407
2025-08-13T12:51:33.548719,45121,3.011719,3.089844,3.0117190000000003,-1,164.550764,23.478407
2025-08-13T12:51:34.070728,45122,3.003906,3.097656,3.015625,-1,164.428694,23.487848
2025-08-13T12:51:34.622728,45123,3.011719,3.097656,3.015625,-1,164.6118,23.478407
2025-08-13T12:51:35.156709,45124,3.003906,3.089844,3.0117190000000003,-1,164.6118,23.487848
2025-08-13T12:51:35.704737,45125,3.007812,3.097656,3.015625,-1,164.489729,23.478407
2025-08-13T12:51:36.236578,45126,3.007812,3.09375,3.015625,-1,164.428694,23.478407
2025-08-13T12:51:36.773577,45127,3.003906,3.09375,3.0117190000000003,-1,164.489729,23.468965
2025-08-13T12:51:38.115868,45128,3.011719,3.09375,3.015625,-1,164.6118,23.468965
2025-08-13T12:51:38.649714,45129,3.007812,3.097656,3.019531,-1,164.6118,23.468965
2025-08-13T12:51:39.294713,45130,3.003906,3.09375,3.0117190000000003,-1,164.6118,23.468965
2025-08-13T12:51:39.831426,45131,3.007812,3.09375,3.0273440000000003,-1,164.6118,23.478407
2025-08-13T12:51:40.425351,45132,3.003906,3.089844,3.0117190000000003,-1,164.6118,23.468965
2025-08-13T12:51:40.968345,45133,3.007812,3.09375,3.007812,-1,164.550764,23.478407
2025-08-13T12:51:41.512344,45134,3.003906,3.09375,3.0117190000000003,-1,164.367659,23.487848
2025-08-13T12:51:42.043860,45135,3.003906,3.097656,3.007812,-1,164.428694,23.487848
2025-08-13T12:51:42.583864,45136,3.003906,3.09375,3.0117190000000003,-1,164.367659,23.49729
2025-08-13T12:51:43.116056,45137,3.003906,3.089844,3.019531,-1,164.428694,23.49729
2025-08-13T12:51:43.685066,45138,3.007812,3.097656,3.0117190000000003,-1,164.428694,23.49729
2025-08-13T12:51:44.236067,45139,3.003906,3.089844,3.0117190000000003,-1,164.428694,23.506731
2025-08-13T12:51:44.816067,45140,3.003906,3.09375,3.0117190000000003,-1,164.550764,23.506731
2025-08-13T12:51:45.350644,45141,3.003906,3.09375,3.015625,-1,164.367659,23.506731
2025-08-13T12:51:45.908645,45142,3.003906,3.09375,3.019531,-1,164.367659,23.506731
2025-08-13T12:51:46.436677,45143,3.011719,3.097656,3.015625,-1,164.428694,23.516172
2025-08-13T12:51:46.987677,45144,3.003906,3.097656,3.0117190000000003,-1,164.489729,23.516172
2025-08-13T12:51:47.537686,45145,3.007812,3.09375,3.0117190000000003,-1,164.428694,23.516172
2025-08-13T12:51:48.129685,45146,3.007812,3.09375,3.007812,-1,164.428694,23.516172
2025-08-13T12:51:48.667685,45147,3.003906,3.09375,3.0117190000000003,-1,164.367659,23.516172
2025-08-13T12:51:49.222685,45148,3.015625,3.09375,3.0117190000000003,-1,164.428694,23.506731
2025-08-13T12:51:49.755949,45149,3.003906,3.089844,3.0117190000000003,-1,164.428694,23.506731
2025-08-13T12:51:50.296948,45150,3.015625,3.09375,3.0117190000000003,-1,164.489729,23.506731
2025-08-13T12:51:50.835658,45151,3.003906,3.09375,3.019531,-1,164.428694,23.49729
2025-08-13T12:51:51.372657,45152,3.003906,3.09375,3.0117190000000003,-1,164.6118,23.506731
2025-08-13T12:51:51.908657,45153,3.003906,3.09375,3.015625,-1,164.428694,23.506731
2025-08-13T12:51:52.429657,45154,3.011719,3.09375,3.019531,-1,164.428694,23.516172
2025-08-13T12:51:52.979656,45155,3.007812,3.09375,3.023438,-1,164.428694,23.525613
2025-08-13T12:51:53.512657,45156,3.003906,3.097656,3.015625,-1,164.489729,23.535054
2025-08-13T12:51:54.066657,45157,3.007812,3.089844,3.019531,-1,164.6118,23.535054
2025-08-13T12:51:54.592657,45158,3.003906,3.09375,3.015625,-1,164.6118,23.553936
2025-08-13T12:51:55.118656,45159,3.003906,3.097656,3.015625,-1,164.489729,23.544495
2025-08-13T12:51:56.389380,45160,3.003906,3.09375,3.0117190000000003,-1,164.489729,23.553936
2025-08-13T12:51:57.036378,45161,3.007812,3.097656,3.0117190000000003,-1,164.489729,23.563376
2025-08-13T12:51:57.564377,45162,3.003906,3.09375,3.015625,-1,164.428694,23.553936
2025-08-13T12:51:58.126376,45163,3.003906,3.097656,3.019531,-1,164.550764,23.563376
2025-08-13T12:51:58.654387,45164,3.003906,3.09375,3.0117190000000003,-1,164.489729,23.563376
2025-08-13T12:51:59.166376,45165,3.003906,3.089844,3.0117190000000003,-1,164.550764,23.563376
2025-08-13T12:51:59.679377,45166,3.003906,3.097656,3.007812,-1,164.550764,23.563376
2025-08-13T12:52:00.197422,45167,3.003906,3.09375,3.015625,-1,164.489729,23.563376
2025-08-13T12:52:00.710421,45168,3.003906,3.09375,3.007812,-1,164.428694,23.563376
2025-08-13T12:52:01.231421,45169,3.007812,3.097656,3.0117190000000003,-1,164.489729,23.553936
2025-08-13T12:52:01.740421,45170,3.011719,3.089844,3.015625,-1,164.428694,23.553936
2025-08-13T12:52:02.271421,45171,3.003906,3.097656,3.023438,-1,164.367659,23.544495
2025-08-13T12:52:02.782197,45172,3.007812,3.097656,3.015625,-1,164.489729,23.544495
2025-08-13T12:52:03.300197,45173,3.007812,3.09375,3.015625,-1,164.367659,23.535054
2025-08-13T12:52:03.839154,45174,3.003906,3.09375,3.019531,-1,164.550764,23.535054
2025-08-13T12:52:04.349154,45175,3.007812,3.089844,3.023438,-1,164.489729,23.535054
2025-08-13T12:52:04.873154,45176,3.007812,3.097656,3.019531,-1,164.428694,23.516172
2025-08-13T12:52:05.380154,45177,3.007812,3.09375,3.015625,-1,164.184554,23.506731
2025-08-13T12:52:05.918544,45178,3.003906,3.09375,3.019531,-1,164.306624,23.506731
2025-08-13T12:52:06.564541,45179,3.003906,3.09375,3.015625,-1,164.062483,23.49729
2025-08-13T12:52:07.078540,45180,3.003906,3.089844,3.019531,-1,163.818343,23.506731
2025-08-13T12:52:07.602541,45181,3.003906,3.097656,3.019531,-1,163.635237,23.49729
2025-08-13T12:52:08.146880,45182,3.007812,3.09375,3.019531,-1,163.940413,23.49729
2025-08-13T12:52:08.668880,45183,3.003906,3.09375,3.019531,-1,164.306624,23.487848
2025-08-13T12:52:09.184879,45184,3.007812,3.097656,3.015625,-1,164.367659,23.487848
2025-08-13T12:52:09.770879,45185,3.003906,3.097656,3.0117190000000003,-1,164.489729,23.487848
2025-08-13T12:52:10.312878,45186,3.007812,3.097656,3.003906,-1,164.550764,23.478407
2025-08-13T12:52:10.862879,45187,3.003906,3.09375,3.019531,-1,164.550764,23.478407
2025-08-13T12:52:11.431880,45188,3.003906,3.09375,3.0117190000000003,-1,164.428694,23.478407
2025-08-13T12:52:11.968878,45189,3.011719,3.089844,3.019531,-1,164.428694,23.468965
2025-08-13T12:52:12.488879,45190,3.003906,3.097656,3.0117190000000003,-1,164.6118,23.459523
2025-08-13T12:52:13.006878,45191,3.007812,3.097656,3.0117190000000003,-1,164.550764,23.468965
2025-08-13T12:52:13.520880,45192,3.003906,3.09375,3.019531,-1,164.6118,23.468965
2025-08-13T12:52:14.043879,45193,3.007812,3.089844,3.015625,-1,164.428694,23.459523
2025-08-13T12:52:14.631878,45194,3.003906,3.089844,3.0117190000000003,-1,164.428694,23.468965
2025-08-13T12:52:19.266032,45195,3.003906,3.089844,3.0117190000000003,-1,164.550764,23.49729
2025-08-13T12:52:19.812034,45196,3.007812,3.09375,3.019531,-1,164.428694,23.49729
2025-08-13T12:52:20.369052,45197,3.003906,3.097656,3.015625,-1,164.428694,23.506731
2025-08-13T12:52:20.899052,45198,3.007812,3.09375,3.015625,-1,164.550764,23.516172
2025-08-13T12:52:21.415052,45199,3.007812,3.09375,3.015625,-1,164.550764,23.506731
2025-08-13T12:52:22.054055,45200,3.003906,3.089844,3.015625,-1,164.367659,23.506731
2025-08-13T12:52:22.590055,45201,3.007812,3.09375,3.003906,-1,164.428694,23.506731
2025-08-13T12:52:23.116053,45202,3.003906,3.09375,3.007812,-1,164.550764,23.516172
2025-08-13T12:52:23.636053,45203,3.003906,3.097656,3.0117190000000003,-1,164.489729,23.516172
2025-08-13T12:52:24.165052,45204,3.011719,3.097656,3.0273440000000003,-1,164.428694,23.516172
2025-08-13T12:52:24.703052,45205,3.007812,3.09375,3.007812,-1,164.367659,23.516172
2025-08-13T12:52:25.262052,45206,3.011719,3.09375,3.003906,-1,164.062483,23.516172
2025-08-13T12:52:25.793054,45207,3.011719,3.097656,3.019531,-1,162.71971,23.516172
2025-08-13T12:52:26.323054,45208,3.011719,3.09375,3.023438,-1,161.010726,23.516172
2025-08-13T12:52:26.843796,45209,3.007812,3.085938,3.0117190000000003,-1,151.061996,23.525613
2025-08-13T12:52:27.375796,45210,3.007812,3.097656,3.019531,-1,164.306624,23.525613
2025-08-13T12:52:27.913797,45211,3.003906,3.09375,3.015625,-1,164.428694,23.516172
2025-08-13T12:52:28.645797,45212,3.003906,3.09375,3.007812,-1,164.184554,23.49729
2025-08-13T12:52:29.181706,45213,3.003906,3.097656,3.0273440000000003,-1,164.6118,23.506731
2025-08-13T12:52:29.707707,45214,3.007812,3.09375,3.015625,-1,164.489729,23.49729
2025-08-13T12:52:30.256706,45215,3.007812,3.09375,3.0117190000000003,-1,164.6118,23.49729
2025-08-13T12:52:30.773706,45216,3.003906,3.09375,3.0117190000000003,-1,164.489729,23.487848
2025-08-13T12:52:31.303715,45217,3.003906,3.089844,3.0117190000000003,-1,164.428694,23.49729
2025-08-13T12:52:31.829714,45218,3.003906,3.09375,3.015625,-1,164.550764,23.49729
2025-08-13T12:52:32.365716,45219,3.007812,3.089844,3.0117190000000003,-1,164.6118,23.506731
2025-08-13T12:52:32.897725,45220,3.007812,3.09375,3.0117190000000003,-1,164.489729,23.506731
2025-08-13T12:52:33.458717,45221,3.003906,3.09375,3.0117190000000003,-1,164.550764,23.516172
2025-08-13T12:52:33.985715,45222,3.011719,3.097656,3.0117190000000003,-1,164.489729,23.506731
2025-08-13T12:52:34.521714,45223,3.007812,3.097656,3.015625,-1,164.6118,23.516172
2025-08-13T12:52:35.050714,45224,3.003906,3.097656,3.007812,-1,164.489729,23.516172
2025-08-13T12:52:35.575809,45225,3.003906,3.097656,3.015625,-1,164.428694,23.516172
2025-08-13T12:52:36.134809,45226,3.007812,3.097656,3.0117190000000003,-1,164.489729,23.506731
2025-08-13T12:52:36.659884,45227,3.007812,3.09375,3.007812,-1,164.306624,23.506731
2025-08-13T12:52:37.182887,45228,3.007812,3.09375,3.015625,-1,164.489729,23.516172
2025-08-13T12:52:37.697884,45229,3.007812,3.09375,3.019531,-1,164.245589,23.516172
2025-08-13T12:52:38.244888,45230,3.003906,3.089844,3.023438,-1,164.123518,23.516172
2025-08-13T12:52:38.781906,45231,3.007812,3.097656,3.019531,-1,163.696272,23.506731
2025-08-13T12:52:39.322905,45232,3.003906,3.097656,3.015625,-1,163.818343,23.506731
2025-08-13T12:52:39.849321,45233,3.007812,3.097656,3.0117190000000003,-1,164.062483,23.49729
2025-08-13T12:52:40.392321,45234,3.007812,3.09375,3.0117190000000003,-1,164.001448,23.506731
2025-08-13T12:52:40.916221,45235,3.003906,3.09375,3.007812,-1,164.184554,23.49729
2025-08-13T12:52:41.461220,45236,3.003906,3.089844,3.007812,-1,164.245589,23.487848
2025-08-13T12:52:41.990221,45237,3.003906,3.09375,3.0117190000000003,-1,164.245589,23.487848
2025-08-13T12:52:42.529223,45238,3.007812,3.097656,3.003906,-1,164.245589,23.478407
2025-08-13T12:52:43.055220,45239,3.007812,3.089844,3.015625,-1,164.428694,23.478407
2025-08-13T12:52:43.804220,45240,3.011719,3.09375,3.019531,-1,164.428694,23.468965
2025-08-13T12:52:44.339782,45241,3.003906,3.09375,3.015625,-1,164.428694,23.487848
2025-08-13T12:52:45.370780,45242,3.003906,3.097656,3.003906,-1,164.367659,23.487848
2025-08-13T12:52:45.914782,45243,3.007812,3.097656,3.019531,-1,164.367659,23.478407
2025-08-13T12:52:46.472782,45244,3.007812,3.097656,3.019531,-1,164.367659,23.468965
2025-08-13T12:52:46.988780,45245,3.007812,3.09375,3.019531,-1,164.489729,23.487848
2025-08-13T12:52:47.515780,45246,3.011719,3.089844,3.007812,-1,164.367659,23.487848
2025-08-13T12:52:48.045780,45247,3.007812,3.089844,3.0117190000000003,-1,164.367659,23.487848
2025-08-13T12:52:48.574182,45248,3.007812,3.089844,3.0117190000000003,-1,164.367659,23.487848
2025-08-13T12:52:49.116183,45249,3.003906,3.097656,3.015625,-1,164.489729,23.487848
2025-08-13T12:52:49.638592,45250,3.007812,3.097656,3.015625,-1,164.550764,23.487848
2025-08-13T12:52:50.166398,45251,3.003906,3.089844,3.019531,-1,164.489729,23.487848
2025-08-13T12:52:50.689895,45252,3.003906,3.097656,3.007812,-1,164.428694,23.487848
2025-08-13T12:52:51.320917,45253,3.007812,3.097656,3.023438,-1,164.489729,23.49729
2025-08-13T12:52:51.835917,45254,3.007812,3.097656,3.007812,-1,164.367659,23.49729
2025-08-13T12:52:52.355917,45255,3.003906,3.09375,3.015625,-1,164.367659,23.487848
2025-08-13T12:52:52.881467,45256,3.007812,3.09375,3.007812,-1,164.489729,23.487848
2025-08-13T12:52:53.412873,45257,3.003906,3.09375,3.007812,-1,164.428694,23.49729
2025-08-13T12:52:54.035945,45258,3.007812,3.097656,3.0117190000000003,-1,164.489729,23.49729
2025-08-13T12:52:54.563944,45259,3.007812,3.09375,3.0117190000000003,-1,164.367659,23.516172
2025-08-13T12:52:55.082958,45260,3.007812,3.101562,3.019531,-1,164.367659,23.516172
2025-08-13T12:52:55.599958,45261,3.011719,3.097656,3.019531,-1,164.550764,23.516172
2025-08-13T12:52:56.152958,45262,3.003906,3.097656,3.015625,-1,164.428694,23.516172
2025-08-13T12:52:56.673958,45263,3.011719,3.09375,3.015625,-1,164.367659,23.516172
2025-08-13T12:52:57.194801,45264,3.007812,3.089844,3.019531,-1,164.367659,23.525613
2025-08-13T12:52:57.716096,45265,3.003906,3.09375,3.0117190000000003,-1,164.428694,23.516172
2025-08-13T12:52:58.236779,45266,3.007812,3.097656,3.0117190000000003,-1,164.489729,23.516172
2025-08-13T12:52:58.779134,45267,3.003906,3.097656,3.0117190000000003,-1,164.367659,23.516172
2025-08-13T12:52:59.319940,45268,3.003906,3.097656,3.007812,-1,164.428694,23.516172
2025-08-13T12:52:59.838965,45269,3.007812,3.097656,3.015625,-1,164.489729,23.525613
2025-08-13T12:53:00.374115,45270,3.011719,3.089844,3.019531,-1,164.367659,23.516172
2025-08-13T12:53:00.893324,45271,3.003906,3.09375,3.0117190000000003,-1,164.489729,23.525613
2025-08-13T12:53:01.425325,45272,3.003906,3.09375,3.015625,-1,164.489729,23.535054
2025-08-13T12:53:01.946857,45273,3.003906,3.089844,3.0117190000000003,-1,164.428694,23.535054
2025-08-13T12:53:02.486857,45274,3.007812,3.089844,3.0117190000000003,-1,164.6118,23.544495
2025-08-13T12:53:03.006523,45275,3.003906,3.097656,3.015625,-1,164.550764,23.544495
2025-08-13T12:53:03.535685,45276,3.007812,3.097656,3.0117190000000003,-1,164.367659,23.544495
2025-08-13T12:53:04.046683,45277,3.003906,3.09375,3.015625,-1,164.367659,23.544495
2025-08-13T12:53:04.570001,45278,3.015625,3.09375,3.015625,-1,164.489729,23.535054
2025-08-13T12:53:05.103661,45279,3.003906,3.09375,3.015625,-1,164.550764,23.535054
2025-08-13T12:53:05.625679,45280,3.003906,3.09375,3.015625,-1,164.367659,23.525613
2025-08-13T12:53:06.147761,45281,3.003906,3.09375,3.015625,-1,164.428694,23.525613
2025-08-13T12:53:06.774768,45282,3.003906,3.09375,3.019531,-1,164.306624,23.516172
2025-08-13T12:53:07.394338,45283,3.007812,3.09375,3.0117190000000003,-1,164.489729,23.506731
2025-08-13T12:53:07.929337,45284,3.007812,3.09375,3.015625,-1,164.428694,23.506731
2025-08-13T12:53:08.467259,45285,3.003906,3.09375,3.0117190000000003,-1,164.489729,23.506731
2025-08-13T12:53:08.995258,45286,3.003906,3.097656,3.015625,-1,164.428694,23.49729
2025-08-13T12:53:09.517259,45287,3.011719,3.097656,3.015625,-1,164.367659,23.49729
2025-08-13T12:53:10.067259,45288,3.003906,3.097656,3.0117190000000003,-1,164.367659,23.49729
2025-08-13T12:53:10.601710,45289,3.011719,3.089844,3.0117190000000003,-1,164.428694,23.49729
2025-08-13T12:53:11.152442,45290,3.003906,3.089844,3.007812,-1,164.184554,23.49729
2025-08-13T12:53:11.686442,45291,3.007812,3.089844,3.0117190000000003,-1,164.489729,23.487848
2025-08-13T12:53:12.255442,45292,3.011719,3.09375,3.015625,-1,164.367659,23.487848
2025-08-13T12:53:12.778460,45293,3.003906,3.097656,3.0117190000000003,-1,164.489729,23.478407
2025-08-13T12:53:13.306460,45294,3.007812,3.097656,3.015625,-1,164.428694,23.478407
2025-08-13T12:53:13.827873,45295,3.003906,3.097656,3.023438,-1,164.550764,23.487848
2025-08-13T12:53:14.352872,45296,3.003906,3.089844,3.015625,-1,164.489729,23.49729
2025-08-13T12:53:14.871913,45297,3.003906,3.09375,3.015625,-1,164.367659,23.49729
2025-08-13T12:53:15.415914,45298,3.003906,3.09375,3.015625,-1,164.367659,23.506731
2025-08-13T12:53:15.961913,45299,3.011719,3.09375,3.007812,-1,164.489729,23.506731
2025-08-13T12:53:16.526913,45300,3.007812,3.089844,3.007812,-1,164.306624,23.49729
2025-08-13T12:53:17.042569,45301,3.007812,3.09375,3.015625,-1,164.367659,23.49729
2025-08-13T12:53:17.587567,45302,3.003906,3.085938,3.0117190000000003,-1,164.428694,23.49729
2025-08-13T12:53:18.104264,45303,3.003906,3.09375,3.019531,-1,164.428694,23.49729
2025-08-13T12:53:18.648260,45304,3.003906,3.09375,3.0117190000000003,-1,164.489729,23.49729
2025-08-13T12:53:19.166953,45305,3.007812,3.09375,3.0117190000000003,-1,164.550764,23.506731
2025-08-13T12:53:19.708958,45306,3.003906,3.09375,3.015625,-1,164.428694,23.49729
2025-08-13T12:53:20.240152,45307,3.007812,3.097656,3.0117190000000003,-1,164.306624,23.49729
2025-08-13T12:53:20.769147,45308,3.003906,3.089844,3.0117190000000003,-1,164.367659,23.487848
2025-08-13T12:53:21.302720,45309,3.003906,3.09375,3.015625,-1,164.367659,23.478407
2025-08-13T12:53:21.839426,45310,3.003906,3.09375,3.0117190000000003,-1,164.489729,23.478407
2025-08-13T12:53:22.380787,45311,3.007812,3.097656,3.0117190000000003,-1,164.550764,23.478407
2025-08-13T12:53:22.901791,45312,3.003906,3.097656,3.015625,-1,164.489729,23.478407
2025-08-13T12:53:23.439787,45313,3.007812,3.089844,3.0117190000000003,-1,164.367659,23.478407
2025-08-13T12:53:23.984626,45314,3.007812,3.097656,3.023438,-1,164.428694,23.468965
2025-08-13T12:53:24.512627,45315,3.003906,3.097656,3.0117190000000003,-1,164.367659,23.468965
2025-08-13T12:53:25.038626,45316,3.003906,3.09375,3.019531,-1,164.367659,23.459523
2025-08-13T12:53:25.569627,45317,3.011719,3.09375,3.015625,-1,164.6118,23.459523
2025-08-13T12:53:26.091626,45318,3.003906,3.09375,3.0117190000000003,-1,164.550764,23.459523
2025-08-13T12:53:26.624627,45319,3.003906,3.097656,3.0117190000000003,-1,164.550764,23.450081
2025-08-13T12:53:27.162664,45320,3.011719,3.097656,3.019531,-1,164.428694,23.450081
2025-08-13T12:53:27.700664,45321,3.003906,3.097656,3.015625,-1,164.550764,23.450081
2025-08-13T12:53:28.238665,45322,3.011719,3.089844,3.0117190000000003,-1,164.550764,23.450081
2025-08-13T12:53:28.773664,45323,3.007812,3.09375,3.015625,-1,164.306624,23.459523
2025-08-13T12:53:29.298737,45324,3.003906,3.097656,3.019531,-1,164.428694,23.468965
2025-08-13T12:53:29.849738,45325,3.007812,3.097656,3.023438,-1,164.489729,23.459523
2025-08-13T12:53:30.373358,45326,3.003906,3.09375,3.019531,-1,164.367659,23.450081
2025-08-13T12:53:30.903361,45327,3.003906,3.097656,3.0117190000000003,-1,164.367659,23.450081
2025-08-13T12:53:31.429483,45328,3.003906,3.09375,3.015625,-1,164.428694,23.450081
2025-08-13T12:53:31.954482,45329,3.003906,3.09375,3.023438,-1,164.428694,23.450081
2025-08-13T12:53:32.480482,45330,3.011719,3.089844,3.019531,-1,164.306624,23.450081
2025-08-13T12:53:33.025483,45331,3.011719,3.09375,3.019531,-1,164.428694,23.450081
2025-08-13T12:53:33.571521,45332,3.003906,3.089844,3.015625,-1,164.306624,23.440639
2025-08-13T12:53:34.143520,45333,3.003906,3.09375,3.003906,-1,164.306624,23.450081
2025-08-13T12:53:34.694544,45334,3.007812,3.097656,3.015625,-1,164.367659,23.450081
2025-08-13T12:53:35.241544,45335,3.003906,3.089844,3.007812,-1,164.428694,23.459523
2025-08-13T12:53:35.775403,45336,3.003906,3.089844,3.0117190000000003,-1,164.550764,23.459523
2025-08-13T12:53:36.433405,45337,3.003906,3.09375,3.023438,-1,164.428694,23.459523
2025-08-13T12:53:37.132404,45338,3.003906,3.097656,3.015625,-1,164.428694,23.468965
2025-08-13T12:53:37.852405,45339,3.003906,3.097656,3.0117190000000003,-1,164.550764,23.459523
2025-08-13T12:53:38.401229,45340,3.003906,3.09375,3.0117190000000003,-1,164.367659,23.468965
2025-08-13T12:53:39.017229,45341,3.003906,3.101562,3.0117190000000003,-1,164.6118,23.468965
2025-08-13T12:53:39.552236,45342,3.003906,3.09375,3.015625,-1,164.428694,23.478407
2025-08-13T12:53:40.113236,45343,3.003906,3.097656,3.015625,-1,164.6118,23.487848
2025-08-13T12:53:40.675236,45344,3.011719,3.09375,3.0117190000000003,-1,164.6118,23.468965
2025-08-13T12:53:41.202236,45345,3.007812,3.09375,3.0117190000000003,-1,164.428694,23.487848
2025-08-13T12:53:41.731236,45346,3.003906,3.089844,3.023438,-1,164.6118,23.49729
2025-08-13T12:53:42.266238,45347,3.003906,3.097656,3.0117190000000003,-1,164.550764,23.487848
2025-08-13T12:55:10.769881,45348,3.007812,3.09375,3.0117190000000003,-1,164.550764,23.506731
2025-08-13T12:55:11.464881,45349,3.003906,3.09375,3.0117190000000003,-1,143.676743,23.553936
2025-08-13T12:55:12.265882,45350,3.007812,3.09375,3.0117190000000003,-1,142.700181,23.563376
2025-08-13T12:55:13.244880,45351,3.003906,3.097656,3.015625,-1,144.34813,23.563376
2025-08-13T12:55:13.875882,45352,3.242188,3.199219,2.972656,-1,162.84178,23.629459
2025-08-13T12:55:14.449556,45353,3.207031,3.0625,2.9960940000000003,-1,152.343734,24.649624
2025-08-13T12:55:15.277556,45354,3.15625,3.199219,3.035156,-1,149.902328,24.943134
2025-08-13T12:55:15.986558,45355,3.011719,3.089844,3.054688,-1,164.245589,23.516172
2025-08-13T12:55:16.729557,45356,3.007812,3.089844,3.015625,-1,164.184554,23.525613
2025-08-13T12:55:17.399556,45357,3.011719,3.046875,2.984375,-1,164.428694,23.535054
2025-08-13T12:55:18.269557,45358,3.007812,3.105469,3.019531,-1,147.949204,23.535054
2025-08-13T12:55:18.955556,45359,3.050781,3.136719,3.039062,-1,154.235824,23.572817
2025-08-13T12:55:19.631071,45360,3.046875,3.066406,3.0117190000000003,-1,0.976562,103.017985
2025-08-13T12:55:20.296070,45361,3.265625,3.699219,2.617188,-1,152.832016,23.544495
2025-08-13T12:55:20.958070,45362,3.269531,3.816406,2.625,-1,149.841293,23.620019
2025-08-13T12:55:21.660072,45363,3.277344,3.753906,2.601562,-1,150.268539,23.582258
2025-08-13T12:55:22.328071,45364,3.308594,3.671875,2.75,-1,152.832016,23.431197
2025-08-13T12:55:23.032071,45365,3.0625,3.089844,3.125,-1,154.174789,23.440639
2025-08-13T12:55:23.742071,45366,3.054688,3.097656,2.960938,-1,154.724105,23.648339
2025-08-13T12:55:24.475070,45367,3.003906,3.09375,3.0117190000000003,-1,163.513167,23.478407
2025-08-13T12:55:25.460074,45368,3.003906,3.089844,3.015625,-1,163.635237,23.49729
2025-08-13T12:55:26.153072,45369,3.007812,3.097656,3.015625,-1,163.818343,23.506731
2025-08-13T12:55:26.830071,45370,3.003906,3.089844,3.0117190000000003,-1,163.696272,23.49729
2025-08-13T12:55:27.443071,45371,3.003906,3.09375,3.0117190000000003,-1,163.513167,23.49729
2025-08-13T12:55:28.041076,45372,3.003906,3.09375,3.019531,-1,163.635237,23.49729
2025-08-13T12:55:28.662071,45373,3.003906,3.085938,3.019531,-1,163.757307,23.506731
2025-08-13T12:55:29.272072,45374,3.003906,3.089844,3.0117190000000003,-1,163.818343,23.506731
2025-08-13T12:55:29.870071,45375,3.007812,3.089844,3.015625,-1,163.757307,23.49729
2025-08-13T12:55:30.486070,45376,3.007812,3.09375,3.007812,-1,163.757307,23.49729
2025-08-13T12:55:31.038071,45377,3.003906,3.09375,3.015625,-1,163.574202,23.506731
2025-08-13T12:55:31.606071,45378,3.003906,3.09375,3.015625,-1,163.635237,23.49729
2025-08-13T12:55:32.134071,45379,3.011719,3.089844,3.015625,-1,163.635237,23.49729
2025-08-13T12:55:32.829070,45380,3.003906,3.09375,3.0117190000000003,-1,163.757307,23.506731
2025-08-13T12:55:33.351851,45381,3.003906,3.085938,3.0117190000000003,-1,163.635237,23.506731
2025-08-13T12:55:33.943848,45382,3.007812,3.09375,3.0117190000000003,-1,163.635237,23.49729
2025-08-13T12:55:34.485403,45383,3.003906,3.09375,3.015625,-1,163.879378,23.506731
2025-08-13T12:55:35.054404,45384,3.003906,3.089844,3.015625,-1,163.818343,23.516172
2025-08-13T12:55:35.728406,45385,3.007812,3.085938,3.019531,-1,163.879378,23.506731
2025-08-13T12:55:36.602405,45386,3.007812,3.089844,3.007812,-1,163.879378,23.506731
2025-08-13T12:55:37.273405,45387,3.003906,3.089844,3.0117190000000003,-1,163.940413,23.49729
2025-08-13T12:55:37.878406,45388,3.007812,3.085938,3.015625,-1,163.696272,23.487848
2025-08-13T12:55:38.505404,45389,3.003906,3.089844,3.007812,-1,163.757307,23.487848
2025-08-13T12:55:39.101404,45390,3.007812,3.089844,3.015625,-1,163.879378,23.487848
2025-08-13T12:55:39.687407,45391,3.003906,3.085938,3.019531,-1,163.757307,23.487848
2025-08-13T12:55:40.278404,45392,3.003906,3.085938,3.019531,-1,163.818343,23.49729
2025-08-13T12:55:40.873405,45393,3.003906,3.089844,3.015625,-1,163.818343,23.487848
2025-08-13T12:55:41.443406,45394,3.003906,3.09375,3.007812,-1,163.818343,23.487848
2025-08-13T12:55:41.994404,45395,3.003906,3.085938,3.0117190000000003,-1,163.940413,23.506731
2025-08-13T12:55:42.560404,45396,3.011719,3.085938,3.023438,-1,163.940413,23.506731
2025-08-13T12:55:43.100404,45397,3.003906,3.089844,3.015625,-1,163.818343,23.506731
2025-08-13T12:55:44.121404,45398,3.003906,3.089844,3.007812,-1,163.940413,23.516172
2025-08-13T12:55:44.808404,45399,3.003906,3.089844,3.0117190000000003,-1,163.757307,23.516172
2025-08-13T12:55:45.343415,45400,3.003906,3.09375,3.0117190000000003,-1,163.879378,23.525613
2025-08-13T12:55:45.935412,45401,3.003906,3.085938,3.015625,-1,163.757307,23.516172
2025-08-13T12:55:46.635413,45402,3.003906,3.085938,3.015625,-1,163.940413,23.525613
2025-08-13T12:55:47.183412,45403,3.007812,3.089844,3.019531,-1,163.879378,23.525613
2025-08-13T12:55:47.772411,45404,3.003906,3.09375,3.015625,-1,163.940413,23.525613
2025-08-13T12:55:48.297412,45405,3.003906,3.09375,3.0117190000000003,-1,163.879378,23.544495
2025-08-13T12:55:48.858411,45406,3.003906,3.09375,3.015625,-1,163.818343,23.544495
2025-08-13T12:55:49.548893,45407,3.003906,3.089844,3.015625,-1,163.940413,23.553936
2025-08-13T12:55:50.114892,45408,3.003906,3.089844,3.007812,-1,163.879378,23.553936
2025-08-13T12:55:50.724894,45409,3.003906,3.085938,3.015625,-1,163.757307,23.553936
2025-08-13T12:55:51.736893,45410,3.003906,3.089844,3.019531,-1,163.696272,23.544495
2025-08-13T12:55:52.305893,45411,3.011719,3.097656,3.0117190000000003,-1,163.879378,23.535054
2025-08-13T12:55:52.861893,45412,3.007812,3.085938,3.019531,-1,163.818343,23.535054
2025-08-13T12:55:53.503215,45413,3.003906,3.089844,3.015625,-1,163.940413,23.535054
2025-08-13T12:55:54.040215,45414,3.003906,3.085938,3.0117190000000003,-1,163.940413,23.535054
2025-08-13T12:55:54.620215,45415,3.003906,3.085938,3.0117190000000003,-1,163.818343,23.535054
2025-08-13T12:55:55.164214,45416,3.003906,3.09375,3.015625,-1,163.940413,23.544495
2025-08-13T12:55:55.737215,45417,3.003906,3.09375,3.015625,-1,163.879378,23.544495
2025-08-13T12:55:56.280861,45418,3.003906,3.089844,3.015625,-1,164.001448,23.553936
2025-08-13T12:55:57.042858,45419,3.003906,3.097656,3.015625,-1,163.818343,23.563376
2025-08-13T12:55:57.604856,45420,3.015625,3.089844,3.019531,-1,164.001448,23.563376
2025-08-13T12:55:58.281856,45421,3.003906,3.089844,3.015625,-1,163.879378,23.563376
2025-08-13T12:55:58.921854,45422,3.003906,3.097656,3.019531,-1,164.001448,23.563376
2025-08-13T12:55:59.491854,45423,3.003906,3.085938,3.0117190000000003,-1,163.879378,23.563376
2025-08-13T12:56:00.080855,45424,3.003906,3.089844,3.015625,-1,163.818343,23.582258
2025-08-13T12:56:00.690856,45425,3.007812,3.089844,3.0117190000000003,-1,164.001448,23.582258
2025-08-13T12:56:01.234855,45426,3.011719,3.09375,3.015625,-1,164.001448,23.591698
2025-08-13T12:56:01.830509,45427,3.007812,3.089844,3.019531,-1,163.940413,23.591698
2025-08-13T12:56:02.375621,45428,3.003906,3.089844,3.019531,-1,163.940413,23.601138
2025-08-13T12:56:02.929621,45429,3.003906,3.09375,3.019531,-1,163.940413,23.601138
2025-08-13T12:56:03.479625,45430,3.003906,3.089844,3.007812,-1,163.818343,23.601138
2025-08-13T12:56:04.032621,45431,3.003906,3.09375,3.0117190000000003,-1,163.940413,23.601138
2025-08-13T12:56:04.599622,45432,3.003906,3.085938,3.015625,-1,163.818343,23.610579
2025-08-13T12:56:05.132621,45433,3.003906,3.09375,3.019531,-1,164.001448,23.620019
2025-08-13T12:56:05.713621,45434,3.003906,3.09375,3.0117190000000003,-1,163.818343,23.610579
2025-08-13T12:56:06.252623,45435,3.007812,3.085938,3.0117190000000003,-1,163.940413,23.620019
2025-08-13T12:56:06.892627,45436,3.003906,3.089844,3.015625,-1,163.879378,23.629459
2025-08-13T12:56:07.437622,45437,3.003906,3.09375,3.015625,-1,163.818343,23.620019
2025-08-13T12:56:07.986621,45438,3.011719,3.089844,3.015625,-1,163.757307,23.620019
2025-08-13T12:56:08.573626,45439,3.007812,3.089844,3.015625,-1,163.879378,23.620019
2025-08-13T12:56:09.121622,45440,3.003906,3.09375,3.015625,-1,163.940413,23.620019
2025-08-13T12:56:09.699367,45441,3.007812,3.089844,3.015625,-1,163.879378,23.610579
2025-08-13T12:56:10.234367,45442,3.003906,3.09375,3.015625,-1,163.940413,23.610579
2025-08-13T12:56:10.809317,45443,3.003906,3.089844,3.019531,-1,163.940413,23.601138
2025-08-13T12:56:11.465317,45444,3.003906,3.09375,3.015625,-1,163.818343,23.591698
2025-08-13T12:56:12.037320,45445,3.003906,3.085938,3.007812,-1,164.001448,23.582258
2025-08-13T12:56:12.612317,45446,3.003906,3.09375,3.015625,-1,163.940413,23.582258
2025-08-13T12:56:13.572991,45447,3.003906,3.089844,3.015625,-1,163.757307,23.591698
2025-08-13T12:56:14.105027,45448,3.003906,3.089844,3.0117190000000003,-1,163.940413,23.591698
2025-08-13T12:56:14.709026,45449,3.003906,3.089844,3.0117190000000003,-1,163.818343,23.591698
2025-08-13T12:56:15.225316,45450,3.007812,3.09375,3.007812,-1,163.879378,23.601138
2025-08-13T12:56:15.794317,45451,3.003906,3.09375,3.015625,-1,163.940413,23.601138
2025-08-13T12:56:16.310969,45452,3.003906,3.09375,3.015625,-1,164.001448,23.601138
2025-08-13T12:56:16.874966,45453,3.003906,3.089844,3.015625,-1,163.818343,23.610579
2025-08-13T12:56:17.390380,45454,3.003906,3.089844,3.019531,-1,163.818343,23.610579
2025-08-13T12:56:17.945380,45455,3.003906,3.09375,3.015625,-1,164.001448,23.610579
2025-08-13T12:56:18.594077,45456,3.003906,3.089844,3.015625,-1,163.940413,23.620019
2025-08-13T12:56:19.139076,45457,3.007812,3.089844,3.023438,-1,163.818343,23.620019
2025-08-13T12:56:19.708145,45458,3.003906,3.09375,3.019531,-1,163.818343,23.629459
2025-08-13T12:56:20.242146,45459,3.003906,3.09375,3.0117190000000003,-1,163.940413,23.638899
2025-08-13T12:56:20.801146,45460,3.007812,3.09375,3.015625,-1,163.879378,23.638899
2025-08-13T12:56:21.338146,45461,3.003906,3.09375,3.023438,-1,164.001448,23.648339
2025-08-13T12:56:21.971146,45462,3.007812,3.089844,3.0117190000000003,-1,163.879378,23.657779
2025-08-13T12:56:22.522150,45463,3.011719,3.089844,3.0117190000000003,-1,163.818343,23.657779
2025-08-13T12:56:23.080145,45464,3.003906,3.089844,3.019531,-1,163.879378,23.648339
2025-08-13T12:56:23.855146,45465,3.003906,3.09375,3.019531,-1,164.001448,23.648339
2025-08-13T12:56:24.395148,45466,3.003906,3.09375,3.0117190000000003,-1,163.940413,23.657779
2025-08-13T12:56:24.979145,45467,3.007812,3.089844,3.007812,-1,163.879378,23.657779
2025-08-13T12:56:25.558303,45468,3.003906,3.089844,3.019531,-1,164.062483,23.657779
2025-08-13T12:56:26.203302,45469,3.003906,3.089844,3.015625,-1,164.062483,23.667219
2025-08-13T12:56:26.798985,45470,3.003906,3.085938,3.007812,-1,164.001448,23.657779
2025-08-13T12:56:27.359986,45471,3.003906,3.089844,3.003906,-1,164.062483,23.657779
2025-08-13T12:56:27.953985,45472,3.003906,3.089844,3.015625,-1,164.062483,23.667219
2025-08-13T12:56:28.518985,45473,3.011719,3.089844,3.007812,-1,164.062483,23.667219
2025-08-13T12:56:29.077985,45474,3.003906,3.085938,3.015625,-1,163.940413,23.667219
2025-08-13T12:56:29.659986,45475,3.003906,3.09375,3.019531,-1,164.062483,23.667219
2025-08-13T12:56:30.338985,45476,3.003906,3.089844,3.015625,-1,164.001448,23.676659
2025-08-13T12:56:30.993985,45477,3.003906,3.09375,3.007812,-1,163.940413,23.676659
2025-08-13T12:56:31.592985,45478,3.007812,3.085938,3.007812,-1,164.062483,23.686099
2025-08-13T12:56:32.276985,45479,3.003906,3.085938,3.015625,-1,163.940413,23.686099
2025-08-13T12:56:32.884984,45480,3.003906,3.09375,3.019531,-1,164.062483,23.686099
2025-08-13T12:56:33.493984,45481,3.003906,3.089844,3.015625,-1,164.001448,23.686099
2025-08-13T12:56:34.027986,45482,3.003906,3.089844,3.019531,-1,163.818343,23.695539
2025-08-13T12:56:34.604984,45483,3.003906,3.089844,3.007812,-1,163.940413,23.695539
2025-08-13T12:56:35.266985,45484,3.011719,3.09375,3.007812,-1,164.062483,23.695539
2025-08-13T12:56:35.908985,45485,3.003906,3.089844,3.007812,-1,163.879378,23.695539
2025-08-13T12:56:36.576986,45486,3.003906,3.089844,3.0117190000000003,-1,164.062483,23.704979
2025-08-13T12:56:37.291986,45487,3.003906,3.09375,3.0117190000000003,-1,164.062483,23.704979
2025-08-13T12:56:37.942984,45488,3.003906,3.09375,3.019531,-1,164.062483,23.695539
2025-08-13T12:56:38.532984,45489,3.003906,3.09375,3.0117190000000003,-1,164.001448,23.695539
2025-08-13T12:56:39.108994,45490,3.003906,3.09375,3.0117190000000003,-1,163.879378,23.686099
2025-08-13T12:56:39.700984,45491,3.003906,3.097656,3.019531,-1,164.062483,23.676659
2025-08-13T12:56:40.275985,45492,3.003906,3.089844,3.015625,-1,164.062483,23.695539
2025-08-13T12:56:40.922989,45493,3.007812,3.09375,3.0117190000000003,-1,164.062483,23.695539
2025-08-13T12:56:41.611984,45494,3.003906,3.089844,3.015625,-1,164.062483,23.686099
2025-08-13T12:56:42.167065,45495,3.007812,3.089844,3.019531,-1,164.123518,23.686099
2025-08-13T12:56:42.904065,45496,3.007812,3.089844,3.0117190000000003,-1,164.001448,23.676659
2025-08-13T12:56:43.453065,45497,3.003906,3.089844,3.015625,-1,164.123518,23.676659
2025-08-13T12:56:43.991064,45498,3.003906,3.089844,3.019531,-1,164.001448,23.676659
2025-08-13T12:56:44.574063,45499,3.011719,3.085938,3.019531,-1,164.001448,23.676659
2025-08-13T12:56:45.130073,45500,3.007812,3.089844,3.0117190000000003,-1,163.940413,23.686099
2025-08-13T12:56:45.736064,45501,3.003906,3.085938,3.0117190000000003,-1,164.001448,23.686099
2025-08-13T12:56:46.268065,45502,3.003906,3.09375,3.015625,-1,164.001448,23.676659
2025-08-13T12:56:46.829064,45503,3.003906,3.089844,3.015625,-1,164.123518,23.676659
2025-08-13T12:56:47.387064,45504,3.011719,3.089844,3.0117190000000003,-1,163.940413,23.676659
2025-08-13T12:56:47.948064,45505,3.003906,3.09375,3.007812,-1,164.062483,23.686099
2025-08-13T12:56:48.495065,45506,3.003906,3.089844,3.0117190000000003,-1,164.062483,23.676659
2025-08-13T12:56:49.045065,45507,3.003906,3.085938,3.019531,-1,163.940413,23.667219
2025-08-13T12:56:49.627064,45508,3.011719,3.089844,3.019531,-1,164.184554,23.667219
2025-08-13T12:56:50.170066,45509,3.003906,3.09375,3.007812,-1,164.123518,23.676659
2025-08-13T12:56:50.941064,45510,3.007812,3.089844,3.007812,-1,164.001448,23.686099
2025-08-13T12:56:51.497854,45511,3.007812,3.089844,3.0117190000000003,-1,164.062483,23.686099
2025-08-13T12:56:52.038855,45512,3.003906,3.085938,3.015625,-1,163.940413,23.686099
2025-08-13T12:56:52.735855,45513,3.011719,3.089844,3.003906,-1,163.940413,23.695539
2025-08-13T12:56:53.439855,45514,3.007812,3.089844,3.015625,-1,163.940413,23.704979
2025-08-13T12:56:54.016857,45515,3.003906,3.089844,3.0117190000000003,-1,164.001448,23.704979
2025-08-13T12:56:54.597169,45516,3.003906,3.09375,3.015625,-1,164.123518,23.704979
2025-08-13T12:56:55.146168,45517,3.003906,3.09375,3.007812,-1,163.940413,23.704979
2025-08-13T12:56:55.843217,45518,3.003906,3.085938,3.0117190000000003,-1,164.062483,23.714419
2025-08-13T12:56:56.398219,45519,3.003906,3.09375,3.007812,-1,163.940413,23.714419
2025-08-13T12:56:57.117217,45520,3.003906,3.097656,3.015625,-1,164.123518,23.714419
2025-08-13T12:56:57.782217,45521,3.003906,3.09375,3.023438,-1,164.001448,23.714419
2025-08-13T12:56:58.373218,45522,3.003906,3.09375,3.0117190000000003,-1,163.940413,23.695539
2025-08-13T12:56:58.956217,45523,3.003906,3.09375,3.015625,-1,164.001448,23.676659
2025-08-13T12:56:59.513218,45524,3.003906,3.089844,3.0117190000000003,-1,164.123518,23.667219
2025-08-13T12:57:00.104221,45525,3.003906,3.09375,3.0117190000000003,-1,164.062483,23.667219
2025-08-13T12:57:00.840219,45526,3.003906,3.089844,3.015625,-1,164.123518,23.676659
2025-08-13T12:57:01.398218,45527,3.007812,3.09375,3.0117190000000003,-1,163.940413,23.686099
2025-08-13T12:57:01.969217,45528,3.003906,3.085938,3.007812,-1,164.001448,23.686099
2025-08-13T12:57:03.240217,45529,3.003906,3.089844,3.0273440000000003,-1,164.123518,23.686099
2025-08-13T12:57:03.853217,45530,3.003906,3.09375,3.019531,-1,164.001448,23.686099
2025-08-13T12:57:04.536219,45531,3.003906,3.09375,3.019531,-1,163.940413,23.686099
2025-08-13T12:57:05.124218,45532,3.003906,3.085938,3.019531,-1,163.879378,23.686099
2025-08-13T12:57:05.732220,45533,3.003906,3.089844,3.007812,-1,163.940413,23.676659
2025-08-13T12:57:06.275218,45534,3.003906,3.09375,3.0117190000000003,-1,164.123518,23.667219
2025-08-13T12:57:06.844217,45535,3.003906,3.085938,3.0117190000000003,-1,163.940413,23.657779
2025-08-13T12:57:07.393218,45536,3.003906,3.089844,3.015625,-1,164.062483,23.657779
2025-08-13T12:57:08.048218,45537,3.003906,3.089844,3.019531,-1,164.001448,23.657779
2025-08-13T12:57:08.632004,45538,3.003906,3.09375,3.015625,-1,163.940413,23.648339
2025-08-13T12:57:09.282004,45539,3.007812,3.089844,3.007812,-1,163.940413,23.657779
2025-08-13T12:57:09.858006,45540,3.007812,3.085938,3.015625,-1,163.879378,23.657779
2025-08-13T12:57:10.412004,45541,3.007812,3.089844,3.015625,-1,164.062483,23.667219
2025-08-13T12:57:10.974005,45542,3.003906,3.085938,3.0117190000000003,-1,164.123518,23.676659
2025-08-13T12:57:11.539005,45543,3.003906,3.089844,3.019531,-1,164.001448,23.676659
2025-08-13T12:57:12.082005,45544,3.007812,3.089844,3.007812,-1,164.001448,23.676659
2025-08-13T12:57:12.663004,45545,3.007812,3.089844,3.0117190000000003,-1,164.062483,23.686099
2025-08-13T12:57:13.313005,45546,3.003906,3.089844,3.015625,-1,164.123518,23.686099
2025-08-13T12:57:13.898006,45547,3.003906,3.089844,3.015625,-1,164.245589,23.686099
2025-08-13T12:57:14.440899,45548,3.003906,3.097656,3.015625,-1,164.184554,23.686099
2025-08-13T12:57:14.995895,45549,3.007812,3.089844,3.0117190000000003,-1,164.306624,23.695539
2025-08-13T12:57:15.549896,45550,3.003906,3.09375,3.019531,-1,164.123518,23.695539
2025-08-13T12:57:16.534895,45551,3.007812,3.097656,3.0117190000000003,-1,164.062483,23.695539
2025-08-13T12:57:17.125894,45552,3.007812,3.085938,3.015625,-1,164.123518,23.695539
2025-08-13T12:57:17.719894,45553,3.003906,3.089844,3.0117190000000003,-1,164.062483,23.695539
2025-08-13T12:57:18.241983,45554,3.003906,3.089844,3.015625,-1,164.184554,23.695539
2025-08-13T12:57:18.895981,45555,3.003906,3.09375,3.007812,-1,164.123518,23.704979
2025-08-13T12:57:19.988137,45556,3.003906,3.09375,3.007812,-1,164.062483,23.704979
2025-08-13T12:57:20.548567,45557,3.007812,3.085938,3.0117190000000003,-1,163.940413,23.714419
2025-08-13T12:57:21.102563,45558,3.003906,3.089844,3.003906,-1,164.184554,23.714419
2025-08-13T12:57:21.698938,45559,3.003906,3.089844,3.0117190000000003,-1,164.123518,23.695539
2025-08-13T12:57:22.340938,45560,3.003906,3.09375,3.015625,-1,164.123518,23.714419
2025-08-13T12:57:22.987941,45561,3.003906,3.089844,3.0117190000000003,-1,164.123518,23.704979
2025-08-13T12:57:23.692938,45562,3.003906,3.089844,3.0117190000000003,-1,164.001448,23.704979
2025-08-13T12:57:24.230938,45563,3.007812,3.09375,3.015625,-1,163.940413,23.704979
2025-08-13T12:57:24.838937,45564,3.003906,3.09375,3.019531,-1,164.123518,23.704979
2025-08-13T12:57:25.376470,45565,3.003906,3.085938,3.019531,-1,163.940413,23.704979
2025-08-13T12:57:25.970468,45566,3.003906,3.089844,3.007812,-1,164.062483,23.704979
2025-08-13T12:57:26.521491,45567,3.007812,3.089844,3.019531,-1,163.940413,23.714419
2025-08-13T12:57:27.077491,45568,3.003906,3.089844,3.023438,-1,163.940413,23.723859
2025-08-13T12:57:27.663862,45569,3.003906,3.089844,3.007812,-1,163.940413,23.723859
2025-08-13T12:57:28.230866,45570,3.003906,3.09375,3.0273440000000003,-1,164.123518,23.723859
2025-08-13T12:57:29.051861,45571,3.007812,3.089844,3.007812,-1,164.001448,23.723859
2025-08-13T12:57:29.659860,45572,3.003906,3.09375,3.019531,-1,163.940413,23.723859
2025-08-13T12:57:30.372107,45573,3.003906,3.09375,3.0117190000000003,-1,163.940413,23.742738
2025-08-13T12:57:30.939107,45574,3.003906,3.089844,3.015625,-1,164.123518,23.742738
2025-08-13T12:57:31.493109,45575,3.003906,3.089844,3.015625,-1,164.123518,23.733298
2025-08-13T12:57:32.055108,45576,3.007812,3.089844,3.019531,-1,164.123518,23.742738
2025-08-13T12:57:32.647108,45577,3.007812,3.09375,3.0117190000000003,-1,164.062483,23.742738
2025-08-13T12:57:33.203110,45578,3.003906,3.09375,3.015625,-1,164.184554,23.742738
2025-08-13T12:57:33.799108,45579,3.007812,3.09375,3.0117190000000003,-1,164.184554,23.742738
2025-08-13T12:57:34.341108,45580,3.003906,3.09375,3.0117190000000003,-1,164.123518,23.752178
2025-08-13T12:57:34.923107,45581,3.003906,3.085938,3.0117190000000003,-1,164.123518,23.742738
2025-08-13T12:57:35.491109,45582,3.003906,3.09375,3.007812,-1,164.062483,23.742738
2025-08-13T12:57:36.043109,45583,3.003906,3.085938,3.0117190000000003,-1,164.123518,23.742738
2025-08-13T12:57:36.640107,45584,3.003906,3.089844,3.019531,-1,164.184554,23.742738
2025-08-13T12:57:37.219109,45585,3.003906,3.09375,3.007812,-1,163.940413,23.742738
2025-08-13T12:57:37.764117,45586,3.003906,3.09375,3.019531,-1,164.123518,23.733298
2025-08-13T12:57:38.415117,45587,3.003906,3.09375,3.019531,-1,164.123518,23.714419
2025-08-13T12:57:38.945116,45588,3.011719,3.089844,3.0117190000000003,-1,164.062483,23.695539
2025-08-13T12:57:39.493117,45589,3.007812,3.09375,3.023438,-1,164.001448,23.686099
2025-08-13T12:57:40.040117,45590,3.003906,3.089844,3.0117190000000003,-1,164.123518,23.704979
2025-08-13T12:57:40.564117,45591,3.003906,3.089844,3.019531,-1,164.062483,23.695539
2025-08-13T12:57:41.095120,45592,3.003906,3.085938,3.019531,-1,164.123518,23.704979
2025-08-13T12:57:42.098118,45593,3.003906,3.09375,3.007812,-1,164.123518,23.686099
2025-08-13T12:57:42.629933,45594,3.003906,3.09375,3.0117190000000003,-1,163.940413,23.704979
2025-08-13T12:57:43.200935,45595,3.003906,3.089844,3.007812,-1,164.001448,23.714419
2025-08-13T12:57:43.728932,45596,3.007812,3.089844,3.019531,-1,164.123518,23.714419
2025-08-13T12:57:44.270933,45597,3.003906,3.089844,3.0117190000000003,-1,164.184554,23.714419
2025-08-13T12:57:44.840894,45598,3.003906,3.089844,3.007812,-1,164.184554,23.723859
2025-08-13T12:57:45.428895,45599,3.007812,3.09375,3.0117190000000003,-1,164.062483,23.723859
2025-08-13T12:57:45.991894,45600,3.003906,3.089844,3.0117190000000003,-1,164.062483,23.733298
2025-08-13T12:57:46.551896,45601,3.003906,3.089844,3.015625,-1,164.123518,23.723859
2025-08-13T12:57:47.219492,45602,3.003906,3.09375,3.015625,-1,164.062483,23.714419
2025-08-13T12:57:47.803491,45603,3.003906,3.09375,3.019531,-1,164.001448,23.714419
2025-08-13T12:57:48.486491,45604,3.007812,3.089844,3.0117190000000003,-1,164.001448,23.714419
2025-08-13T12:57:49.051492,45605,3.011719,3.089844,3.003906,-1,164.123518,23.723859
2025-08-13T12:57:49.624491,45606,3.003906,3.085938,3.003906,-1,164.062483,23.723859
2025-08-13T12:57:50.164499,45607,3.003906,3.089844,3.023438,-1,164.062483,23.714419
2025-08-13T12:57:50.709492,45608,3.003906,3.09375,3.0117190000000003,-1,164.123518,23.714419
2025-08-13T12:57:51.263494,45609,3.011719,3.089844,3.007812,-1,164.062483,23.704979
2025-08-13T12:57:51.834492,45610,3.003906,3.089844,3.0117190000000003,-1,164.184554,23.695539
2025-08-13T12:57:52.382491,45611,3.003906,3.089844,3.0117190000000003,-1,164.245589,23.676659
2025-08-13T12:57:52.943491,45612,3.003906,3.09375,3.019531,-1,164.001448,23.676659
2025-08-13T12:57:53.705491,45613,3.007812,3.089844,3.015625,-1,164.062483,23.657779
2025-08-13T12:57:54.265491,45614,3.003906,3.085938,3.015625,-1,164.245589,23.638899
2025-08-13T12:57:54.820020,45615,3.003906,3.09375,3.019531,-1,164.062483,23.629459
2025-08-13T12:57:55.352021,45616,3.007812,3.09375,3.015625,-1,164.062483,23.610579
2025-08-13T12:57:55.999112,45617,3.003906,3.085938,3.015625,-1,164.245589,23.620019
2025-08-13T12:57:56.529113,45618,3.003906,3.089844,3.007812,-1,164.184554,23.629459
2025-08-13T12:57:57.068112,45619,3.003906,3.09375,3.015625,-1,164.001448,23.638899
2025-08-13T12:57:57.605119,45620,3.003906,3.09375,3.015625,-1,164.062483,23.629459
2025-08-13T12:57:58.275189,45621,3.003906,3.085938,3.015625,-1,164.184554,23.648339
2025-08-13T12:57:58.902188,45622,3.003906,3.09375,3.007812,-1,164.001448,23.648339
2025-08-13T12:57:59.440317,45623,3.003906,3.089844,3.015625,-1,164.062483,23.657779
2025-08-13T12:58:00.103317,45624,3.003906,3.09375,3.015625,-1,164.184554,23.657779
2025-08-13T12:58:00.697377,45625,3.003906,3.09375,3.019531,-1,164.123518,23.657779
2025-08-13T12:58:01.244376,45626,3.007812,3.09375,3.015625,-1,164.062483,23.657779
2025-08-13T12:58:01.861877,45627,3.007812,3.09375,3.0117190000000003,-1,164.001448,23.667219
2025-08-13T12:58:02.447877,45628,3.003906,3.089844,3.015625,-1,164.001448,23.657779
2025-08-13T12:58:03.203891,45629,3.007812,3.09375,3.0117190000000003,-1,164.123518,23.676659
2025-08-13T12:58:03.730890,45630,3.003906,3.089844,3.007812,-1,164.184554,23.676659
2025-08-13T12:58:04.271888,45631,3.003906,3.085938,3.019531,-1,164.123518,23.667219
2025-08-13T12:58:04.916888,45632,3.007812,3.089844,3.015625,-1,164.123518,23.657779
2025-08-13T12:58:05.447888,45633,3.015625,3.09375,3.0117190000000003,-1,164.001448,23.648339
2025-08-13T12:58:05.998888,45634,3.003906,3.09375,3.019531,-1,164.123518,23.629459
2025-08-13T12:58:06.650857,45635,3.003906,3.097656,3.015625,-1,164.245589,23.620019
2025-08-13T12:58:07.192857,45636,3.003906,3.089844,3.015625,-1,164.123518,23.601138
2025-08-13T12:58:07.736303,45637,3.003906,3.089844,3.0117190000000003,-1,164.123518,23.601138
2025-08-13T12:58:08.377303,45638,3.007812,3.09375,3.023438,-1,164.123518,23.582258
2025-08-13T12:58:08.933607,45639,3.007812,3.09375,3.019531,-1,164.184554,23.582258
2025-08-13T12:58:09.499607,45640,3.007812,3.089844,3.0117190000000003,-1,164.062483,23.582258
2025-08-13T12:58:10.047607,45641,3.003906,3.085938,3.015625,-1,164.062483,23.563376
2025-08-13T12:58:10.728607,45642,3.007812,3.089844,3.015625,-1,164.001448,23.553936
2025-08-13T12:58:11.266606,45643,3.003906,3.09375,3.0117190000000003,-1,164.001448,23.553936
2025-08-13T12:58:11.808607,45644,3.011719,3.09375,3.0117190000000003,-1,164.001448,23.553936
2025-08-13T12:58:12.366369,45645,3.003906,3.09375,3.019531,-1,164.062483,23.563376
2025-08-13T12:58:13.072367,45646,3.007812,3.089844,3.023438,-1,164.184554,23.563376
2025-08-13T12:58:13.972366,45647,3.003906,3.089844,3.015625,-1,164.001448,23.572817
2025-08-13T12:58:14.558367,45648,3.007812,3.085938,3.0117190000000003,-1,164.123518,23.572817
2025-08-13T12:58:15.158368,45649,3.003906,3.089844,3.0273440000000003,-1,164.062483,23.572817
2025-08-13T12:58:15.758367,45650,3.003906,3.085938,3.0117190000000003,-1,164.123518,23.572817
2025-08-13T12:58:16.296366,45651,3.007812,3.085938,3.015625,-1,164.001448,23.572817
2025-08-13T12:58:16.836721,45652,3.003906,3.09375,3.015625,-1,164.184554,23.563376
2025-08-13T12:58:17.384720,45653,3.003906,3.09375,3.0117190000000003,-1,164.062483,23.563376
2025-08-13T12:58:17.955876,45654,3.003906,3.089844,3.0117190000000003,-1,164.001448,23.563376
2025-08-13T12:58:18.505875,45655,3.003906,3.089844,3.0117190000000003,-1,163.940413,23.553936
2025-08-13T12:58:19.046753,45656,3.003906,3.089844,3.015625,-1,164.123518,23.544495
2025-08-13T12:58:19.618752,45657,3.011719,3.085938,3.0117190000000003,-1,164.001448,23.553936
2025-08-13T12:58:20.288753,45658,3.003906,3.089844,3.019531,-1,164.123518,23.553936
2025-08-13T12:58:20.832752,45659,3.003906,3.09375,3.0117190000000003,-1,163.940413,23.572817
2025-08-13T12:58:21.383753,45660,3.003906,3.089844,3.015625,-1,164.001448,23.582258
2025-08-13T12:58:21.992752,45661,3.007812,3.089844,3.015625,-1,164.001448,23.582258
2025-08-13T12:58:22.556753,45662,3.007812,3.089844,3.019531,-1,163.940413,23.572817
2025-08-13T12:58:23.149752,45663,3.003906,3.089844,3.007812,-1,164.062483,23.563376
2025-08-13T12:58:23.701100,45664,3.011719,3.09375,3.0117190000000003,-1,164.062483,23.553936
2025-08-13T12:58:24.339100,45665,3.003906,3.089844,3.015625,-1,164.062483,23.544495
2025-08-13T12:58:24.892080,45666,3.011719,3.089844,3.015625,-1,164.062483,23.544495
2025-08-13T12:58:25.429080,45667,3.003906,3.09375,3.015625,-1,164.001448,23.525613
2025-08-13T12:58:25.986826,45668,3.003906,3.089844,3.007812,-1,163.940413,23.535054
2025-08-13T12:58:26.629825,45669,3.003906,3.089844,3.015625,-1,163.940413,23.525613
2025-08-13T12:58:27.173826,45670,3.003906,3.085938,3.0117190000000003,-1,164.001448,23.525613
2025-08-13T12:58:27.722826,45671,3.003906,3.089844,3.015625,-1,163.940413,23.535054
2025-08-13T12:58:28.270835,45672,3.003906,3.085938,3.0117190000000003,-1,163.940413,23.535054
2025-08-13T12:58:28.833836,45673,3.003906,3.089844,3.015625,-1,163.940413,23.535054
2025-08-13T12:58:29.371836,45674,3.003906,3.089844,3.015625,-1,163.879378,23.535054
2025-08-13T12:58:29.981839,45675,3.003906,3.089844,3.015625,-1,163.940413,23.525613
2025-08-13T12:58:30.619024,45676,3.003906,3.089844,3.0117190000000003,-1,164.001448,23.516172
2025-08-13T12:58:31.185025,45677,3.003906,3.089844,3.015625,-1,163.940413,23.516172
2025-08-13T12:58:31.774025,45678,3.003906,3.09375,3.0117190000000003,-1,164.123518,23.516172
2025-08-13T12:58:32.558024,45679,3.003906,3.09375,3.007812,-1,164.123518,23.506731
2025-08-13T12:58:33.118128,45680,3.003906,3.09375,3.0117190000000003,-1,163.940413,23.49729
2025-08-13T12:58:33.760129,45681,3.003906,3.085938,3.0117190000000003,-1,164.001448,23.516172
2025-08-13T12:58:34.306465,45682,3.007812,3.089844,3.023438,-1,164.062483,23.516172
2025-08-13T12:58:34.846458,45683,3.007812,3.089844,3.007812,-1,164.184554,23.516172
2025-08-13T12:58:35.389285,45684,3.003906,3.089844,3.015625,-1,164.062483,23.525613
2025-08-13T12:58:35.925285,45685,3.003906,3.089844,3.0117190000000003,-1,164.184554,23.525613
2025-08-13T12:58:36.501117,45686,3.003906,3.089844,3.015625,-1,163.940413,23.516172
2025-08-13T12:58:37.082118,45687,3.003906,3.09375,3.0117190000000003,-1,164.123518,23.506731
2025-08-13T12:58:37.632861,45688,3.007812,3.089844,3.0117190000000003,-1,164.062483,23.506731
2025-08-13T12:58:38.185856,45689,3.003906,3.085938,3.0117190000000003,-1,164.123518,23.506731
2025-08-13T12:58:38.719866,45690,3.003906,3.089844,3.015625,-1,164.184554,23.506731
2025-08-13T12:58:39.262866,45691,3.003906,3.089844,3.019531,-1,164.062483,23.506731
2025-08-13T12:58:39.814986,45692,3.003906,3.085938,3.023438,-1,164.001448,23.516172
2025-08-13T12:58:40.383985,45693,3.011719,3.089844,3.0117190000000003,-1,164.184554,23.516172
2025-08-13T12:58:41.033985,45694,3.003906,3.09375,3.019531,-1,164.245589,23.516172
2025-08-13T12:58:41.749985,45695,3.003906,3.085938,3.0117190000000003,-1,164.184554,23.516172
2025-08-13T12:58:42.290985,45696,3.007812,3.089844,3.019531,-1,164.062483,23.516172
2025-08-13T12:58:42.858986,45697,3.003906,3.085938,3.015625,-1,164.062483,23.525613
2025-08-13T12:58:43.405985,45698,3.003906,3.09375,3.0117190000000003,-1,164.184554,23.525613
2025-08-13T12:58:43.951985,45699,3.003906,3.09375,3.015625,-1,164.062483,23.535054
2025-08-13T12:58:44.501986,45700,3.003906,3.09375,3.015625,-1,164.184554,23.535054
2025-08-13T12:58:45.057996,45701,3.011719,3.085938,3.019531,-1,164.184554,23.535054
2025-08-13T12:58:45.653994,45702,3.003906,3.089844,3.015625,-1,164.062483,23.525613
2025-08-13T12:58:46.323996,45703,3.003906,3.085938,3.0117190000000003,-1,164.123518,23.516172
2025-08-13T12:58:47.994346,45704,3.003906,3.089844,3.0117190000000003,-1,163.940413,23.516172
2025-08-13T12:58:48.680345,45705,3.015625,3.09375,3.015625,-1,164.062483,23.516172
2025-08-13T12:58:49.323346,45706,3.003906,3.089844,3.015625,-1,164.123518,23.516172
2025-08-13T12:58:49.989348,45707,3.007812,3.089844,3.019531,-1,164.062483,23.525613
2025-08-13T12:58:50.620345,45708,3.011719,3.09375,3.019531,-1,164.123518,23.525613
2025-08-13T12:58:51.231345,45709,3.007812,3.085938,3.015625,-1,164.001448,23.535054
2025-08-13T12:58:51.829347,45710,3.003906,3.097656,3.019531,-1,164.001448,23.525613
2025-08-13T12:58:52.587347,45711,3.007812,3.089844,3.015625,-1,164.001448,23.535054
2025-08-13T12:58:53.301367,45712,3.007812,3.089844,3.019531,-1,164.062483,23.544495
2025-08-13T12:58:53.937365,45713,3.003906,3.09375,3.0273440000000003,-1,164.184554,23.544495
2025-08-13T12:58:54.553366,45714,3.003906,3.089844,3.0117190000000003,-1,164.123518,23.544495
2025-08-13T12:58:55.116366,45715,3.007812,3.09375,3.015625,-1,164.062483,23.544495
2025-08-13T12:58:55.724366,45716,3.003906,3.089844,3.0117190000000003,-1,164.184554,23.553936
2025-08-13T12:58:56.396365,45717,3.003906,3.089844,3.015625,-1,164.062483,23.553936
2025-08-13T12:58:57.046366,45718,3.003906,3.089844,3.015625,-1,164.062483,23.572817
2025-08-13T12:58:57.747365,45719,3.007812,3.085938,3.015625,-1,164.123518,23.572817
2025-08-13T12:58:58.492368,45720,3.003906,3.089844,3.015625,-1,164.184554,23.572817
2025-08-13T12:58:59.115367,45721,3.003906,3.09375,3.0117190000000003,-1,164.123518,23.572817
2025-08-13T12:58:59.813367,45722,3.003906,3.09375,3.019531,-1,164.001448,23.572817
2025-08-13T12:59:00.437367,45723,3.003906,3.089844,3.015625,-1,164.123518,23.572817
2025-08-13T12:59:01.064367,45724,3.007812,3.089844,3.015625,-1,164.123518,23.572817
2025-08-13T12:59:01.710367,45725,3.003906,3.097656,3.019531,-1,164.184554,23.572817
2025-08-13T12:59:02.265365,45726,3.003906,3.089844,3.015625,-1,164.062483,23.582258
2025-08-13T12:59:02.844365,45727,3.003906,3.089844,3.015625,-1,164.123518,23.582258
2025-08-13T12:59:03.525367,45728,3.003906,3.09375,3.015625,-1,164.123518,23.572817
2025-08-13T12:59:04.108365,45729,3.003906,3.089844,3.015625,-1,164.062483,23.572817
2025-08-13T12:59:04.724365,45730,3.003906,3.09375,3.015625,-1,164.062483,23.572817
2025-08-13T12:59:05.263366,45731,3.003906,3.089844,3.007812,-1,164.245589,23.572817
2025-08-13T12:59:05.875366,45732,3.003906,3.097656,3.007812,-1,164.062483,23.572817
2025-08-13T12:59:06.530369,45733,3.003906,3.089844,3.0117190000000003,-1,164.123518,23.563376
2025-08-13T12:59:07.108366,45734,3.007812,3.089844,3.015625,-1,164.001448,23.563376
2025-08-13T12:59:07.821367,45735,3.003906,3.089844,3.007812,-1,164.123518,23.553936
2025-08-13T12:59:08.434365,45736,3.003906,3.09375,3.0117190000000003,-1,164.001448,23.563376
2025-08-13T12:59:09.007365,45737,3.003906,3.085938,3.019531,-1,164.184554,23.553936
2025-08-13T12:59:09.613370,45738,3.007812,3.089844,3.019531,-1,164.062483,23.544495
2025-08-13T12:59:10.174365,45739,3.007812,3.085938,3.0117190000000003,-1,164.184554,23.553936
2025-08-13T12:59:10.798366,45740,3.003906,3.089844,3.007812,-1,164.062483,23.544495
2025-08-13T12:59:11.350368,45741,3.003906,3.089844,3.0117190000000003,-1,164.245589,23.544495
2025-08-13T12:59:12.244366,45742,3.003906,3.089844,3.015625,-1,164.123518,23.544495
2025-08-13T12:59:12.857366,45743,3.003906,3.089844,3.015625,-1,164.184554,23.525613
2025-08-13T12:59:13.436366,45744,3.003906,3.089844,3.015625,-1,164.184554,23.516172
2025-08-13T12:59:14.125367,45745,3.003906,3.085938,3.015625,-1,164.184554,23.506731
2025-08-13T12:59:14.925366,45746,3.003906,3.097656,3.019531,-1,164.184554,23.49729
2025-08-13T12:59:15.586778,45747,3.003906,3.089844,3.0117190000000003,-1,164.123518,23.487848
2025-08-13T12:59:16.177775,45748,3.003906,3.089844,3.019531,-1,164.245589,23.487848
2025-08-13T12:59:16.774775,45749,3.003906,3.089844,3.015625,-1,164.001448,23.478407
2025-08-13T12:59:17.332774,45750,3.003906,3.09375,3.003906,-1,164.123518,23.487848
2025-08-13T12:59:17.909785,45751,3.003906,3.089844,3.019531,-1,164.184554,23.487848
2025-08-13T12:59:18.600776,45752,3.003906,3.089844,3.007812,-1,164.001448,23.478407
2025-08-13T12:59:19.271210,45753,3.003906,3.09375,3.007812,-1,164.184554,23.478407
2025-08-13T12:59:19.871209,45754,3.007812,3.089844,3.0117190000000003,-1,164.184554,23.468965
2025-08-13T12:59:20.427008,45755,3.003906,3.09375,3.0117190000000003,-1,164.001448,23.468965
2025-08-13T12:59:21.012008,45756,3.003906,3.085938,3.015625,-1,164.062483,23.468965
2025-08-13T12:59:21.605519,45757,3.003906,3.085938,3.015625,-1,164.184554,23.459523
2025-08-13T12:59:22.183521,45758,3.003906,3.085938,3.0117190000000003,-1,164.123518,23.459523
2025-08-13T12:59:22.809529,45759,3.003906,3.089844,3.015625,-1,164.123518,23.459523
2025-08-13T12:59:23.373532,45760,3.007812,3.085938,3.015625,-1,164.184554,23.478407
2025-08-13T12:59:23.952532,45761,3.003906,3.089844,3.019531,-1,164.062483,23.478407
2025-08-13T12:59:24.514529,45762,3.003906,3.089844,3.015625,-1,164.184554,23.478407
2025-08-13T12:59:25.115530,45763,3.003906,3.09375,3.007812,-1,164.062483,23.478407
2025-08-13T12:59:25.757530,45764,3.003906,3.09375,3.015625,-1,164.123518,23.487848
2025-08-13T12:59:26.314624,45765,3.003906,3.089844,3.0117190000000003,-1,164.062483,23.487848
2025-08-13T12:59:26.898628,45766,3.003906,3.089844,3.007812,-1,164.062483,23.487848
2025-08-13T12:59:27.477067,45767,3.007812,3.089844,3.019531,-1,164.062483,23.49729
2025-08-13T12:59:28.049066,45768,3.003906,3.09375,3.023438,-1,164.184554,23.487848
2025-08-13T12:59:28.777193,45769,3.003906,3.089844,3.0273440000000003,-1,164.001448,23.49729
2025-08-13T12:59:29.378193,45770,3.007812,3.089844,3.007812,-1,164.001448,23.49729
2025-08-13T12:59:29.970193,45771,3.007812,3.085938,3.015625,-1,164.062483,23.506731
2025-08-13T12:59:30.543194,45772,3.007812,3.089844,3.023438,-1,164.123518,23.487848
2025-08-13T12:59:31.121194,45773,3.003906,3.089844,3.019531,-1,164.062483,23.487848
2025-08-13T12:59:31.733193,45774,3.003906,3.09375,3.015625,-1,164.123518,23.487848
2025-08-13T12:59:32.285192,45775,3.007812,3.09375,3.007812,-1,164.001448,23.487848
2025-08-13T12:59:32.874191,45776,3.003906,3.09375,3.0117190000000003,-1,163.940413,23.478407
2025-08-13T12:59:33.568192,45777,3.003906,3.09375,3.0117190000000003,-1,164.123518,23.478407
2025-08-13T12:59:34.254192,45778,3.011719,3.089844,3.0117190000000003,-1,164.245589,23.459523
2025-08-13T12:59:34.850192,45779,3.003906,3.09375,3.0117190000000003,-1,163.940413,23.468965
2025-08-13T12:59:35.426194,45780,3.007812,3.097656,3.0117190000000003,-1,164.001448,23.478407
2025-08-13T12:59:36.029193,45781,3.007812,3.085938,3.007812,-1,164.123518,23.468965
2025-08-13T12:59:36.638193,45782,3.003906,3.09375,3.015625,-1,164.123518,23.468965
2025-08-13T12:59:37.183192,45783,3.003906,3.089844,3.0117190000000003,-1,164.062483,23.478407
2025-08-13T12:59:37.785192,45784,3.003906,3.085938,3.0117190000000003,-1,164.001448,23.468965
2025-08-13T12:59:38.355192,45785,3.003906,3.089844,3.0117190000000003,-1,164.062483,23.478407
2025-08-13T12:59:38.939192,45786,3.003906,3.09375,3.015625,-1,164.184554,23.478407
2025-08-13T12:59:39.522459,45787,3.003906,3.097656,3.0117190000000003,-1,164.184554,23.478407
2025-08-13T12:59:40.080459,45788,3.003906,3.089844,3.007812,-1,164.001448,23.478407
2025-08-13T12:59:40.739298,45789,3.003906,3.089844,3.015625,-1,164.184554,23.478407
2025-08-13T12:59:41.280299,45790,3.003906,3.085938,3.015625,-1,164.001448,23.478407
2025-08-13T12:59:41.869297,45791,3.003906,3.089844,3.015625,-1,164.062483,23.468965
2025-08-13T12:59:42.540297,45792,3.003906,3.089844,3.0117190000000003,-1,164.245589,23.478407
2025-08-13T12:59:43.562297,45793,3.007812,3.09375,3.0117190000000003,-1,164.062483,23.478407
2025-08-13T12:59:44.120300,45794,3.003906,3.089844,3.0117190000000003,-1,164.123518,23.478407
2025-08-13T12:59:44.724297,45795,3.003906,3.09375,3.007812,-1,164.062483,23.478407
2025-08-13T12:59:45.422928,45796,3.015625,3.085938,3.015625,-1,164.123518,23.487848
2025-08-13T12:59:46.001928,45797,3.003906,3.089844,3.023438,-1,164.062483,23.487848
2025-08-13T12:59:46.617394,45798,3.007812,3.089844,3.0117190000000003,-1,164.184554,23.49729
2025-08-13T12:59:47.292391,45799,3.003906,3.09375,3.0117190000000003,-1,164.184554,23.506731
2025-08-13T12:59:47.882392,45800,3.007812,3.089844,3.019531,-1,164.123518,23.506731
2025-08-13T12:59:48.701391,45801,3.003906,3.089844,3.015625,-1,164.001448,23.516172
2025-08-13T12:59:49.368393,45802,3.003906,3.085938,3.019531,-1,164.001448,23.516172
2025-08-13T12:59:50.061392,45803,3.003906,3.089844,3.019531,-1,164.001448,23.516172
2025-08-13T12:59:50.715392,45804,3.007812,3.089844,3.0117190000000003,-1,164.184554,23.516172
2025-08-13T12:59:51.429393,45805,3.003906,3.089844,3.023438,-1,164.001448,23.49729
2025-08-13T12:59:52.066392,45806,3.003906,3.089844,3.0117190000000003,-1,164.062483,23.506731
2025-08-13T12:59:52.697391,45807,3.003906,3.089844,3.015625,-1,164.184554,23.49729
2025-08-13T12:59:53.586274,45808,3.007812,3.085938,3.019531,-1,164.001448,23.506731
2025-08-13T12:59:54.189275,45809,3.003906,3.089844,3.019531,-1,164.001448,23.506731
2025-08-13T12:59:54.846275,45810,3.003906,3.09375,3.0117190000000003,-1,164.062483,23.506731
2025-08-13T12:59:55.484276,45811,3.003906,3.09375,3.0117190000000003,-1,164.123518,23.516172
2025-08-13T12:59:56.132274,45812,3.003906,3.089844,3.0117190000000003,-1,164.001448,23.525613
2025-08-13T12:59:56.840273,45813,3.007812,3.089844,3.015625,-1,164.001448,23.525613
2025-08-13T12:59:57.767273,45814,3.003906,3.09375,3.019531,-1,164.123518,23.525613
2025-08-13T12:59:58.418273,45815,3.003906,3.089844,3.0117190000000003,-1,164.001448,23.525613
2025-08-13T12:59:59.062275,45816,3.007812,3.089844,3.0117190000000003,-1,164.062483,23.525613
2025-08-13T12:59:59.690277,45817,3.007812,3.085938,3.0117190000000003,-1,164.001448,23.525613
2025-08-13T13:00:00.310273,45818,3.003906,3.089844,3.015625,-1,164.123518,23.525613
2025-08-13T13:00:00.956273,45819,3.003906,3.089844,3.0117190000000003,-1,163.940413,23.516172
2025-08-13T13:00:01.610276,45820,3.003906,3.089844,3.015625,-1,164.062483,23.506731
2025-08-13T13:00:02.210274,45821,3.003906,3.09375,3.015625,-1,164.123518,23.516172
2025-08-13T13:00:03.311274,45822,3.003906,3.085938,3.007812,-1,164.001448,23.525613
2025-08-13T13:00:03.932274,45823,3.007812,3.09375,3.015625,-1,164.062483,23.525613
2025-08-13T13:00:04.586279,45824,3.007812,3.085938,3.0117190000000003,-1,163.879378,23.516172
2025-08-13T13:00:05.330273,45825,3.003906,3.101562,3.023438,-1,164.123518,23.516172
2025-08-13T13:00:06.172273,45826,3.015625,3.09375,3.0,-1,164.245589,23.525613
2025-08-13T13:00:06.782274,45827,3.007812,3.089844,3.007812,-1,164.123518,23.535054
2025-08-13T13:00:07.524281,45828,3.003906,3.085938,3.007812,-1,164.062483,23.544495
2025-08-13T13:00:08.147257,45829,3.003906,3.089844,3.007812,-1,164.062483,23.535054
2025-08-13T13:00:08.742258,45830,3.015625,3.09375,3.015625,-1,164.062483,23.535054
2025-08-13T13:00:09.356257,45831,3.007812,3.09375,3.0117190000000003,-1,164.184554,23.535054
2025-08-13T13:00:09.958259,45832,3.003906,3.089844,3.015625,-1,164.184554,23.535054
2025-08-13T13:00:10.603257,45833,3.007812,3.089844,3.0117190000000003,-1,164.184554,23.535054
2025-08-13T13:00:11.251266,45834,3.003906,3.089844,3.023438,-1,164.306624,23.535054
2025-08-13T13:00:11.849257,45835,3.003906,3.089844,3.015625,-1,164.367659,23.544495
2025-08-13T13:00:12.453257,45836,3.003906,3.09375,3.015625,-1,164.306624,23.544495
2025-08-13T13:00:13.126258,45837,3.007812,3.089844,3.023438,-1,164.184554,23.544495
2025-08-13T13:00:13.707257,45838,3.003906,3.09375,3.007812,-1,164.184554,23.535054
2025-08-13T13:00:14.307257,45839,3.007812,3.089844,3.015625,-1,164.367659,23.535054
2025-08-13T13:00:14.915260,45840,3.003906,3.09375,3.0117190000000003,-1,164.245589,23.525613
2025-08-13T13:00:15.728258,45841,3.007812,3.09375,3.0117190000000003,-1,164.184554,23.525613
2025-08-13T13:00:17.354911,45842,3.003906,3.09375,3.019531,-1,164.306624,23.525613
2025-08-13T13:00:18.100911,45843,3.011719,3.089844,3.007812,-1,164.245589,23.525613
2025-08-13T13:00:18.698911,45844,3.003906,3.09375,3.015625,-1,164.306624,23.516172
2025-08-13T13:00:19.313912,45845,3.003906,3.089844,3.015625,-1,164.184554,23.525613
2025-08-13T13:00:19.920912,45846,3.003906,3.09375,3.007812,-1,164.184554,23.516172
2025-08-13T13:00:20.559914,45847,3.003906,3.085938,3.015625,-1,164.245589,23.525613
2025-08-13T13:00:21.398912,45848,3.003906,3.089844,3.015625,-1,164.062483,23.544495
2025-08-13T13:00:22.064917,45849,3.011719,3.085938,3.007812,-1,163.940413,23.544495
2025-08-13T13:00:22.687912,45850,3.003906,3.09375,3.023438,-1,164.001448,23.553936
2025-08-13T13:00:23.253911,45851,3.003906,3.085938,3.007812,-1,164.123518,23.563376
2025-08-13T13:00:23.905912,45852,3.003906,3.089844,3.0117190000000003,-1,164.123518,23.563376
2025-08-13T13:00:24.485911,45853,3.007812,3.085938,3.015625,-1,164.123518,23.563376
2025-08-13T13:00:25.062925,45854,3.003906,3.089844,3.003906,-1,164.062483,23.563376
2025-08-13T13:00:25.664912,45855,3.003906,3.089844,3.023438,-1,164.123518,23.563376
2025-08-13T13:00:26.248913,45856,3.003906,3.085938,3.0117190000000003,-1,164.001448,23.553936
2025-08-13T13:00:26.857913,45857,3.007812,3.09375,3.015625,-1,163.879378,23.563376
2025-08-13T13:00:27.532085,45858,3.003906,3.082031,3.015625,-1,163.818343,23.553936
2025-08-13T13:00:28.104085,45859,3.003906,3.097656,3.003906,-1,163.879378,23.544495
2025-08-13T13:00:28.717084,45860,3.003906,3.089844,3.015625,-1,164.062483,23.544495
2025-08-13T13:00:29.264857,45861,3.003906,3.089844,3.0117190000000003,-1,163.879378,23.535054
2025-08-13T13:00:29.852859,45862,3.003906,3.085938,3.015625,-1,163.879378,23.535054
2025-08-13T13:00:30.438869,45863,3.003906,3.089844,3.0117190000000003,-1,164.001448,23.544495
2025-08-13T13:00:31.054868,45864,3.003906,3.089844,3.015625,-1,163.879378,23.535054
2025-08-13T13:00:31.675468,45865,3.003906,3.097656,3.0117190000000003,-1,164.001448,23.535054
2025-08-13T13:00:32.235467,45866,3.003906,3.089844,3.023438,-1,164.123518,23.525613
2025-08-13T13:00:32.913863,45867,3.003906,3.089844,3.0117190000000003,-1,164.062483,23.525613
2025-08-13T13:00:33.490862,45868,3.007812,3.089844,3.0117190000000003,-1,163.879378,23.525613
2025-08-13T13:00:34.275245,45869,3.003906,3.089844,3.019531,-1,164.001448,23.516172
2025-08-13T13:00:34.854244,45870,3.007812,3.089844,3.0117190000000003,-1,163.879378,23.506731
2025-08-13T13:00:35.425409,45871,3.007812,3.089844,3.0117190000000003,-1,164.062483,23.516172
2025-08-13T13:00:36.008406,45872,3.003906,3.089844,3.007812,-1,163.940413,23.506731
2025-08-13T13:00:36.600407,45873,3.007812,3.089844,3.019531,-1,163.940413,23.49729
2025-08-13T13:00:37.191406,45874,3.003906,3.09375,3.0117190000000003,-1,164.062483,23.487848
2025-08-13T13:00:38.634407,45875,3.003906,3.089844,3.0117190000000003,-1,164.062483,23.506731
2025-08-13T13:00:39.219406,45876,3.003906,3.085938,3.015625,-1,164.001448,23.49729
2025-08-13T13:00:39.842406,45877,3.007812,3.089844,3.003906,-1,164.062483,23.49729
2025-08-13T13:00:40.407293,45878,3.003906,3.089844,3.0117190000000003,-1,164.062483,23.49729
2025-08-13T13:00:40.995296,45879,3.003906,3.089844,3.003906,-1,164.062483,23.506731
2025-08-13T13:00:41.821293,45880,3.003906,3.085938,3.0117190000000003,-1,163.879378,23.49729
2025-08-13T13:00:42.405294,45881,3.007812,3.097656,3.019531,-1,163.879378,23.506731
2025-08-13T13:00:42.988294,45882,3.007812,3.09375,3.023438,-1,164.001448,23.516172
2025-08-13T13:00:43.582294,45883,3.003906,3.089844,3.019531,-1,163.818343,23.516172
2025-08-13T13:00:44.147293,45884,3.003906,3.085938,3.015625,-1,163.757307,23.516172
2025-08-13T13:00:44.749295,45885,3.015625,3.089844,3.019531,-1,163.696272,23.516172
2025-08-13T13:00:45.311676,45886,3.007812,3.085938,3.003906,-1,163.635237,23.525613
2025-08-13T13:00:45.906678,45887,3.003906,3.085938,3.0117190000000003,-1,163.513167,23.525613
2025-08-13T13:00:46.488897,45888,3.003906,3.089844,3.0117190000000003,-1,163.513167,23.516172
2025-08-13T13:00:47.076894,45889,3.003906,3.089844,3.007812,-1,163.330061,23.525613
2025-08-13T13:00:47.659502,45890,3.007812,3.085938,3.0117190000000003,-1,163.269026,23.516172
2025-08-13T13:00:48.236500,45891,3.011719,3.089844,3.015625,-1,163.757307,23.516172
2025-08-13T13:00:49.550071,45892,3.011719,3.09375,3.0117190000000003,-1,163.635237,23.506731
2025-08-13T13:00:50.180067,45893,3.003906,3.089844,3.015625,-1,163.635237,23.516172
2025-08-13T13:00:50.795069,45894,3.003906,3.089844,3.0117190000000003,-1,163.574202,23.516172
2025-08-13T13:00:51.364544,45895,3.003906,3.09375,3.023438,-1,163.513167,23.506731
2025-08-13T13:00:51.995541,45896,3.007812,3.09375,3.019531,-1,163.330061,23.516172
2025-08-13T13:00:52.812033,45897,3.007812,3.089844,3.0117190000000003,-1,163.452132,23.506731
2025-08-13T13:00:53.369035,45898,3.003906,3.089844,3.0117190000000003,-1,163.391097,23.516172
2025-08-13T13:00:53.957033,45899,3.003906,3.085938,3.015625,-1,163.330061,23.506731
2025-08-13T13:00:54.525593,45900,3.003906,3.09375,3.019531,-1,163.635237,23.506731
2025-08-13T13:00:55.100592,45901,3.003906,3.089844,3.019531,-1,163.574202,23.506731
2025-08-13T13:00:55.713593,45902,3.003906,3.09375,3.0117190000000003,-1,163.818343,23.516172
2025-08-13T13:00:56.261593,45903,3.003906,3.09375,3.015625,-1,163.757307,23.516172
2025-08-13T13:00:56.852592,45904,3.003906,3.089844,3.003906,-1,163.818343,23.525613
2025-08-13T13:00:57.435594,45905,3.003906,3.085938,3.015625,-1,164.001448,23.525613
2025-08-13T13:00:58.021593,45906,3.003906,3.09375,3.0117190000000003,-1,163.818343,23.525613
2025-08-13T13:00:58.641592,45907,3.003906,3.089844,3.0117190000000003,-1,163.879378,23.525613
2025-08-13T13:00:59.219593,45908,3.003906,3.089844,3.015625,-1,163.879378,23.525613
2025-08-13T13:00:59.870593,45909,3.003906,3.089844,3.023438,-1,164.001448,23.535054
2025-08-13T13:01:00.423592,45910,3.003906,3.085938,3.007812,-1,163.879378,23.535054
2025-08-13T13:01:01.010593,45911,3.003906,3.09375,3.007812,-1,163.879378,23.535054
2025-08-13T13:01:01.601594,45912,3.003906,3.089844,3.0117190000000003,-1,163.879378,23.544495
2025-08-13T13:01:02.268593,45913,3.011719,3.089844,3.015625,-1,164.001448,23.544495
2025-08-13T13:01:02.855593,45914,3.007812,3.09375,3.0117190000000003,-1,163.879378,23.535054
2025-08-13T13:01:03.416641,45915,3.003906,3.09375,3.0117190000000003,-1,163.940413,23.535054
2025-08-13T13:01:04.001641,45916,3.003906,3.089844,3.015625,-1,164.062483,23.535054
2025-08-13T13:01:04.719312,45917,3.003906,3.09375,3.015625,-1,163.879378,23.535054
2025-08-13T13:01:05.284312,45918,3.003906,3.097656,3.015625,-1,164.062483,23.525613
2025-08-13T13:01:05.864312,45919,3.007812,3.09375,3.019531,-1,164.184554,23.544495
2025-08-13T13:01:06.556312,45920,3.003906,3.09375,3.003906,-1,164.184554,23.553936
2025-08-13T13:01:07.125312,45921,3.003906,3.089844,3.003906,-1,164.062483,23.544495
2025-08-13T13:01:07.727312,45922,3.007812,3.089844,3.007812,-1,163.940413,23.535054
2025-08-13T13:01:08.299034,45923,3.003906,3.089844,3.0273440000000003,-1,164.123518,23.535054
2025-08-13T13:01:08.896033,45924,3.007812,3.089844,3.019531,-1,164.001448,23.535054
2025-08-13T13:01:09.473203,45925,3.003906,3.09375,3.007812,-1,164.001448,23.535054
2025-08-13T13:01:10.055203,45926,3.003906,3.089844,3.0117190000000003,-1,163.940413,23.525613
2025-08-13T13:01:10.657734,45927,3.003906,3.089844,3.0117190000000003,-1,164.001448,23.525613
2025-08-13T13:01:11.324385,45928,3.007812,3.089844,3.015625,-1,163.879378,23.535054
2025-08-13T13:01:11.998386,45929,3.003906,3.089844,3.0117190000000003,-1,163.879378,23.535054
2025-08-13T13:01:12.710910,45930,3.003906,3.085938,3.0117190000000003,-1,163.696272,23.553936
2025-08-13T13:01:13.272910,45931,3.003906,3.097656,3.015625,-1,163.574202,23.544495
2025-08-13T13:01:13.856910,45932,3.003906,3.089844,3.015625,-1,163.879378,23.553936
2025-08-13T13:01:14.418911,45933,3.003906,3.089844,3.003906,-1,164.001448,23.553936
2025-08-13T13:01:15.002910,45934,3.003906,3.09375,3.0117190000000003,-1,164.001448,23.563376
2025-08-13T13:01:15.584910,45935,3.003906,3.085938,3.0117190000000003,-1,164.001448,23.563376
2025-08-13T13:01:16.150910,45936,3.011719,3.09375,3.0117190000000003,-1,164.184554,23.563376
2025-08-13T13:01:16.754910,45937,3.003906,3.09375,3.0117190000000003,-1,164.184554,23.563376
2025-08-13T13:01:17.370913,45938,3.003906,3.085938,3.015625,-1,164.367659,23.553936
2025-08-13T13:01:18.040910,45939,3.003906,3.089844,3.0117190000000003,-1,164.245589,23.563376
2025-08-13T13:01:18.685551,45940,3.003906,3.09375,3.015625,-1,164.245589,23.553936
2025-08-13T13:01:19.272551,45941,3.007812,3.09375,3.019531,-1,164.428694,23.572817
2025-08-13T13:01:19.917552,45942,3.003906,3.09375,3.015625,-1,164.306624,23.563376
2025-08-13T13:01:20.552554,45943,3.011719,3.089844,3.007812,-1,164.367659,23.563376
2025-08-13T13:01:21.285551,45944,3.011719,3.089844,3.007812,-1,164.367659,23.553936
2025-08-13T13:01:21.979552,45945,3.003906,3.089844,3.0117190000000003,-1,164.306624,23.563376
2025-08-13T13:01:22.538551,45946,3.007812,3.09375,3.015625,-1,164.489729,23.553936
2025-08-13T13:01:23.099888,45947,3.007812,3.089844,3.015625,-1,164.550764,23.544495
2025-08-13T13:01:23.652889,45948,3.011719,3.089844,3.0117190000000003,-1,164.428694,23.544495
2025-08-13T13:01:24.217540,45949,3.003906,3.09375,3.007812,-1,164.367659,23.544495
2025-08-13T13:01:24.885541,45950,3.007812,3.097656,3.0117190000000003,-1,164.428694,23.544495
2025-08-13T13:01:25.501425,45951,3.003906,3.089844,3.0117190000000003,-1,164.489729,23.544495
2025-08-13T13:01:26.170428,45952,3.003906,3.089844,3.0117190000000003,-1,164.489729,23.553936
2025-08-13T13:01:26.729730,45953,3.003906,3.089844,3.0117190000000003,-1,164.367659,23.544495
2025-08-13T13:01:27.297730,45954,3.003906,3.089844,3.003906,-1,164.367659,23.553936
2025-08-13T13:01:27.904844,45955,3.003906,3.085938,3.0117190000000003,-1,164.367659,23.553936
2025-08-13T13:01:28.504844,45956,3.003906,3.09375,3.015625,-1,164.489729,23.563376
2025-08-13T13:01:29.104887,45957,3.003906,3.089844,3.0117190000000003,-1,164.428694,23.563376
2025-08-13T13:01:29.650887,45958,3.007812,3.085938,3.0,-1,164.428694,23.572817
2025-08-13T13:01:30.210760,45959,3.007812,3.089844,3.019531,-1,164.428694,23.563376
2025-08-13T13:01:30.772762,45960,3.003906,3.089844,3.0117190000000003,-1,164.489729,23.563376
2025-08-13T13:01:31.462761,45961,3.003906,3.09375,3.0117190000000003,-1,164.428694,23.563376
2025-08-13T13:01:32.177762,45962,3.011719,3.085938,3.015625,-1,164.550764,23.553936
2025-08-13T13:01:32.788762,45963,3.003906,3.089844,3.007812,-1,164.489729,23.544495
2025-08-13T13:01:33.401760,45964,3.003906,3.097656,3.0117190000000003,-1,164.428694,23.544495
2025-08-13T13:01:34.226760,45965,3.003906,3.09375,3.0117190000000003,-1,164.428694,23.544495
2025-08-13T13:01:34.759761,45966,3.003906,3.089844,3.015625,-1,164.428694,23.553936
2025-08-13T13:01:35.306761,45967,3.003906,3.09375,3.003906,-1,164.489729,23.544495
2025-08-13T13:01:35.855308,45968,3.003906,3.09375,3.0117190000000003,-1,164.367659,23.544495
2025-08-13T13:01:36.386308,45969,3.003906,3.089844,3.015625,-1,164.550764,23.544495
2025-08-13T13:01:36.931307,45970,3.003906,3.089844,3.0117190000000003,-1,164.428694,23.544495
2025-08-13T13:01:37.477307,45971,3.003906,3.085938,3.0117190000000003,-1,164.550764,23.544495
2025-08-13T13:01:38.007874,45972,3.011719,3.089844,3.015625,-1,164.489729,23.535054
2025-08-13T13:01:38.541872,45973,3.007812,3.089844,3.0117190000000003,-1,164.428694,23.535054
2025-08-13T13:01:39.197877,45974,3.007812,3.097656,3.0117190000000003,-1,164.550764,23.544495
2025-08-13T13:01:39.730873,45975,3.007812,3.089844,3.015625,-1,164.489729,23.544495
2025-08-13T13:01:40.266872,45976,3.003906,3.09375,3.015625,-1,164.428694,23.535054
2025-08-13T13:01:40.792872,45977,3.003906,3.089844,3.023438,-1,164.428694,23.535054
2025-08-13T13:01:41.349871,45978,3.003906,3.089844,3.0117190000000003,-1,164.489729,23.535054
2025-08-13T13:01:42.371396,45979,3.003906,3.089844,3.023438,-1,164.367659,23.525613
2025-08-13T13:01:42.919396,45980,3.007812,3.09375,3.019531,-1,164.428694,23.525613
2025-08-13T13:01:43.442394,45981,3.003906,3.089844,3.019531,-1,164.550764,23.535054
2025-08-13T13:01:43.963394,45982,3.007812,3.09375,3.0117190000000003,-1,164.428694,23.544495
2025-08-13T13:01:44.512394,45983,3.003906,3.089844,3.0117190000000003,-1,164.428694,23.535054
2025-08-13T13:01:45.162394,45984,3.003906,3.097656,3.007812,-1,164.6118,23.535054
2025-08-13T13:01:45.716395,45985,3.003906,3.089844,3.007812,-1,164.367659,23.544495
2025-08-13T13:01:46.375394,45986,3.003906,3.09375,3.019531,-1,164.428694,23.535054
2025-08-13T13:01:46.930537,45987,3.003906,3.09375,3.0117190000000003,-1,164.550764,23.535054
2025-08-13T13:01:47.469540,45988,3.003906,3.09375,3.019531,-1,164.550764,23.525613
2025-08-13T13:01:48.033537,45989,3.003906,3.09375,3.015625,-1,164.550764,23.506731
2025-08-13T13:01:48.577551,45990,3.003906,3.09375,3.0117190000000003,-1,164.550764,23.525613
2025-08-13T13:01:49.134551,45991,3.003906,3.09375,3.0117190000000003,-1,164.6118,23.525613
2025-08-13T13:01:49.686550,45992,3.003906,3.089844,3.0117190000000003,-1,164.489729,23.525613
2025-08-13T13:01:50.370550,45993,3.003906,3.09375,3.007812,-1,164.367659,23.535054
2025-08-13T13:01:51.026576,45994,3.011719,3.089844,3.023438,-1,164.428694,23.544495
2025-08-13T13:01:51.583575,45995,3.003906,3.09375,3.015625,-1,164.489729,23.544495
2025-08-13T13:01:52.141698,45996,3.003906,3.09375,3.015625,-1,164.550764,23.544495
2025-08-13T13:01:52.687697,45997,3.003906,3.09375,3.023438,-1,164.550764,23.553936
2025-08-13T13:01:53.218660,45998,3.007812,3.085938,3.019531,-1,164.367659,23.544495
2025-08-13T13:01:53.759660,45999,3.003906,3.089844,3.015625,-1,164.367659,23.553936
2025-08-13T13:01:54.322082,46000,3.003906,3.089844,3.015625,-1,164.428694,23.553936
2025-08-13T13:01:55.097082,46001,3.003906,3.09375,3.007812,-1,164.550764,23.544495
2025-08-13T13:01:55.646081,46002,3.007812,3.09375,3.015625,-1,164.550764,23.544495
2025-08-13T13:01:56.303083,46003,3.003906,3.097656,3.0117190000000003,-1,164.428694,23.544495
2025-08-13T13:01:56.873081,46004,3.003906,3.089844,3.007812,-1,164.550764,23.553936
2025-08-13T13:01:57.573082,46005,3.003906,3.089844,3.019531,-1,164.367659,23.553936
2025-08-13T13:01:58.147084,46006,3.003906,3.085938,3.007812,-1,164.6118,23.553936
2025-08-13T13:01:58.689099,46007,3.007812,3.089844,3.019531,-1,164.367659,23.553936
2025-08-13T13:01:59.464200,46008,3.011719,3.089844,3.023438,-1,164.428694,23.553936
2025-08-13T13:02:00.019201,46009,3.003906,3.09375,3.015625,-1,164.550764,23.544495
2025-08-13T13:02:00.600201,46010,3.007812,3.089844,3.019531,-1,164.489729,23.544495
2025-08-13T13:02:01.157207,46011,3.007812,3.09375,3.0117190000000003,-1,164.550764,23.553936
2025-08-13T13:02:01.711201,46012,3.003906,3.089844,3.0117190000000003,-1,164.550764,23.553936
2025-08-13T13:02:02.391201,46013,3.003906,3.085938,3.015625,-1,164.550764,23.553936
2025-08-13T13:02:02.943200,46014,3.015625,3.09375,3.023438,-1,164.550764,23.563376
2025-08-13T13:02:03.510200,46015,3.003906,3.089844,3.023438,-1,164.367659,23.563376
2025-08-13T13:02:04.046198,46016,3.003906,3.089844,3.023438,-1,164.428694,23.563376
2025-08-13T13:02:04.705199,46017,3.015625,3.085938,3.007812,-1,164.489729,23.572817
2025-08-13T13:02:05.271199,46018,3.011719,3.09375,3.015625,-1,164.489729,23.582258
2025-08-13T13:02:05.843198,46019,3.007812,3.09375,3.015625,-1,164.489729,23.582258
2025-08-13T13:02:06.389516,46020,3.003906,3.089844,3.0117190000000003,-1,164.6118,23.582258
2025-08-13T13:02:06.925517,46021,3.003906,3.089844,3.015625,-1,164.367659,23.572817
2025-08-13T13:02:07.468755,46022,3.003906,3.09375,3.019531,-1,164.428694,23.572817
2025-08-13T13:02:08.024755,46023,3.007812,3.09375,3.015625,-1,164.6118,23.563376
2025-08-13T13:02:08.560321,46024,3.003906,3.085938,3.015625,-1,164.428694,23.563376
2025-08-13T13:02:09.130320,46025,3.015625,3.09375,3.023438,-1,164.367659,23.563376
2025-08-13T13:02:09.683329,46026,3.003906,3.09375,3.0117190000000003,-1,164.6118,23.572817
2025-08-13T13:02:10.231330,46027,3.003906,3.089844,3.015625,-1,164.367659,23.572817
2025-08-13T13:02:10.863356,46028,3.003906,3.09375,3.023438,-1,164.489729,23.572817
2025-08-13T13:02:11.412356,46029,3.003906,3.089844,3.019531,-1,164.489729,23.582258
2025-08-13T13:02:12.062762,46030,3.003906,3.085938,3.0117190000000003,-1,164.428694,23.591698
2025-08-13T13:02:12.606761,46031,3.003906,3.089844,3.007812,-1,164.428694,23.591698
2025-08-13T13:02:13.263289,46032,3.003906,3.09375,3.003906,-1,164.6118,23.591698
2025-08-13T13:02:13.809289,46033,3.003906,3.089844,3.0117190000000003,-1,164.550764,23.601138
2025-08-13T13:02:14.351022,46034,3.003906,3.09375,3.0117190000000003,-1,164.428694,23.610579
2025-08-13T13:02:14.890018,46035,3.003906,3.085938,3.015625,-1,164.489729,23.601138
2025-08-13T13:02:15.448865,46036,3.003906,3.089844,3.015625,-1,164.428694,23.601138
2025-08-13T13:02:16.013865,46037,3.003906,3.085938,3.015625,-1,164.428694,23.591698
2025-08-13T13:02:16.559286,46038,3.003906,3.085938,3.015625,-1,164.428694,23.591698
2025-08-13T13:02:17.107300,46039,3.003906,3.089844,3.0117190000000003,-1,164.550764,23.582258
2025-08-13T13:02:17.647241,46040,3.003906,3.09375,3.023438,-1,164.6118,23.582258
2025-08-13T13:02:18.204240,46041,3.003906,3.089844,3.023438,-1,164.6118,23.582258
2025-08-13T13:02:18.746275,46042,3.003906,3.085938,3.015625,-1,164.428694,23.582258
2025-08-13T13:02:19.301273,46043,3.003906,3.089844,3.0117190000000003,-1,164.428694,23.582258
2025-08-13T13:02:19.848885,46044,3.003906,3.09375,3.015625,-1,164.428694,23.582258
2025-08-13T13:02:20.432882,46045,3.003906,3.09375,3.015625,-1,164.489729,23.582258
2025-08-13T13:02:20.977554,46046,3.007812,3.085938,3.015625,-1,164.367659,23.582258
2025-08-13T13:02:21.521555,46047,3.003906,3.09375,3.0117190000000003,-1,164.367659,23.582258
2025-08-13T13:02:22.066630,46048,3.003906,3.09375,3.007812,-1,164.367659,23.582258
2025-08-13T13:02:22.717644,46049,3.003906,3.089844,3.015625,-1,164.489729,23.572817
2025-08-13T13:02:23.278844,46050,3.003906,3.089844,3.0117190000000003,-1,164.550764,23.582258
2025-08-13T13:02:23.860844,46051,3.003906,3.09375,3.0117190000000003,-1,164.367659,23.572817
2025-08-13T13:02:24.428850,46052,3.003906,3.09375,3.015625,-1,164.367659,23.582258
2025-08-13T13:02:24.981843,46053,3.003906,3.09375,3.019531,-1,164.489729,23.582258
2025-08-13T13:02:25.535528,46054,3.003906,3.089844,3.015625,-1,164.367659,23.582258
2025-08-13T13:02:26.191530,46055,3.007812,3.09375,3.015625,-1,164.550764,23.582258
2025-08-13T13:02:26.843153,46056,3.003906,3.089844,3.007812,-1,164.489729,23.582258
2025-08-13T13:02:27.403153,46057,3.011719,3.097656,3.015625,-1,164.428694,23.572817
2025-08-13T13:02:28.467824,46058,3.003906,3.09375,3.019531,-1,164.428694,23.582258
2025-08-13T13:02:29.008494,46059,3.003906,3.085938,3.015625,-1,164.489729,23.572817
2025-08-13T13:02:29.555493,46060,3.003906,3.089844,3.023438,-1,164.550764,23.563376
2025-08-13T13:02:30.088292,46061,3.003906,3.09375,3.015625,-1,164.489729,23.563376
2025-08-13T13:02:30.626288,46062,3.003906,3.09375,3.0117190000000003,-1,164.428694,23.563376
2025-08-13T13:02:31.282750,46063,3.003906,3.089844,3.015625,-1,164.367659,23.572817
2025-08-13T13:02:31.945750,46064,3.003906,3.09375,3.0117190000000003,-1,164.184554,23.563376
2025-08-13T13:02:32.521934,46065,3.007812,3.089844,3.015625,-1,164.306624,23.563376
2025-08-13T13:02:33.064933,46066,3.003906,3.09375,3.015625,-1,164.184554,23.563376
2025-08-13T13:02:33.621389,46067,3.007812,3.089844,3.0117190000000003,-1,164.001448,23.563376
2025-08-13T13:02:34.176389,46068,3.011719,3.085938,3.007812,-1,163.940413,23.572817
2025-08-13T13:02:34.727445,46069,3.003906,3.09375,3.015625,-1,163.635237,23.572817
2025-08-13T13:02:35.271445,46070,3.003906,3.097656,3.03125,-1,163.757307,23.572817
2025-08-13T13:02:35.813487,46071,3.003906,3.085938,3.0117190000000003,-1,164.001448,23.572817
2025-08-13T13:02:36.353487,46072,3.003906,3.089844,3.015625,-1,163.879378,23.572817
2025-08-13T13:02:37.056111,46073,3.003906,3.085938,3.015625,-1,164.001448,23.572817
2025-08-13T13:02:37.698110,46074,3.011719,3.09375,3.007812,-1,163.879378,23.572817
2025-08-13T13:02:38.257992,46075,3.007812,3.09375,3.0117190000000003,-1,164.123518,23.572817
2025-08-13T13:02:38.795992,46076,3.003906,3.089844,3.015625,-1,164.062483,23.572817
2025-08-13T13:02:39.452369,46077,3.003906,3.085938,3.015625,-1,163.879378,23.572817
2025-08-13T13:02:40.181367,46078,3.007812,3.09375,3.007812,-1,164.001448,23.572817
2025-08-13T13:02:40.863368,46079,3.003906,3.089844,3.015625,-1,163.818343,23.563376
2025-08-13T13:02:41.469196,46080,3.003906,3.089844,3.015625,-1,163.879378,23.563376
2025-08-13T13:02:42.117197,46081,3.003906,3.089844,3.015625,-1,163.818343,23.563376
2025-08-13T13:02:42.736198,46082,3.003906,3.09375,3.0117190000000003,-1,163.879378,23.563376
2025-08-13T13:02:43.330197,46083,3.003906,3.089844,3.015625,-1,163.940413,23.572817
2025-08-13T13:02:43.889196,46084,3.003906,3.09375,3.019531,-1,163.818343,23.563376
2025-08-13T13:02:44.445197,46085,3.007812,3.09375,3.007812,-1,163.818343,23.572817
2025-08-13T13:02:45.207230,46086,3.003906,3.089844,3.023438,-1,163.879378,23.572817
2025-08-13T13:02:45.769230,46087,3.003906,3.089844,3.019531,-1,163.940413,23.582258
2025-08-13T13:02:46.342231,46088,3.011719,3.089844,3.015625,-1,163.940413,23.572817
2025-08-13T13:02:46.887216,46089,3.003906,3.085938,3.015625,-1,163.879378,23.582258
2025-08-13T13:02:47.455216,46090,3.003906,3.085938,3.0,-1,163.818343,23.572817
2025-08-13T13:02:48.233009,46091,3.003906,3.089844,3.0117190000000003,-1,163.818343,23.572817
2025-08-13T13:02:48.854009,46092,3.003906,3.089844,3.023438,-1,163.879378,23.572817
2025-08-13T13:02:49.433009,46093,3.007812,3.09375,3.0117190000000003,-1,163.879378,23.563376
2025-08-13T13:02:50.020009,46094,3.003906,3.089844,3.007812,-1,164.001448,23.563376
2025-08-13T13:02:50.597010,46095,3.003906,3.09375,3.019531,-1,163.879378,23.563376
2025-08-13T13:02:51.249013,46096,3.007812,3.09375,3.023438,-1,163.940413,23.553936
2025-08-13T13:02:51.815985,46097,3.003906,3.089844,3.015625,-1,163.940413,23.553936
2025-08-13T13:02:52.366985,46098,3.003906,3.09375,3.015625,-1,164.123518,23.553936
2025-08-13T13:02:52.921984,46099,3.003906,3.09375,3.015625,-1,164.062483,23.563376
2025-08-13T13:02:53.536985,46100,3.003906,3.089844,3.015625,-1,164.001448,23.563376
2025-08-13T13:02:54.095365,46101,3.007812,3.089844,3.0117190000000003,-1,164.001448,23.563376
2025-08-13T13:02:54.642364,46102,3.003906,3.085938,3.023438,-1,163.879378,23.563376
2025-08-13T13:02:55.215325,46103,3.003906,3.089844,3.015625,-1,163.818343,23.563376
2025-08-13T13:02:55.772326,46104,3.007812,3.09375,3.019531,-1,163.818343,23.563376
2025-08-13T13:02:56.377325,46105,3.003906,3.089844,3.023438,-1,163.818343,23.553936
2025-08-13T13:02:56.971324,46106,3.007812,3.089844,3.019531,-1,163.818343,23.563376
2025-08-13T13:02:57.636923,46107,3.003906,3.089844,3.019531,-1,163.940413,23.563376
2025-08-13T13:02:58.311923,46108,3.007812,3.089844,3.0117190000000003,-1,163.940413,23.553936
2025-08-13T13:02:58.875120,46109,3.003906,3.089844,3.0117190000000003,-1,163.879378,23.563376
2025-08-13T13:02:59.427124,46110,3.003906,3.089844,3.015625,-1,164.062483,23.563376
2025-08-13T13:02:59.994120,46111,3.003906,3.089844,3.0117190000000003,-1,163.879378,23.553936
2025-08-13T13:03:00.684121,46112,3.003906,3.085938,3.007812,-1,163.818343,23.553936
2025-08-13T13:03:01.230120,46113,3.007812,3.09375,3.019531,-1,163.818343,23.563376
2025-08-13T13:03:01.793120,46114,3.007812,3.085938,3.015625,-1,163.940413,23.563376
2025-08-13T13:03:02.361122,46115,3.003906,3.09375,3.015625,-1,163.818343,23.563376
2025-08-13T13:03:02.905119,46116,3.007812,3.089844,3.0117190000000003,-1,163.879378,23.563376
2025-08-13T13:03:03.678791,46117,3.003906,3.089844,3.007812,-1,163.879378,23.553936
2025-08-13T13:03:04.229793,46118,3.003906,3.09375,3.015625,-1,163.879378,23.553936
2025-08-13T13:03:05.274793,46119,3.003906,3.089844,3.015625,-1,163.940413,23.553936
2025-08-13T13:03:05.819210,46120,3.003906,3.09375,3.019531,-1,163.940413,23.553936
2025-08-13T13:03:06.377211,46121,3.011719,3.089844,3.015625,-1,164.001448,23.553936
2025-08-13T13:03:06.932280,46122,3.003906,3.09375,3.019531,-1,164.001448,23.544495
2025-08-13T13:03:07.468281,46123,3.003906,3.085938,3.0117190000000003,-1,163.940413,23.544495
2025-08-13T13:03:08.131513,46124,3.003906,3.09375,3.019531,-1,164.062483,23.544495
2025-08-13T13:03:08.788801,46125,3.003906,3.089844,3.0117190000000003,-1,163.940413,23.544495
2025-08-13T13:03:09.329746,46126,3.003906,3.097656,3.0117190000000003,-1,163.879378,23.544495
2025-08-13T13:03:09.892748,46127,3.003906,3.089844,3.019531,-1,164.001448,23.535054
2025-08-13T13:03:10.553746,46128,3.003906,3.089844,3.015625,-1,164.062483,23.544495
2025-08-13T13:03:11.103746,46129,3.007812,3.09375,3.015625,-1,163.879378,23.535054
2025-08-13T13:03:11.719748,46130,3.011719,3.089844,3.015625,-1,163.879378,23.535054
2025-08-13T13:03:12.273746,46131,3.007812,3.09375,3.015625,-1,164.001448,23.525613
2025-08-13T13:03:12.850746,46132,3.003906,3.085938,3.007812,-1,164.001448,23.525613
2025-08-13T13:03:13.436746,46133,3.011719,3.089844,3.0117190000000003,-1,164.062483,23.535054
2025-08-13T13:03:14.016107,46134,3.007812,3.09375,3.0117190000000003,-1,163.879378,23.525613
2025-08-13T13:03:14.692106,46135,3.007812,3.085938,3.015625,-1,164.001448,23.535054
2025-08-13T13:03:15.265107,46136,3.007812,3.097656,3.007812,-1,164.062483,23.544495
2025-08-13T13:03:15.822105,46137,3.003906,3.09375,3.015625,-1,163.818343,23.553936
2025-08-13T13:03:16.384933,46138,3.003906,3.089844,3.0117190000000003,-1,163.818343,23.553936
2025-08-13T13:03:16.936931,46139,3.007812,3.089844,3.0117190000000003,-1,163.879378,23.563376
2025-08-13T13:03:17.583252,46140,3.003906,3.089844,3.019531,-1,163.940413,23.563376
2025-08-13T13:03:18.140256,46141,3.003906,3.09375,3.019531,-1,164.062483,23.553936
2025-08-13T13:03:19.003028,46142,3.003906,3.09375,3.007812,-1,164.062483,23.563376
2025-08-13T13:03:19.555869,46143,3.003906,3.089844,3.015625,-1,164.001448,23.553936
2025-08-13T13:03:20.122869,46144,3.003906,3.09375,3.007812,-1,163.940413,23.563376
2025-08-13T13:03:21.628243,46145,3.003906,3.09375,3.0117190000000003,-1,163.879378,23.563376
2025-08-13T13:03:22.708240,46146,3.003906,3.089844,3.0117190000000003,-1,163.879378,23.553936
2025-08-13T13:03:23.258239,46147,3.003906,3.089844,3.015625,-1,163.574202,23.553936
2025-08-13T13:03:23.803241,46148,3.003906,3.089844,3.015625,-1,163.574202,23.553936
2025-08-13T13:03:24.358239,46149,3.007812,3.089844,3.019531,-1,164.001448,23.553936
2025-08-13T13:03:24.920239,46150,3.003906,3.089844,3.015625,-1,164.001448,23.563376
2025-08-13T13:03:25.482241,46151,3.003906,3.089844,3.0117190000000003,-1,164.184554,23.553936
2025-08-13T13:03:26.173240,46152,3.003906,3.089844,3.0117190000000003,-1,164.245589,23.572817
2025-08-13T13:03:26.921243,46153,3.011719,3.089844,3.023438,-1,164.306624,23.563376
2025-08-13T13:03:27.592239,46154,3.003906,3.089844,3.019531,-1,164.306624,23.553936
2025-08-13T13:03:28.277340,46155,3.003906,3.085938,3.019531,-1,164.367659,23.563376
2025-08-13T13:03:28.926341,46156,3.007812,3.09375,3.0117190000000003,-1,164.367659,23.563376
2025-08-13T13:03:29.673341,46157,3.003906,3.09375,3.0117190000000003,-1,164.306624,23.572817
2025-08-13T13:03:30.575345,46158,3.011719,3.09375,3.0117190000000003,-1,164.428694,23.572817
2025-08-13T13:03:31.634340,46159,3.003906,3.085938,3.015625,-1,164.489729,23.572817
2025-08-13T13:03:32.470340,46160,3.007812,3.089844,3.015625,-1,164.428694,23.563376
2025-08-13T13:03:33.117341,46161,3.003906,3.09375,3.007812,-1,164.306624,23.563376
2025-08-13T13:03:33.866342,46162,3.003906,3.085938,3.0117190000000003,-1,164.489729,23.563376
2025-08-13T13:03:34.591341,46163,3.003906,3.09375,3.015625,-1,164.489729,23.563376
2025-08-13T13:03:35.165340,46164,3.003906,3.089844,3.015625,-1,164.489729,23.563376
2025-08-13T13:03:35.788340,46165,3.003906,3.089844,3.015625,-1,164.428694,23.563376
2025-08-13T13:03:36.357340,46166,3.003906,3.089844,3.007812,-1,164.306624,23.553936
2025-08-13T13:03:37.241340,46167,3.007812,3.089844,3.0117190000000003,-1,164.367659,23.563376
2025-08-13T13:03:37.899730,46168,3.003906,3.089844,3.015625,-1,164.306624,23.563376
2025-08-13T13:03:38.488730,46169,3.007812,3.089844,3.019531,-1,164.489729,23.553936
2025-08-13T13:03:39.090730,46170,3.003906,3.09375,3.0117190000000003,-1,164.245589,23.553936
2025-08-13T13:03:39.701729,46171,3.003906,3.089844,3.015625,-1,164.245589,23.553936
2025-08-13T13:03:40.877174,46172,3.003906,3.085938,3.015625,-1,164.306624,23.572817
2025-08-13T13:03:42.053178,46173,3.003906,3.09375,3.0117190000000003,-1,164.489729,23.563376
2025-08-13T13:03:42.798178,46174,3.003906,3.09375,3.019531,-1,164.550764,23.563376
2025-08-13T13:03:43.478176,46175,3.003906,3.085938,3.019531,-1,164.306624,23.563376
2025-08-13T13:03:44.274597,46176,3.003906,3.089844,3.0117190000000003,-1,164.367659,23.553936
2025-08-13T13:03:44.930596,46177,3.003906,3.085938,3.019531,-1,164.245589,23.553936
2025-08-13T13:03:45.523985,46178,3.003906,3.09375,3.019531,-1,164.245589,23.553936
2025-08-13T13:03:46.202986,46179,3.007812,3.089844,3.015625,-1,164.306624,23.553936
2025-08-13T13:03:46.848899,46180,3.003906,3.097656,3.0117190000000003,-1,164.306624,23.553936
2025-08-13T13:03:47.409894,46181,3.003906,3.089844,3.015625,-1,164.428694,23.553936
2025-08-13T13:03:48.020894,46182,3.003906,3.089844,3.015625,-1,164.245589,23.553936
2025-08-13T13:03:48.613894,46183,3.003906,3.085938,3.0117190000000003,-1,164.367659,23.553936
2025-08-13T13:03:49.177894,46184,3.003906,3.089844,3.023438,-1,164.367659,23.553936
2025-08-13T13:03:49.828894,46185,3.011719,3.09375,3.023438,-1,164.428694,23.563376
2025-08-13T13:03:50.419024,46186,3.011719,3.089844,3.0117190000000003,-1,164.367659,23.553936
2025-08-13T13:03:51.017028,46187,3.003906,3.089844,3.015625,-1,164.428694,23.553936
2025-08-13T13:03:51.853023,46188,3.003906,3.09375,3.015625,-1,164.489729,23.553936
2025-08-13T13:03:52.434530,46189,3.003906,3.089844,3.0117190000000003,-1,164.428694,23.553936
2025-08-13T13:03:53.087530,46190,3.003906,3.09375,3.007812,-1,164.367659,23.563376
2025-08-13T13:03:53.729533,46191,3.003906,3.089844,3.007812,-1,164.550764,23.553936
2025-08-13T13:03:54.314529,46192,3.003906,3.089844,3.007812,-1,164.6118,23.553936
2025-08-13T13:03:54.957532,46193,3.003906,3.089844,3.015625,-1,164.367659,23.544495
2025-08-13T13:03:55.560620,46194,3.007812,3.09375,3.015625,-1,164.550764,23.553936
2025-08-13T13:03:56.155617,46195,3.003906,3.089844,3.015625,-1,164.550764,23.553936
2025-08-13T13:03:56.777861,46196,3.011719,3.089844,3.015625,-1,164.367659,23.553936
2025-08-13T13:03:57.534859,46197,3.003906,3.09375,3.019531,-1,164.489729,23.553936
2025-08-13T13:03:58.235860,46198,3.011719,3.085938,3.015625,-1,164.489729,23.553936
2025-08-13T13:03:59.014860,46199,3.003906,3.09375,3.015625,-1,164.550764,23.544495
2025-08-13T13:03:59.647860,46200,3.007812,3.085938,3.0273440000000003,-1,164.489729,23.544495
2025-08-13T13:04:00.344861,46201,3.003906,3.085938,3.019531,-1,164.672835,23.544495
2025-08-13T13:04:01.029861,46202,3.003906,3.089844,3.015625,-1,164.489729,23.553936
2025-08-13T13:04:01.639031,46203,3.011719,3.09375,3.0117190000000003,-1,164.489729,23.544495
2025-08-13T13:04:02.227031,46204,3.003906,3.09375,3.015625,-1,164.550764,23.544495
2025-08-13T13:04:02.938033,46205,3.011719,3.089844,3.019531,-1,164.367659,23.535054
2025-08-13T13:04:03.534032,46206,3.015625,3.085938,3.039062,-1,164.428694,23.544495
2025-08-13T13:04:04.135033,46207,3.003906,3.09375,3.0117190000000003,-1,164.489729,23.544495
2025-08-13T13:04:04.784035,46208,3.011719,3.09375,3.0117190000000003,-1,164.428694,23.544495
2025-08-13T13:04:05.375031,46209,3.003906,3.09375,3.007812,-1,164.367659,23.544495
2025-08-13T13:04:06.028032,46210,3.003906,3.085938,3.023438,-1,164.489729,23.553936
2025-08-13T13:04:06.788035,46211,3.015625,3.085938,3.019531,-1,164.550764,23.553936
2025-08-13T13:04:07.516033,46212,3.007812,3.09375,3.015625,-1,164.489729,23.553936
2025-08-13T13:04:08.137031,46213,3.003906,3.097656,3.015625,-1,164.367659,23.544495
2025-08-13T13:04:08.800231,46214,3.003906,3.09375,3.015625,-1,164.428694,23.535054
2025-08-13T13:04:09.396228,46215,3.003906,3.085938,3.0117190000000003,-1,164.6118,23.535054
2025-08-13T13:04:10.024228,46216,3.003906,3.085938,3.019531,-1,164.6118,23.525613
2025-08-13T13:04:10.649229,46217,3.007812,3.085938,3.0117190000000003,-1,164.428694,23.535054
2025-08-13T13:04:11.225228,46218,3.015625,3.09375,3.015625,-1,164.367659,23.535054
2025-08-13T13:04:11.843228,46219,3.007812,3.089844,3.015625,-1,164.550764,23.525613
2025-08-13T13:04:12.446229,46220,3.003906,3.09375,3.003906,-1,164.367659,23.544495
2025-08-13T13:04:13.041228,46221,3.003906,3.089844,3.019531,-1,164.367659,23.544495
2025-08-13T13:04:13.658228,46222,3.003906,3.089844,3.015625,-1,164.550764,23.544495
2025-08-13T13:04:14.237228,46223,3.003906,3.09375,3.015625,-1,164.550764,23.525613
2025-08-13T13:04:14.858230,46224,3.003906,3.09375,3.015625,-1,164.489729,23.535054
2025-08-13T13:04:15.431228,46225,3.003906,3.089844,3.015625,-1,164.367659,23.535054
2025-08-13T13:04:16.034228,46226,3.003906,3.09375,3.015625,-1,164.367659,23.525613
2025-08-13T13:04:16.790228,46227,3.007812,3.089844,3.015625,-1,164.489729,23.525613
2025-08-13T13:04:17.383228,46228,3.003906,3.089844,3.0117190000000003,-1,164.428694,23.525613
2025-08-13T13:04:17.981228,46229,3.003906,3.089844,3.015625,-1,164.489729,23.535054
2025-08-13T13:04:18.690227,46230,3.003906,3.089844,3.015625,-1,164.306624,23.525613
2025-08-13T13:04:19.267228,46231,3.003906,3.089844,3.0117190000000003,-1,164.428694,23.516172
2025-08-13T13:04:19.882228,46232,3.015625,3.085938,3.023438,-1,164.428694,23.516172
2025-08-13T13:04:20.597095,46233,3.007812,3.09375,3.015625,-1,164.367659,23.506731
2025-08-13T13:04:21.171096,46234,3.003906,3.089844,3.015625,-1,164.367659,23.506731
2025-08-13T13:04:21.819095,46235,3.003906,3.089844,3.015625,-1,164.428694,23.516172
2025-08-13T13:04:22.450095,46236,3.003906,3.09375,3.015625,-1,164.550764,23.525613
2025-08-13T13:04:23.063094,46237,3.003906,3.09375,3.003906,-1,164.367659,23.525613
2025-08-13T13:04:23.674100,46238,3.003906,3.09375,3.023438,-1,164.367659,23.535054
2025-08-13T13:04:24.260095,46239,3.003906,3.085938,3.0117190000000003,-1,164.367659,23.535054
2025-08-13T13:04:24.973094,46240,3.003906,3.089844,3.0117190000000003,-1,164.428694,23.535054
2025-08-13T13:04:25.586095,46241,3.003906,3.089844,3.023438,-1,164.367659,23.544495
2025-08-13T13:04:26.169279,46242,3.003906,3.09375,3.015625,-1,164.489729,23.544495
2025-08-13T13:04:26.793279,46243,3.003906,3.097656,3.015625,-1,164.550764,23.535054
2025-08-13T13:04:27.409279,46244,3.003906,3.09375,3.015625,-1,164.367659,23.544495
2025-08-13T13:04:28.017279,46245,3.003906,3.09375,3.023438,-1,164.550764,23.544495
2025-08-13T13:04:28.634416,46246,3.003906,3.09375,3.015625,-1,164.367659,23.535054
2025-08-13T13:04:29.318416,46247,3.003906,3.085938,3.015625,-1,164.367659,23.544495
2025-08-13T13:04:29.932417,46248,3.003906,3.089844,3.0117190000000003,-1,164.367659,23.544495
2025-08-13T13:04:30.535418,46249,3.011719,3.097656,3.015625,-1,164.428694,23.544495
2025-08-13T13:04:31.130415,46250,3.007812,3.089844,3.015625,-1,164.489729,23.535054
2025-08-13T13:04:31.854416,46251,3.003906,3.097656,3.015625,-1,164.367659,23.525613
2025-08-13T13:04:32.423416,46252,3.003906,3.089844,3.007812,-1,164.489729,23.535054
2025-08-13T13:04:33.037415,46253,3.003906,3.09375,3.023438,-1,164.550764,23.535054
2025-08-13T13:04:33.666416,46254,3.003906,3.089844,3.015625,-1,164.306624,23.535054
2025-08-13T13:04:34.344416,46255,3.003906,3.085938,3.015625,-1,164.489729,23.544495
2025-08-13T13:04:34.952418,46256,3.007812,3.089844,3.015625,-1,164.306624,23.535054
2025-08-13T13:04:35.561163,46257,3.007812,3.085938,3.015625,-1,164.428694,23.535054
2025-08-13T13:04:36.160161,46258,3.003906,3.09375,3.015625,-1,164.367659,23.525613
2025-08-13T13:04:36.836655,46259,3.003906,3.089844,3.007812,-1,164.428694,23.525613
2025-08-13T13:04:37.413652,46260,3.003906,3.089844,3.023438,-1,164.489729,23.525613
2025-08-13T13:04:38.033652,46261,3.003906,3.089844,3.007812,-1,164.550764,23.525613
2025-08-13T13:04:38.812652,46262,3.011719,3.089844,3.007812,-1,164.367659,23.506731
2025-08-13T13:04:39.382651,46263,3.003906,3.09375,3.015625,-1,164.367659,23.506731
2025-08-13T13:04:40.088654,46264,3.003906,3.089844,3.015625,-1,164.550764,23.506731
2025-08-13T13:04:40.710654,46265,3.003906,3.09375,3.0117190000000003,-1,164.367659,23.516172
2025-08-13T13:04:41.285913,46266,3.003906,3.089844,3.019531,-1,164.489729,23.516172
2025-08-13T13:04:41.891912,46267,3.003906,3.09375,3.015625,-1,164.489729,23.525613
2025-08-13T13:04:42.465916,46268,3.011719,3.089844,3.0117190000000003,-1,164.428694,23.525613
2025-08-13T13:04:43.074912,46269,3.003906,3.09375,3.023438,-1,164.367659,23.535054
2025-08-13T13:04:43.685913,46270,3.003906,3.085938,3.019531,-1,164.550764,23.535054
2025-08-13T13:04:44.270913,46271,3.007812,3.09375,3.015625,-1,164.428694,23.535054
2025-08-13T13:04:44.880914,46272,3.003906,3.089844,3.019531,-1,164.428694,23.544495
2025-08-13T13:04:45.459912,46273,3.003906,3.085938,3.015625,-1,164.428694,23.535054
2025-08-13T13:04:46.057911,46274,3.003906,3.09375,3.0117190000000003,-1,164.550764,23.535054
2025-08-13T13:04:47.723880,46275,3.007812,3.089844,3.0273440000000003,-1,164.367659,23.535054
2025-08-13T13:04:48.297879,46276,3.003906,3.089844,3.015625,-1,164.550764,23.544495
2025-08-13T13:04:48.926880,46277,3.003906,3.089844,3.0117190000000003,-1,164.367659,23.544495
2025-08-13T13:04:49.505880,46278,3.003906,3.089844,3.0117190000000003,-1,164.367659,23.553936
2025-08-13T13:04:50.193879,46279,3.003906,3.089844,3.015625,-1,164.367659,23.553936
2025-08-13T13:04:50.818880,46280,3.003906,3.09375,3.0117190000000003,-1,164.428694,23.553936
2025-08-13T13:04:51.387880,46281,3.003906,3.089844,3.015625,-1,164.550764,23.553936
2025-08-13T13:04:52.105883,46282,3.007812,3.09375,3.023438,-1,164.367659,23.563376
2025-08-13T13:04:52.723881,46283,3.003906,3.09375,3.007812,-1,164.489729,23.553936
2025-08-13T13:04:53.303879,46284,3.003906,3.09375,3.0117190000000003,-1,164.489729,23.563376
2025-08-13T13:04:53.924882,46285,3.003906,3.089844,3.015625,-1,164.550764,23.563376
2025-08-13T13:04:54.514878,46286,3.003906,3.089844,3.015625,-1,164.367659,23.563376
2025-08-13T13:04:55.121879,46287,3.003906,3.089844,3.015625,-1,164.367659,23.572817
2025-08-13T13:04:55.975626,46288,3.003906,3.089844,3.007812,-1,164.367659,23.572817
2025-08-13T13:04:56.602093,46289,3.003906,3.085938,3.007812,-1,164.550764,23.572817
2025-08-13T13:04:57.277243,46290,3.011719,3.09375,3.019531,-1,164.428694,23.572817
2025-08-13T13:04:57.881244,46291,3.003906,3.089844,3.0117190000000003,-1,164.489729,23.572817
2025-08-13T13:04:58.451245,46292,3.003906,3.089844,3.015625,-1,164.489729,23.572817
2025-08-13T13:04:59.144245,46293,3.003906,3.089844,3.019531,-1,164.428694,23.591698
2025-08-13T13:04:59.912244,46294,3.003906,3.097656,3.0117190000000003,-1,164.367659,23.572817
2025-08-13T13:05:00.622327,46295,3.003906,3.089844,3.023438,-1,164.367659,23.572817
2025-08-13T13:05:01.199326,46296,3.003906,3.089844,3.007812,-1,164.550764,23.572817
2025-08-13T13:05:01.904348,46297,3.003906,3.089844,3.0117190000000003,-1,164.428694,23.582258
2025-08-13T13:05:02.759840,46298,3.003906,3.089844,3.0117190000000003,-1,164.6118,23.572817
2025-08-13T13:05:03.816839,46299,3.003906,3.089844,3.019531,-1,164.6118,23.563376
2025-08-13T13:05:04.377840,46300,3.007812,3.089844,3.019531,-1,164.550764,23.572817
2025-08-13T13:05:04.981838,46301,3.007812,3.085938,3.0117190000000003,-1,164.428694,23.572817
2025-08-13T13:05:05.560839,46302,3.007812,3.089844,3.007812,-1,164.6118,23.582258
2025-08-13T13:05:06.142840,46303,3.003906,3.09375,3.019531,-1,164.550764,23.582258
2025-08-13T13:05:06.761839,46304,3.003906,3.085938,3.007812,-1,164.550764,23.582258
2025-08-13T13:05:07.321839,46305,3.003906,3.089844,3.0117190000000003,-1,164.428694,23.591698
2025-08-13T13:05:08.000841,46306,3.003906,3.089844,3.0117190000000003,-1,164.6118,23.582258
2025-08-13T13:05:08.746167,46307,3.007812,3.089844,3.019531,-1,164.428694,23.582258
2025-08-13T13:05:09.446555,46308,3.007812,3.09375,3.007812,-1,164.428694,23.591698
2025-08-13T13:05:10.064556,46309,3.003906,3.089844,3.019531,-1,164.489729,23.591698
2025-08-13T13:05:10.667643,46310,3.003906,3.09375,3.007812,-1,164.428694,23.601138
2025-08-13T13:05:11.272643,46311,3.007812,3.085938,3.019531,-1,164.428694,23.601138
2025-08-13T13:05:11.877645,46312,3.007812,3.089844,3.0117190000000003,-1,164.489729,23.601138
2025-08-13T13:05:12.471643,46313,3.003906,3.09375,3.023438,-1,164.489729,23.591698
2025-08-13T13:05:13.135644,46314,3.003906,3.089844,3.007812,-1,164.550764,23.601138
2025-08-13T13:05:13.772644,46315,3.003906,3.089844,3.0117190000000003,-1,164.550764,23.601138
2025-08-13T13:05:14.338643,46316,3.003906,3.085938,3.0117190000000003,-1,164.550764,23.601138
2025-08-13T13:05:14.938643,46317,3.003906,3.09375,3.015625,-1,164.428694,23.610579
2025-08-13T13:05:15.663666,46318,3.003906,3.089844,3.015625,-1,164.550764,23.620019
2025-08-13T13:05:16.339471,46319,3.007812,3.09375,3.015625,-1,164.489729,23.629459
2025-08-13T13:05:16.948471,46320,3.003906,3.089844,3.019531,-1,164.550764,23.638899
2025-08-13T13:05:17.530861,46321,3.007812,3.085938,3.015625,-1,164.6118,23.638899
2025-08-13T13:05:18.434861,46322,3.003906,3.09375,3.019531,-1,164.550764,23.657779
2025-08-13T13:05:19.036861,46323,3.007812,3.089844,3.0117190000000003,-1,164.489729,23.657779
2025-08-13T13:05:19.629861,46324,3.003906,3.089844,3.0117190000000003,-1,164.550764,23.657779
2025-08-13T13:05:20.229861,46325,3.003906,3.09375,3.015625,-1,164.550764,23.657779
2025-08-13T13:05:20.845861,46326,3.003906,3.089844,3.019531,-1,164.489729,23.648339
2025-08-13T13:05:21.457861,46327,3.007812,3.089844,3.0273440000000003,-1,164.489729,23.657779
2025-08-13T13:05:22.075861,46328,3.003906,3.089844,3.019531,-1,164.550764,23.638899
2025-08-13T13:05:22.717861,46329,3.003906,3.09375,3.0117190000000003,-1,164.428694,23.629459
2025-08-13T13:05:23.318862,46330,3.003906,3.09375,3.019531,-1,164.489729,23.620019
2025-08-13T13:05:23.965861,46331,3.007812,3.085938,3.0117190000000003,-1,164.428694,23.620019
2025-08-13T13:05:24.537861,46332,3.003906,3.09375,3.0117190000000003,-1,164.550764,23.629459
2025-08-13T13:05:25.212861,46333,3.003906,3.085938,3.0117190000000003,-1,164.428694,23.638899
2025-08-13T13:05:25.838188,46334,3.003906,3.089844,3.015625,-1,164.367659,23.638899
2025-08-13T13:05:26.412188,46335,3.003906,3.085938,3.019531,-1,164.428694,23.648339
2025-08-13T13:05:27.004190,46336,3.003906,3.09375,3.0117190000000003,-1,164.367659,23.638899
2025-08-13T13:05:27.598189,46337,3.003906,3.09375,3.0117190000000003,-1,164.6118,23.657779
2025-08-13T13:05:28.315188,46338,3.003906,3.085938,3.019531,-1,164.489729,23.657779
2025-08-13T13:05:29.090876,46339,3.007812,3.085938,3.019531,-1,164.367659,23.657779
2025-08-13T13:05:29.703877,46340,3.003906,3.09375,3.007812,-1,164.550764,23.667219
2025-08-13T13:05:30.300066,46341,3.003906,3.089844,3.015625,-1,164.489729,23.667219
2025-08-13T13:05:31.016061,46342,3.003906,3.085938,3.019531,-1,164.428694,23.676659
2025-08-13T13:05:31.609059,46343,3.003906,3.089844,3.0117190000000003,-1,164.367659,23.676659
2025-08-13T13:05:32.199057,46344,3.003906,3.09375,3.015625,-1,164.428694,23.676659
2025-08-13T13:05:32.828633,46345,3.007812,3.089844,3.015625,-1,164.550764,23.676659
2025-08-13T13:05:33.423634,46346,3.007812,3.09375,3.019531,-1,164.428694,23.686099
2025-08-13T13:05:34.020633,46347,3.003906,3.09375,3.0117190000000003,-1,164.6118,23.676659
2025-08-13T13:05:34.638636,46348,3.003906,3.089844,3.015625,-1,164.6118,23.695539
2025-08-13T13:05:35.221633,46349,3.007812,3.09375,3.019531,-1,164.428694,23.704979
2025-08-13T13:05:35.845634,46350,3.003906,3.089844,3.015625,-1,164.489729,23.695539
2025-08-13T13:05:36.442633,46351,3.003906,3.089844,3.0117190000000003,-1,164.489729,23.695539
2025-08-13T13:05:37.048633,46352,3.011719,3.09375,3.015625,-1,164.428694,23.704979
2025-08-13T13:05:37.817634,46353,3.003906,3.09375,3.0117190000000003,-1,164.428694,23.704979
2025-08-13T13:05:38.384667,46354,3.007812,3.089844,3.007812,-1,164.428694,23.695539
2025-08-13T13:05:39.012666,46355,3.007812,3.085938,3.007812,-1,164.489729,23.695539
2025-08-13T13:05:40.160095,46356,3.007812,3.089844,3.015625,-1,164.489729,23.695539
2025-08-13T13:05:40.805142,46357,3.003906,3.09375,3.003906,-1,164.489729,23.704979
2025-08-13T13:05:41.372140,46358,3.003906,3.089844,3.015625,-1,164.428694,23.714419
2025-08-13T13:05:42.006141,46359,3.003906,3.09375,3.015625,-1,164.428694,23.704979
2025-08-13T13:05:42.638140,46360,3.003906,3.089844,3.015625,-1,164.489729,23.714419
2025-08-13T13:05:43.227139,46361,3.003906,3.089844,3.015625,-1,164.428694,23.714419
2025-08-13T13:05:43.851139,46362,3.003906,3.097656,3.0117190000000003,-1,164.428694,23.714419
2025-08-13T13:05:44.430143,46363,3.003906,3.089844,3.015625,-1,164.428694,23.723859
2025-08-13T13:05:45.049139,46364,3.003906,3.09375,3.0117190000000003,-1,164.489729,23.723859
2025-08-13T13:05:45.663139,46365,3.003906,3.09375,3.023438,-1,164.489729,23.723859
2025-08-13T13:05:46.238141,46366,3.003906,3.089844,3.015625,-1,164.550764,23.723859
2025-08-13T13:05:46.868139,46367,3.007812,3.089844,3.0117190000000003,-1,164.489729,23.723859
2025-08-13T13:05:47.684139,46368,3.003906,3.089844,3.015625,-1,164.6118,23.714419
2025-08-13T13:05:48.297140,46369,3.007812,3.089844,3.015625,-1,164.550764,23.714419
2025-08-13T13:05:48.935139,46370,3.003906,3.085938,3.0117190000000003,-1,164.550764,23.714419
2025-08-13T13:05:49.563141,46371,3.007812,3.085938,3.019531,-1,164.6118,23.714419
2025-08-13T13:05:50.165140,46372,3.003906,3.09375,3.015625,-1,164.489729,23.714419
2025-08-13T13:05:50.795139,46373,3.003906,3.089844,3.0117190000000003,-1,164.367659,23.704979
2025-08-13T13:05:51.369140,46374,3.003906,3.089844,3.0117190000000003,-1,164.428694,23.704979
2025-08-13T13:05:51.986141,46375,3.003906,3.089844,3.015625,-1,164.428694,23.704979
2025-08-13T13:05:52.723139,46376,3.003906,3.085938,3.0117190000000003,-1,164.6118,23.704979
2025-08-13T13:05:53.807141,46377,3.003906,3.085938,3.007812,-1,164.367659,23.704979
2025-08-13T13:05:54.447143,46378,3.007812,3.097656,3.0117190000000003,-1,164.550764,23.704979
2025-08-13T13:05:55.074139,46379,3.003906,3.09375,3.0117190000000003,-1,164.428694,23.695539
2025-08-13T13:05:55.695140,46380,3.003906,3.089844,3.007812,-1,164.6118,23.695539
2025-08-13T13:05:56.275139,46381,3.003906,3.089844,3.0117190000000003,-1,164.428694,23.686099
2025-08-13T13:05:56.961139,46382,3.003906,3.09375,3.019531,-1,164.428694,23.695539
2025-08-13T13:05:57.569206,46383,3.011719,3.089844,3.023438,-1,164.428694,23.695539
2025-08-13T13:05:58.274205,46384,3.003906,3.089844,3.0117190000000003,-1,164.306624,23.695539
2025-08-13T13:05:58.923205,46385,3.003906,3.089844,3.015625,-1,164.550764,23.704979
2025-08-13T13:05:59.513206,46386,3.003906,3.097656,3.015625,-1,164.428694,23.704979
2025-08-13T13:06:00.125204,46387,3.003906,3.09375,3.007812,-1,164.367659,23.714419
2025-08-13T13:06:00.782353,46388,3.003906,3.089844,3.019531,-1,164.428694,23.704979
2025-08-13T13:06:01.404205,46389,3.003906,3.089844,3.015625,-1,164.367659,23.723859
2025-08-13T13:06:02.015206,46390,3.003906,3.089844,3.0117190000000003,-1,164.550764,23.723859
2025-08-13T13:06:02.745206,46391,3.003906,3.085938,3.019531,-1,164.550764,23.733298
2025-08-13T13:06:03.450206,46392,3.003906,3.09375,3.015625,-1,164.550764,23.723859
2025-08-13T13:06:04.048206,46393,3.003906,3.089844,3.0117190000000003,-1,164.428694,23.723859
2025-08-13T13:06:04.669206,46394,3.003906,3.089844,3.023438,-1,164.550764,23.723859
2025-08-13T13:06:05.256855,46395,3.003906,3.09375,3.0117190000000003,-1,164.489729,23.723859
2025-08-13T13:06:05.947858,46396,3.003906,3.089844,3.0117190000000003,-1,164.428694,23.733298
2025-08-13T13:06:06.540856,46397,3.003906,3.089844,3.015625,-1,164.6118,23.733298
2025-08-13T13:06:07.174859,46398,3.003906,3.089844,3.015625,-1,164.489729,23.742738
2025-08-13T13:06:07.877854,46399,3.003906,3.09375,3.0117190000000003,-1,164.489729,23.733298
2025-08-13T13:06:08.658855,46400,3.007812,3.09375,3.0117190000000003,-1,164.428694,23.742738
2025-08-13T13:06:09.279856,46401,3.003906,3.09375,3.007812,-1,164.550764,23.752178
2025-08-13T13:06:09.891854,46402,3.007812,3.089844,3.0117190000000003,-1,164.428694,23.761618
2025-08-13T13:06:10.505658,46403,3.003906,3.09375,3.0117190000000003,-1,164.550764,23.761618
2025-08-13T13:06:11.328660,46404,3.003906,3.09375,3.0117190000000003,-1,164.489729,23.761618
2025-08-13T13:06:12.009658,46405,3.011719,3.09375,3.019531,-1,164.489729,23.761618
2025-08-13T13:06:12.899660,46406,3.007812,3.085938,3.019531,-1,164.6118,23.771058
2025-08-13T13:06:13.658662,46407,3.011719,3.097656,3.007812,-1,164.428694,23.761618
2025-08-13T13:06:14.289660,46408,3.003906,3.09375,3.019531,-1,164.428694,23.761618
2025-08-13T13:06:14.942659,46409,3.003906,3.09375,3.015625,-1,164.428694,23.761618
2025-08-13T13:06:15.560165,46410,3.003906,3.085938,3.0117190000000003,-1,164.428694,23.761618
2025-08-13T13:06:16.152166,46411,3.003906,3.085938,3.007812,-1,164.672835,23.771058
2025-08-13T13:06:16.778385,46412,3.003906,3.09375,3.007812,-1,164.428694,23.761618
2025-08-13T13:06:17.356385,46413,3.003906,3.09375,3.007812,-1,164.489729,23.752178
2025-08-13T13:06:18.051385,46414,3.003906,3.09375,3.003906,-1,164.489729,23.761618
2025-08-13T13:06:18.656387,46415,3.003906,3.089844,3.019531,-1,164.428694,23.761618
2025-08-13T13:06:19.247385,46416,3.003906,3.09375,3.0117190000000003,-1,164.428694,23.771058
2025-08-13T13:06:19.875385,46417,3.007812,3.089844,3.0117190000000003,-1,164.489729,23.761618
2025-08-13T13:06:20.539257,46418,3.003906,3.089844,3.015625,-1,164.550764,23.752178
2025-08-13T13:06:21.153255,46419,3.011719,3.09375,3.015625,-1,164.428694,23.752178
2025-08-13T13:06:21.808712,46420,3.007812,3.089844,3.0117190000000003,-1,164.550764,23.752178
2025-08-13T13:06:22.393711,46421,3.003906,3.085938,3.0117190000000003,-1,164.489729,23.752178
2025-08-13T13:06:23.000711,46422,3.003906,3.097656,3.0117190000000003,-1,164.6118,23.742738
2025-08-13T13:06:23.739712,46423,3.003906,3.089844,3.007812,-1,164.6118,23.733298
2025-08-13T13:06:24.480713,46424,3.011719,3.085938,3.019531,-1,164.489729,23.733298
2025-08-13T13:06:25.065711,46425,3.003906,3.09375,3.019531,-1,164.489729,23.723859
2025-08-13T13:06:25.682715,46426,3.003906,3.09375,3.015625,-1,164.550764,23.714419
2025-08-13T13:06:26.932871,46427,3.003906,3.089844,3.007812,-1,164.6118,23.714419
2025-08-13T13:06:27.520140,46428,3.003906,3.085938,3.015625,-1,164.428694,23.686099
2025-08-13T13:06:28.114140,46429,3.007812,3.09375,3.019531,-1,164.672835,23.676659
2025-08-13T13:06:28.736138,46430,3.011719,3.097656,3.007812,-1,164.73387,23.657779
2025-08-13T13:06:29.315139,46431,3.003906,3.089844,3.019531,-1,164.85594,23.648339
2025-08-13T13:06:29.940139,46432,3.003906,3.09375,3.0117190000000003,-1,164.672835,23.657779
2025-08-13T13:06:30.530139,46433,3.003906,3.089844,3.019531,-1,164.6118,23.657779
2025-08-13T13:06:31.213138,46434,3.003906,3.085938,3.007812,-1,164.85594,23.667219
2025-08-13T13:06:31.838174,46435,3.003906,3.089844,3.015625,-1,164.794905,23.686099
2025-08-13T13:06:32.419173,46436,3.007812,3.089844,3.015625,-1,164.6118,23.686099
2025-08-13T13:06:33.039188,46437,3.011719,3.089844,3.0117190000000003,-1,164.672835,23.695539
2025-08-13T13:06:33.796176,46438,3.003906,3.09375,3.007812,-1,164.6118,23.704979
2025-08-13T13:06:34.387862,46439,3.003906,3.09375,3.0117190000000003,-1,164.672835,23.704979
2025-08-13T13:06:35.005864,46440,3.007812,3.089844,3.007812,-1,164.672835,23.704979
2025-08-13T13:06:35.622742,46441,3.003906,3.089844,3.019531,-1,164.672835,23.695539
2025-08-13T13:06:36.201742,46442,3.007812,3.089844,3.0117190000000003,-1,164.672835,23.686099
2025-08-13T13:06:36.827775,46443,3.007812,3.085938,3.007812,-1,164.550764,23.676659
2025-08-13T13:06:37.527647,46444,3.003906,3.089844,3.019531,-1,164.489729,23.667219
2025-08-13T13:06:38.130641,46445,3.003906,3.089844,3.019531,-1,164.489729,23.657779
2025-08-13T13:06:38.754640,46446,3.003906,3.09375,3.0117190000000003,-1,164.6118,23.657779
2025-08-13T13:06:39.655641,46447,3.003906,3.089844,3.007812,-1,164.428694,23.648339
2025-08-13T13:06:40.233742,46448,3.003906,3.09375,3.015625,-1,164.550764,23.638899
2025-08-13T13:06:40.933640,46449,3.003906,3.089844,3.007812,-1,164.672835,23.629459
2025-08-13T13:06:41.532640,46450,3.007812,3.089844,3.007812,-1,164.6118,23.638899
2025-08-13T13:06:42.122641,46451,3.007812,3.09375,3.0117190000000003,-1,164.85594,23.648339
2025-08-13T13:06:42.964640,46452,3.003906,3.089844,3.015625,-1,164.85594,23.667219
2025-08-13T13:06:43.571420,46453,3.003906,3.09375,3.0117190000000003,-1,164.85594,23.676659
2025-08-13T13:06:44.159421,46454,3.003906,3.09375,3.015625,-1,164.916975,23.686099
2025-08-13T13:06:44.817424,46455,3.003906,3.089844,3.0117190000000003,-1,164.73387,23.695539
2025-08-13T13:06:45.384420,46456,3.003906,3.085938,3.0117190000000003,-1,164.672835,23.704979
2025-08-13T13:06:45.973420,46457,3.003906,3.09375,3.019531,-1,164.85594,23.695539
2025-08-13T13:06:46.575421,46458,3.007812,3.09375,3.015625,-1,164.672835,23.695539
2025-08-13T13:06:47.150419,46459,3.007812,3.089844,3.015625,-1,164.85594,23.704979
2025-08-13T13:06:47.768420,46460,3.003906,3.097656,3.0273440000000003,-1,164.73387,23.714419
2025-08-13T13:06:48.578874,46461,3.007812,3.089844,3.019531,-1,164.85594,23.723859
2025-08-13T13:06:49.349658,46462,3.003906,3.09375,3.015625,-1,164.73387,23.723859
2025-08-13T13:06:49.961659,46463,3.007812,3.089844,3.015625,-1,164.672835,23.723859
2025-08-13T13:06:50.575659,46464,3.007812,3.089844,3.0117190000000003,-1,164.672835,23.714419
2025-08-13T13:06:51.499659,46465,3.003906,3.089844,3.0117190000000003,-1,164.672835,23.704979
2025-08-13T13:06:52.093659,46466,3.007812,3.089844,3.0117190000000003,-1,164.73387,23.695539
2025-08-13T13:06:52.726659,46467,3.007812,3.089844,3.015625,-1,164.85594,23.695539
2025-08-13T13:06:53.437203,46468,3.003906,3.089844,3.0273440000000003,-1,164.85594,23.676659
2025-08-13T13:06:54.037203,46469,3.003906,3.089844,3.0117190000000003,-1,164.794905,23.686099
2025-08-13T13:06:54.657832,46470,3.011719,3.09375,3.0117190000000003,-1,164.794905,23.695539
2025-08-13T13:06:55.222843,46471,3.007812,3.085938,3.015625,-1,164.672835,23.695539
2025-08-13T13:06:55.874844,46472,3.003906,3.085938,3.015625,-1,164.85594,23.695539
2025-08-13T13:06:56.589931,46473,3.003906,3.089844,3.015625,-1,164.672835,23.704979
2025-08-13T13:06:57.152930,46474,3.007812,3.09375,3.015625,-1,164.672835,23.714419
2025-08-13T13:06:57.802930,46475,3.003906,3.085938,3.015625,-1,164.794905,23.723859
2025-08-13T13:06:58.382929,46476,3.003906,3.089844,3.015625,-1,164.672835,23.723859
2025-08-13T13:06:58.976930,46477,3.003906,3.089844,3.0117190000000003,-1,164.794905,23.714419
2025-08-13T13:06:59.612866,46478,3.003906,3.089844,3.019531,-1,164.672835,23.723859
2025-08-13T13:07:00.297866,46479,3.003906,3.09375,3.015625,-1,164.672835,23.723859
2025-08-13T13:07:00.921867,46480,3.003906,3.085938,3.015625,-1,164.73387,23.723859
2025-08-13T13:07:01.538866,46481,3.003906,3.089844,3.015625,-1,164.672835,23.723859
2025-08-13T13:07:02.237844,46482,3.003906,3.09375,3.015625,-1,164.794905,23.723859
2025-08-13T13:07:02.903842,46483,3.003906,3.089844,3.019531,-1,164.73387,23.723859
2025-08-13T13:07:03.572847,46484,3.003906,3.09375,3.023438,-1,164.73387,23.723859
2025-08-13T13:07:04.286845,46485,3.003906,3.09375,3.0117190000000003,-1,164.672835,23.733298
2025-08-13T13:07:05.052842,46486,3.003906,3.089844,3.0117190000000003,-1,164.73387,23.723859
2025-08-13T13:07:05.763845,46487,3.007812,3.09375,3.015625,-1,164.794905,23.714419
2025-08-13T13:07:06.519844,46488,3.003906,3.09375,3.015625,-1,164.672835,23.714419
2025-08-13T13:07:07.250842,46489,3.003906,3.09375,3.0117190000000003,-1,164.6118,23.723859
2025-08-13T13:07:07.904842,46490,3.007812,3.089844,3.019531,-1,164.73387,23.704979
2025-08-13T13:07:08.782842,46491,3.003906,3.089844,3.023438,-1,164.672835,23.695539
2025-08-13T13:07:09.541842,46492,3.003906,3.089844,3.0273440000000003,-1,164.73387,23.686099
2025-08-13T13:07:10.166844,46493,3.003906,3.089844,3.015625,-1,164.672835,23.667219
2025-08-13T13:07:10.812845,46494,3.003906,3.089844,3.0117190000000003,-1,164.85594,23.667219
2025-08-13T13:07:11.704843,46495,3.011719,3.085938,3.007812,-1,164.6118,23.667219
2025-08-13T13:07:12.492259,46496,3.003906,3.089844,3.003906,-1,164.794905,23.667219
2025-08-13T13:07:13.250259,46497,3.007812,3.09375,3.007812,-1,164.6118,23.657779
2025-08-13T13:07:13.915259,46498,3.003906,3.085938,3.015625,-1,164.85594,23.657779
2025-08-13T13:07:14.611259,46499,3.003906,3.089844,3.019531,-1,164.794905,23.657779
2025-08-13T13:07:15.334260,46500,3.003906,3.089844,3.015625,-1,164.794905,23.657779
2025-08-13T13:07:15.982259,46501,3.003906,3.09375,3.0117190000000003,-1,164.672835,23.638899
2025-08-13T13:07:16.798281,46502,3.003906,3.085938,3.015625,-1,164.85594,23.638899
2025-08-13T13:07:17.426278,46503,3.003906,3.089844,3.0117190000000003,-1,164.672835,23.648339
2025-08-13T13:07:18.068281,46504,3.003906,3.09375,3.007812,-1,164.6118,23.648339
2025-08-13T13:07:18.906279,46505,3.003906,3.089844,3.003906,-1,164.367659,23.648339
2025-08-13T13:07:19.604279,46506,3.003906,3.089844,3.019531,-1,164.306624,23.648339
2025-08-13T13:07:20.225279,46507,3.011719,3.09375,3.0117190000000003,-1,164.306624,23.657779
2025-08-13T13:07:20.836278,46508,3.003906,3.085938,3.015625,-1,164.306624,23.667219
2025-08-13T13:07:21.522532,46509,3.007812,3.09375,3.0117190000000003,-1,164.367659,23.657779
2025-08-13T13:07:22.112531,46510,3.003906,3.085938,3.0117190000000003,-1,164.489729,23.657779
2025-08-13T13:07:22.751532,46511,3.003906,3.09375,3.007812,-1,164.306624,23.657779
2025-08-13T13:07:23.316532,46512,3.003906,3.09375,3.015625,-1,164.489729,23.648339
2025-08-13T13:07:23.910531,46513,3.003906,3.089844,3.0117190000000003,-1,164.367659,23.638899
2025-08-13T13:07:24.606531,46514,3.003906,3.09375,3.0117190000000003,-1,164.489729,23.638899
2025-08-13T13:07:25.513530,46515,3.003906,3.09375,3.023438,-1,164.367659,23.629459
2025-08-13T13:07:26.085532,46516,3.003906,3.09375,3.015625,-1,164.489729,23.638899
2025-08-13T13:07:26.703533,46517,3.003906,3.09375,3.003906,-1,164.428694,23.638899
2025-08-13T13:07:27.285531,46518,3.007812,3.089844,3.0117190000000003,-1,164.489729,23.638899
2025-08-13T13:07:27.872530,46519,3.003906,3.089844,3.015625,-1,164.489729,23.638899
2025-08-13T13:07:28.592355,46520,3.003906,3.09375,3.015625,-1,164.428694,23.638899
2025-08-13T13:07:29.298356,46521,3.011719,3.089844,3.015625,-1,164.489729,23.638899
2025-08-13T13:07:30.032353,46522,3.003906,3.09375,3.019531,-1,164.306624,23.629459
2025-08-13T13:07:30.664355,46523,3.003906,3.085938,3.0117190000000003,-1,164.489729,23.629459
2025-08-13T13:07:31.297355,46524,3.003906,3.09375,3.007812,-1,164.550764,23.629459
2025-08-13T13:07:31.969355,46525,3.003906,3.097656,3.015625,-1,164.550764,23.610579
2025-08-13T13:07:32.608354,46526,3.007812,3.089844,3.015625,-1,164.367659,23.610579
2025-08-13T13:07:33.246356,46527,3.007812,3.09375,3.0117190000000003,-1,164.367659,23.610579
2025-08-13T13:07:34.049354,46528,3.003906,3.085938,3.0117190000000003,-1,164.428694,23.601138
2025-08-13T13:07:34.832354,46529,3.003906,3.09375,3.015625,-1,164.367659,23.610579
2025-08-13T13:07:35.402856,46530,3.003906,3.09375,3.007812,-1,164.306624,23.610579
2025-08-13T13:07:36.014857,46531,3.003906,3.089844,3.0117190000000003,-1,164.306624,23.620019
2025-08-13T13:07:36.638863,46532,3.003906,3.09375,3.0273440000000003,-1,164.245589,23.629459
2025-08-13T13:07:37.214863,46533,3.003906,3.09375,3.019531,-1,164.489729,23.620019
2025-08-13T13:07:37.902863,46534,3.003906,3.09375,3.0117190000000003,-1,164.489729,23.610579
2025-08-13T13:07:38.479820,46535,3.003906,3.085938,3.015625,-1,164.306624,23.620019
2025-08-13T13:07:39.047784,46536,3.007812,3.09375,3.019531,-1,164.489729,23.610579
2025-08-13T13:07:39.663783,46537,3.003906,3.089844,3.015625,-1,164.428694,23.610579
2025-08-13T13:07:40.693270,46538,3.011719,3.09375,3.0117190000000003,-1,164.489729,23.601138
2025-08-13T13:07:41.267269,46539,3.003906,3.085938,3.003906,-1,164.550764,23.601138
2025-08-13T13:07:41.899269,46540,3.003906,3.085938,3.015625,-1,164.428694,23.601138
2025-08-13T13:07:42.499268,46541,3.011719,3.089844,3.015625,-1,164.367659,23.601138
2025-08-13T13:07:43.206271,46542,3.003906,3.09375,3.015625,-1,164.367659,23.601138
2025-08-13T13:07:43.894272,46543,3.003906,3.089844,3.0117190000000003,-1,164.367659,23.601138
2025-08-13T13:07:44.620269,46544,3.003906,3.089844,3.0117190000000003,-1,164.550764,23.610579
2025-08-13T13:07:45.226269,46545,3.003906,3.09375,3.0117190000000003,-1,164.428694,23.610579
2025-08-13T13:07:46.439661,46546,3.003906,3.085938,3.0117190000000003,-1,164.367659,23.610579
2025-08-13T13:07:47.475661,46547,3.003906,3.089844,3.019531,-1,164.367659,23.620019
2025-08-13T13:07:48.520662,46548,3.003906,3.085938,3.015625,-1,164.428694,23.620019
2025-08-13T13:07:49.104662,46549,3.003906,3.09375,3.0117190000000003,-1,164.672835,23.638899
2025-08-13T13:07:49.715662,46550,3.003906,3.09375,3.0117190000000003,-1,164.6118,23.629459
2025-08-13T13:07:50.282661,46551,3.003906,3.09375,3.0117190000000003,-1,164.672835,23.629459
2025-08-13T13:07:50.888663,46552,3.003906,3.089844,3.0117190000000003,-1,164.489729,23.629459
2025-08-13T13:07:51.473662,46553,3.003906,3.09375,3.015625,-1,164.428694,23.620019
2025-08-13T13:07:52.075662,46554,3.003906,3.09375,3.0117190000000003,-1,164.489729,23.620019
2025-08-13T13:07:52.711661,46555,3.003906,3.085938,3.015625,-1,164.489729,23.620019
2025-08-13T13:07:53.275708,46556,3.003906,3.089844,3.007812,-1,164.428694,23.610579
2025-08-13T13:07:53.896708,46557,3.007812,3.09375,3.0117190000000003,-1,164.489729,23.610579
2025-08-13T13:07:54.544706,46558,3.003906,3.089844,3.015625,-1,164.489729,23.610579
2025-08-13T13:07:55.259706,46559,3.007812,3.089844,3.0117190000000003,-1,164.489729,23.620019
2025-08-13T13:07:55.893707,46560,3.003906,3.089844,3.007812,-1,164.428694,23.629459
2025-08-13T13:07:56.507706,46561,3.003906,3.09375,3.0117190000000003,-1,164.489729,23.620019
2025-08-13T13:07:57.101707,46562,3.003906,3.085938,3.015625,-1,164.672835,23.629459
2025-08-13T13:07:57.733708,46563,3.003906,3.089844,3.015625,-1,164.489729,23.629459
2025-08-13T13:07:58.322707,46564,3.003906,3.089844,3.019531,-1,164.489729,23.620019
2025-08-13T13:07:58.947706,46565,3.003906,3.09375,3.0117190000000003,-1,164.672835,23.610579
2025-08-13T13:07:59.551706,46566,3.003906,3.089844,3.007812,-1,164.489729,23.610579
2025-08-13T13:08:00.183705,46567,3.003906,3.097656,3.0117190000000003,-1,164.672835,23.610579
2025-08-13T13:08:00.839602,46568,3.003906,3.089844,3.0117190000000003,-1,164.550764,23.601138
2025-08-13T13:08:01.429604,46569,3.007812,3.085938,3.0117190000000003,-1,164.489729,23.591698
2025-08-13T13:08:02.033602,46570,3.007812,3.089844,3.0117190000000003,-1,164.6118,23.601138
2025-08-13T13:08:02.645601,46571,3.003906,3.09375,3.0117190000000003,-1,164.489729,23.601138
2025-08-13T13:08:03.239734,46572,3.003906,3.089844,3.0117190000000003,-1,164.6118,23.591698
2025-08-13T13:08:03.855735,46573,3.003906,3.089844,3.015625,-1,164.672835,23.591698
2025-08-13T13:08:04.559276,46574,3.003906,3.089844,3.015625,-1,164.73387,23.601138
2025-08-13T13:08:05.152276,46575,3.003906,3.09375,3.015625,-1,164.489729,23.601138
2025-08-13T13:08:05.975767,46576,3.003906,3.089844,3.0117190000000003,-1,164.550764,23.610579
2025-08-13T13:08:06.562788,46577,3.003906,3.09375,3.015625,-1,164.672835,23.610579
2025-08-13T13:08:07.142788,46578,3.003906,3.089844,3.019531,-1,164.672835,23.620019
2025-08-13T13:08:07.851489,46579,3.011719,3.097656,3.007812,-1,164.550764,23.629459
2025-08-13T13:08:08.449485,46580,3.007812,3.09375,3.023438,-1,164.73387,23.629459
2025-08-13T13:08:09.038484,46581,3.007812,3.089844,3.007812,-1,164.367659,23.629459
2025-08-13T13:08:09.774484,46582,3.003906,3.085938,3.0117190000000003,-1,164.306624,23.629459
2025-08-13T13:08:10.613886,46583,3.003906,3.089844,3.007812,-1,164.550764,23.620019
2025-08-13T13:08:11.194382,46584,3.007812,3.089844,3.019531,-1,164.550764,23.610579
2025-08-13T13:08:11.827381,46585,3.003906,3.089844,3.015625,-1,164.489729,23.610579
2025-08-13T13:08:12.411190,46586,3.003906,3.085938,3.0117190000000003,-1,164.489729,23.610579
2025-08-13T13:08:13.009189,46587,3.007812,3.085938,3.015625,-1,164.367659,23.620019
2025-08-13T13:08:13.614468,46588,3.003906,3.09375,3.0117190000000003,-1,164.428694,23.620019
2025-08-13T13:08:14.194467,46589,3.007812,3.09375,3.0117190000000003,-1,164.489729,23.610579
2025-08-13T13:08:14.824345,46590,3.007812,3.089844,3.0117190000000003,-1,164.550764,23.610579
2025-08-13T13:08:15.446347,46591,3.003906,3.09375,3.015625,-1,164.489729,23.601138
2025-08-13T13:08:16.036346,46592,3.011719,3.089844,3.019531,-1,164.489729,23.591698
2025-08-13T13:08:16.783778,46593,3.003906,3.089844,3.015625,-1,164.428694,23.601138
2025-08-13T13:08:17.369777,46594,3.011719,3.085938,3.0117190000000003,-1,164.428694,23.601138
2025-08-13T13:08:18.158995,46595,3.011719,3.09375,3.015625,-1,164.489729,23.601138
2025-08-13T13:08:18.789994,46596,3.003906,3.089844,3.007812,-1,164.367659,23.601138
2025-08-13T13:08:19.345995,46597,3.011719,3.089844,3.0273440000000003,-1,164.306624,23.601138
2025-08-13T13:08:20.005998,46598,3.011719,3.09375,3.019531,-1,164.428694,23.610579
2025-08-13T13:08:20.668995,46599,3.007812,3.089844,3.0117190000000003,-1,164.367659,23.601138
2025-08-13T13:08:21.353996,46600,3.007812,3.085938,3.015625,-1,164.428694,23.610579
2025-08-13T13:08:22.140995,46601,3.007812,3.089844,3.015625,-1,164.550764,23.610579
2025-08-13T13:08:24.842111,46602,3.007812,3.089844,3.015625,-1,164.489729,23.629459
2025-08-13T13:08:25.441115,46603,3.007812,3.089844,3.0117190000000003,-1,164.550764,23.629459
2025-08-13T13:08:26.064113,46604,3.007812,3.089844,3.0117190000000003,-1,164.489729,23.620019
2025-08-13T13:08:26.664112,46605,3.003906,3.089844,3.019531,-1,164.306624,23.620019
2025-08-13T13:08:27.243856,46606,3.003906,3.085938,3.023438,-1,164.489729,23.610579
2025-08-13T13:08:27.927859,46607,3.003906,3.089844,3.015625,-1,164.367659,23.610579
2025-08-13T13:08:28.515916,46608,3.003906,3.09375,3.0117190000000003,-1,164.489729,23.620019
2025-08-13T13:08:29.094916,46609,3.003906,3.089844,3.007812,-1,164.306624,23.620019
2025-08-13T13:08:29.719132,46610,3.007812,3.09375,3.015625,-1,164.489729,23.610579
2025-08-13T13:08:30.277132,46611,3.003906,3.097656,3.007812,-1,164.550764,23.610579
2025-08-13T13:08:30.958135,46612,3.003906,3.09375,3.015625,-1,164.428694,23.610579
2025-08-13T13:08:31.597132,46613,3.003906,3.089844,3.023438,-1,164.489729,23.601138
2025-08-13T13:08:32.951195,46614,3.003906,3.097656,3.015625,-1,164.306624,23.610579
2025-08-13T13:08:34.270875,46615,3.007812,3.089844,3.007812,-1,164.550764,23.620019
2025-08-13T13:08:34.881876,46616,3.003906,3.089844,3.015625,-1,164.306624,23.629459
2025-08-13T13:08:35.608434,46617,3.003906,3.09375,3.007812,-1,164.489729,23.620019
2025-08-13T13:08:36.175433,46618,3.007812,3.09375,3.015625,-1,164.550764,23.620019
2025-08-13T13:08:36.799797,46619,3.007812,3.089844,3.015625,-1,164.428694,23.620019
2025-08-13T13:08:37.364798,46620,3.003906,3.09375,3.015625,-1,164.550764,23.620019
2025-08-13T13:08:37.973797,46621,3.003906,3.09375,3.0117190000000003,-1,164.550764,23.620019
2025-08-13T13:08:38.575811,46622,3.007812,3.09375,3.0117190000000003,-1,164.428694,23.620019
2025-08-13T13:08:39.183795,46623,3.003906,3.097656,3.015625,-1,164.428694,23.620019
2025-08-13T13:08:39.891797,46624,3.003906,3.089844,3.015625,-1,164.489729,23.620019
2025-08-13T13:08:40.483798,46625,3.003906,3.09375,3.015625,-1,164.550764,23.620019
2025-08-13T13:08:41.063796,46626,3.003906,3.09375,3.0117190000000003,-1,164.489729,23.610579
2025-08-13T13:08:41.710797,46627,3.003906,3.089844,3.015625,-1,164.367659,23.601138
2025-08-13T13:08:42.282796,46628,3.003906,3.089844,3.007812,-1,164.550764,23.601138
2025-08-13T13:08:42.912796,46629,3.003906,3.09375,3.015625,-1,164.367659,23.601138
2025-08-13T13:08:43.493796,46630,3.003906,3.09375,3.015625,-1,164.367659,23.601138
2025-08-13T13:08:44.067796,46631,3.003906,3.085938,3.015625,-1,164.306624,23.601138
2025-08-13T13:08:44.722796,46632,3.003906,3.09375,3.0117190000000003,-1,164.367659,23.601138
2025-08-13T13:08:45.304798,46633,3.003906,3.089844,3.007812,-1,164.428694,23.601138
2025-08-13T13:08:45.918797,46634,3.003906,3.089844,3.0117190000000003,-1,164.489729,23.610579
2025-08-13T13:08:46.542870,46635,3.003906,3.089844,3.007812,-1,164.367659,23.601138
2025-08-13T13:08:47.259869,46636,3.003906,3.089844,3.015625,-1,164.550764,23.601138
2025-08-13T13:08:47.895867,46637,3.003906,3.09375,3.0117190000000003,-1,164.489729,23.591698
2025-08-13T13:08:48.615871,46638,3.003906,3.09375,3.007812,-1,164.489729,23.582258
2025-08-13T13:08:49.199866,46639,3.003906,3.09375,3.007812,-1,164.367659,23.582258
2025-08-13T13:08:49.839868,46640,3.003906,3.085938,3.0117190000000003,-1,164.550764,23.591698
2025-08-13T13:08:50.406589,46641,3.003906,3.089844,3.0117190000000003,-1,164.367659,23.582258
2025-08-13T13:08:51.010589,46642,3.007812,3.09375,3.015625,-1,164.6118,23.601138
2025-08-13T13:08:51.623188,46643,3.007812,3.089844,3.019531,-1,164.367659,23.601138
2025-08-13T13:08:52.234188,46644,3.003906,3.089844,3.019531,-1,164.428694,23.601138
2025-08-13T13:08:52.933862,46645,3.003906,3.089844,3.0117190000000003,-1,164.489729,23.591698
2025-08-13T13:08:53.552862,46646,3.007812,3.089844,3.0117190000000003,-1,164.428694,23.591698
2025-08-13T13:08:54.289870,46647,3.007812,3.089844,3.015625,-1,164.550764,23.591698
2025-08-13T13:08:54.978871,46648,3.003906,3.089844,3.0117190000000003,-1,164.550764,23.582258
2025-08-13T13:08:55.642700,46649,3.003906,3.089844,3.0117190000000003,-1,164.73387,23.582258
2025-08-13T13:08:56.238699,46650,3.003906,3.09375,3.015625,-1,164.672835,23.582258
2025-08-13T13:08:56.903702,46651,3.003906,3.09375,3.0117190000000003,-1,164.550764,23.572817
2025-08-13T13:08:57.531699,46652,3.007812,3.089844,3.015625,-1,164.73387,23.582258
2025-08-13T13:08:58.120699,46653,3.003906,3.089844,3.0117190000000003,-1,164.550764,23.572817
2025-08-13T13:08:58.764321,46654,3.003906,3.09375,3.019531,-1,164.73387,23.572817
2025-08-13T13:08:59.344326,46655,3.003906,3.089844,3.019531,-1,164.6118,23.572817
2025-08-13T13:08:59.950320,46656,3.003906,3.09375,3.019531,-1,164.6118,23.582258
2025-08-13T13:09:00.686320,46657,3.003906,3.09375,3.023438,-1,164.489729,23.582258
2025-08-13T13:09:01.277320,46658,3.003906,3.089844,3.015625,-1,164.550764,23.572817
2025-08-13T13:09:01.882319,46659,3.003906,3.089844,3.015625,-1,164.550764,23.572817
2025-08-13T13:09:02.737320,46660,3.003906,3.089844,3.019531,-1,164.73387,23.572817
2025-08-13T13:09:03.316046,46661,3.003906,3.09375,3.0117190000000003,-1,164.6118,23.582258
2025-08-13T13:09:03.953047,46662,3.007812,3.089844,3.015625,-1,164.550764,23.591698
2025-08-13T13:09:04.710931,46663,3.003906,3.085938,3.007812,-1,164.489729,23.591698
2025-08-13T13:09:05.340559,46664,3.003906,3.09375,3.0117190000000003,-1,164.6118,23.601138
2025-08-13T13:09:05.991558,46665,3.003906,3.089844,3.015625,-1,164.73387,23.601138
2025-08-13T13:09:06.616072,46666,3.003906,3.089844,3.023438,-1,164.550764,23.591698
2025-08-13T13:09:07.234070,46667,3.007812,3.085938,3.0117190000000003,-1,164.550764,23.591698
2025-08-13T13:09:07.997715,46668,3.003906,3.09375,3.007812,-1,164.550764,23.591698
2025-08-13T13:09:08.611714,46669,3.003906,3.09375,3.0117190000000003,-1,164.672835,23.591698
2025-08-13T13:09:09.233716,46670,3.003906,3.09375,3.0117190000000003,-1,164.550764,23.591698
2025-08-13T13:09:09.846717,46671,3.003906,3.089844,3.0117190000000003,-1,164.489729,23.591698
2025-08-13T13:09:10.428641,46672,3.003906,3.085938,3.019531,-1,164.367659,23.601138
2025-08-13T13:09:11.030641,46673,3.003906,3.09375,3.0117190000000003,-1,164.428694,23.591698
2025-08-13T13:09:11.637643,46674,3.003906,3.089844,3.015625,-1,164.489729,23.591698
2025-08-13T13:09:12.226641,46675,3.003906,3.089844,3.019531,-1,164.550764,23.591698
2025-08-13T13:09:13.019641,46676,3.003906,3.089844,3.007812,-1,164.306624,23.601138
2025-08-13T13:09:13.767925,46677,3.003906,3.09375,3.015625,-1,164.428694,23.601138
2025-08-13T13:09:14.350924,46678,3.003906,3.089844,3.015625,-1,164.367659,23.591698
2025-08-13T13:09:14.973924,46679,3.003906,3.089844,3.015625,-1,164.306624,23.601138
2025-08-13T13:09:15.570928,46680,3.003906,3.09375,3.023438,-1,164.550764,23.620019
2025-08-13T13:09:16.161924,46681,3.003906,3.089844,3.015625,-1,164.489729,23.610579
2025-08-13T13:09:16.869893,46682,3.011719,3.089844,3.015625,-1,164.550764,23.620019
2025-08-13T13:09:17.464898,46683,3.003906,3.09375,3.0117190000000003,-1,164.428694,23.629459
2025-08-13T13:09:18.047894,46684,3.003906,3.089844,3.0117190000000003,-1,164.428694,23.620019
2025-08-13T13:09:18.676893,46685,3.003906,3.085938,3.019531,-1,164.550764,23.620019
2025-08-13T13:09:19.387894,46686,3.003906,3.089844,3.015625,-1,164.428694,23.610579
2025-08-13T13:09:19.988893,46687,3.011719,3.085938,3.0117190000000003,-1,164.489729,23.610579
2025-08-13T13:09:20.584894,46688,3.003906,3.089844,3.007812,-1,164.367659,23.610579
2025-08-13T13:09:21.172893,46689,3.003906,3.09375,3.015625,-1,164.367659,23.601138
2025-08-13T13:09:21.790893,46690,3.007812,3.085938,3.0117190000000003,-1,164.428694,23.620019
2025-08-13T13:09:22.475894,46691,3.007812,3.089844,3.015625,-1,164.550764,23.629459
2025-08-13T13:09:23.097895,46692,3.007812,3.09375,3.0117190000000003,-1,164.428694,23.620019
2025-08-13T13:09:23.851893,46693,3.003906,3.09375,3.003906,-1,164.489729,23.620019
2025-08-13T13:09:24.671937,46694,3.007812,3.089844,3.0117190000000003,-1,164.489729,23.629459
2025-08-13T13:09:25.357882,46695,3.003906,3.089844,3.015625,-1,164.428694,23.620019
2025-08-13T13:09:25.976881,46696,3.003906,3.089844,3.015625,-1,164.550764,23.620019
2025-08-13T13:09:26.619884,46697,3.007812,3.089844,3.007812,-1,164.367659,23.601138
2025-08-13T13:09:27.341882,46698,3.003906,3.089844,3.015625,-1,164.489729,23.601138
2025-08-13T13:09:27.994882,46699,3.003906,3.089844,3.015625,-1,164.489729,23.591698
2025-08-13T13:09:28.770884,46700,3.003906,3.089844,3.0117190000000003,-1,164.428694,23.601138
2025-08-13T13:09:29.354680,46701,3.011719,3.09375,3.015625,-1,164.489729,23.601138
2025-08-13T13:09:30.006680,46702,3.003906,3.09375,3.015625,-1,164.6118,23.601138
2025-08-13T13:09:30.732700,46703,3.003906,3.089844,3.015625,-1,164.6118,23.610579
2025-08-13T13:09:31.304702,46704,3.011719,3.089844,3.007812,-1,164.73387,23.591698
2025-08-13T13:09:31.937702,46705,3.003906,3.089844,3.0117190000000003,-1,164.73387,23.591698
2025-08-13T13:09:32.661212,46706,3.003906,3.09375,3.015625,-1,164.672835,23.591698
2025-08-13T13:09:33.242212,46707,3.003906,3.09375,3.019531,-1,164.794905,23.582258
2025-08-13T13:09:33.867214,46708,3.003906,3.089844,3.0117190000000003,-1,164.794905,23.582258
2025-08-13T13:09:34.522212,46709,3.003906,3.09375,3.015625,-1,164.73387,23.582258
2025-08-13T13:09:35.120213,46710,3.003906,3.085938,3.0117190000000003,-1,164.6118,23.582258
2025-08-13T13:09:35.768213,46711,3.003906,3.089844,3.0117190000000003,-1,164.672835,23.582258
2025-08-13T13:09:36.363227,46712,3.003906,3.089844,3.015625,-1,164.73387,23.582258
2025-08-13T13:09:37.152257,46713,3.011719,3.089844,3.007812,-1,164.672835,23.582258
2025-08-13T13:09:37.807259,46714,3.003906,3.089844,3.007812,-1,164.6118,23.582258
2025-08-13T13:09:38.384258,46715,3.007812,3.089844,3.015625,-1,164.794905,23.572817
2025-08-13T13:09:39.017258,46716,3.003906,3.089844,3.015625,-1,164.672835,23.582258
2025-08-13T13:09:39.758526,46717,3.003906,3.089844,3.015625,-1,164.672835,23.582258
2025-08-13T13:09:40.338544,46718,3.007812,3.09375,3.0273440000000003,-1,164.550764,23.591698
2025-08-13T13:09:41.238543,46719,3.003906,3.09375,3.0117190000000003,-1,164.794905,23.601138
2025-08-13T13:09:41.865542,46720,3.003906,3.09375,3.015625,-1,164.6118,23.582258
2025-08-13T13:09:42.437546,46721,3.003906,3.09375,3.019531,-1,164.73387,23.601138
2025-08-13T13:09:43.069542,46722,3.007812,3.09375,3.015625,-1,164.672835,23.620019
2025-08-13T13:09:43.676302,46723,3.003906,3.089844,3.019531,-1,164.672835,23.620019
2025-08-13T13:09:44.462301,46724,3.011719,3.089844,3.0117190000000003,-1,164.550764,23.620019
2025-08-13T13:09:45.057301,46725,3.003906,3.085938,3.019531,-1,164.306624,23.620019
2025-08-13T13:09:45.653510,46726,3.003906,3.09375,3.0117190000000003,-1,164.550764,23.620019
2025-08-13T13:09:46.361504,46727,3.003906,3.089844,3.015625,-1,164.489729,23.601138
2025-08-13T13:09:47.818312,46728,3.003906,3.089844,3.0117190000000003,-1,164.367659,23.620019
2025-08-13T13:09:48.391313,46729,3.007812,3.085938,3.007812,-1,164.367659,23.610579
2025-08-13T13:09:48.999313,46730,3.007812,3.089844,3.015625,-1,164.367659,23.601138
2025-08-13T13:09:49.616313,46731,3.003906,3.089844,3.0117190000000003,-1,164.550764,23.601138
2025-08-13T13:09:50.278340,46732,3.003906,3.085938,3.0117190000000003,-1,164.428694,23.591698
2025-08-13T13:09:50.953340,46733,3.003906,3.097656,3.015625,-1,164.428694,23.591698
2025-08-13T13:09:51.535766,46734,3.003906,3.085938,3.0117190000000003,-1,164.306624,23.582258
2025-08-13T13:09:52.228765,46735,3.003906,3.089844,3.015625,-1,164.489729,23.582258
2025-08-13T13:09:52.912771,46736,3.011719,3.09375,3.0117190000000003,-1,164.367659,23.591698
2025-08-13T13:09:53.504778,46737,3.003906,3.089844,3.019531,-1,164.367659,23.591698
2025-08-13T13:09:54.105776,46738,3.003906,3.09375,3.0117190000000003,-1,164.367659,23.591698
2025-08-13T13:09:54.725637,46739,3.007812,3.09375,3.007812,-1,164.306624,23.591698
2025-08-13T13:09:55.376639,46740,3.003906,3.09375,3.0117190000000003,-1,164.489729,23.601138
2025-08-13T13:09:56.074637,46741,3.003906,3.089844,3.0117190000000003,-1,164.428694,23.591698
2025-08-13T13:09:56.681645,46742,3.003906,3.089844,3.0117190000000003,-1,164.550764,23.591698
2025-08-13T13:09:57.343635,46743,3.003906,3.09375,3.023438,-1,164.428694,23.591698
2025-08-13T13:09:57.972636,46744,3.003906,3.089844,3.015625,-1,164.428694,23.601138
2025-08-13T13:09:58.556636,46745,3.003906,3.09375,3.0117190000000003,-1,164.367659,23.601138
2025-08-13T13:09:59.139641,46746,3.003906,3.085938,3.015625,-1,164.550764,23.610579
2025-08-13T13:09:59.760636,46747,3.007812,3.089844,3.0117190000000003,-1,164.367659,23.610579
2025-08-13T13:10:00.340634,46748,3.003906,3.089844,3.019531,-1,164.428694,23.610579
2025-08-13T13:10:00.932636,46749,3.003906,3.09375,3.023438,-1,164.489729,23.610579
2025-08-13T13:10:01.527636,46750,3.003906,3.089844,3.015625,-1,164.550764,23.610579
2025-08-13T13:10:02.315516,46751,3.003906,3.09375,3.015625,-1,164.428694,23.610579
2025-08-13T13:10:02.923519,46752,3.003906,3.089844,3.0117190000000003,-1,164.489729,23.591698
2025-08-13T13:10:03.511932,46753,3.003906,3.085938,3.015625,-1,164.367659,23.601138
2025-08-13T13:10:04.095930,46754,3.003906,3.089844,3.019531,-1,164.428694,23.601138
2025-08-13T13:10:04.733929,46755,3.003906,3.089844,3.007812,-1,164.550764,23.601138
2025-08-13T13:10:05.359930,46756,3.003906,3.089844,3.0117190000000003,-1,164.550764,23.601138
2025-08-13T13:10:06.016930,46757,3.007812,3.085938,3.015625,-1,164.367659,23.601138
2025-08-13T13:10:06.640929,46758,3.003906,3.089844,3.015625,-1,164.367659,23.601138
2025-08-13T13:10:07.217930,46759,3.003906,3.085938,3.007812,-1,164.489729,23.601138
2025-08-13T13:10:07.830931,46760,3.003906,3.085938,3.015625,-1,164.550764,23.601138
2025-08-13T13:10:08.564611,46761,3.011719,3.089844,3.0117190000000003,-1,164.489729,23.591698
2025-08-13T13:10:09.151610,46762,3.007812,3.09375,3.0117190000000003,-1,164.489729,23.582258
2025-08-13T13:10:09.768611,46763,3.007812,3.089844,3.015625,-1,164.367659,23.582258
2025-08-13T13:10:10.341610,46764,3.003906,3.089844,3.015625,-1,164.367659,23.591698
2025-08-13T13:10:10.960611,46765,3.003906,3.085938,3.019531,-1,164.550764,23.591698
2025-08-13T13:10:11.698129,46766,3.007812,3.089844,3.019531,-1,164.489729,23.582258
2025-08-13T13:10:12.399128,46767,3.003906,3.089844,3.0117190000000003,-1,164.489729,23.591698
2025-08-13T13:10:13.104128,46768,3.003906,3.09375,3.0117190000000003,-1,164.489729,23.601138
2025-08-13T13:10:13.831127,46769,3.003906,3.089844,3.015625,-1,164.428694,23.601138
2025-08-13T13:10:14.547920,46770,3.003906,3.09375,3.0117190000000003,-1,164.367659,23.601138
2025-08-13T13:10:15.136920,46771,3.003906,3.089844,3.0117190000000003,-1,164.428694,23.610579
2025-08-13T13:10:15.848920,46772,3.003906,3.089844,3.007812,-1,164.550764,23.610579
2025-08-13T13:10:16.477791,46773,3.003906,3.09375,3.007812,-1,164.550764,23.620019
2025-08-13T13:10:17.067640,46774,3.003906,3.089844,3.007812,-1,164.367659,23.620019
2025-08-13T13:10:17.731641,46775,3.003906,3.089844,3.023438,-1,164.367659,23.620019
2025-08-13T13:10:18.430641,46776,3.003906,3.089844,3.019531,-1,164.428694,23.620019
2025-08-13T13:10:19.621643,46777,3.003906,3.085938,3.007812,-1,164.550764,23.620019
2025-08-13T13:10:20.255639,46778,3.003906,3.089844,3.015625,-1,164.550764,23.620019
2025-08-13T13:10:20.852641,46779,3.003906,3.089844,3.007812,-1,164.367659,23.620019
2025-08-13T13:10:21.554640,46780,3.003906,3.085938,3.0273440000000003,-1,164.550764,23.610579
2025-08-13T13:10:22.167640,46781,3.007812,3.089844,3.015625,-1,164.489729,23.601138
2025-08-13T13:10:22.805639,46782,3.003906,3.09375,3.0117190000000003,-1,164.367659,23.582258
2025-08-13T13:10:23.416668,46783,3.003906,3.085938,3.019531,-1,164.428694,23.582258
2025-08-13T13:10:23.992666,46784,3.003906,3.09375,3.023438,-1,164.428694,23.582258
2025-08-13T13:10:24.587700,46785,3.003906,3.089844,3.019531,-1,164.428694,23.572817
2025-08-13T13:10:25.172700,46786,3.003906,3.09375,3.007812,-1,164.367659,23.572817
2025-08-13T13:10:25.800489,46787,3.003906,3.09375,3.015625,-1,164.367659,23.563376
2025-08-13T13:10:26.376489,46788,3.003906,3.085938,3.0117190000000003,-1,164.550764,23.544495
2025-08-13T13:10:27.092489,46789,3.003906,3.089844,3.0117190000000003,-1,164.367659,23.544495
2025-08-13T13:10:27.708489,46790,3.003906,3.089844,3.0117190000000003,-1,164.550764,23.544495
2025-08-13T13:10:28.288488,46791,3.003906,3.09375,3.0117190000000003,-1,164.550764,23.544495
2025-08-13T13:10:28.948490,46792,3.003906,3.089844,3.015625,-1,164.489729,23.544495
2025-08-13T13:10:29.621490,46793,3.003906,3.09375,3.0117190000000003,-1,164.428694,23.544495
2025-08-13T13:10:31.539489,46794,3.003906,3.089844,3.015625,-1,164.367659,23.563376
2025-08-13T13:10:33.133371,46795,3.003906,3.089844,3.019531,-1,164.306624,23.563376
2025-08-13T13:10:33.810371,46796,3.003906,3.09375,3.015625,-1,164.428694,23.563376
2025-08-13T13:10:34.602372,46797,3.003906,3.089844,3.0117190000000003,-1,164.367659,23.553936
2025-08-13T13:10:35.376373,46798,3.003906,3.089844,3.0273440000000003,-1,164.550764,23.553936
2025-08-13T13:10:36.105370,46799,3.003906,3.09375,3.0117190000000003,-1,164.489729,23.553936
2025-08-13T13:10:36.870371,46800,3.015625,3.089844,3.015625,-1,164.73387,23.553936
2025-08-13T13:10:37.598370,46801,3.003906,3.09375,3.015625,-1,164.73387,23.553936
2025-08-13T13:10:38.324372,46802,3.003906,3.089844,3.015625,-1,164.6118,23.563376
2025-08-13T13:10:39.854669,46803,3.003906,3.085938,3.015625,-1,164.6118,23.553936
2025-08-13T13:10:40.446670,46804,3.003906,3.089844,3.019531,-1,164.672835,23.553936
2025-08-13T13:10:41.133704,46805,3.003906,3.09375,3.035156,-1,164.6118,23.544495
2025-08-13T13:10:41.773706,46806,3.003906,3.09375,3.0117190000000003,-1,164.794905,23.544495
2025-08-13T13:10:42.509705,46807,3.003906,3.089844,3.015625,-1,164.672835,23.544495
2025-08-13T13:10:43.300744,46808,3.003906,3.09375,3.019531,-1,164.794905,23.553936
2025-08-13T13:10:43.985745,46809,3.003906,3.089844,3.0117190000000003,-1,164.85594,23.553936
2025-08-13T13:10:44.717744,46810,3.003906,3.085938,3.015625,-1,164.6118,23.544495
2025-08-13T13:10:45.502743,46811,3.003906,3.09375,3.0117190000000003,-1,164.794905,23.544495
2025-08-13T13:10:46.156744,46812,3.003906,3.089844,3.0117190000000003,-1,164.85594,23.544495
2025-08-13T13:10:46.772744,46813,3.003906,3.09375,3.015625,-1,164.73387,23.553936
2025-08-13T13:10:47.395746,46814,3.003906,3.089844,3.015625,-1,164.672835,23.563376
2025-08-13T13:10:47.993744,46815,3.003906,3.09375,3.0117190000000003,-1,164.794905,23.563376
2025-08-13T13:10:48.620748,46816,3.003906,3.089844,3.0117190000000003,-1,164.794905,23.563376
2025-08-13T13:10:49.244744,46817,3.007812,3.089844,3.0117190000000003,-1,164.794905,23.563376
2025-08-13T13:10:49.967745,46818,3.003906,3.09375,3.015625,-1,164.794905,23.563376
2025-08-13T13:10:50.586743,46819,3.007812,3.089844,3.019531,-1,164.73387,23.563376
2025-08-13T13:10:51.310744,46820,3.003906,3.085938,3.0117190000000003,-1,164.672835,23.572817
2025-08-13T13:10:51.943744,46821,3.003906,3.089844,3.015625,-1,164.916975,23.572817
2025-08-13T13:10:52.578747,46822,3.003906,3.089844,3.015625,-1,164.916975,23.582258
2025-08-13T13:10:53.204743,46823,3.007812,3.09375,3.0117190000000003,-1,164.916975,23.572817
2025-08-13T13:10:53.792744,46824,3.003906,3.085938,3.019531,-1,164.916975,23.553936
2025-08-13T13:10:54.414744,46825,3.007812,3.085938,3.0117190000000003,-1,164.6118,23.553936
2025-08-13T13:10:55.078745,46826,3.003906,3.089844,3.015625,-1,164.73387,23.553936
2025-08-13T13:10:55.779744,46827,3.007812,3.089844,3.015625,-1,164.672835,23.553936
2025-08-13T13:10:56.381745,46828,3.003906,3.09375,3.015625,-1,164.794905,23.553936
2025-08-13T13:10:57.012745,46829,3.003906,3.09375,3.007812,-1,164.85594,23.544495
2025-08-13T13:10:57.776744,46830,3.007812,3.089844,3.019531,-1,164.6118,23.563376
2025-08-14T09:02:32.013936,46832,3.003906,3.09375,3.0117190000000003,-1,165.649397,24.262052
2025-08-14T09:02:32.600935,46833,3.007812,3.09375,3.019531,-1,165.771467,24.271499
2025-08-14T09:02:33.158939,46834,3.007812,3.09375,3.015625,-1,165.649397,24.271499
2025-08-14T09:02:33.802939,46835,3.007812,3.09375,3.0117190000000003,-1,165.649397,24.271499
2025-08-14T09:02:34.463938,46836,3.007812,3.09375,3.015625,-1,165.832503,24.271499
2025-08-14T09:02:34.995918,46837,3.007812,3.09375,3.0117190000000003,-1,165.832503,24.271499
2025-08-14T09:02:35.549919,46838,3.003906,3.089844,3.015625,-1,165.954573,24.280946
2025-08-14T09:02:36.125166,46839,3.007812,3.089844,3.023438,-1,165.954573,24.280946
2025-08-14T09:02:36.839017,46840,3.007812,3.09375,3.015625,-1,165.832503,24.290393
2025-08-14T09:02:37.623018,46841,3.007812,3.09375,3.007812,-1,165.832503,24.299841
2025-08-14T09:02:38.235017,46842,3.007812,3.089844,3.023438,-1,166.015608,24.290393
2025-08-14T09:02:38.927361,46843,3.011719,3.097656,3.0117190000000003,-1,165.893538,24.280946
2025-08-14T09:02:39.598264,46844,3.007812,3.09375,3.019531,-1,165.710432,24.280946
2025-08-14T09:02:40.388261,46845,3.003906,3.085938,3.019531,-1,165.649397,24.280946
2025-08-14T09:02:41.075265,46846,3.003906,3.089844,3.015625,-1,165.710432,24.290393
2025-08-14T09:02:41.665261,46847,3.003906,3.089844,3.007812,-1,165.649397,24.280946
2025-08-14T09:02:42.387542,46848,3.007812,3.09375,3.015625,-1,165.710432,24.280946
2025-08-14T09:02:43.052288,46849,3.011719,3.097656,3.015625,-1,165.588362,24.290393
2025-08-14T09:02:43.673288,46850,3.003906,3.09375,3.0117190000000003,-1,165.588362,24.290393
2025-08-14T09:02:44.366406,46851,3.007812,3.09375,3.0117190000000003,-1,165.588362,24.290393
2025-08-14T09:02:45.030061,46852,3.003906,3.09375,3.023438,-1,165.588362,24.290393
2025-08-14T09:02:45.688064,46853,3.003906,3.089844,3.0117190000000003,-1,165.771467,24.309288
2025-08-14T09:02:46.649065,46854,3.007812,3.09375,3.0117190000000003,-1,165.588362,24.309288
2025-08-14T09:02:47.829056,46855,3.007812,3.089844,3.0117190000000003,-1,165.771467,24.299841
2025-08-14T09:02:48.424055,46856,3.003906,3.089844,3.019531,-1,165.588362,24.290393
2025-08-14T09:02:48.973064,46857,3.003906,3.089844,3.023438,-1,165.710432,24.299841
2025-08-14T09:02:49.577070,46858,3.003906,3.085938,3.015625,-1,165.588362,24.299841
2025-08-14T09:02:50.176066,46859,3.003906,3.089844,3.0117190000000003,-1,165.588362,24.299841
2025-08-14T09:02:50.774066,46860,3.003906,3.09375,3.007812,-1,165.710432,24.309288
2025-08-14T09:02:51.388064,46861,3.003906,3.085938,3.015625,-1,165.710432,24.299841
2025-08-14T09:02:51.935064,46862,3.003906,3.085938,3.0117190000000003,-1,165.710432,24.309288
2025-08-14T09:02:52.529211,46863,3.007812,3.089844,3.0117190000000003,-1,165.710432,24.309288
2025-08-14T09:02:53.428212,46864,3.003906,3.09375,3.019531,-1,165.527327,24.309288
2025-08-14T09:02:55.826497,46865,3.007812,3.09375,3.007812,-1,165.527327,24.309288
2025-08-14T09:02:56.496495,46866,3.003906,3.085938,3.019531,-1,165.588362,24.309288
2025-08-14T09:02:57.150495,46867,3.003906,3.09375,3.019531,-1,165.649397,24.299841
2025-08-14T09:02:57.732494,46868,3.003906,3.089844,3.0117190000000003,-1,165.710432,24.290393
2025-08-14T09:02:58.793569,46869,3.003906,3.089844,3.015625,-1,165.466292,24.290393
2025-08-14T09:02:59.497566,46870,3.003906,3.089844,3.0117190000000003,-1,165.588362,24.290393
2025-08-14T09:03:00.179569,46871,3.003906,3.085938,3.007812,-1,165.588362,24.299841
2025-08-14T09:03:00.787567,46872,3.007812,3.09375,3.015625,-1,165.588362,24.299841
2025-08-14T09:03:01.370567,46873,3.003906,3.09375,3.007812,-1,165.649397,24.309288
2025-08-14T09:03:01.905422,46874,3.003906,3.09375,3.023438,-1,165.710432,24.299841
2025-08-14T09:03:02.496423,46875,3.007812,3.089844,3.019531,-1,165.588362,24.299841
2025-08-14T09:03:03.032423,46876,3.007812,3.097656,3.0117190000000003,-1,165.771467,24.299841
2025-08-14T09:03:03.661434,46877,3.003906,3.089844,3.007812,-1,165.832503,24.299841
2025-08-14T09:03:04.201422,46878,3.003906,3.089844,3.0117190000000003,-1,165.588362,24.290393
2025-08-14T09:03:04.772423,46879,3.007812,3.089844,3.019531,-1,165.588362,24.290393
2025-08-14T09:03:05.350425,46880,3.003906,3.089844,3.015625,-1,165.649397,24.290393
2025-08-14T09:03:05.925423,46881,3.003906,3.085938,3.015625,-1,165.710432,24.280946
2025-08-14T09:03:06.514562,46882,3.003906,3.089844,3.003906,-1,165.649397,24.290393
2025-08-14T09:03:07.169206,46883,3.003906,3.089844,3.019531,-1,165.649397,24.299841
2025-08-14T09:03:07.824219,46884,3.003906,3.089844,3.015625,-1,165.466292,24.290393
2025-08-14T09:03:08.408290,46885,3.007812,3.089844,3.019531,-1,165.405257,24.290393
2025-08-14T09:03:09.015305,46886,3.007812,3.097656,3.019531,-1,165.405257,24.299841
2025-08-14T09:03:09.606305,46887,3.011719,3.085938,3.007812,-1,165.527327,24.299841
2025-08-14T09:03:10.152304,46888,3.003906,3.089844,3.0117190000000003,-1,165.466292,24.299841
2025-08-14T09:03:10.723305,46889,3.007812,3.089844,3.015625,-1,165.649397,24.309288
2025-08-14T09:03:11.290305,46890,3.003906,3.089844,3.015625,-1,165.527327,24.299841
2025-08-14T09:03:11.847307,46891,3.007812,3.09375,3.015625,-1,165.649397,24.299841
2025-08-14T09:03:12.538667,46892,3.007812,3.089844,3.019531,-1,165.466292,24.299841
2025-08-14T09:03:13.109667,46893,3.003906,3.089844,3.0117190000000003,-1,165.649397,24.309288
2025-08-14T09:03:13.694667,46894,3.003906,3.089844,3.019531,-1,165.527327,24.299841
2025-08-14T09:03:14.515668,46895,3.007812,3.085938,3.015625,-1,165.466292,24.309288
2025-08-14T09:03:15.080666,46896,3.011719,3.085938,3.0117190000000003,-1,165.527327,24.309288
2025-08-14T09:03:15.642667,46897,3.003906,3.089844,3.007812,-1,165.466292,24.309288
2025-08-14T09:03:16.304164,46898,3.003906,3.09375,3.003906,-1,165.527327,24.309288
2025-08-14T09:03:16.850165,46899,3.003906,3.089844,3.0117190000000003,-1,165.527327,24.299841
2025-08-14T09:03:17.632165,46900,3.007812,3.089844,3.0117190000000003,-1,165.588362,24.299841
2025-08-14T09:03:18.243165,46901,3.007812,3.09375,3.015625,-1,165.527327,24.309288
2025-08-14T09:03:18.830163,46902,3.003906,3.089844,3.0117190000000003,-1,165.466292,24.309288
2025-08-14T09:03:19.433165,46903,3.003906,3.09375,3.015625,-1,165.527327,24.318737
2025-08-14T09:03:20.061164,46904,3.003906,3.089844,3.0117190000000003,-1,165.588362,24.328185
2025-08-14T09:03:20.697165,46905,3.003906,3.089844,3.007812,-1,165.649397,24.328185
2025-08-14T09:03:21.430346,46906,3.003906,3.089844,3.0117190000000003,-1,165.649397,24.337633
2025-08-14T09:03:22.007346,46907,3.003906,3.09375,3.015625,-1,165.588362,24.328185
2025-08-14T09:03:23.263347,46908,3.011719,3.089844,3.019531,-1,165.649397,24.309288
2025-08-14T09:03:23.816346,46909,3.003906,3.089844,3.0117190000000003,-1,165.649397,24.309288
2025-08-14T09:03:24.394460,46910,3.003906,3.089844,3.0117190000000003,-1,165.466292,24.309288
2025-08-14T09:03:24.954605,46911,3.007812,3.085938,3.015625,-1,165.527327,24.309288
2025-08-14T09:03:25.557604,46912,3.003906,3.09375,3.007812,-1,165.466292,24.299841
2025-08-14T09:03:26.083943,46913,3.003906,3.089844,3.0117190000000003,-1,165.588362,24.309288
2025-08-14T09:03:26.655943,46914,3.007812,3.097656,3.007812,-1,165.527327,24.309288
2025-08-14T09:03:27.310115,46915,3.003906,3.09375,3.007812,-1,165.527327,24.309288
2025-08-14T09:03:27.964116,46916,3.003906,3.09375,3.019531,-1,165.527327,24.299841
2025-08-14T09:03:28.548117,46917,3.003906,3.09375,3.015625,-1,165.649397,24.309288
2025-08-14T09:03:29.087114,46918,3.003906,3.089844,3.007812,-1,165.588362,24.309288
2025-08-14T09:03:29.645115,46919,3.003906,3.082031,3.019531,-1,165.649397,24.309288
2025-08-14T09:03:30.225115,46920,3.007812,3.097656,3.003906,-1,165.649397,24.299841
2025-08-14T09:03:30.807122,46921,3.003906,3.097656,3.0117190000000003,-1,165.466292,24.290393
2025-08-14T09:03:31.519115,46922,3.003906,3.09375,3.015625,-1,165.527327,24.299841
2025-08-14T09:03:32.054117,46923,3.007812,3.09375,3.015625,-1,165.588362,24.299841
2025-08-14T09:03:32.759115,46924,3.003906,3.09375,3.015625,-1,165.588362,24.309288
2025-08-14T09:03:33.347118,46925,3.003906,3.097656,3.019531,-1,165.588362,24.290393
2025-08-14T09:03:34.125114,46926,3.003906,3.09375,3.007812,-1,165.527327,24.290393
2025-08-14T09:03:34.709118,46927,3.007812,3.09375,3.0117190000000003,-1,165.710432,24.299841
2025-08-14T09:03:35.275115,46928,3.007812,3.09375,3.007812,-1,165.649397,24.299841
2025-08-14T09:03:35.830116,46929,3.003906,3.089844,3.003906,-1,165.527327,24.299841
2025-08-14T09:03:44.024453,46930,3.003906,3.089844,3.007812,-1,165.527327,24.262052
2025-08-14T09:03:44.622453,46931,3.003906,3.089844,3.019531,-1,165.649397,24.262052
2025-08-14T09:03:45.174053,46932,3.007812,3.09375,3.0273440000000003,-1,165.588362,24.271499
2025-08-14T09:03:46.157052,46933,3.003906,3.085938,3.003906,-1,165.527327,24.280946
2025-08-14T09:03:46.756057,46934,3.007812,3.089844,3.015625,-1,165.527327,24.280946
2025-08-14T09:03:47.376054,46935,3.003906,3.09375,3.0117190000000003,-1,165.771467,24.290393
2025-08-14T09:03:47.959052,46936,3.003906,3.09375,3.0117190000000003,-1,165.527327,24.290393
2025-08-14T09:03:48.600050,46937,3.003906,3.089844,3.019531,-1,165.527327,24.299841
2025-08-14T09:03:49.174053,46938,3.003906,3.09375,3.015625,-1,165.649397,24.290393
2025-08-14T09:03:49.753050,46939,3.007812,3.09375,3.0117190000000003,-1,165.527327,24.290393
2025-08-14T09:03:50.362051,46940,3.007812,3.089844,3.0117190000000003,-1,165.649397,24.299841
2025-08-14T09:03:51.128019,46941,3.003906,3.097656,3.015625,-1,165.649397,24.290393
2025-08-14T09:03:51.724021,46942,3.007812,3.089844,3.019531,-1,165.588362,24.290393
2025-08-14T09:03:52.701536,46943,3.003906,3.09375,3.015625,-1,165.649397,24.299841
2025-08-14T09:03:53.269536,46944,3.007812,3.089844,3.0117190000000003,-1,165.466292,24.290393
2025-08-14T09:03:53.955535,46945,3.003906,3.085938,3.019531,-1,165.527327,24.299841
2025-08-14T09:03:54.557974,46946,3.007812,3.09375,3.019531,-1,165.405257,24.299841
2025-08-14T09:03:55.090972,46947,3.003906,3.09375,3.0117190000000003,-1,165.405257,24.290393
2025-08-14T09:03:55.674974,46948,3.007812,3.085938,3.0117190000000003,-1,165.405257,24.280946
2025-08-14T09:03:56.238973,46949,3.007812,3.089844,3.0117190000000003,-1,165.405257,24.271499
2025-08-14T09:03:56.854973,46950,3.003906,3.09375,3.019531,-1,165.527327,24.271499
2025-08-14T09:03:57.528974,46951,3.003906,3.089844,3.019531,-1,165.466292,24.262052
2025-08-14T09:03:58.211974,46952,3.007812,3.085938,3.007812,-1,165.588362,24.262052
2025-08-14T09:03:58.844972,46953,3.003906,3.089844,3.0117190000000003,-1,165.527327,24.252606
2025-08-14T09:03:59.578973,46954,3.007812,3.089844,3.0117190000000003,-1,165.527327,24.243159
2025-08-14T09:04:00.186972,46955,3.003906,3.085938,3.0273440000000003,-1,165.466292,24.233713
2025-08-14T09:04:00.902976,46956,3.007812,3.089844,3.015625,-1,165.405257,24.224268
2025-08-14T09:04:01.521974,46957,3.007812,3.089844,3.0117190000000003,-1,165.588362,24.233713
2025-08-14T09:04:02.444483,46958,3.007812,3.089844,3.015625,-1,165.527327,24.233713
2025-08-14T09:04:03.084481,46959,3.007812,3.085938,3.007812,-1,165.649397,24.224268
2025-08-14T09:04:03.678480,46960,3.003906,3.089844,3.019531,-1,165.588362,24.224268
2025-08-14T09:04:04.277480,46961,3.003906,3.089844,3.0117190000000003,-1,165.527327,24.224268
2025-08-14T09:04:05.021482,46962,3.003906,3.097656,3.0117190000000003,-1,165.710432,24.224268
2025-08-14T09:04:05.646237,46963,3.007812,3.089844,3.015625,-1,165.588362,24.233713
2025-08-14T09:04:06.272239,46964,3.003906,3.09375,3.015625,-1,165.466292,24.243159
2025-08-14T09:04:07.055239,46965,3.007812,3.09375,3.0117190000000003,-1,165.588362,24.233713
2025-08-14T09:04:07.967239,46966,3.007812,3.09375,3.0117190000000003,-1,165.649397,24.233713
2025-08-14T09:04:08.571237,46967,3.007812,3.09375,3.0117190000000003,-1,165.405257,24.243159
2025-08-14T09:04:09.148279,46968,3.003906,3.089844,3.0117190000000003,-1,165.588362,24.243159
2025-08-14T09:04:09.821280,46969,3.003906,3.09375,3.015625,-1,165.588362,24.252606
2025-08-14T09:04:10.367280,46970,3.003906,3.09375,3.015625,-1,165.649397,24.252606
2025-08-14T09:04:10.945279,46971,3.003906,3.089844,3.015625,-1,165.466292,24.252606
2025-08-14T09:04:11.709401,46972,3.003906,3.097656,3.015625,-1,165.527327,24.252606
2025-08-14T09:04:12.288401,46973,3.003906,3.089844,3.007812,-1,165.588362,24.262052
2025-08-14T09:04:12.861882,46974,3.007812,3.097656,3.015625,-1,165.649397,24.262052
2025-08-14T09:04:13.526282,46975,3.003906,3.09375,3.0117190000000003,-1,165.710432,24.262052
2025-08-14T09:04:14.085279,46976,3.007812,3.089844,3.0117190000000003,-1,165.466292,24.252606
2025-08-14T09:04:14.641280,46977,3.003906,3.082031,3.023438,-1,165.527327,24.252606
2025-08-14T09:04:15.196279,46978,3.003906,3.09375,3.015625,-1,165.649397,24.252606
2025-08-14T09:04:15.746299,46979,3.003906,3.085938,3.019531,-1,165.649397,24.252606
2025-08-14T09:04:16.326299,46980,3.007812,3.089844,3.015625,-1,165.527327,24.262052
2025-08-14T09:04:16.919299,46981,3.003906,3.09375,3.007812,-1,165.527327,24.252606
2025-08-14T09:04:17.523300,46982,3.003906,3.089844,3.0117190000000003,-1,165.710432,24.252606
2025-08-14T09:04:18.081301,46983,3.007812,3.089844,3.019531,-1,165.649397,24.252606
2025-08-14T09:04:18.637299,46984,3.003906,3.09375,3.0117190000000003,-1,165.649397,24.252606
2025-08-14T09:04:19.189533,46985,3.003906,3.09375,3.015625,-1,165.588362,24.262052
2025-08-14T09:04:19.762533,46986,3.007812,3.089844,3.0117190000000003,-1,165.527327,24.262052
2025-08-14T09:04:20.431402,46987,3.003906,3.09375,3.007812,-1,165.649397,24.271499
2025-08-14T09:04:20.994412,46988,3.007812,3.089844,3.007812,-1,165.466292,24.271499
2025-08-14T09:04:21.552554,46989,3.007812,3.089844,3.015625,-1,165.710432,24.271499
2025-08-14T09:04:22.105551,46990,3.003906,3.085938,3.015625,-1,165.649397,24.280946
2025-08-14T09:04:22.914422,46991,3.003906,3.09375,3.007812,-1,165.527327,24.280946
2025-08-14T09:04:23.475422,46992,3.003906,3.085938,3.015625,-1,165.710432,24.280946
2025-08-14T09:04:24.146428,46993,3.003906,3.089844,3.007812,-1,165.710432,24.280946
2025-08-14T09:04:24.814368,46994,3.003906,3.09375,3.007812,-1,165.710432,24.290393
2025-08-14T09:04:25.388980,46995,3.003906,3.09375,3.015625,-1,165.527327,24.280946
2025-08-14T09:04:26.091871,46996,3.003906,3.089844,3.015625,-1,165.588362,24.280946
2025-08-14T09:04:26.955869,46997,3.007812,3.089844,3.015625,-1,165.771467,24.280946
2025-08-14T09:04:27.554871,46998,3.007812,3.085938,3.0117190000000003,-1,165.649397,24.271499
2025-08-14T09:04:28.116870,46999,3.003906,3.085938,3.015625,-1,165.588362,24.271499
2025-08-14T09:04:28.667874,47000,3.003906,3.089844,3.0117190000000003,-1,165.527327,24.280946
2025-08-14T09:04:29.218809,47001,3.003906,3.089844,3.0117190000000003,-1,165.527327,24.290393
2025-08-14T09:04:29.784808,47002,3.003906,3.089844,3.0117190000000003,-1,165.588362,24.290393
2025-08-14T09:04:30.326732,47003,3.011719,3.09375,3.007812,-1,165.710432,24.290393
2025-08-14T09:04:31.023906,47004,3.007812,3.085938,3.007812,-1,165.710432,24.280946
2025-08-14T09:04:31.572488,47005,3.007812,3.09375,3.0117190000000003,-1,165.588362,24.280946
2025-08-14T09:04:32.155488,47006,3.003906,3.09375,3.0117190000000003,-1,165.710432,24.271499
2025-08-14T09:04:32.702350,47007,3.003906,3.09375,3.007812,-1,165.771467,24.271499
2025-08-14T09:04:33.293350,47008,3.003906,3.089844,3.019531,-1,165.771467,24.262052
2025-08-14T09:04:33.876067,47009,3.003906,3.09375,3.019531,-1,165.649397,24.271499
2025-08-14T09:04:34.429058,47010,3.003906,3.085938,3.015625,-1,165.710432,24.271499
2025-08-14T09:04:34.977537,47011,3.003906,3.089844,3.015625,-1,165.649397,24.271499
2025-08-14T09:04:35.520537,47012,3.003906,3.089844,3.007812,-1,165.588362,24.262052
2025-08-14T09:04:36.099538,47013,3.011719,3.085938,3.007812,-1,165.588362,24.262052
2025-08-14T09:04:36.656455,47014,3.003906,3.089844,3.003906,-1,165.649397,24.252606
2025-08-14T09:04:37.199394,47015,3.003906,3.09375,3.019531,-1,165.649397,24.243159
2025-08-14T09:04:37.784394,47016,3.003906,3.09375,3.015625,-1,165.588362,24.243159
2025-08-14T09:04:38.451436,47017,3.007812,3.089844,3.015625,-1,165.710432,24.252606
2025-08-14T09:04:39.011435,47018,3.003906,3.089844,3.007812,-1,165.588362,24.252606
2025-08-14T09:04:39.561856,47019,3.003906,3.09375,3.0117190000000003,-1,165.771467,24.252606
2025-08-14T09:04:40.113854,47020,3.007812,3.089844,3.019531,-1,165.588362,24.252606
2025-08-14T09:04:40.651136,47021,3.003906,3.09375,3.0117190000000003,-1,165.710432,24.252606
2025-08-14T09:04:41.222136,47022,3.007812,3.089844,3.015625,-1,165.588362,24.243159
2025-08-14T09:04:41.766221,47023,3.011719,3.09375,3.0117190000000003,-1,165.771467,24.243159
2025-08-14T09:04:42.439617,47024,3.003906,3.09375,3.007812,-1,165.832503,24.243159
2025-08-14T09:04:43.189014,47025,3.003906,3.089844,3.023438,-1,165.649397,24.252606
2025-08-14T09:04:43.731014,47026,3.003906,3.089844,3.007812,-1,165.771467,24.262052
2025-08-14T09:04:44.297023,47027,3.003906,3.09375,3.015625,-1,165.649397,24.252606
2025-08-14T09:04:44.859022,47028,3.007812,3.09375,3.0117190000000003,-1,165.588362,24.262052
2025-08-14T09:04:45.394033,47029,3.003906,3.089844,3.007812,-1,165.710432,24.262052
2025-08-14T09:04:46.017037,47030,3.003906,3.097656,3.0117190000000003,-1,165.649397,24.271499
2025-08-14T09:04:46.863202,47031,3.007812,3.089844,3.019531,-1,165.588362,24.271499
2025-08-14T09:04:47.505762,47032,3.003906,3.097656,3.007812,-1,165.771467,24.271499
2025-08-14T09:04:48.062314,47033,3.003906,3.085938,3.007812,-1,165.649397,24.271499
2025-08-14T09:04:48.605335,47034,3.007812,3.085938,3.015625,-1,165.832503,24.280946
2025-08-14T09:04:49.183410,47035,3.003906,3.09375,3.015625,-1,165.771467,24.280946
2025-08-14T09:04:49.722532,47036,3.003906,3.089844,3.007812,-1,165.832503,24.271499
2025-08-14T09:04:50.280570,47037,3.003906,3.09375,3.007812,-1,165.649397,24.271499
2025-08-14T09:04:50.832571,47038,3.003906,3.09375,3.015625,-1,165.649397,24.271499
2025-08-14T09:04:51.390747,47039,3.003906,3.085938,3.015625,-1,165.649397,24.271499
2025-08-14T09:04:51.974674,47040,3.007812,3.085938,3.015625,-1,165.710432,24.271499
2025-08-14T09:04:52.532286,47041,3.003906,3.089844,3.007812,-1,165.832503,24.271499
2025-08-14T09:04:53.192435,47042,3.007812,3.09375,3.0117190000000003,-1,165.710432,24.280946
2025-08-14T09:04:53.745435,47043,3.003906,3.089844,3.015625,-1,165.771467,24.280946
2025-08-14T09:04:54.303451,47044,3.007812,3.089844,3.019531,-1,165.710432,24.290393
2025-08-14T09:04:54.860440,47045,3.003906,3.085938,3.015625,-1,165.832503,24.290393
2025-08-14T09:04:55.409503,47046,3.003906,3.085938,3.0117190000000003,-1,165.710432,24.299841
2025-08-14T09:04:56.076447,47047,3.003906,3.085938,3.015625,-1,165.649397,24.299841
2025-08-14T09:04:56.723879,47048,3.007812,3.09375,3.019531,-1,165.771467,24.309288
2025-08-14T09:06:54.912415,47049,3.003906,3.089844,3.019531,-1,165.771467,24.262052
2025-08-14T09:06:55.465415,47050,3.003906,3.089844,3.0117190000000003,-1,165.649397,24.262052
2025-08-14T09:06:56.018426,47051,3.003906,3.089844,3.015625,-1,165.832503,24.271499
2025-08-14T09:06:56.590427,47052,3.007812,3.09375,3.0117190000000003,-1,165.710432,24.271499
2025-08-14T09:06:57.259924,47053,3.007812,3.09375,3.015625,-1,165.771467,24.252606
2025-08-14T09:06:57.838922,47054,3.003906,3.09375,3.007812,-1,165.832503,24.262052
2025-08-14T09:06:58.409198,47055,3.003906,3.089844,3.015625,-1,165.649397,24.262052
2025-08-14T09:06:58.981199,47056,3.003906,3.089844,3.019531,-1,165.710432,24.252606
2025-08-14T09:06:59.601535,47057,3.011719,3.09375,3.0,-1,165.649397,24.262052
2025-08-14T09:07:00.194540,47058,3.003906,3.09375,3.019531,-1,165.710432,24.262052
2025-08-14T09:07:00.803534,47059,3.007812,3.09375,3.015625,-1,165.710432,24.262052
2025-08-14T09:07:01.823538,47060,3.003906,3.09375,3.019531,-1,165.771467,24.262052
2025-08-14T09:07:02.578535,47061,3.003906,3.09375,3.0117190000000003,-1,165.710432,24.243159
2025-08-14T09:07:03.177535,47062,3.003906,3.09375,3.0117190000000003,-1,165.710432,24.252606
2025-08-14T09:07:03.864535,47063,3.003906,3.089844,3.015625,-1,165.649397,24.243159
2025-08-14T09:07:04.443093,47064,3.003906,3.09375,3.007812,-1,165.771467,24.252606
2025-08-14T09:07:05.103091,47065,3.003906,3.089844,3.007812,-1,165.588362,24.243159
2025-08-14T09:07:05.825113,47066,3.003906,3.089844,3.0117190000000003,-1,165.649397,24.243159
2025-08-14T09:07:06.377111,47067,3.007812,3.089844,3.007812,-1,165.649397,24.243159
2025-08-14T09:07:06.983204,47068,3.007812,3.089844,3.015625,-1,165.649397,24.243159
2025-08-14T09:07:07.553204,47069,3.003906,3.085938,3.0117190000000003,-1,165.710432,24.243159
2025-08-14T09:07:08.116205,47070,3.007812,3.09375,3.0117190000000003,-1,165.771467,24.233713
2025-08-14T09:07:08.913479,47071,3.003906,3.089844,3.015625,-1,165.832503,24.243159
2025-08-14T09:07:09.780653,47072,3.007812,3.09375,3.007812,-1,165.771467,24.252606
2025-08-14T09:07:10.349814,47073,3.007812,3.09375,3.015625,-1,165.710432,24.262052
2025-08-14T09:07:10.910812,47074,3.003906,3.09375,3.019531,-1,165.710432,24.262052
2025-08-14T09:07:11.471855,47075,3.003906,3.09375,3.019531,-1,165.710432,24.262052
2025-08-14T09:07:12.028855,47076,3.003906,3.089844,3.015625,-1,165.588362,24.271499
2025-08-14T09:07:12.575855,47077,3.003906,3.09375,3.019531,-1,165.771467,24.271499
2025-08-14T09:07:13.234788,47078,3.011719,3.09375,3.0117190000000003,-1,165.588362,24.262052
2025-08-14T09:07:13.809827,47079,3.003906,3.089844,3.015625,-1,165.649397,24.262052
2025-08-14T09:07:14.370477,47080,3.007812,3.085938,3.0117190000000003,-1,165.832503,24.262052
2025-08-14T09:07:14.945477,47081,3.003906,3.085938,3.015625,-1,165.832503,24.262052
2025-08-14T09:07:15.497476,47082,3.007812,3.09375,3.0117190000000003,-1,165.649397,24.262052
2025-08-14T09:07:16.150478,47083,3.007812,3.089844,3.007812,-1,165.832503,24.262052
2025-08-14T09:07:16.936477,47084,3.007812,3.09375,3.015625,-1,165.710432,24.271499
2025-08-14T09:07:17.490508,47085,3.003906,3.09375,3.007812,-1,165.649397,24.262052
2025-08-14T09:07:18.162509,47086,3.003906,3.09375,3.015625,-1,165.710432,24.252606
2025-08-14T09:07:18.713094,47087,3.003906,3.09375,3.0117190000000003,-1,165.649397,24.243159
2025-08-14T09:07:19.285096,47088,3.007812,3.09375,3.0117190000000003,-1,165.832503,24.252606
2025-08-14T09:07:19.837847,47089,3.003906,3.085938,3.015625,-1,165.771467,24.252606
2025-08-14T09:07:20.593847,47090,3.003906,3.089844,3.015625,-1,165.588362,24.233713
2025-08-14T09:07:21.158850,47091,3.003906,3.089844,3.019531,-1,165.588362,24.243159
2025-08-14T09:07:21.714847,47092,3.007812,3.089844,3.019531,-1,165.771467,24.233713
2025-08-14T09:07:22.369726,47093,3.007812,3.089844,3.019531,-1,165.649397,24.224268
2025-08-14T09:07:22.961237,47094,3.007812,3.089844,3.019531,-1,165.710432,24.214822
2025-08-14T09:07:23.500237,47095,3.007812,3.09375,3.015625,-1,165.588362,24.214822
2025-08-14T09:07:24.076736,47096,3.007812,3.089844,3.0117190000000003,-1,165.588362,24.224268
2025-08-14T09:07:24.620734,47097,3.003906,3.09375,3.0117190000000003,-1,165.649397,24.224268
2025-08-14T09:07:25.309492,47098,3.003906,3.085938,3.0273440000000003,-1,165.710432,24.224268
2025-08-14T09:07:25.876182,47099,3.003906,3.09375,3.0117190000000003,-1,165.771467,24.224268
2025-08-14T09:07:26.430342,47100,3.007812,3.09375,3.0117190000000003,-1,165.710432,24.214822
2025-08-14T09:07:27.012342,47101,3.003906,3.089844,3.0117190000000003,-1,165.771467,24.224268
2025-08-14T09:07:27.572342,47102,3.003906,3.089844,3.015625,-1,165.832503,24.214822
2025-08-14T09:07:28.153472,47103,3.003906,3.085938,3.0117190000000003,-1,165.649397,24.224268
2025-08-14T09:07:28.715470,47104,3.003906,3.085938,3.0117190000000003,-1,165.649397,24.224268
2025-08-14T09:07:29.368453,47105,3.003906,3.09375,3.007812,-1,165.649397,24.224268
2025-08-14T09:07:29.947458,47106,3.003906,3.09375,3.015625,-1,165.649397,24.224268
2025-08-14T09:07:30.513483,47107,3.003906,3.09375,3.019531,-1,165.771467,24.224268
2025-08-14T09:07:31.088480,47108,3.003906,3.089844,3.015625,-1,165.710432,24.224268
2025-08-14T09:07:31.880481,47109,3.007812,3.085938,3.0117190000000003,-1,165.649397,24.224268
2025-08-14T09:07:32.457480,47110,3.007812,3.089844,3.023438,-1,165.649397,24.224268
2025-08-14T09:07:33.034481,47111,3.003906,3.085938,3.019531,-1,165.771467,24.233713
2025-08-14T09:07:33.689480,47112,3.007812,3.09375,3.0117190000000003,-1,165.649397,24.233713
2025-08-14T09:07:34.252424,47113,3.003906,3.089844,3.0117190000000003,-1,165.771467,24.224268
2025-08-14T09:07:34.820946,47114,3.003906,3.09375,3.015625,-1,165.832503,24.205377
2025-08-14T09:07:35.388947,47115,3.003906,3.09375,3.015625,-1,165.649397,24.214822
2025-08-14T09:07:36.204282,47116,3.007812,3.085938,3.0117190000000003,-1,165.710432,24.224268
2025-08-14T09:07:36.763103,47117,3.007812,3.089844,3.019531,-1,165.832503,24.224268
2025-08-14T09:07:37.352107,47118,3.003906,3.089844,3.015625,-1,165.588362,24.233713
2025-08-14T09:07:37.945102,47119,3.003906,3.089844,3.007812,-1,165.832503,24.224268
2025-08-14T09:07:38.708102,47120,3.007812,3.089844,3.0117190000000003,-1,165.771467,24.233713
2025-08-14T09:07:39.271705,47121,3.007812,3.089844,3.0117190000000003,-1,165.588362,24.224268
2025-08-14T09:07:40.118704,47122,3.003906,3.085938,3.0117190000000003,-1,165.649397,24.233713
2025-08-14T09:07:40.782118,47123,3.003906,3.09375,3.015625,-1,165.771467,24.224268
2025-08-14T09:07:41.494116,47124,3.003906,3.09375,3.0117190000000003,-1,165.649397,24.233713
2025-08-14T09:07:42.073116,47125,3.003906,3.09375,3.007812,-1,165.649397,24.233713
2025-08-14T09:07:42.829117,47126,3.003906,3.09375,3.0117190000000003,-1,165.771467,24.243159
2025-08-14T09:07:43.670116,47127,3.003906,3.089844,3.0117190000000003,-1,165.832503,24.243159
2025-08-14T09:07:44.230117,47128,3.003906,3.09375,3.019531,-1,165.832503,24.233713
2025-08-14T09:07:44.781427,47129,3.003906,3.089844,3.0117190000000003,-1,165.710432,24.252606
2025-08-14T09:07:45.341921,47130,3.003906,3.089844,3.0117190000000003,-1,165.771467,24.252606
2025-08-14T09:07:46.008194,47131,3.003906,3.09375,3.0117190000000003,-1,165.771467,24.252606
2025-08-14T09:07:47.591628,47133,3.007812,3.089844,3.0117190000000003,-1,165.771467,24.252606
2025-08-14T09:07:48.009390,47134,3.003906,3.097656,3.0117190000000003,-1,165.771467,24.243159
2025-08-14T09:07:48.445449,47135,3.003906,3.09375,3.019531,-1,165.649397,24.243159
2025-08-14T09:07:48.888450,47136,3.007812,3.09375,3.015625,-1,165.649397,24.243159
2025-08-14T09:07:49.318448,47137,3.003906,3.09375,3.015625,-1,165.832503,24.252606
2025-08-14T09:07:49.872448,47138,3.007812,3.097656,3.019531,-1,165.710432,24.252606
2025-08-14T09:07:50.343490,47139,3.003906,3.089844,3.015625,-1,165.649397,24.243159
2025-08-14T09:07:50.788509,47140,3.003906,3.09375,3.015625,-1,165.832503,24.243159
2025-08-14T09:07:51.242509,47141,3.007812,3.089844,3.0117190000000003,-1,165.710432,24.233713
2025-08-14T09:07:51.806507,47142,3.003906,3.085938,3.015625,-1,165.771467,24.243159
2025-08-14T09:07:52.294530,47143,3.003906,3.085938,3.015625,-1,165.710432,24.224268
2025-08-14T09:07:52.758771,47144,3.007812,3.09375,3.003906,-1,165.832503,24.214822
2025-08-14T09:07:53.199481,47145,3.007812,3.089844,3.0117190000000003,-1,165.771467,24.214822
2025-08-14T09:07:53.611149,47146,3.003906,3.085938,3.015625,-1,165.771467,24.224268
2025-08-14T09:07:54.117148,47147,3.003906,3.085938,3.003906,-1,165.832503,24.224268
2025-08-14T09:07:54.566147,47148,3.003906,3.09375,3.019531,-1,165.832503,24.224268
2025-08-14T09:07:55.012147,47149,3.007812,3.085938,3.015625,-1,165.649397,24.224268
2025-08-14T09:07:55.563401,47150,3.003906,3.097656,3.015625,-1,165.649397,24.224268
2025-08-14T09:07:55.982080,47151,3.007812,3.089844,3.0117190000000003,-1,165.649397,24.233713
2025-08-14T09:07:56.429082,47152,3.003906,3.09375,3.015625,-1,165.710432,24.233713
2025-08-14T09:07:56.846083,47153,3.007812,3.09375,3.0117190000000003,-1,165.710432,24.224268
2025-08-14T09:07:57.269082,47154,3.003906,3.09375,3.015625,-1,165.771467,24.233713
2025-08-14T09:07:57.793609,47155,3.003906,3.089844,3.019531,-1,165.771467,24.233713
2025-08-14T09:07:58.246610,47156,3.003906,3.089844,3.0117190000000003,-1,165.832503,24.243159
2025-08-14T09:07:58.671610,47157,3.003906,3.089844,3.019531,-1,165.771467,24.243159
2025-08-14T09:07:59.101633,47158,3.003906,3.09375,3.023438,-1,165.710432,24.224268
2025-08-14T09:07:59.550531,47159,3.003906,3.09375,3.023438,-1,165.649397,24.224268
2025-08-14T09:07:59.976532,47160,3.003906,3.085938,3.019531,-1,165.832503,24.224268
2025-08-14T09:08:00.396531,47161,3.007812,3.09375,3.015625,-1,165.649397,24.224268
2025-08-14T09:08:00.836531,47162,3.007812,3.09375,3.023438,-1,165.771467,24.214822
2025-08-14T09:08:01.288686,47163,3.003906,3.089844,3.0117190000000003,-1,165.832503,24.214822
2025-08-14T09:08:01.818377,47164,3.003906,3.089844,3.0117190000000003,-1,165.832503,24.214822
2025-08-14T09:08:02.251474,47165,3.007812,3.09375,3.007812,-1,165.649397,24.224268
2025-08-14T09:08:02.669474,47166,3.007812,3.089844,3.007812,-1,165.649397,24.224268
2025-08-14T09:08:03.091475,47167,3.007812,3.089844,3.0117190000000003,-1,165.649397,24.214822
2025-08-14T09:08:03.527483,47168,3.003906,3.09375,3.019531,-1,165.649397,24.224268
2025-08-14T09:08:04.209484,47169,3.007812,3.089844,3.007812,-1,165.771467,24.224268
2025-08-14T09:08:04.747609,47170,3.003906,3.097656,3.007812,-1,165.649397,24.224268
2025-08-14T09:08:05.478095,47171,3.003906,3.09375,3.0117190000000003,-1,165.832503,24.233713
2025-08-14T09:08:05.898529,47172,3.003906,3.09375,3.015625,-1,165.832503,24.224268
2025-08-14T09:08:06.539131,47173,3.003906,3.089844,3.015625,-1,165.832503,24.224268
2025-08-14T09:08:06.974130,47174,3.003906,3.089844,3.007812,-1,165.649397,24.233713
2025-08-14T09:08:07.529131,47175,3.003906,3.089844,3.019531,-1,165.832503,24.233713
2025-08-14T09:08:07.960130,47176,3.003906,3.089844,3.0117190000000003,-1,165.649397,24.233713
2025-08-14T09:08:08.414131,47177,3.003906,3.089844,3.007812,-1,165.771467,24.243159
2025-08-14T09:08:08.948151,47178,3.003906,3.097656,3.007812,-1,165.771467,24.233713
2025-08-14T09:08:09.500151,47179,3.007812,3.089844,3.015625,-1,165.649397,24.233713
2025-08-14T09:08:09.939164,47180,3.003906,3.089844,3.0117190000000003,-1,165.710432,24.233713
2025-08-14T09:08:10.364528,47181,3.003906,3.09375,3.019531,-1,165.649397,24.233713
2025-08-14T09:08:10.794528,47182,3.003906,3.09375,3.0117190000000003,-1,165.771467,24.252606
2025-08-14T09:08:11.444898,47183,3.007812,3.089844,3.015625,-1,165.832503,24.243159
2025-08-14T09:08:11.870899,47184,3.003906,3.09375,3.019531,-1,165.649397,24.243159
2025-08-14T09:08:12.300267,47185,3.007812,3.089844,3.0117190000000003,-1,165.710432,24.252606
2025-08-14T09:08:12.719268,47186,3.003906,3.09375,3.015625,-1,165.832503,24.252606
2025-08-14T09:08:13.266920,47187,3.003906,3.09375,3.019531,-1,165.649397,24.243159
2025-08-14T09:08:13.680923,47188,3.007812,3.09375,3.007812,-1,165.893538,24.243159
2025-08-14T09:08:14.112021,47189,3.003906,3.089844,3.015625,-1,165.710432,24.243159
2025-08-14T09:08:14.564852,47190,3.003906,3.097656,3.015625,-1,165.771467,24.252606
2025-08-14T09:08:15.006650,47191,3.007812,3.09375,3.019531,-1,165.710432,24.252606
2025-08-14T09:08:15.483974,47192,3.003906,3.089844,3.019531,-1,165.832503,24.271499
2025-08-14T09:08:15.896999,47193,3.007812,3.089844,3.007812,-1,165.893538,24.262052
2025-08-14T09:08:16.353924,47194,3.003906,3.09375,3.019531,-1,165.710432,24.271499
2025-08-14T09:08:16.948924,47195,3.003906,3.089844,3.0117190000000003,-1,165.893538,24.271499
2025-08-14T09:08:17.385917,47196,3.003906,3.089844,3.015625,-1,165.771467,24.271499
2025-08-14T09:08:17.918444,47197,3.003906,3.089844,3.0117190000000003,-1,165.649397,24.271499
2025-08-14T09:08:18.358434,47198,3.003906,3.09375,3.0117190000000003,-1,165.893538,24.271499
2025-08-14T09:08:18.809452,47199,3.007812,3.085938,3.0117190000000003,-1,165.832503,24.262052
2025-08-14T09:08:19.295453,47200,3.003906,3.089844,3.023438,-1,165.893538,24.262052
2025-08-14T09:08:19.748453,47201,3.003906,3.085938,3.015625,-1,165.710432,24.262052
2025-08-14T09:08:20.189376,47202,3.007812,3.09375,3.0117190000000003,-1,165.710432,24.252606
2025-08-14T09:08:20.838242,47203,3.007812,3.089844,3.007812,-1,165.649397,24.252606
2025-08-14T09:08:21.268243,47204,3.003906,3.085938,3.015625,-1,165.710432,24.243159
2025-08-14T09:08:21.782488,47205,3.003906,3.089844,3.015625,-1,165.771467,24.252606
2025-08-14T09:08:22.215501,47206,3.003906,3.089844,3.015625,-1,165.832503,24.243159
2025-08-14T09:08:22.662502,47207,3.007812,3.089844,3.015625,-1,165.710432,24.243159
2025-08-14T09:08:23.089313,47208,3.003906,3.09375,3.0117190000000003,-1,165.893538,24.252606
2025-08-14T09:08:23.718492,47209,3.003906,3.089844,3.0117190000000003,-1,165.832503,24.252606
2025-08-14T09:08:24.139150,47210,3.007812,3.09375,3.0117190000000003,-1,165.832503,24.262052
2025-08-14T09:08:24.565150,47211,3.003906,3.09375,3.0117190000000003,-1,165.710432,24.262052
2025-08-14T09:08:25.039150,47212,3.003906,3.089844,3.015625,-1,165.649397,24.262052
2025-08-14T09:08:25.478266,47213,3.003906,3.089844,3.015625,-1,165.710432,24.252606
2025-08-14T09:08:25.927265,47214,3.007812,3.09375,3.0117190000000003,-1,165.649397,24.262052
2025-08-14T09:08:26.613266,47215,3.007812,3.085938,3.007812,-1,165.832503,24.252606
2025-08-14T09:08:27.062265,47216,3.007812,3.089844,3.015625,-1,165.832503,24.252606
2025-08-14T09:08:27.490332,47217,3.007812,3.089844,3.015625,-1,165.649397,24.262052
2025-08-14T09:08:28.962826,47219,3.007812,3.089844,3.015625,-1,165.710432,24.262052
2025-08-14T09:08:29.397511,47220,3.003906,3.089844,3.007812,-1,165.832503,24.252606
2025-08-14T09:08:29.816511,47221,3.007812,3.089844,3.007812,-1,165.710432,24.252606
2025-08-14T09:08:30.274512,47222,3.003906,3.089844,3.019531,-1,165.893538,24.252606
2025-08-14T09:08:30.808511,47223,3.003906,3.097656,3.023438,-1,165.710432,24.243159
2025-08-14T09:08:31.340240,47224,3.007812,3.089844,3.007812,-1,165.832503,24.243159
2025-08-14T09:08:31.761824,47225,3.003906,3.09375,3.015625,-1,165.710432,24.243159
2025-08-14T09:08:32.186865,47226,3.003906,3.089844,3.015625,-1,165.832503,24.243159
2025-08-14T09:08:32.603865,47227,3.003906,3.089844,3.015625,-1,165.710432,24.243159
2025-08-14T09:08:33.127337,47228,3.003906,3.085938,3.0117190000000003,-1,165.710432,24.252606
2025-08-14T09:08:33.564337,47229,3.003906,3.09375,3.0117190000000003,-1,165.649397,24.252606
2025-08-14T09:08:33.985337,47230,3.007812,3.09375,3.015625,-1,165.710432,24.252606
2025-08-14T09:08:34.510350,47231,3.007812,3.09375,3.0117190000000003,-1,165.710432,24.243159
2025-08-14T09:08:34.920350,47232,3.007812,3.089844,3.015625,-1,165.832503,24.252606
2025-08-14T09:08:35.337330,47233,3.003906,3.089844,3.007812,-1,165.832503,24.252606
2025-08-14T09:08:35.759346,47234,3.003906,3.09375,3.0117190000000003,-1,165.710432,24.252606
2025-08-14T09:08:36.175384,47235,3.003906,3.09375,3.019531,-1,165.771467,24.252606
2025-08-14T09:08:36.584384,47236,3.003906,3.089844,3.015625,-1,165.893538,24.252606
2025-08-14T09:08:37.003772,47237,3.003906,3.09375,3.007812,-1,165.893538,24.262052
2025-08-14T09:08:37.422789,47238,3.003906,3.09375,3.015625,-1,165.832503,24.252606
2025-08-14T09:08:37.851052,47239,3.003906,3.085938,3.0117190000000003,-1,165.832503,24.252606
2025-08-14T09:08:38.304442,47240,3.003906,3.089844,3.015625,-1,165.710432,24.252606
2025-08-14T09:08:38.721441,47241,3.007812,3.089844,3.015625,-1,165.893538,24.252606
2025-08-14T09:08:39.133514,47242,3.007812,3.09375,3.0117190000000003,-1,165.893538,24.252606
2025-08-14T09:08:39.545532,47243,3.003906,3.09375,3.015625,-1,165.832503,24.262052
2025-08-14T09:08:40.074541,47244,3.003906,3.089844,3.015625,-1,165.771467,24.252606
2025-08-14T09:08:40.493505,47245,3.003906,3.089844,3.0117190000000003,-1,165.710432,24.252606
2025-08-14T09:08:40.905503,47246,3.003906,3.089844,3.007812,-1,165.832503,24.252606
2025-08-14T09:08:41.320724,47247,3.007812,3.089844,3.0117190000000003,-1,165.832503,24.262052
2025-08-14T09:08:41.740723,47248,3.003906,3.09375,3.019531,-1,165.893538,24.262052
2025-08-14T09:08:42.169724,47249,3.003906,3.09375,3.0117190000000003,-1,165.649397,24.252606
2025-08-14T09:08:42.606726,47250,3.007812,3.09375,3.0117190000000003,-1,165.832503,24.252606
2025-08-14T09:08:43.129808,47251,3.003906,3.089844,3.019531,-1,165.771467,24.252606
2025-08-14T09:08:43.548844,47252,3.007812,3.089844,3.015625,-1,165.893538,24.243159
2025-08-14T09:08:43.966413,47253,3.007812,3.09375,3.007812,-1,165.954573,24.243159
2025-08-14T09:08:44.389413,47254,3.003906,3.089844,3.0117190000000003,-1,165.893538,24.243159
2025-08-14T09:08:45.015714,47255,3.003906,3.089844,3.0117190000000003,-1,165.710432,24.252606
2025-08-14T09:08:45.445713,47256,3.003906,3.089844,3.007812,-1,165.832503,24.243159
2025-08-14T09:08:45.868716,47257,3.003906,3.09375,3.0117190000000003,-1,165.771467,24.252606
2025-08-14T09:08:46.304714,47258,3.003906,3.09375,3.0117190000000003,-1,165.954573,24.252606
2025-08-14T09:08:46.717713,47259,3.003906,3.089844,3.0117190000000003,-1,165.710432,24.262052
2025-08-14T09:08:47.134379,47260,3.003906,3.089844,3.015625,-1,165.649397,24.271499
2025-08-14T09:08:47.558379,47261,3.003906,3.089844,3.015625,-1,165.771467,24.262052
2025-08-14T09:08:48.177146,47262,3.003906,3.089844,3.019531,-1,165.832503,24.271499
2025-08-14T09:08:48.600147,47263,3.003906,3.09375,3.003906,-1,165.771467,24.262052
2025-08-14T09:08:49.125749,47264,3.007812,3.09375,3.007812,-1,165.832503,24.262052
2025-08-14T09:08:49.556804,47265,3.007812,3.089844,3.0117190000000003,-1,165.710432,24.252606
2025-08-14T09:08:50.081574,47266,3.003906,3.089844,3.003906,-1,165.832503,24.262052
2025-08-14T09:08:50.505673,47267,3.003906,3.097656,3.019531,-1,165.710432,24.262052
2025-08-14T09:08:50.930672,47268,3.007812,3.09375,3.0117190000000003,-1,165.771467,24.252606
2025-08-14T09:08:51.446975,47269,3.003906,3.089844,3.0117190000000003,-1,165.832503,24.243159
2025-08-14T09:08:52.014676,47270,3.003906,3.09375,3.007812,-1,165.771467,24.252606
2025-08-14T09:08:52.434754,47271,3.003906,3.089844,3.0117190000000003,-1,165.649397,24.243159
2025-08-14T09:08:52.852078,47272,3.003906,3.089844,3.0117190000000003,-1,165.710432,24.233713
2025-08-14T09:08:53.281865,47273,3.003906,3.097656,3.015625,-1,165.893538,24.243159
2025-08-14T09:08:53.695466,47274,3.007812,3.085938,3.0117190000000003,-1,165.832503,24.243159
2025-08-14T09:08:54.127463,47275,3.003906,3.089844,3.0117190000000003,-1,165.710432,24.243159
2025-08-14T09:08:54.549077,47276,3.003906,3.089844,3.007812,-1,165.710432,24.243159
2025-08-14T09:08:55.091457,47277,3.007812,3.089844,3.015625,-1,165.893538,24.252606
2025-08-14T09:08:55.542460,47278,3.007812,3.089844,3.015625,-1,165.710432,24.243159
2025-08-14T09:08:55.993459,47279,3.003906,3.085938,3.007812,-1,165.832503,24.243159
2025-08-14T09:08:56.521456,47280,3.003906,3.085938,3.015625,-1,165.710432,24.252606
2025-08-14T09:08:56.942231,47281,3.003906,3.089844,3.015625,-1,165.832503,24.243159
2025-08-14T09:08:57.436249,47282,3.003906,3.089844,3.003906,-1,165.710432,24.252606
2025-08-14T09:08:57.923065,47283,3.003906,3.089844,3.0117190000000003,-1,165.771467,24.252606
2025-08-14T09:08:58.395988,47284,3.003906,3.09375,3.007812,-1,165.710432,24.233713
2025-08-14T09:08:58.879296,47285,3.003906,3.085938,3.015625,-1,165.893538,24.243159
2025-08-14T09:08:59.614353,47286,3.003906,3.085938,3.0117190000000003,-1,165.893538,24.243159
2025-08-14T09:09:00.171827,47287,3.007812,3.09375,3.007812,-1,165.832503,24.233713
2025-08-14T09:09:00.945768,47288,3.003906,3.089844,3.0117190000000003,-1,165.893538,24.233713
2025-08-14T09:09:01.470339,47289,3.003906,3.089844,3.015625,-1,165.893538,24.233713
2025-08-14T09:09:02.055621,47290,3.003906,3.089844,3.0117190000000003,-1,165.771467,24.233713
2025-08-14T09:09:02.500621,47291,3.003906,3.097656,3.0117190000000003,-1,165.710432,24.243159
2025-08-14T09:09:03.097938,47292,3.003906,3.089844,3.015625,-1,165.710432,24.243159
2025-08-14T09:09:03.566939,47293,3.003906,3.097656,3.007812,-1,165.710432,24.243159
2025-08-14T09:09:04.020563,47294,3.003906,3.089844,3.023438,-1,165.893538,24.243159
2025-08-14T09:09:04.445657,47295,3.003906,3.09375,3.0117190000000003,-1,165.893538,24.252606
2025-08-14T09:09:04.927656,47296,3.003906,3.09375,3.0117190000000003,-1,165.832503,24.243159
2025-08-14T09:09:05.339418,47297,3.011719,3.09375,3.0117190000000003,-1,165.832503,24.252606
2025-08-14T09:09:05.777454,47298,3.007812,3.089844,3.0117190000000003,-1,165.893538,24.252606
2025-08-14T09:09:06.507139,47299,3.007812,3.089844,3.0117190000000003,-1,165.832503,24.252606
2025-08-14T09:09:07.036139,47300,3.003906,3.089844,3.0117190000000003,-1,165.832503,24.243159
2025-08-14T09:09:07.452258,47301,3.003906,3.09375,3.0117190000000003,-1,165.832503,24.252606
2025-08-14T09:09:07.890755,47302,3.003906,3.085938,3.015625,-1,165.649397,24.243159
2025-08-14T09:09:08.415755,47303,3.011719,3.085938,3.023438,-1,165.832503,24.233713
2025-08-14T09:09:08.839784,47304,3.007812,3.089844,3.007812,-1,165.649397,24.233713
2025-08-14T09:09:09.367784,47305,3.003906,3.09375,3.019531,-1,165.710432,24.233713
2025-08-14T09:09:09.787257,47306,3.003906,3.089844,3.007812,-1,165.649397,24.233713
2025-08-14T09:09:10.210735,47307,3.003906,3.09375,3.003906,-1,165.832503,24.243159
2025-08-14T09:09:10.845454,47308,3.011719,3.089844,3.015625,-1,165.832503,24.252606
2025-08-14T09:09:11.563455,47309,3.003906,3.089844,3.0117190000000003,-1,165.771467,24.252606
2025-08-14T09:09:11.985510,47310,3.007812,3.089844,3.0117190000000003,-1,165.832503,24.252606
2025-08-14T09:09:12.430509,47311,3.003906,3.089844,3.0117190000000003,-1,165.832503,24.252606
2025-08-14T09:09:12.852260,47312,3.003906,3.089844,3.007812,-1,165.649397,24.262052
2025-08-14T09:09:13.289227,47313,3.003906,3.09375,3.0117190000000003,-1,165.649397,24.252606
2025-08-14T09:09:13.732226,47314,3.003906,3.09375,3.019531,-1,165.832503,24.262052
2025-08-14T09:09:14.153227,47315,3.003906,3.085938,3.015625,-1,165.771467,24.262052
2025-08-14T09:09:14.584226,47316,3.007812,3.089844,3.015625,-1,165.649397,24.262052
2025-08-14T09:09:15.179226,47317,3.007812,3.09375,3.019531,-1,165.649397,24.271499
2025-08-14T09:09:15.693226,47318,3.003906,3.085938,3.015625,-1,165.832503,24.280946
2025-08-14T09:09:16.124226,47319,3.003906,3.089844,3.007812,-1,165.771467,24.280946
2025-08-14T09:09:16.552364,47320,3.007812,3.089844,3.0117190000000003,-1,165.649397,24.280946
2025-08-14T09:09:16.985364,47321,3.011719,3.09375,3.015625,-1,165.832503,24.271499
2025-08-14T09:09:17.516440,47322,3.003906,3.09375,3.023438,-1,165.649397,24.290393
2025-08-14T09:09:18.063441,47323,3.003906,3.09375,3.0117190000000003,-1,165.832503,24.280946
2025-08-14T09:09:18.523442,47324,3.003906,3.09375,3.023438,-1,165.771467,24.280946
2025-08-14T09:09:18.976441,47325,3.003906,3.085938,3.0117190000000003,-1,165.771467,24.290393
2025-08-14T09:09:19.410446,47326,3.007812,3.09375,3.015625,-1,165.771467,24.280946
2025-08-14T09:09:19.837052,47327,3.007812,3.09375,3.007812,-1,165.649397,24.280946
2025-08-14T09:09:20.278055,47328,3.007812,3.089844,3.015625,-1,165.649397,24.280946
2025-08-14T09:09:20.736052,47329,3.011719,3.089844,3.007812,-1,165.710432,24.290393
2025-08-14T09:09:21.371038,47330,3.011719,3.09375,3.0,-1,165.771467,24.290393
2025-08-14T09:09:21.803078,47331,3.003906,3.09375,3.0,-1,165.771467,24.290393
2025-08-14T09:09:22.227920,47332,3.011719,3.09375,3.0117190000000003,-1,165.771467,24.290393
2025-08-14T09:09:22.780918,47333,3.003906,3.089844,3.015625,-1,165.710432,24.280946
2025-08-14T09:09:23.195364,47334,3.003906,3.089844,3.007812,-1,165.771467,24.290393
2025-08-14T09:09:23.627370,47335,3.003906,3.09375,3.007812,-1,165.832503,24.290393
2025-08-14T09:09:24.050443,47336,3.003906,3.089844,3.0117190000000003,-1,165.832503,24.280946
2025-08-14T09:09:24.485464,47337,3.011719,3.085938,3.015625,-1,165.710432,24.280946
2025-08-14T09:09:24.910464,47338,3.003906,3.089844,3.0117190000000003,-1,165.832503,24.280946
2025-08-14T09:09:25.341199,47339,3.007812,3.089844,3.015625,-1,165.771467,24.271499
2025-08-14T09:09:25.767199,47340,3.007812,3.089844,3.0117190000000003,-1,165.710432,24.262052
2025-08-14T09:09:26.184867,47341,3.007812,3.09375,3.015625,-1,165.771467,24.271499
2025-08-14T09:09:26.616867,47342,3.007812,3.09375,3.019531,-1,165.710432,24.262052
2025-08-14T09:09:27.146867,47343,3.007812,3.089844,3.0117190000000003,-1,165.710432,24.271499
2025-08-14T09:09:27.575095,47344,3.007812,3.097656,3.019531,-1,165.649397,24.271499
2025-08-14T09:09:27.991341,47345,3.003906,3.089844,3.007812,-1,165.893538,24.262052
2025-08-14T09:09:28.472897,47346,3.003906,3.09375,3.015625,-1,165.710432,24.262052
2025-08-14T09:09:29.012195,47347,3.007812,3.09375,3.019531,-1,165.710432,24.262052
2025-08-14T09:09:29.437943,47348,3.007812,3.089844,3.0117190000000003,-1,165.954573,24.262052
2025-08-14T09:09:29.887938,47349,3.003906,3.089844,3.007812,-1,165.771467,24.262052
2025-08-14T09:09:30.432939,47350,3.007812,3.09375,3.0117190000000003,-1,165.954573,24.271499
2025-08-14T09:09:30.877943,47351,3.003906,3.089844,3.0117190000000003,-1,165.771467,24.271499
2025-08-14T09:09:31.306939,47352,3.003906,3.09375,3.0117190000000003,-1,165.893538,24.271499
2025-08-14T09:09:31.731939,47353,3.003906,3.089844,3.019531,-1,165.771467,24.271499
2025-08-14T09:09:32.155929,47354,3.003906,3.089844,3.015625,-1,165.893538,24.262052
2025-08-14T09:09:32.697929,47355,3.003906,3.089844,3.0117190000000003,-1,165.771467,24.262052
2025-08-14T09:09:33.119929,47356,3.011719,3.09375,3.019531,-1,165.832503,24.262052
2025-08-14T09:09:33.720395,47357,3.007812,3.089844,3.015625,-1,165.832503,24.271499
2025-08-14T09:09:34.141259,47358,3.003906,3.09375,3.015625,-1,165.649397,24.271499
2025-08-14T09:09:34.616280,47359,3.003906,3.09375,3.019531,-1,165.832503,24.271499
2025-08-14T09:09:35.049277,47360,3.007812,3.085938,3.0117190000000003,-1,165.771467,24.262052
2025-08-14T09:09:35.598277,47361,3.003906,3.089844,3.015625,-1,165.832503,24.280946
2025-08-14T09:09:36.021277,47362,3.003906,3.09375,3.023438,-1,165.771467,24.280946
2025-08-14T09:09:36.456279,47363,3.003906,3.085938,3.0117190000000003,-1,165.710432,24.271499
2025-08-14T09:09:36.880151,47364,3.003906,3.089844,3.0117190000000003,-1,165.832503,24.280946
2025-08-14T09:09:37.521151,47365,3.003906,3.089844,3.007812,-1,165.649397,24.280946
2025-08-14T09:09:38.060974,47366,3.003906,3.09375,3.015625,-1,165.893538,24.280946
2025-08-14T09:09:38.579974,47367,3.003906,3.089844,3.019531,-1,165.710432,24.280946
2025-08-14T09:09:39.104628,47368,3.003906,3.089844,3.0117190000000003,-1,165.710432,24.280946
2025-08-14T09:09:39.533629,47369,3.007812,3.09375,3.0117190000000003,-1,165.710432,24.280946
2025-08-14T09:09:39.969630,47370,3.003906,3.089844,3.015625,-1,165.771467,24.280946
2025-08-14T09:09:40.480630,47371,3.007812,3.09375,3.0117190000000003,-1,165.771467,24.280946
2025-08-14T09:09:40.898630,47372,3.007812,3.09375,3.015625,-1,165.710432,24.271499
2025-08-14T09:09:41.425451,47373,3.007812,3.089844,3.0117190000000003,-1,165.771467,24.262052
2025-08-14T09:09:41.861450,47374,3.007812,3.089844,3.015625,-1,165.893538,24.280946
2025-08-14T09:09:42.319182,47375,3.011719,3.089844,3.015625,-1,165.710432,24.271499
2025-08-14T09:09:42.757185,47376,3.003906,3.097656,3.019531,-1,165.710432,24.280946
2025-08-14T09:09:43.184811,47377,3.007812,3.089844,3.0117190000000003,-1,165.710432,24.280946
2025-08-14T09:09:43.620811,47378,3.007812,3.089844,3.015625,-1,165.832503,24.271499
2025-08-14T09:09:44.038812,47379,3.003906,3.09375,3.0117190000000003,-1,165.771467,24.280946
2025-08-14T09:09:44.462514,47380,3.003906,3.089844,3.015625,-1,165.771467,24.271499
2025-08-14T09:09:44.948513,47381,3.003906,3.09375,3.007812,-1,165.710432,24.271499
2025-08-14T09:09:45.466068,47382,3.003906,3.089844,3.019531,-1,165.832503,24.262052
2025-08-14T09:09:45.894068,47383,3.007812,3.089844,3.007812,-1,165.710432,24.252606
2025-08-14T09:09:46.306069,47384,3.007812,3.085938,3.015625,-1,165.710432,24.252606
2025-08-14T09:09:46.840036,47385,3.007812,3.089844,3.0117190000000003,-1,165.710432,24.243159
2025-08-14T09:09:47.266035,47386,3.007812,3.089844,3.015625,-1,165.710432,24.233713
2025-08-14T09:09:47.689495,47387,3.003906,3.089844,3.003906,-1,165.832503,24.233713
2025-08-14T09:09:48.243146,47388,3.003906,3.089844,3.007812,-1,165.832503,24.233713
2025-08-14T09:09:48.671236,47389,3.007812,3.089844,3.015625,-1,165.710432,24.224268
2025-08-14T09:09:49.087204,47390,3.007812,3.09375,3.015625,-1,165.710432,24.224268
2025-08-14T09:09:49.656203,47391,3.003906,3.089844,3.007812,-1,165.832503,24.224268
2025-08-14T09:09:50.078736,47392,3.007812,3.089844,3.019531,-1,165.832503,24.233713
2025-08-14T09:09:50.514173,47393,3.007812,3.09375,3.0117190000000003,-1,165.771467,24.233713
2025-08-14T09:09:50.940429,47394,3.003906,3.089844,3.019531,-1,165.649397,24.243159
2025-08-14T09:09:51.364302,47395,3.003906,3.097656,3.0117190000000003,-1,165.710432,24.252606
2025-08-14T09:09:51.866304,47396,3.003906,3.09375,3.015625,-1,165.649397,24.252606
2025-08-14T09:09:52.383495,47397,3.003906,3.085938,3.0117190000000003,-1,165.832503,24.252606
2025-08-14T09:09:52.824499,47398,3.007812,3.09375,3.007812,-1,165.771467,24.262052
2025-08-14T09:09:53.242208,47399,3.007812,3.085938,3.007812,-1,165.710432,24.262052
2025-08-14T09:09:53.666285,47400,3.003906,3.09375,3.0117190000000003,-1,165.710432,24.262052
2025-08-14T09:09:54.113285,47401,3.007812,3.085938,3.019531,-1,165.649397,24.271499
2025-08-14T09:09:54.640572,47402,3.003906,3.089844,3.007812,-1,165.832503,24.271499
2025-08-14T09:09:55.073573,47403,3.007812,3.09375,3.0117190000000003,-1,165.710432,24.271499
2025-08-14T09:09:55.484571,47404,3.003906,3.089844,3.019531,-1,165.832503,24.280946
2025-08-14T09:09:55.926038,47405,3.003906,3.09375,3.019531,-1,165.771467,24.280946
2025-08-14T09:09:56.348036,47406,3.003906,3.09375,3.015625,-1,165.832503,24.280946
2025-08-14T09:09:56.983830,47407,3.003906,3.085938,3.0117190000000003,-1,165.771467,24.290393
2025-08-14T09:09:57.639822,47408,3.003906,3.089844,3.0117190000000003,-1,165.832503,24.290393
2025-08-14T09:09:58.072821,47409,3.007812,3.089844,3.015625,-1,165.832503,24.290393
2025-08-14T09:09:58.527822,47410,3.007812,3.09375,3.0117190000000003,-1,165.832503,24.290393
2025-08-14T09:09:58.962821,47411,3.003906,3.097656,3.015625,-1,165.832503,24.290393
2025-08-14T09:09:59.373434,47412,3.007812,3.089844,3.0117190000000003,-1,165.832503,24.290393
2025-08-14T09:09:59.812434,47413,3.003906,3.089844,3.019531,-1,165.710432,24.299841
2025-08-14T09:10:00.232436,47414,3.007812,3.089844,3.003906,-1,165.710432,24.299841
2025-08-14T09:10:00.659114,47415,3.007812,3.089844,3.019531,-1,165.771467,24.290393
2025-08-14T09:10:01.090460,47416,3.007812,3.089844,3.007812,-1,165.832503,24.299841
2025-08-14T09:10:01.517503,47417,3.007812,3.089844,3.007812,-1,165.832503,24.290393
2025-08-14T09:10:01.940504,47418,3.003906,3.09375,3.0117190000000003,-1,165.771467,24.290393
2025-08-14T09:10:02.355502,47419,3.003906,3.09375,3.0117190000000003,-1,165.832503,24.299841
2025-08-14T09:10:02.792082,47420,3.003906,3.09375,3.0117190000000003,-1,165.710432,24.290393
2025-08-14T09:10:03.419078,47421,3.003906,3.09375,3.0117190000000003,-1,165.832503,24.280946
2025-08-14T09:10:03.841812,47422,3.003906,3.09375,3.0117190000000003,-1,165.832503,24.290393
2025-08-14T09:10:04.269162,47423,3.003906,3.09375,3.023438,-1,165.832503,24.280946
2025-08-14T09:10:04.693162,47424,3.003906,3.09375,3.015625,-1,165.710432,24.280946
2025-08-14T09:10:05.127162,47425,3.011719,3.089844,3.007812,-1,165.710432,24.290393
2025-08-14T09:10:05.550199,47426,3.003906,3.09375,3.0117190000000003,-1,165.832503,24.290393
2025-08-14T09:10:06.086208,47427,3.003906,3.097656,3.0117190000000003,-1,165.710432,24.290393
2025-08-14T09:10:06.519208,47428,3.003906,3.089844,3.015625,-1,165.771467,24.299841
2025-08-14T09:10:06.989208,47429,3.003906,3.089844,3.015625,-1,165.710432,24.290393
2025-08-14T09:10:07.406208,47430,3.007812,3.089844,3.0117190000000003,-1,165.832503,24.299841
2025-08-14T09:10:07.861058,47431,3.003906,3.089844,3.0117190000000003,-1,165.893538,24.290393
2025-08-14T09:10:08.280116,47432,3.003906,3.089844,3.0117190000000003,-1,165.893538,24.280946
2025-08-14T09:10:08.706117,47433,3.003906,3.09375,3.0117190000000003,-1,165.832503,24.280946
2025-08-14T09:10:09.151118,47434,3.007812,3.09375,3.015625,-1,165.893538,24.271499
2025-08-14T09:10:09.676028,47435,3.003906,3.09375,3.023438,-1,165.710432,24.262052
2025-08-14T09:10:10.104178,47436,3.007812,3.089844,3.015625,-1,165.710432,24.262052
2025-08-14T09:10:10.633428,47437,3.007812,3.09375,3.0117190000000003,-1,165.710432,24.262052
2025-08-14T09:10:11.062809,47438,3.003906,3.085938,3.007812,-1,165.649397,24.262052
2025-08-14T09:10:11.489213,47439,3.003906,3.097656,3.019531,-1,165.893538,24.262052
2025-08-14T09:10:11.914214,47440,3.003906,3.089844,3.0117190000000003,-1,165.832503,24.262052
2025-08-14T09:10:12.326270,47441,3.007812,3.097656,3.0117190000000003,-1,165.710432,24.271499
2025-08-14T09:10:12.766270,47442,3.007812,3.09375,3.007812,-1,165.710432,24.271499
2025-08-14T09:10:13.197271,47443,3.011719,3.089844,3.015625,-1,165.710432,24.271499
2025-08-14T09:10:13.637273,47444,3.003906,3.097656,3.0117190000000003,-1,165.710432,24.280946
2025-08-14T09:10:14.077281,47445,3.003906,3.089844,3.0117190000000003,-1,165.893538,24.280946
2025-08-14T09:10:14.503270,47446,3.011719,3.097656,3.0117190000000003,-1,165.893538,24.280946
2025-08-14T09:10:14.937270,47447,3.003906,3.089844,3.023438,-1,165.893538,24.299841
2025-08-14T09:10:15.361740,47448,3.003906,3.089844,3.015625,-1,165.832503,24.299841
2025-08-14T09:10:15.804738,47449,3.007812,3.089844,3.0117190000000003,-1,165.832503,24.299841
2025-08-14T09:10:16.246741,47450,3.011719,3.09375,3.015625,-1,165.710432,24.290393
2025-08-14T09:10:16.670528,47451,3.003906,3.09375,3.015625,-1,165.710432,24.299841
2025-08-14T09:10:17.084587,47452,3.007812,3.09375,3.023438,-1,165.771467,24.299841
2025-08-14T09:10:17.508588,47453,3.003906,3.09375,3.015625,-1,165.771467,24.299841
2025-08-14T09:10:17.944171,47454,3.003906,3.089844,3.019531,-1,165.710432,24.299841
2025-08-14T09:10:18.505446,47455,3.011719,3.089844,3.0117190000000003,-1,165.710432,24.299841
2025-08-14T09:10:18.928556,47456,3.007812,3.089844,3.019531,-1,165.649397,24.299841
2025-08-14T09:10:19.346556,47457,3.007812,3.089844,3.007812,-1,165.710432,24.299841
2025-08-14T09:10:19.776565,47458,3.003906,3.089844,3.0117190000000003,-1,165.771467,24.299841
2025-08-14T09:10:20.260386,47459,3.003906,3.085938,3.019531,-1,165.832503,24.290393
2025-08-14T09:10:20.693431,47460,3.003906,3.089844,3.015625,-1,165.771467,24.280946
2025-08-14T09:10:21.233998,47461,3.003906,3.089844,3.015625,-1,165.710432,24.280946
2025-08-14T09:10:21.674732,47462,3.007812,3.09375,3.015625,-1,165.710432,24.271499
2025-08-14T09:10:22.106732,47463,3.003906,3.09375,3.015625,-1,165.893538,24.271499
2025-08-14T09:10:22.635775,47464,3.003906,3.089844,3.0117190000000003,-1,165.832503,24.262052
2025-08-14T09:10:23.071775,47465,3.003906,3.09375,3.003906,-1,165.832503,24.271499
2025-08-14T09:10:23.495488,47466,3.011719,3.089844,3.023438,-1,165.771467,24.271499
2025-08-14T09:10:23.944489,47467,3.003906,3.089844,3.015625,-1,165.893538,24.271499
2025-08-14T09:10:24.390655,47468,3.007812,3.089844,3.019531,-1,165.710432,24.262052
2025-08-14T09:10:24.834656,47469,3.007812,3.09375,3.007812,-1,165.710432,24.262052
2025-08-14T09:10:25.272655,47470,3.007812,3.089844,3.0117190000000003,-1,165.771467,24.262052
2025-08-14T09:10:25.710668,47471,3.003906,3.089844,3.007812,-1,165.832503,24.271499
2025-08-14T09:10:26.146668,47472,3.007812,3.089844,3.019531,-1,165.832503,24.262052
2025-08-14T09:10:26.572667,47473,3.003906,3.089844,3.0117190000000003,-1,165.893538,24.252606
2025-08-14T09:10:26.999694,47474,3.003906,3.09375,3.015625,-1,165.710432,24.252606
2025-08-14T09:10:27.634693,47475,3.003906,3.097656,3.007812,-1,165.832503,24.252606
2025-08-14T09:10:28.074914,47476,3.007812,3.089844,3.023438,-1,165.649397,24.252606
2025-08-14T09:10:28.509915,47477,3.003906,3.085938,3.0117190000000003,-1,165.832503,24.262052
2025-08-14T09:10:28.950762,47478,3.003906,3.089844,3.015625,-1,165.710432,24.271499
2025-08-14T09:10:29.368469,47479,3.003906,3.089844,3.023438,-1,165.893538,24.262052
2025-08-14T09:10:29.836470,47480,3.003906,3.09375,3.003906,-1,165.649397,24.271499
2025-08-14T09:10:30.620470,47481,3.003906,3.085938,3.023438,-1,165.649397,24.271499
2025-08-14T09:10:31.078470,47482,3.003906,3.089844,3.003906,-1,165.649397,24.271499
2025-08-14T09:10:31.518156,47483,3.007812,3.09375,3.0117190000000003,-1,165.893538,24.271499
2025-08-14T09:10:31.960144,47484,3.007812,3.097656,3.0117190000000003,-1,165.893538,24.271499
2025-08-14T09:10:32.466142,47485,3.007812,3.085938,3.0117190000000003,-1,165.710432,24.280946
2025-08-14T09:10:32.919723,47486,3.011719,3.09375,3.015625,-1,165.893538,24.280946
2025-08-14T09:10:33.400453,47487,3.003906,3.09375,3.019531,-1,165.832503,24.280946
2025-08-14T09:10:33.840452,47488,3.007812,3.09375,3.007812,-1,165.832503,24.280946
2025-08-14T09:10:34.268474,47489,3.007812,3.089844,3.023438,-1,165.893538,24.290393
2025-08-14T09:10:34.778474,47490,3.003906,3.089844,3.023438,-1,165.710432,24.280946
2025-08-14T09:10:35.201578,47491,3.003906,3.097656,3.015625,-1,165.832503,24.290393
2025-08-14T09:10:35.653578,47492,3.011719,3.089844,3.0117190000000003,-1,165.832503,24.280946
2025-08-14T09:10:36.087578,47493,3.003906,3.089844,3.007812,-1,165.893538,24.290393
2025-08-14T09:10:36.510756,47494,3.003906,3.09375,3.019531,-1,165.710432,24.290393
2025-08-14T09:10:37.019758,47495,3.003906,3.09375,3.015625,-1,165.771467,24.299841
2025-08-14T09:10:37.483755,47496,3.003906,3.089844,3.0117190000000003,-1,165.710432,24.290393
2025-08-14T09:10:37.931755,47497,3.003906,3.089844,3.007812,-1,165.832503,24.290393
2025-08-14T09:10:38.461071,47498,3.003906,3.09375,3.023438,-1,165.893538,24.280946
2025-08-14T09:10:38.900936,47499,3.007812,3.089844,3.0117190000000003,-1,165.832503,24.290393
2025-08-14T09:10:39.403938,47500,3.007812,3.089844,3.0117190000000003,-1,165.710432,24.280946
2025-08-14T09:10:39.891486,47501,3.003906,3.09375,3.019531,-1,165.710432,24.280946
2025-08-14T09:10:40.330066,47502,3.007812,3.089844,3.023438,-1,165.771467,24.290393
2025-08-14T09:10:40.779067,47503,3.003906,3.089844,3.019531,-1,165.832503,24.280946
2025-08-14T09:10:41.215065,47504,3.003906,3.089844,3.019531,-1,165.710432,24.290393
2025-08-14T09:10:41.644559,47505,3.007812,3.09375,3.019531,-1,165.771467,24.280946
2025-08-14T09:10:42.080699,47506,3.003906,3.089844,3.0117190000000003,-1,165.710432,24.271499
2025-08-14T09:10:42.511698,47507,3.003906,3.089844,3.019531,-1,165.832503,24.271499
2025-08-14T09:10:42.950895,47508,3.003906,3.089844,3.015625,-1,165.771467,24.262052
2025-08-14T09:10:43.382620,47509,3.003906,3.101562,3.003906,-1,165.893538,24.262052
2025-08-14T09:10:43.810631,47510,3.007812,3.085938,3.0117190000000003,-1,165.832503,24.262052
2025-08-14T09:10:44.240630,47511,3.003906,3.09375,3.0117190000000003,-1,165.771467,24.262052
2025-08-14T09:10:44.687611,47512,3.003906,3.09375,3.015625,-1,165.771467,24.252606
2025-08-14T09:10:45.126646,47513,3.003906,3.089844,3.0117190000000003,-1,165.710432,24.262052
2025-08-14T09:10:45.551866,47514,3.003906,3.097656,3.0117190000000003,-1,165.893538,24.262052
2025-08-14T09:10:46.002974,47515,3.011719,3.089844,3.019531,-1,165.832503,24.262052
2025-08-14T09:10:46.424693,47516,3.003906,3.089844,3.0117190000000003,-1,165.893538,24.243159
2025-08-14T09:10:46.853693,47517,3.003906,3.09375,3.007812,-1,165.954573,24.252606
2025-08-14T09:10:47.277693,47518,3.007812,3.089844,3.019531,-1,165.832503,24.262052
2025-08-14T09:10:48.055693,47519,3.003906,3.101562,3.015625,-1,165.710432,24.262052
2025-08-14T09:10:48.591006,47520,3.011719,3.09375,3.0117190000000003,-1,165.893538,24.271499
2025-08-14T09:10:49.168483,47521,3.003906,3.089844,3.007812,-1,165.954573,24.271499
2025-08-14T09:10:49.608514,47522,3.003906,3.097656,3.0117190000000003,-1,165.954573,24.271499
2025-08-14T09:10:50.262749,47523,3.011719,3.085938,3.0117190000000003,-1,165.771467,24.280946
2025-08-14T09:10:50.674749,47524,3.003906,3.09375,3.0117190000000003,-1,165.954573,24.271499
2025-08-14T09:10:51.115556,47525,3.003906,3.089844,3.007812,-1,165.771467,24.280946
2025-08-14T09:10:51.529108,47526,3.003906,3.089844,3.015625,-1,165.893538,24.280946
2025-08-14T09:10:51.955004,47527,3.003906,3.089844,3.007812,-1,165.893538,24.280946
2025-08-14T09:10:52.395025,47528,3.003906,3.097656,3.015625,-1,165.893538,24.280946
2025-08-14T09:10:52.820326,47529,3.003906,3.089844,3.019531,-1,165.893538,24.290393
2025-08-14T09:10:53.259707,47530,3.003906,3.09375,3.007812,-1,165.771467,24.290393
2025-08-14T09:10:53.682707,47531,3.003906,3.089844,3.0117190000000003,-1,165.893538,24.290393
2025-08-14T09:10:54.310223,47532,3.003906,3.09375,3.019531,-1,165.710432,24.280946
2025-08-14T09:10:54.771225,47533,3.003906,3.09375,3.007812,-1,165.893538,24.280946
2025-08-14T09:10:55.199958,47534,3.003906,3.097656,3.019531,-1,165.893538,24.290393
2025-08-14T09:10:55.633958,47535,3.003906,3.085938,3.007812,-1,165.893538,24.290393
2025-08-14T09:10:56.069959,47536,3.007812,3.085938,3.015625,-1,165.832503,24.280946
2025-08-14T09:10:56.607772,47537,3.007812,3.09375,3.007812,-1,165.893538,24.290393
2025-08-14T09:10:57.502774,47538,3.003906,3.089844,3.0117190000000003,-1,165.832503,24.280946
2025-08-14T09:10:57.956772,47539,3.003906,3.09375,3.015625,-1,165.954573,24.290393
2025-08-14T09:10:58.393776,47540,3.003906,3.089844,3.015625,-1,165.771467,24.290393
2025-08-14T09:10:58.835673,47541,3.003906,3.09375,3.019531,-1,165.954573,24.290393
2025-08-14T09:10:59.298676,47542,3.003906,3.089844,3.0117190000000003,-1,165.710432,24.290393
2025-08-14T09:10:59.723285,47543,3.007812,3.089844,3.015625,-1,165.893538,24.290393
2025-08-14T09:11:00.358980,47544,3.007812,3.089844,3.0117190000000003,-1,165.710432,24.290393
2025-08-14T09:11:00.899259,47545,3.003906,3.09375,3.035156,-1,165.893538,24.290393
2025-08-14T09:11:01.335864,47546,3.003906,3.089844,3.015625,-1,165.710432,24.280946
2025-08-14T09:11:01.773863,47547,3.003906,3.089844,3.015625,-1,165.832503,24.280946
2025-08-14T09:11:02.216186,47548,3.003906,3.089844,3.019531,-1,165.710432,24.280946
2025-08-14T09:11:02.662186,47549,3.007812,3.089844,3.015625,-1,165.710432,24.290393
2025-08-14T09:11:03.114412,47550,3.003906,3.085938,3.019531,-1,165.832503,24.280946
2025-08-14T09:11:03.547953,47551,3.007812,3.089844,3.015625,-1,165.954573,24.271499
2025-08-14T09:11:04.007952,47552,3.003906,3.09375,3.015625,-1,165.710432,24.271499
2025-08-14T09:11:04.548815,47553,3.003906,3.089844,3.015625,-1,165.710432,24.262052
2025-08-14T09:11:04.984814,47554,3.003906,3.09375,3.007812,-1,165.893538,24.262052
2025-08-14T09:11:05.403848,47555,3.007812,3.089844,3.0117190000000003,-1,165.710432,24.262052
2025-08-14T09:11:06.156531,47556,3.011719,3.089844,3.015625,-1,165.771467,24.252606
2025-08-14T09:11:06.677967,47557,3.007812,3.09375,3.007812,-1,165.893538,24.252606
2025-08-14T09:11:07.115967,47558,3.007812,3.089844,3.019531,-1,165.832503,24.252606
2025-08-14T09:11:07.547004,47559,3.003906,3.09375,3.015625,-1,165.771467,24.243159
2025-08-14T09:11:07.978227,47560,3.003906,3.09375,3.007812,-1,165.771467,24.243159
2025-08-14T09:11:08.414226,47561,3.003906,3.089844,3.0117190000000003,-1,165.710432,24.233713
2025-08-14T09:11:09.049087,47562,3.007812,3.085938,3.0117190000000003,-1,165.710432,24.224268
2025-08-14T09:11:09.490074,47563,3.007812,3.089844,3.0117190000000003,-1,165.771467,24.233713
2025-08-14T09:11:09.916075,47564,3.003906,3.085938,3.019531,-1,165.771467,24.224268
2025-08-14T09:11:10.361018,47565,3.003906,3.09375,3.015625,-1,165.710432,24.224268
2025-08-14T09:11:10.789436,47566,3.011719,3.09375,3.007812,-1,165.954573,24.233713
2025-08-14T09:11:11.226549,47567,3.007812,3.089844,3.0117190000000003,-1,165.710432,24.224268
2025-08-14T09:11:11.654550,47568,3.003906,3.089844,3.015625,-1,165.893538,24.224268
2025-08-14T09:11:12.090917,47569,3.003906,3.085938,3.0117190000000003,-1,165.832503,24.224268
2025-08-14T09:11:12.639934,47570,3.003906,3.089844,3.003906,-1,165.649397,24.224268
2025-08-14T09:11:13.064174,47571,3.003906,3.089844,3.015625,-1,165.771467,24.224268
2025-08-14T09:11:13.518257,47572,3.003906,3.085938,3.015625,-1,165.710432,24.224268
2025-08-14T09:11:14.269012,47573,3.011719,3.089844,3.0117190000000003,-1,165.649397,24.224268
2025-08-14T09:11:14.699013,47574,3.003906,3.089844,3.019531,-1,165.893538,24.224268
2025-08-14T09:11:15.133337,47575,3.007812,3.089844,3.019531,-1,165.893538,24.233713
2025-08-14T09:11:15.600906,47576,3.003906,3.089844,3.015625,-1,165.893538,24.224268
2025-08-14T09:11:16.036352,47577,3.003906,3.085938,3.015625,-1,165.832503,24.224268
2025-08-14T09:11:16.467199,47578,3.007812,3.089844,3.015625,-1,165.710432,24.224268
2025-08-14T09:11:16.894202,47579,3.003906,3.09375,3.015625,-1,165.771467,24.224268
2025-08-14T09:11:17.328757,47580,3.007812,3.089844,3.015625,-1,165.832503,24.233713
2025-08-14T09:11:17.883508,47581,3.003906,3.089844,3.0117190000000003,-1,165.893538,24.233713
2025-08-14T09:11:18.432748,47582,3.003906,3.089844,3.007812,-1,165.771467,24.233713
2025-08-14T09:11:18.982557,47583,3.003906,3.09375,3.023438,-1,165.832503,24.233713
2025-08-14T09:11:19.725557,47584,3.003906,3.082031,3.015625,-1,165.771467,24.233713
2025-08-14T09:11:20.168558,47585,3.007812,3.085938,3.015625,-1,165.832503,24.224268
2025-08-14T09:11:20.598585,47586,3.003906,3.09375,3.003906,-1,165.771467,24.224268
2025-08-14T09:11:21.135698,47587,3.007812,3.089844,3.0117190000000003,-1,165.954573,24.214822
2025-08-14T09:11:21.586697,47588,3.003906,3.09375,3.007812,-1,165.771467,24.205377
2025-08-14T09:11:22.032446,47589,3.007812,3.089844,3.007812,-1,165.771467,24.205377
2025-08-14T09:11:22.484445,47590,3.007812,3.089844,3.015625,-1,165.832503,24.195932
2025-08-14T09:11:22.922198,47591,3.003906,3.09375,3.015625,-1,165.832503,24.195932
2025-08-14T09:11:23.355144,47592,3.007812,3.089844,3.0117190000000003,-1,165.832503,24.195932
2025-08-14T09:11:23.793136,47593,3.003906,3.09375,3.003906,-1,165.893538,24.205377
2025-08-14T09:11:24.232516,47594,3.011719,3.097656,3.019531,-1,165.771467,24.205377
2025-08-14T09:11:24.663515,47595,3.003906,3.09375,3.0117190000000003,-1,165.710432,24.195932
2025-08-14T09:11:25.094541,47596,3.007812,3.09375,3.015625,-1,165.893538,24.205377
2025-08-14T09:11:25.537703,47597,3.003906,3.089844,3.0117190000000003,-1,165.893538,24.205377
2025-08-14T09:11:25.963711,47598,3.003906,3.085938,3.019531,-1,165.832503,24.214822
2025-08-14T09:11:26.534736,47599,3.003906,3.09375,3.0117190000000003,-1,165.710432,24.214822
2025-08-14T09:11:27.248737,47600,3.007812,3.09375,3.015625,-1,165.710432,24.214822
2025-08-14T09:11:27.815738,47601,3.003906,3.085938,3.023438,-1,165.954573,24.214822
2025-08-14T09:11:46.672064,47602,3.003906,3.089844,3.0117190000000003,-1,165.710432,24.224268
2025-08-14T09:11:47.217065,47603,3.003906,3.089844,3.0117190000000003,-1,165.771467,24.233713
2025-08-14T09:11:47.662054,47604,3.007812,3.097656,3.0117190000000003,-1,165.771467,24.224268
2025-08-14T09:11:48.107055,47605,3.003906,3.089844,3.0117190000000003,-1,165.771467,24.224268
2025-08-14T09:11:48.557064,47606,3.003906,3.089844,3.015625,-1,165.710432,24.224268
2025-08-14T09:11:49.005074,47607,3.007812,3.089844,3.015625,-1,165.710432,24.233713
2025-08-14T09:11:49.780075,47608,3.003906,3.09375,3.0117190000000003,-1,165.649397,24.233713
2025-08-14T09:11:50.436657,47609,3.003906,3.089844,3.0117190000000003,-1,165.832503,24.243159
2025-08-14T09:11:50.884885,47610,3.007812,3.09375,3.019531,-1,165.771467,24.243159
2025-08-14T09:11:51.351353,47611,3.003906,3.089844,3.007812,-1,165.893538,24.243159
2025-08-14T09:11:51.793941,47612,3.007812,3.089844,3.019531,-1,165.832503,24.243159
2025-08-14T09:11:52.286900,47613,3.003906,3.097656,3.015625,-1,165.832503,24.243159
2025-08-14T09:11:52.772900,47614,3.007812,3.09375,3.0117190000000003,-1,165.771467,24.252606
2025-08-14T09:11:53.197055,47615,3.003906,3.089844,3.015625,-1,165.710432,24.252606
2025-08-14T09:11:53.634056,47616,3.003906,3.09375,3.0117190000000003,-1,165.893538,24.252606
2025-08-14T09:11:54.164775,47617,3.003906,3.09375,3.007812,-1,165.771467,24.252606
2025-08-14T09:11:54.623400,47618,3.003906,3.097656,3.0117190000000003,-1,165.771467,24.252606
2025-08-14T09:11:55.070390,47619,3.007812,3.09375,3.0117190000000003,-1,165.832503,24.252606
2025-08-14T09:11:55.634745,47620,3.003906,3.09375,3.015625,-1,165.649397,24.262052
2025-08-14T09:11:56.069745,47621,3.003906,3.09375,3.015625,-1,164.73387,24.262052
2025-08-14T09:11:56.504745,47622,3.007812,3.089844,3.0117190000000003,-1,164.306624,24.262052
2025-08-14T09:11:57.161507,47623,3.003906,3.089844,3.007812,-1,165.344221,24.262052
2025-08-14T09:11:57.586860,47624,3.007812,3.089844,3.019531,-1,165.283186,24.262052
2025-08-14T09:11:58.040862,47625,3.003906,3.089844,3.0117190000000003,-1,165.405257,24.252606
2025-08-14T09:11:58.483250,47626,3.007812,3.09375,3.0,-1,165.466292,24.252606
2025-08-14T09:11:59.023706,47627,3.003906,3.09375,3.019531,-1,165.283186,24.252606
2025-08-14T09:11:59.466662,47628,3.003906,3.09375,3.0117190000000003,-1,165.527327,24.252606
2025-08-14T09:11:59.900662,47629,3.007812,3.09375,3.0117190000000003,-1,165.466292,24.252606
2025-08-14T09:12:00.335660,47630,3.003906,3.089844,3.015625,-1,165.710432,24.252606
2025-08-14T09:12:00.775055,47631,3.003906,3.089844,3.007812,-1,165.588362,24.243159
2025-08-14T09:12:01.206076,47632,3.007812,3.089844,3.0117190000000003,-1,165.588362,24.243159
2025-08-14T09:12:01.637078,47633,3.007812,3.089844,3.0117190000000003,-1,165.710432,24.243159
2025-08-14T09:12:02.067076,47634,3.003906,3.09375,3.019531,-1,165.649397,24.243159
2025-08-14T09:12:02.498076,47635,3.003906,3.09375,3.015625,-1,165.710432,24.252606
2025-08-14T09:12:02.928495,47636,3.003906,3.089844,3.0117190000000003,-1,165.527327,24.243159
2025-08-14T09:12:03.372850,47637,3.003906,3.085938,3.015625,-1,165.588362,24.243159
2025-08-14T09:12:03.816851,47638,3.007812,3.085938,3.0117190000000003,-1,165.466292,24.233713
2025-08-14T09:12:04.245774,47639,3.003906,3.085938,3.0117190000000003,-1,165.527327,24.243159
2025-08-14T09:12:04.696862,47640,3.003906,3.085938,3.0117190000000003,-1,165.771467,24.233713
2025-08-14T09:12:05.126726,47641,3.007812,3.09375,3.015625,-1,165.588362,24.224268
2025-08-14T09:12:05.897495,47642,3.007812,3.089844,3.0117190000000003,-1,165.649397,24.233713
2025-08-14T09:12:06.329491,47643,3.003906,3.09375,3.015625,-1,165.710432,24.233713
2025-08-14T09:12:06.782492,47644,3.003906,3.09375,3.0117190000000003,-1,165.527327,24.233713
2025-08-14T09:12:07.210194,47645,3.007812,3.09375,3.015625,-1,165.588362,24.233713
2025-08-14T09:12:07.638206,47646,3.003906,3.089844,3.015625,-1,165.649397,24.233713
2025-08-14T09:12:08.206204,47647,3.007812,3.09375,3.0117190000000003,-1,165.649397,24.243159
2025-08-14T09:12:08.632010,47648,3.003906,3.09375,3.007812,-1,165.588362,24.233713
2025-08-14T09:12:09.066010,47649,3.007812,3.09375,3.015625,-1,165.771467,24.233713
2025-08-14T09:12:09.496028,47650,3.011719,3.09375,3.019531,-1,165.588362,24.233713
2025-08-14T09:12:10.043002,47651,3.007812,3.089844,3.0117190000000003,-1,165.710432,24.214822
2025-08-14T09:12:10.573990,47652,3.007812,3.089844,3.0117190000000003,-1,165.649397,24.233713
2025-08-14T09:12:10.995914,47653,3.003906,3.09375,3.0273440000000003,-1,165.588362,24.224268
2025-08-14T09:12:11.436914,47654,3.003906,3.089844,3.015625,-1,165.771467,24.224268
2025-08-14T09:12:11.881950,47655,3.003906,3.097656,3.015625,-1,165.588362,24.224268
2025-08-14T09:12:12.429216,47656,3.003906,3.09375,3.019531,-1,165.771467,24.233713
2025-08-14T09:12:12.856455,47657,3.007812,3.089844,3.0117190000000003,-1,165.649397,24.224268
2025-08-14T09:12:13.291662,47658,3.007812,3.085938,3.015625,-1,165.527327,24.224268
2025-08-14T09:12:13.724663,47659,3.007812,3.09375,3.015625,-1,165.771467,24.233713
2025-08-14T09:12:14.156681,47660,3.003906,3.09375,3.0117190000000003,-1,165.588362,24.214822
2025-08-14T09:12:14.589682,47661,3.011719,3.089844,3.007812,-1,165.527327,24.233713
2025-08-14T09:12:15.021747,47662,3.003906,3.097656,3.015625,-1,165.649397,24.243159
2025-08-14T09:12:15.461796,47663,3.003906,3.089844,3.015625,-1,165.527327,24.243159
2025-08-14T09:12:15.895795,47664,3.003906,3.09375,3.015625,-1,165.588362,24.243159
2025-08-14T09:12:16.320248,47665,3.003906,3.09375,3.003906,-1,165.527327,24.252606
2025-08-14T09:12:16.752526,47666,3.003906,3.09375,3.0117190000000003,-1,165.710432,24.262052
2025-08-14T09:12:17.183526,47667,3.007812,3.09375,3.019531,-1,165.710432,24.262052
2025-08-14T09:12:17.605004,47668,3.007812,3.089844,3.019531,-1,165.588362,24.262052
2025-08-14T09:12:18.263004,47669,3.007812,3.089844,3.019531,-1,165.527327,24.271499
2025-08-14T09:12:18.688037,47670,3.003906,3.097656,3.015625,-1,165.710432,24.271499
2025-08-14T09:12:19.234274,47671,3.003906,3.09375,3.015625,-1,165.527327,24.271499
2025-08-14T09:12:19.772360,47672,3.015625,3.089844,3.019531,-1,165.710432,24.280946
2025-08-14T09:12:20.208939,47673,3.003906,3.089844,3.019531,-1,165.588362,24.280946
2025-08-14T09:12:20.843939,47674,3.007812,3.09375,3.015625,-1,165.649397,24.280946
2025-08-14T09:12:21.384899,47675,3.003906,3.089844,3.0117190000000003,-1,165.710432,24.280946
2025-08-14T09:12:21.829659,47676,3.007812,3.089844,3.015625,-1,165.588362,24.280946
2025-08-14T09:12:22.274993,47677,3.003906,3.085938,3.007812,-1,165.649397,24.290393
2025-08-14T09:12:22.745991,47678,3.007812,3.089844,3.0117190000000003,-1,165.649397,24.280946
2025-08-14T09:12:23.201991,47679,3.007812,3.09375,3.015625,-1,165.649397,24.271499
2025-08-14T09:12:23.740991,47680,3.003906,3.09375,3.015625,-1,165.710432,24.280946
2025-08-14T09:12:24.173991,47681,3.003906,3.085938,3.015625,-1,165.588362,24.280946
2025-08-14T09:12:24.733200,47682,3.007812,3.09375,3.015625,-1,165.649397,24.280946
2025-08-14T09:12:25.676777,47683,3.003906,3.089844,3.015625,-1,165.588362,24.271499
2025-08-14T09:12:26.115776,47684,3.003906,3.089844,3.0117190000000003,-1,165.710432,24.280946
2025-08-14T09:12:26.550359,47685,3.003906,3.09375,3.019531,-1,165.771467,24.290393
2025-08-14T09:12:26.985344,47686,3.003906,3.09375,3.0117190000000003,-1,165.710432,24.280946
2025-08-14T09:12:27.436349,47687,3.007812,3.09375,3.015625,-1,165.771467,24.290393
2025-08-14T09:12:27.863779,47688,3.003906,3.09375,3.0117190000000003,-1,165.771467,24.290393
2025-08-14T09:12:28.289860,47689,3.003906,3.09375,3.007812,-1,165.588362,24.290393
2025-08-14T09:12:28.723422,47690,3.003906,3.089844,3.0117190000000003,-1,165.588362,24.290393
2025-08-14T09:12:29.153415,47691,3.007812,3.09375,3.019531,-1,165.588362,24.290393
2025-08-14T09:12:29.696642,47692,3.007812,3.085938,3.0117190000000003,-1,165.771467,24.299841
2025-08-14T09:12:30.330533,47693,3.011719,3.089844,3.015625,-1,165.710432,24.290393
2025-08-14T09:12:31.070612,47694,3.003906,3.089844,3.015625,-1,165.649397,24.290393
2025-08-14T09:12:31.520986,47695,3.003906,3.089844,3.019531,-1,165.771467,24.309288
2025-08-14T09:12:32.062993,47696,3.003906,3.09375,3.015625,-1,165.649397,24.290393
2025-08-14T09:12:32.505993,47697,3.003906,3.089844,3.019531,-1,165.771467,24.290393
2025-08-14T09:12:32.930041,47698,3.003906,3.09375,3.015625,-1,165.771467,24.290393
2025-08-14T09:12:33.583041,47699,3.007812,3.089844,3.015625,-1,165.649397,24.280946
2025-08-14T09:12:34.010512,47700,3.003906,3.09375,3.019531,-1,165.588362,24.271499
2025-08-14T09:12:34.459509,47701,3.007812,3.09375,3.0117190000000003,-1,165.649397,24.262052
2025-08-14T09:12:34.888508,47702,3.007812,3.09375,3.0117190000000003,-1,165.710432,24.262052
2025-08-14T09:12:35.333075,47703,3.003906,3.089844,3.015625,-1,165.588362,24.262052
2025-08-14T09:12:36.020072,47704,3.007812,3.097656,3.019531,-1,165.710432,24.271499
2025-08-14T09:12:36.442072,47705,3.003906,3.089844,3.007812,-1,165.527327,24.252606
2025-08-14T09:12:36.998075,47706,3.003906,3.09375,3.019531,-1,165.527327,24.252606
2025-08-14T09:12:37.427910,47707,3.007812,3.09375,3.019531,-1,165.710432,24.252606
2025-08-14T09:12:37.871488,47708,3.003906,3.097656,3.0273440000000003,-1,165.649397,24.252606
2025-08-14T09:12:38.405763,47709,3.003906,3.09375,3.0117190000000003,-1,165.527327,24.243159
2025-08-14T09:12:38.834881,47710,3.003906,3.09375,3.023438,-1,165.649397,24.252606
2025-08-14T09:12:39.282880,47711,3.003906,3.089844,3.019531,-1,165.588362,24.252606
2025-08-14T09:12:39.810924,47712,3.003906,3.09375,3.0117190000000003,-1,165.588362,24.252606
2025-08-14T09:12:40.355485,47713,3.003906,3.09375,3.007812,-1,165.771467,24.252606
2025-08-14T09:12:40.784481,47714,3.003906,3.089844,3.019531,-1,165.649397,24.243159
2025-08-14T09:12:41.222340,47715,3.007812,3.09375,3.0117190000000003,-1,165.771467,24.243159
2025-08-14T09:12:41.662340,47716,3.003906,3.089844,3.0273440000000003,-1,165.771467,24.252606
2025-08-14T09:12:42.089204,47717,3.007812,3.09375,3.0117190000000003,-1,165.649397,24.252606
2025-08-14T09:12:42.639204,47718,3.003906,3.089844,3.0117190000000003,-1,165.771467,24.252606
2025-08-14T09:12:43.068818,47719,3.003906,3.089844,3.0117190000000003,-1,165.588362,24.243159
2025-08-14T09:12:43.510331,47720,3.007812,3.089844,3.0117190000000003,-1,165.588362,24.243159
2025-08-14T09:12:43.955234,47721,3.003906,3.085938,3.007812,-1,165.649397,24.243159
2025-08-14T09:12:44.489555,47722,3.003906,3.09375,3.0117190000000003,-1,165.649397,24.243159
2025-08-14T09:12:44.931256,47723,3.003906,3.089844,3.015625,-1,165.710432,24.243159
2025-08-14T09:12:45.464656,47724,3.007812,3.09375,3.015625,-1,165.588362,24.243159
2025-08-14T09:12:45.902658,47725,3.003906,3.09375,3.015625,-1,165.771467,24.243159
2025-08-14T09:12:46.438158,47726,3.003906,3.089844,3.019531,-1,165.649397,24.252606
2025-08-14T09:12:46.862156,47727,3.007812,3.089844,3.003906,-1,165.710432,24.252606
2025-08-14T09:12:47.498740,47728,3.003906,3.089844,3.015625,-1,165.527327,24.252606
2025-08-14T09:12:47.934737,47729,3.003906,3.09375,3.015625,-1,165.771467,24.252606
2025-08-14T09:12:48.362463,47730,3.011719,3.09375,3.0117190000000003,-1,165.710432,24.262052
2025-08-14T09:12:48.801860,47731,3.003906,3.089844,3.015625,-1,165.588362,24.262052
2025-08-14T09:12:49.227868,47732,3.007812,3.089844,3.019531,-1,165.771467,24.271499
2025-08-14T09:12:49.666894,47733,3.003906,3.085938,3.019531,-1,165.588362,24.262052
2025-08-14T09:12:50.098288,47734,3.007812,3.089844,3.015625,-1,165.771467,24.271499
2025-08-14T09:12:50.856427,47735,3.003906,3.089844,3.019531,-1,165.588362,24.271499
2025-08-14T09:12:51.428425,47736,3.007812,3.089844,3.015625,-1,165.771467,24.280946
2025-08-14T09:12:51.985424,47737,3.003906,3.09375,3.0117190000000003,-1,165.710432,24.280946
2025-08-14T09:12:52.437424,47738,3.003906,3.09375,3.015625,-1,165.588362,24.290393
2025-08-14T09:12:52.862384,47739,3.003906,3.085938,3.0117190000000003,-1,165.710432,24.280946
2025-08-14T09:12:53.308384,47740,3.003906,3.09375,3.007812,-1,165.588362,24.280946
2025-08-14T09:12:53.774388,47741,3.003906,3.09375,3.019531,-1,165.527327,24.290393
2025-08-14T09:12:54.252385,47742,3.003906,3.09375,3.0117190000000003,-1,165.710432,24.290393
2025-08-14T09:12:54.747383,47743,3.003906,3.097656,3.019531,-1,165.649397,24.290393
2025-08-14T09:12:55.184383,47744,3.003906,3.089844,3.0117190000000003,-1,165.649397,24.290393
2025-08-14T09:12:55.724237,47745,3.003906,3.09375,3.019531,-1,165.710432,24.290393
2025-08-14T09:12:56.175238,47746,3.003906,3.09375,3.007812,-1,165.588362,24.290393
2025-08-14T09:12:56.729238,47747,3.007812,3.089844,3.019531,-1,165.527327,24.290393
2025-08-14T09:12:57.256577,47748,3.003906,3.09375,3.0117190000000003,-1,165.588362,24.290393
2025-08-14T09:12:57.704377,47749,3.003906,3.089844,3.015625,-1,165.649397,24.299841
2025-08-14T09:12:58.137691,47750,3.007812,3.09375,3.0117190000000003,-1,165.771467,24.299841
2025-08-14T09:12:58.567199,47751,3.003906,3.085938,3.015625,-1,165.710432,24.290393
2025-08-14T09:12:59.015199,47752,3.007812,3.089844,3.007812,-1,165.588362,24.290393
2025-08-14T09:12:59.457199,47753,3.003906,3.09375,3.0117190000000003,-1,165.649397,24.290393
2025-08-14T09:12:59.886775,47754,3.003906,3.089844,3.015625,-1,165.649397,24.290393
2025-08-14T09:13:00.341397,47755,3.003906,3.089844,3.019531,-1,165.588362,24.299841
2025-08-14T09:13:00.775680,47756,3.003906,3.085938,3.015625,-1,165.771467,24.299841
2025-08-14T09:13:01.427739,47757,3.003906,3.089844,3.015625,-1,165.771467,24.309288
2025-08-14T09:13:01.857241,47758,3.003906,3.09375,3.019531,-1,165.588362,24.290393
2025-08-14T09:13:02.296235,47759,3.003906,3.089844,3.007812,-1,165.649397,24.309288
2025-08-14T09:13:02.742231,47760,3.007812,3.089844,3.015625,-1,165.771467,24.309288
2025-08-14T09:13:03.164833,47761,3.007812,3.089844,3.015625,-1,165.710432,24.299841
2025-08-14T09:13:03.607036,47762,3.003906,3.089844,3.015625,-1,165.771467,24.299841
2025-08-14T09:13:04.144442,47763,3.007812,3.09375,3.0117190000000003,-1,165.649397,24.309288
2025-08-14T09:13:04.580633,47764,3.011719,3.089844,3.007812,-1,165.710432,24.309288
2025-08-14T09:13:05.139372,47765,3.003906,3.089844,3.015625,-1,165.588362,24.299841
2025-08-14T09:13:05.929533,47766,3.003906,3.09375,3.015625,-1,165.832503,24.309288
2025-08-14T09:13:06.372532,47767,3.003906,3.09375,3.019531,-1,165.771467,24.309288
2025-08-14T09:13:06.918284,47768,3.007812,3.089844,3.019531,-1,165.771467,24.299841
2025-08-14T09:13:07.355284,47769,3.007812,3.09375,3.015625,-1,165.710432,24.309288
2025-08-14T09:13:07.999077,47770,3.007812,3.089844,3.007812,-1,165.710432,24.299841
2025-08-14T09:13:08.431078,47771,3.003906,3.09375,3.015625,-1,165.527327,24.299841
2025-08-14T09:13:08.864515,47772,3.007812,3.089844,3.015625,-1,165.588362,24.309288
2025-08-14T09:13:09.403460,47773,3.003906,3.089844,3.0117190000000003,-1,165.588362,24.299841
2025-08-14T09:13:09.838616,47774,3.003906,3.089844,3.015625,-1,165.527327,24.309288
2025-08-14T09:13:10.270062,47775,3.003906,3.089844,3.019531,-1,165.527327,24.299841
2025-08-14T09:13:10.715065,47776,3.003906,3.09375,3.015625,-1,165.710432,24.309288
2025-08-14T09:13:11.140062,47777,3.003906,3.085938,3.023438,-1,165.710432,24.309288
2025-08-14T09:13:11.575495,47778,3.003906,3.085938,3.0117190000000003,-1,165.771467,24.318737
2025-08-14T09:13:12.107369,47779,3.011719,3.089844,3.003906,-1,165.771467,24.318737
2025-08-14T09:13:12.542412,47780,3.007812,3.09375,3.015625,-1,165.771467,24.318737
2025-08-14T09:13:12.979421,47781,3.003906,3.09375,3.0117190000000003,-1,165.649397,24.318737
2025-08-14T09:13:13.406745,47782,3.007812,3.09375,3.0117190000000003,-1,165.649397,24.318737
2025-08-14T09:13:13.855743,47783,3.015625,3.09375,3.0117190000000003,-1,165.771467,24.318737
2025-08-14T09:13:14.279742,47784,3.007812,3.089844,3.0117190000000003,-1,165.710432,24.318737
2025-08-14T09:13:14.827854,47785,3.007812,3.089844,3.007812,-1,165.832503,24.328185
2025-08-14T09:13:15.257833,47786,3.003906,3.09375,3.015625,-1,165.649397,24.318737
2025-08-14T09:13:15.699797,47787,3.003906,3.09375,3.0117190000000003,-1,165.649397,24.309288
2025-08-14T09:13:16.132829,47788,3.003906,3.089844,3.015625,-1,165.649397,24.318737
2025-08-14T09:13:16.677690,47789,3.007812,3.09375,3.0117190000000003,-1,165.710432,24.309288
2025-08-14T09:13:17.221692,47790,3.003906,3.097656,3.015625,-1,165.771467,24.309288
2025-08-14T09:13:17.652690,47791,3.007812,3.089844,3.0117190000000003,-1,165.771467,24.309288
2025-08-14T09:13:18.084195,47792,3.003906,3.089844,3.007812,-1,165.649397,24.290393
2025-08-14T09:13:18.527511,47793,3.003906,3.085938,3.0117190000000003,-1,165.771467,24.299841
2025-08-14T09:13:18.972961,47794,3.007812,3.089844,3.015625,-1,165.649397,24.290393
2025-08-14T09:13:19.399958,47795,3.003906,3.085938,3.0117190000000003,-1,165.588362,24.280946
2025-08-14T09:13:19.855471,47796,3.003906,3.089844,3.015625,-1,165.832503,24.271499
2025-08-14T09:13:20.311661,47797,3.007812,3.089844,3.0117190000000003,-1,165.649397,24.280946
2025-08-14T09:13:20.988905,47798,3.003906,3.09375,3.015625,-1,165.710432,24.271499
2025-08-14T09:13:21.425906,47799,3.003906,3.09375,3.015625,-1,165.649397,24.271499
2025-08-14T09:13:21.961527,47800,3.003906,3.09375,3.015625,-1,165.771467,24.280946
2025-08-14T09:13:22.412527,47801,3.007812,3.089844,3.015625,-1,165.771467,24.271499
2025-08-14T09:13:22.960526,47802,3.003906,3.089844,3.015625,-1,165.710432,24.271499
2025-08-14T09:13:23.396578,47803,3.007812,3.085938,3.0117190000000003,-1,165.710432,24.271499
2025-08-14T09:13:23.938354,47804,3.007812,3.089844,3.015625,-1,165.832503,24.271499
2025-08-14T09:13:24.374157,47805,3.003906,3.089844,3.007812,-1,165.649397,24.262052
2025-08-14T09:13:24.828157,47806,3.007812,3.089844,3.0117190000000003,-1,165.771467,24.262052
2025-08-14T09:13:25.257562,47807,3.007812,3.089844,3.0117190000000003,-1,165.771467,24.262052
2025-08-14T09:13:25.711012,47808,3.003906,3.089844,3.003906,-1,165.710432,24.262052
2025-08-14T09:13:26.145699,47809,3.007812,3.089844,3.0117190000000003,-1,165.649397,24.271499
2025-08-14T09:13:26.582080,47810,3.007812,3.09375,3.0117190000000003,-1,165.649397,24.271499
2025-08-14T09:13:27.026077,47811,3.003906,3.089844,3.0117190000000003,-1,165.588362,24.271499
2025-08-14T09:13:27.664944,47812,3.007812,3.09375,3.015625,-1,165.649397,24.280946
2025-08-14T09:13:28.097944,47813,3.007812,3.09375,3.015625,-1,165.710432,24.280946
2025-08-14T09:13:28.534924,47814,3.003906,3.089844,3.007812,-1,165.710432,24.280946
2025-08-14T09:13:28.974680,47815,3.003906,3.089844,3.015625,-1,165.710432,24.280946
2025-08-14T09:13:29.403822,47816,3.003906,3.089844,3.007812,-1,165.649397,24.290393
2025-08-14T09:13:29.952677,47817,3.003906,3.09375,3.0117190000000003,-1,165.771467,24.280946
2025-08-14T09:13:30.403676,47818,3.007812,3.089844,3.015625,-1,165.710432,24.290393
2025-08-14T09:13:30.843691,47819,3.003906,3.089844,3.019531,-1,165.649397,24.299841
2025-08-14T09:13:31.280915,47820,3.007812,3.089844,3.019531,-1,165.649397,24.299841
2025-08-14T09:13:31.717013,47821,3.003906,3.089844,3.015625,-1,165.710432,24.299841
2025-08-14T09:13:32.150093,47822,3.003906,3.09375,3.015625,-1,165.710432,24.309288
2025-08-14T09:13:32.594094,47823,3.007812,3.089844,3.015625,-1,165.649397,24.309288
2025-08-14T09:13:33.020695,47824,3.003906,3.089844,3.007812,-1,165.771467,24.318737
2025-08-14T09:13:33.457257,47825,3.003906,3.089844,3.0117190000000003,-1,165.710432,24.318737
2025-08-14T09:13:33.913227,47826,3.007812,3.089844,3.0117190000000003,-1,165.771467,24.318737
2025-08-14T09:13:34.338253,47827,3.003906,3.09375,3.019531,-1,165.649397,24.309288
2025-08-14T09:13:34.780252,47828,3.003906,3.097656,3.0117190000000003,-1,165.649397,24.309288
2025-08-14T09:13:35.217252,47829,3.007812,3.085938,3.0117190000000003,-1,165.649397,24.309288
2025-08-14T09:13:35.948205,47830,3.003906,3.089844,3.019531,-1,165.771467,24.309288
2025-08-14T09:13:36.384205,47831,3.007812,3.089844,3.0117190000000003,-1,165.710432,24.309288
2025-08-14T09:13:36.823205,47832,3.003906,3.089844,3.019531,-1,165.649397,24.309288
2025-08-14T09:13:37.364492,47833,3.003906,3.089844,3.015625,-1,165.771467,24.309288
2025-08-14T09:13:37.806292,47834,3.003906,3.089844,3.007812,-1,165.649397,24.309288
2025-08-14T09:13:38.245290,47835,3.003906,3.09375,3.015625,-1,165.588362,24.299841
2025-08-14T09:13:38.782310,47836,3.007812,3.09375,3.007812,-1,165.771467,24.299841
2025-08-14T09:13:39.224310,47837,3.003906,3.09375,3.0117190000000003,-1,165.649397,24.299841
2025-08-14T09:13:39.756067,47838,3.003906,3.089844,3.0117190000000003,-1,165.771467,24.299841
2025-08-14T09:13:40.199605,47839,3.003906,3.085938,3.019531,-1,165.649397,24.299841
2025-08-14T09:13:40.643610,47840,3.003906,3.089844,3.0117190000000003,-1,165.832503,24.299841
2025-08-14T09:13:41.500256,47841,3.007812,3.09375,3.0117190000000003,-1,165.832503,24.299841
2025-08-14T09:13:41.944875,47842,3.003906,3.09375,3.015625,-1,165.710432,24.299841
2025-08-14T09:13:42.376616,47843,3.003906,3.089844,3.019531,-1,165.771467,24.299841
2025-08-14T09:13:42.814617,47844,3.003906,3.089844,3.0117190000000003,-1,165.771467,24.290393
2025-08-14T09:13:43.254791,47845,3.003906,3.085938,3.0117190000000003,-1,165.649397,24.290393
2025-08-14T09:13:43.702792,47846,3.003906,3.089844,3.0117190000000003,-1,165.771467,24.280946
2025-08-14T09:13:44.155791,47847,3.003906,3.09375,3.015625,-1,165.771467,24.290393
2025-08-14T09:13:44.587267,47848,3.003906,3.085938,3.007812,-1,165.832503,24.290393
2025-08-14T09:13:45.138267,47849,3.003906,3.09375,3.015625,-1,165.832503,24.280946
2025-08-14T09:13:45.788267,47850,3.003906,3.089844,3.007812,-1,165.832503,24.280946
2025-08-14T09:13:46.221267,47851,3.003906,3.089844,3.007812,-1,165.832503,24.280946
2025-08-14T09:13:46.666266,47852,3.007812,3.09375,3.0117190000000003,-1,165.771467,24.280946
2025-08-14T09:13:47.099257,47853,3.003906,3.089844,3.0117190000000003,-1,165.771467,24.280946
2025-08-14T09:13:47.540252,47854,3.003906,3.09375,3.0117190000000003,-1,165.710432,24.280946
2025-08-14T09:13:47.977807,47855,3.003906,3.09375,3.019531,-1,165.832503,24.290393
2025-08-14T09:13:48.413581,47856,3.007812,3.09375,3.007812,-1,165.649397,24.280946
2025-08-14T09:13:48.846580,47857,3.007812,3.09375,3.015625,-1,165.710432,24.280946
2025-08-14T09:13:49.272887,47858,3.003906,3.089844,3.015625,-1,165.771467,24.271499
2025-08-14T09:13:49.726465,47859,3.003906,3.09375,3.003906,-1,165.832503,24.271499
2025-08-14T09:13:50.165493,47860,3.007812,3.089844,3.019531,-1,165.771467,24.271499
2025-08-14T09:13:50.811236,47861,3.007812,3.09375,3.007812,-1,165.771467,24.271499
2025-08-14T09:13:51.353270,47862,3.003906,3.085938,3.019531,-1,165.832503,24.280946
2025-08-14T09:13:51.906911,47863,3.007812,3.09375,3.007812,-1,165.771467,24.280946
2025-08-14T09:13:52.332334,47864,3.003906,3.089844,3.007812,-1,165.710432,24.280946
2025-08-14T09:13:52.770347,47865,3.003906,3.09375,3.0117190000000003,-1,165.710432,24.280946
2025-08-14T09:13:53.216346,47866,3.003906,3.09375,3.019531,-1,165.710432,24.290393
2025-08-14T09:13:53.647365,47867,3.003906,3.09375,3.015625,-1,165.832503,24.271499
2025-08-14T09:13:54.094167,47868,3.007812,3.09375,3.015625,-1,165.649397,24.262052
2025-08-14T09:13:54.532955,47869,3.003906,3.089844,3.007812,-1,165.832503,24.262052
2025-08-14T09:13:54.957882,47870,3.007812,3.097656,3.015625,-1,165.649397,24.252606
2025-08-14T09:13:55.493919,47871,3.007812,3.085938,3.0117190000000003,-1,165.771467,24.252606
2025-08-14T09:13:55.933912,47872,3.003906,3.09375,3.0117190000000003,-1,165.649397,24.252606
2025-08-14T09:13:56.379539,47873,3.003906,3.085938,3.0117190000000003,-1,165.771467,24.243159
2025-08-14T09:13:56.825989,47874,3.007812,3.089844,3.015625,-1,165.649397,24.243159
2025-08-14T09:13:57.368309,47875,3.007812,3.09375,3.0117190000000003,-1,165.771467,24.224268
2025-08-14T09:13:57.923555,47876,3.003906,3.097656,3.0117190000000003,-1,165.710432,24.233713
2025-08-14T09:13:58.353559,47877,3.007812,3.089844,3.003906,-1,165.832503,24.224268
2025-08-14T09:13:58.801497,47878,3.011719,3.09375,3.007812,-1,165.710432,24.233713
2025-08-14T09:13:59.245607,47879,3.007812,3.097656,3.015625,-1,165.832503,24.233713
2025-08-14T09:13:59.682045,47880,3.003906,3.09375,3.019531,-1,165.771467,24.233713
2025-08-14T09:14:00.120340,47881,3.003906,3.089844,3.019531,-1,165.710432,24.233713
2025-08-14T09:14:00.550828,47882,3.003906,3.09375,3.0117190000000003,-1,165.771467,24.243159
2025-08-14T09:14:00.995828,47883,3.003906,3.09375,3.0117190000000003,-1,165.832503,24.243159
2025-08-14T09:14:01.425826,47884,3.003906,3.085938,3.015625,-1,165.649397,24.243159
2025-08-14T09:14:01.877827,47885,3.003906,3.085938,3.019531,-1,165.588362,24.243159
2025-08-14T09:14:02.324826,47886,3.007812,3.09375,3.019531,-1,165.771467,24.243159
2025-08-14T09:14:02.772125,47887,3.003906,3.09375,3.0117190000000003,-1,165.588362,24.243159
2025-08-14T09:14:03.222159,47888,3.003906,3.09375,3.015625,-1,165.649397,24.252606
2025-08-14T09:14:03.653159,47889,3.003906,3.089844,3.015625,-1,165.649397,24.252606
2025-08-14T09:14:04.092162,47890,3.003906,3.089844,3.023438,-1,165.649397,24.262052
2025-08-14T09:14:04.533469,47891,3.011719,3.09375,3.0117190000000003,-1,165.588362,24.262052
2025-08-14T09:14:04.979470,47892,3.007812,3.09375,3.015625,-1,165.710432,24.262052
2025-08-14T09:14:05.420341,47893,3.003906,3.089844,3.019531,-1,165.710432,24.271499
2025-08-14T09:14:06.126341,47894,3.003906,3.089844,3.007812,-1,165.771467,24.262052
2025-08-14T09:14:06.667306,47895,3.007812,3.09375,3.019531,-1,165.710432,24.262052
2025-08-14T09:14:07.102591,47896,3.003906,3.09375,3.0117190000000003,-1,165.771467,24.271499
2025-08-14T09:14:07.535250,47897,3.003906,3.089844,3.015625,-1,165.649397,24.271499
2025-08-14T09:14:07.977250,47898,3.007812,3.089844,3.007812,-1,165.649397,24.271499
2025-08-14T09:14:08.412368,47899,3.003906,3.089844,3.015625,-1,165.710432,24.271499
2025-08-14T09:14:08.854369,47900,3.003906,3.09375,3.0117190000000003,-1,165.771467,24.280946
2025-08-14T09:14:09.386549,47901,3.007812,3.089844,3.0117190000000003,-1,165.649397,24.280946
2025-08-14T09:14:09.830475,47902,3.003906,3.089844,3.007812,-1,165.649397,24.290393
2025-08-14T09:14:10.366858,47903,3.003906,3.09375,3.0117190000000003,-1,165.710432,24.290393
2025-08-14T09:14:10.808376,47904,3.003906,3.09375,3.015625,-1,165.649397,24.290393
2025-08-14T09:14:11.247375,47905,3.007812,3.089844,3.023438,-1,165.588362,24.290393
2025-08-14T09:14:11.676443,47906,3.003906,3.089844,3.0117190000000003,-1,165.649397,24.299841
2025-08-14T09:14:12.223563,47907,3.003906,3.09375,3.023438,-1,165.588362,24.299841
2025-08-14T09:14:12.767571,47908,3.003906,3.085938,3.0117190000000003,-1,165.649397,24.299841
2025-08-14T09:14:13.217050,47909,3.003906,3.09375,3.015625,-1,165.588362,24.309288
2025-08-14T09:14:13.645845,47910,3.003906,3.089844,3.007812,-1,165.710432,24.309288
2025-08-14T09:14:14.079390,47911,3.007812,3.085938,3.007812,-1,165.649397,24.309288
2025-08-14T09:14:14.521389,47912,3.003906,3.09375,3.0117190000000003,-1,165.771467,24.318737
2025-08-14T09:14:14.958976,47913,3.007812,3.089844,3.015625,-1,165.649397,24.309288
2025-08-14T09:14:15.502113,47914,3.003906,3.09375,3.0117190000000003,-1,165.649397,24.309288
2025-08-14T09:14:16.149938,47915,3.003906,3.09375,3.015625,-1,165.649397,24.309288
2025-08-14T09:14:16.595939,47916,3.007812,3.09375,3.015625,-1,165.771467,24.318737
2025-08-14T09:14:17.033962,47917,3.007812,3.09375,3.0117190000000003,-1,165.649397,24.318737
2025-08-14T09:14:17.461149,47918,3.007812,3.089844,3.015625,-1,165.771467,24.318737
2025-08-14T09:14:17.903149,47919,3.007812,3.09375,3.007812,-1,165.771467,24.328185
2025-08-14T09:14:18.348264,47920,3.003906,3.097656,3.0117190000000003,-1,165.832503,24.328185
2025-08-14T09:14:18.815214,47921,3.003906,3.09375,3.019531,-1,165.710432,24.318737
2025-08-14T09:14:19.246160,47922,3.003906,3.089844,3.007812,-1,165.771467,24.328185
2025-08-14T09:14:19.800676,47923,3.003906,3.089844,3.0117190000000003,-1,165.771467,24.337633
2025-08-14T09:14:20.257676,47924,3.007812,3.089844,3.015625,-1,165.832503,24.337633
2025-08-14T09:14:21.012679,47925,3.007812,3.089844,3.0117190000000003,-1,165.771467,24.347082
2025-08-14T09:14:21.708676,47926,3.007812,3.09375,3.015625,-1,165.649397,24.337633
2025-08-14T09:14:22.156784,47927,3.007812,3.09375,3.007812,-1,165.771467,24.337633
2025-08-14T09:14:22.594784,47928,3.007812,3.09375,3.015625,-1,165.771467,24.337633
2025-08-14T09:14:23.060785,47929,3.003906,3.089844,3.007812,-1,165.649397,24.337633
2025-08-14T09:14:23.532784,47930,3.003906,3.09375,3.0117190000000003,-1,165.649397,24.337633
2025-08-14T09:14:23.977849,47931,3.007812,3.089844,3.015625,-1,165.832503,24.328185
2025-08-14T09:14:24.412904,47932,3.003906,3.089844,3.015625,-1,165.832503,24.328185
2025-08-14T09:14:24.857904,47933,3.003906,3.085938,3.023438,-1,165.893538,24.328185
2025-08-14T09:14:25.301006,47934,3.007812,3.089844,3.015625,-1,165.832503,24.328185
2025-08-14T09:14:25.745008,47935,3.007812,3.09375,3.007812,-1,165.710432,24.328185
2025-08-14T09:14:26.179033,47936,3.003906,3.089844,3.0117190000000003,-1,165.649397,24.318737
2025-08-14T09:14:26.712033,47937,3.003906,3.09375,3.007812,-1,165.710432,24.318737
2025-08-14T09:14:27.144358,47938,3.003906,3.09375,3.015625,-1,165.832503,24.309288
2025-08-14T09:14:27.579359,47939,3.007812,3.085938,3.007812,-1,165.771467,24.309288
2025-08-14T09:14:28.022145,47940,3.003906,3.085938,3.015625,-1,165.893538,24.309288
2025-08-14T09:14:28.464176,47941,3.007812,3.09375,3.0117190000000003,-1,165.649397,24.299841
2025-08-14T09:14:28.911522,47942,3.003906,3.09375,3.015625,-1,165.771467,24.299841
2025-08-14T09:14:29.358560,47943,3.003906,3.09375,3.015625,-1,165.832503,24.280946
2025-08-14T09:14:29.793556,47944,3.003906,3.09375,3.015625,-1,165.771467,24.290393
2025-08-14T09:14:30.241603,47945,3.007812,3.085938,3.015625,-1,165.710432,24.280946
2025-08-14T09:14:30.672604,47946,3.007812,3.097656,3.0117190000000003,-1,165.588362,24.280946
2025-08-14T09:14:31.322055,47947,3.007812,3.085938,3.019531,-1,165.649397,24.271499
2025-08-14T09:14:31.756055,47948,3.007812,3.09375,3.0117190000000003,-1,165.710432,24.271499
2025-08-14T09:14:32.183085,47949,3.003906,3.089844,3.0117190000000003,-1,165.771467,24.271499
2025-08-14T09:14:32.628444,47950,3.003906,3.09375,3.015625,-1,165.649397,24.262052
2025-08-14T09:14:33.060656,47951,3.003906,3.085938,3.015625,-1,165.771467,24.262052
2025-08-14T09:14:33.499228,47952,3.003906,3.089844,3.007812,-1,165.710432,24.252606
2025-08-14T09:14:33.958225,47953,3.003906,3.085938,3.015625,-1,165.710432,24.243159
2025-08-14T09:14:34.500933,47954,3.007812,3.09375,3.019531,-1,165.649397,24.243159
2025-08-14T09:14:35.046680,47955,3.003906,3.085938,3.0117190000000003,-1,165.649397,24.233713
2025-08-14T09:14:35.486678,47956,3.007812,3.089844,3.0117190000000003,-1,165.649397,24.224268
2025-08-14T09:14:36.079678,47957,3.007812,3.089844,3.015625,-1,165.649397,24.233713
2025-08-14T09:14:37.147470,47958,3.003906,3.089844,3.0117190000000003,-1,165.832503,24.233713
2025-08-14T09:14:37.597471,47959,3.003906,3.09375,3.015625,-1,165.771467,24.224268
2025-08-14T09:14:39.067984,47960,3.003906,3.09375,3.015625,-1,165.832503,24.224268
2025-08-14T09:14:39.517984,47961,3.003906,3.085938,3.0117190000000003,-1,165.649397,24.195932
2025-08-14T09:14:39.972000,47962,3.007812,3.089844,3.015625,-1,165.588362,24.195932
2025-08-14T09:14:40.404016,47963,3.007812,3.089844,3.007812,-1,165.588362,24.186487
2025-08-14T09:14:40.852768,47964,3.003906,3.09375,3.0117190000000003,-1,165.649397,24.186487
2025-08-14T09:14:41.282140,47965,3.007812,3.089844,3.0117190000000003,-1,165.649397,24.195932
2025-08-14T09:14:41.721763,47966,3.007812,3.089844,3.0117190000000003,-1,165.710432,24.195932
2025-08-14T09:14:42.157762,47967,3.003906,3.09375,3.015625,-1,165.771467,24.195932
2025-08-14T09:14:42.594226,47968,3.003906,3.09375,3.019531,-1,165.710432,24.214822
2025-08-14T09:14:43.139228,47969,3.007812,3.097656,3.023438,-1,165.771467,24.214822
2025-08-14T09:14:43.574285,47970,3.003906,3.089844,3.0117190000000003,-1,165.649397,24.214822
2025-08-14T09:14:44.013205,47971,3.003906,3.097656,3.0117190000000003,-1,165.832503,24.224268
2025-08-14T09:14:44.443207,47972,3.003906,3.089844,3.007812,-1,165.771467,24.224268
2025-08-14T09:14:44.887721,47973,3.007812,3.09375,3.015625,-1,165.771467,24.233713
2025-08-14T09:14:45.326721,47974,3.007812,3.085938,3.015625,-1,165.588362,24.243159
2025-08-14T09:14:45.774731,47975,3.007812,3.085938,3.007812,-1,165.649397,24.243159
2025-08-14T09:14:46.219869,47976,3.003906,3.097656,3.019531,-1,165.710432,24.243159
2025-08-14T09:14:46.657869,47977,3.003906,3.09375,3.023438,-1,165.710432,24.243159
2025-08-14T09:14:47.093471,47978,3.007812,3.09375,3.003906,-1,165.710432,24.252606
2025-08-14T09:14:47.749418,47979,3.003906,3.09375,3.0117190000000003,-1,165.649397,24.252606
2025-08-14T09:14:48.397258,47980,3.003906,3.089844,3.007812,-1,165.649397,24.252606
2025-08-14T09:14:48.844929,47981,3.007812,3.09375,3.0117190000000003,-1,165.588362,24.262052
2025-08-14T09:14:49.280528,47982,3.003906,3.09375,3.003906,-1,165.588362,24.262052
2025-08-14T09:14:49.717528,47983,3.007812,3.089844,3.015625,-1,165.588362,24.271499
2025-08-14T09:14:50.272428,47984,3.003906,3.089844,3.0117190000000003,-1,165.649397,24.262052
2025-08-14T09:14:51.076419,47985,3.007812,3.089844,3.015625,-1,165.588362,24.262052
2025-08-14T09:14:51.511064,47986,3.003906,3.097656,3.007812,-1,165.710432,24.262052
2025-08-14T09:14:51.955065,47987,3.003906,3.089844,3.007812,-1,165.832503,24.271499
2025-08-14T09:14:52.405063,47988,3.007812,3.09375,3.007812,-1,165.710432,24.262052
2025-08-14T09:14:52.879064,47989,3.007812,3.09375,3.015625,-1,165.771467,24.262052
2025-08-14T09:14:53.334064,47990,3.007812,3.09375,3.019531,-1,165.649397,24.252606
2025-08-14T09:14:53.885190,47991,3.003906,3.089844,3.019531,-1,165.649397,24.243159
2025-08-14T09:14:54.328201,47992,3.003906,3.097656,3.015625,-1,165.771467,24.252606
2025-08-14T09:14:54.784189,47993,3.003906,3.09375,3.015625,-1,165.710432,24.252606
2025-08-14T09:14:55.233064,47994,3.007812,3.097656,3.0117190000000003,-1,165.710432,24.252606
2025-08-14T09:14:55.666553,47995,3.007812,3.09375,3.0117190000000003,-1,165.710432,24.262052
2025-08-14T09:14:56.211131,47996,3.003906,3.085938,3.0117190000000003,-1,165.649397,24.262052
2025-08-14T09:14:56.741212,47997,3.007812,3.09375,3.023438,-1,165.588362,24.262052
2025-08-14T09:14:57.189217,47998,3.003906,3.089844,3.0117190000000003,-1,165.588362,24.252606
2025-08-14T09:14:57.622212,47999,3.007812,3.089844,3.019531,-1,165.588362,24.243159
2025-08-14T09:14:58.072504,48000,3.003906,3.089844,3.007812,-1,165.771467,24.252606
2025-08-14T09:14:58.613504,48001,3.003906,3.09375,3.019531,-1,165.649397,24.243159
2025-08-14T09:14:59.050688,48002,3.007812,3.09375,3.0117190000000003,-1,165.710432,24.233713
2025-08-14T09:14:59.487113,48003,3.003906,3.089844,3.015625,-1,165.588362,24.233713
2025-08-14T09:15:00.042113,48004,3.003906,3.085938,3.0117190000000003,-1,165.588362,24.224268
2025-08-14T09:15:00.574948,48005,3.003906,3.089844,3.007812,-1,165.710432,24.224268
2025-08-14T09:15:01.023234,48006,3.003906,3.085938,3.0117190000000003,-1,165.588362,24.233713
2025-08-14T09:15:01.462958,48007,3.003906,3.085938,3.019531,-1,165.649397,24.233713
2025-08-14T09:15:01.900636,48008,3.003906,3.089844,3.0117190000000003,-1,165.710432,24.233713
2025-08-14T09:15:02.337633,48009,3.007812,3.09375,3.015625,-1,165.649397,24.243159
2025-08-14T09:15:02.772801,48010,3.007812,3.089844,3.0117190000000003,-1,165.710432,24.243159
2025-08-14T09:15:03.320114,48011,3.003906,3.09375,3.015625,-1,165.588362,24.252606
2025-08-14T09:15:03.758182,48012,3.003906,3.089844,3.0117190000000003,-1,165.771467,24.252606
2025-08-14T09:15:04.195182,48013,3.003906,3.089844,3.015625,-1,165.710432,24.243159
2025-08-14T09:15:04.630183,48014,3.003906,3.089844,3.0117190000000003,-1,165.771467,24.243159
2025-08-14T09:15:05.077568,48015,3.007812,3.089844,3.015625,-1,165.710432,24.252606
2025-08-14T09:15:05.789541,48016,3.003906,3.089844,3.007812,-1,165.588362,24.243159
2025-08-14T09:15:06.678113,48017,3.003906,3.089844,3.003906,-1,165.710432,24.243159
2025-08-14T09:15:07.109110,48018,3.007812,3.09375,3.019531,-1,165.649397,24.233713
2025-08-14T09:15:07.546920,48019,3.007812,3.089844,3.0117190000000003,-1,165.527327,24.233713
2025-08-14T09:15:07.983575,48020,3.003906,3.09375,3.015625,-1,165.771467,24.233713
2025-08-14T09:15:08.427575,48021,3.003906,3.097656,3.019531,-1,165.588362,24.233713
2025-08-14T09:15:08.869663,48022,3.003906,3.089844,3.019531,-1,165.710432,24.233713
2025-08-14T09:15:09.320651,48023,3.003906,3.09375,3.015625,-1,165.710432,24.233713
2025-08-14T09:15:09.758453,48024,3.007812,3.097656,3.015625,-1,165.649397,24.243159
2025-08-14T09:15:10.200028,48025,3.003906,3.089844,3.019531,-1,165.649397,24.243159
2025-08-14T09:15:10.625054,48026,3.003906,3.089844,3.015625,-1,165.588362,24.243159
2025-08-14T09:15:11.060055,48027,3.003906,3.09375,3.0117190000000003,-1,165.710432,24.243159
2025-08-14T09:15:11.488054,48028,3.011719,3.085938,3.015625,-1,165.649397,24.252606
2025-08-14T09:15:11.925099,48029,3.007812,3.089844,3.015625,-1,165.710432,24.262052
2025-08-14T09:15:12.373155,48030,3.011719,3.089844,3.007812,-1,165.649397,24.252606
2025-08-14T09:15:12.803155,48031,3.003906,3.089844,3.019531,-1,165.832503,24.262052
2025-08-14T09:15:13.251189,48032,3.003906,3.089844,3.0117190000000003,-1,165.649397,24.262052
2025-08-14T09:15:13.694947,48033,3.003906,3.089844,3.007812,-1,165.588362,24.271499
2025-08-14T09:15:14.132498,48034,3.003906,3.089844,3.007812,-1,165.710432,24.271499
2025-08-14T09:15:14.579499,48035,3.007812,3.089844,3.007812,-1,165.771467,24.280946
2025-08-14T09:15:15.015942,48036,3.007812,3.09375,3.015625,-1,165.771467,24.280946
2025-08-14T09:15:15.463941,48037,3.003906,3.085938,3.0117190000000003,-1,165.588362,24.271499
2025-08-14T09:15:15.899013,48038,3.003906,3.089844,3.0117190000000003,-1,165.588362,24.280946
2025-08-14T09:15:16.337523,48039,3.003906,3.09375,3.019531,-1,165.710432,24.280946
2025-08-14T09:15:16.781031,48040,3.003906,3.089844,3.019531,-1,165.649397,24.280946
2025-08-14T09:15:17.222772,48041,3.003906,3.089844,3.015625,-1,165.832503,24.280946
2025-08-14T09:15:17.668772,48042,3.003906,3.09375,3.007812,-1,165.710432,24.280946
2025-08-14T09:15:18.111727,48043,3.007812,3.097656,3.019531,-1,165.588362,24.290393
2025-08-14T09:15:18.547059,48044,3.003906,3.09375,3.023438,-1,165.649397,24.299841
2025-08-14T09:15:18.986107,48045,3.003906,3.09375,3.0117190000000003,-1,165.710432,24.290393
2025-08-14T09:15:19.422107,48046,3.007812,3.089844,3.019531,-1,165.832503,24.299841
2025-08-14T09:15:19.850107,48047,3.003906,3.09375,3.019531,-1,165.710432,24.290393
2025-08-14T09:15:20.314115,48048,3.003906,3.089844,3.015625,-1,165.649397,24.299841
2025-08-14T09:15:21.078954,48049,3.007812,3.097656,3.0117190000000003,-1,165.588362,24.290393
2025-08-14T09:15:21.538956,48050,3.003906,3.097656,3.0117190000000003,-1,165.649397,24.290393
2025-08-14T09:15:22.080471,48051,3.003906,3.089844,3.019531,-1,165.649397,24.299841
2025-08-14T09:15:22.515032,48052,3.003906,3.09375,3.015625,-1,165.649397,24.299841
2025-08-14T09:15:22.958920,48053,3.003906,3.09375,3.0117190000000003,-1,165.710432,24.299841
2025-08-14T09:15:23.499922,48054,3.003906,3.089844,3.0117190000000003,-1,165.771467,24.290393
2025-08-14T09:15:23.954920,48055,3.007812,3.09375,3.015625,-1,165.771467,24.290393
2025-08-14T09:15:24.408921,48056,3.003906,3.097656,3.0117190000000003,-1,165.710432,24.280946
2025-08-14T09:15:24.857921,48057,3.003906,3.085938,3.003906,-1,165.771467,24.290393
2025-08-14T09:15:25.309376,48058,3.007812,3.09375,3.0117190000000003,-1,165.649397,24.290393
2025-08-14T09:15:25.965965,48059,3.007812,3.09375,3.0117190000000003,-1,165.649397,24.290393
2025-08-14T09:15:26.523966,48060,3.003906,3.09375,3.015625,-1,165.832503,24.290393
2025-08-14T09:15:26.959305,48061,3.007812,3.089844,3.015625,-1,165.710432,24.290393
2025-08-14T09:15:27.408791,48062,3.011719,3.09375,3.015625,-1,165.710432,24.290393
2025-08-14T09:15:27.846247,48063,3.003906,3.09375,3.019531,-1,165.649397,24.290393
2025-08-14T09:15:28.287844,48064,3.007812,3.09375,3.015625,-1,165.710432,24.290393
2025-08-14T09:15:28.732844,48065,3.007812,3.09375,3.019531,-1,165.588362,24.280946
2025-08-14T09:15:29.280526,48066,3.007812,3.085938,3.0117190000000003,-1,165.649397,24.290393
2025-08-14T09:15:29.718527,48067,3.003906,3.09375,3.015625,-1,165.832503,24.299841
2025-08-14T09:15:30.149712,48068,3.011719,3.085938,3.0117190000000003,-1,165.771467,24.299841
2025-08-14T09:15:30.963111,48069,3.003906,3.085938,3.019531,-1,165.832503,24.290393
2025-08-14T09:15:31.404136,48070,3.003906,3.089844,3.0117190000000003,-1,165.710432,24.290393
2025-08-14T09:15:31.869136,48071,3.003906,3.089844,3.015625,-1,165.588362,24.290393
2025-08-14T09:15:32.325467,48072,3.007812,3.089844,3.015625,-1,165.832503,24.299841
2025-08-14T09:15:32.757439,48073,3.007812,3.09375,3.0117190000000003,-1,165.771467,24.290393
2025-08-14T09:15:33.199439,48074,3.007812,3.09375,3.0117190000000003,-1,165.588362,24.290393
2025-08-14T09:15:33.634997,48075,3.007812,3.089844,3.015625,-1,165.649397,24.299841
2025-08-14T09:15:34.294450,48076,3.003906,3.089844,3.0117190000000003,-1,165.649397,24.299841
2025-08-14T09:15:34.736948,48077,3.007812,3.09375,3.015625,-1,165.771467,24.299841
2025-08-14T09:15:35.179260,48078,3.003906,3.089844,3.0117190000000003,-1,165.649397,24.299841
2025-08-14T09:15:35.916260,48079,3.007812,3.097656,3.015625,-1,165.649397,24.309288
2025-08-14T09:15:36.463984,48080,3.003906,3.09375,3.019531,-1,165.649397,24.309288
2025-08-14T09:15:36.894984,48081,3.007812,3.089844,3.019531,-1,165.771467,24.318737
2025-08-14T09:15:37.449148,48082,3.003906,3.09375,3.019531,-1,165.832503,24.318737
2025-08-14T09:15:37.884147,48083,3.003906,3.089844,3.0117190000000003,-1,165.832503,24.328185
2025-08-14T09:15:38.327517,48084,3.007812,3.085938,3.023438,-1,165.710432,24.318737
2025-08-14T09:15:38.782532,48085,3.003906,3.089844,3.003906,-1,165.710432,24.328185
2025-08-14T09:15:39.222587,48086,3.011719,3.089844,3.0117190000000003,-1,165.710432,24.328185
2025-08-14T09:15:39.674957,48087,3.003906,3.09375,3.015625,-1,165.649397,24.328185
2025-08-14T09:15:40.113957,48088,3.007812,3.09375,3.019531,-1,165.832503,24.328185
2025-08-14T09:15:40.549957,48089,3.003906,3.085938,3.015625,-1,165.649397,24.328185
2025-08-14T09:15:41.097066,48090,3.007812,3.089844,3.0117190000000003,-1,165.710432,24.318737
2025-08-14T09:15:41.634721,48091,3.003906,3.09375,3.019531,-1,165.771467,24.328185
2025-08-14T09:15:42.068331,48092,3.007812,3.089844,3.015625,-1,165.771467,24.318737
2025-08-14T09:15:42.512559,48093,3.003906,3.09375,3.0117190000000003,-1,165.710432,24.309288
2025-08-14T09:15:42.961564,48094,3.003906,3.085938,3.0117190000000003,-1,165.649397,24.309288
2025-08-14T09:15:43.405560,48095,3.007812,3.09375,3.023438,-1,165.649397,24.299841
2025-08-14T09:15:43.838655,48096,3.011719,3.097656,3.007812,-1,165.649397,24.290393
2025-08-14T09:15:44.280653,48097,3.003906,3.09375,3.007812,-1,165.649397,24.299841
2025-08-14T09:15:44.720114,48098,3.007812,3.089844,3.0117190000000003,-1,165.649397,24.290393
2025-08-14T09:15:45.151212,48099,3.003906,3.09375,3.015625,-1,165.710432,24.280946
2025-08-14T09:15:45.609212,48100,3.003906,3.09375,3.03125,-1,165.710432,24.290393
2025-08-14T09:15:46.042006,48101,3.003906,3.09375,3.015625,-1,165.710432,24.280946
2025-08-14T09:15:46.494845,48102,3.003906,3.089844,3.007812,-1,165.832503,24.280946
2025-08-14T09:15:46.933470,48103,3.007812,3.085938,3.019531,-1,165.710432,24.271499
2025-08-14T09:15:47.376167,48104,3.003906,3.09375,3.0117190000000003,-1,165.649397,24.271499
2025-08-14T09:15:47.816167,48105,3.007812,3.09375,3.007812,-1,165.771467,24.271499
2025-08-14T09:15:48.252558,48106,3.003906,3.097656,3.0117190000000003,-1,165.588362,24.271499
2025-08-14T09:15:48.691559,48107,3.007812,3.097656,3.015625,-1,165.771467,24.271499
2025-08-14T09:15:49.224810,48108,3.003906,3.09375,3.0117190000000003,-1,165.832503,24.271499
2025-08-14T09:15:49.657078,48109,3.003906,3.09375,3.019531,-1,165.832503,24.280946
2025-08-14T09:15:50.297078,48110,3.003906,3.089844,3.015625,-1,165.771467,24.280946
2025-08-14T09:15:50.943119,48111,3.007812,3.09375,3.007812,-1,165.649397,24.280946
2025-08-14T09:15:51.429115,48112,3.007812,3.089844,3.015625,-1,165.649397,24.280946
2025-08-14T09:15:51.861401,48113,3.003906,3.09375,3.0117190000000003,-1,165.771467,24.280946
2025-08-14T09:15:52.307263,48114,3.003906,3.09375,3.019531,-1,165.771467,24.280946
2025-08-14T09:15:53.195669,48115,3.003906,3.089844,3.019531,-1,165.832503,24.280946
2025-08-14T09:15:53.707655,48116,3.003906,3.089844,3.015625,-1,165.649397,24.290393
2025-08-14T09:15:54.229651,48117,3.007812,3.09375,3.0117190000000003,-1,165.588362,24.290393
2025-08-14T09:15:54.708651,48118,3.007812,3.089844,3.007812,-1,165.710432,24.299841
2025-08-14T09:15:55.196651,48119,3.007812,3.09375,3.0117190000000003,-1,165.771467,24.290393
2025-08-14T09:15:55.804651,48120,3.011719,3.09375,3.007812,-1,165.588362,24.290393
2025-08-14T09:15:56.296651,48121,3.007812,3.089844,3.0117190000000003,-1,165.649397,24.299841
2025-08-14T09:15:56.823653,48122,3.007812,3.09375,3.007812,-1,165.771467,24.299841
2025-08-14T09:15:57.324651,48123,3.003906,3.09375,3.007812,-1,165.771467,24.309288
2025-08-14T09:15:57.840655,48124,3.007812,3.089844,3.015625,-1,165.710432,24.309288
2025-08-14T09:15:58.329655,48125,3.003906,3.09375,3.007812,-1,165.710432,24.309288
2025-08-14T09:15:58.802651,48126,3.007812,3.09375,3.019531,-1,165.710432,24.309288
2025-08-14T09:15:59.268654,48127,3.003906,3.085938,3.015625,-1,165.649397,24.309288
2025-08-14T09:15:59.722651,48128,3.007812,3.09375,3.015625,-1,165.649397,24.309288
2025-08-14T09:16:00.172654,48129,3.003906,3.089844,3.015625,-1,165.649397,24.309288
2025-08-14T09:16:00.725651,48130,3.007812,3.09375,3.0117190000000003,-1,165.771467,24.299841
2025-08-14T09:16:01.166653,48131,3.007812,3.09375,3.0117190000000003,-1,165.710432,24.299841
2025-08-14T09:16:01.722654,48132,3.003906,3.089844,3.0117190000000003,-1,165.710432,24.299841
2025-08-14T09:16:02.161652,48133,3.003906,3.089844,3.023438,-1,165.771467,24.299841
2025-08-14T09:16:02.603651,48134,3.003906,3.09375,3.019531,-1,165.649397,24.299841
2025-08-14T09:16:03.045654,48135,3.003906,3.089844,3.015625,-1,165.588362,24.299841
2025-08-14T09:16:03.496652,48136,3.003906,3.085938,3.0117190000000003,-1,165.649397,24.299841
2025-08-14T09:16:03.944651,48137,3.007812,3.089844,3.007812,-1,165.771467,24.290393
2025-08-14T09:16:04.383652,48138,3.007812,3.09375,3.007812,-1,165.710432,24.299841
2025-08-14T09:16:04.832653,48139,3.007812,3.09375,3.0117190000000003,-1,165.832503,24.309288
2025-08-14T09:16:05.269652,48140,3.003906,3.089844,3.015625,-1,165.710432,24.299841
2025-08-14T09:16:06.039654,48141,3.003906,3.085938,3.019531,-1,165.771467,24.309288
2025-08-14T09:16:06.634654,48142,3.003906,3.089844,3.015625,-1,165.588362,24.299841
2025-08-14T09:16:07.085651,48143,3.007812,3.089844,3.0117190000000003,-1,165.771467,24.299841
2025-08-14T09:16:07.520652,48144,3.003906,3.089844,3.0117190000000003,-1,165.710432,24.280946
2025-08-14T09:16:07.985651,48145,3.003906,3.089844,3.0117190000000003,-1,165.710432,24.280946
2025-08-14T09:16:08.461651,48146,3.003906,3.089844,3.015625,-1,165.649397,24.280946
2025-08-14T09:16:08.909653,48147,3.003906,3.089844,3.007812,-1,165.710432,24.280946
2025-08-14T09:16:09.361650,48148,3.003906,3.09375,3.015625,-1,165.771467,24.280946
2025-08-14T09:16:09.835653,48149,3.003906,3.089844,3.015625,-1,165.771467,24.280946
2025-08-14T09:16:10.272653,48150,3.003906,3.089844,3.015625,-1,165.649397,24.280946
2025-08-14T09:16:10.833652,48151,3.003906,3.089844,3.015625,-1,165.649397,24.280946
2025-08-14T09:16:11.380653,48152,3.007812,3.089844,3.0117190000000003,-1,165.771467,24.280946
2025-08-14T09:16:11.844655,48153,3.007812,3.097656,3.015625,-1,165.771467,24.280946
2025-08-14T09:16:12.295651,48154,3.003906,3.09375,3.015625,-1,165.832503,24.271499
2025-08-14T09:16:12.741652,48155,3.003906,3.085938,3.015625,-1,165.588362,24.280946
2025-08-14T09:16:13.198652,48156,3.007812,3.09375,3.019531,-1,165.649397,24.271499
2025-08-14T09:16:13.655651,48157,3.003906,3.089844,3.015625,-1,165.771467,24.271499
2025-08-14T09:16:14.122651,48158,3.003906,3.089844,3.019531,-1,165.832503,24.271499
2025-08-14T09:16:14.578652,48159,3.003906,3.097656,3.019531,-1,165.649397,24.271499
2025-08-14T09:16:15.140651,48160,3.003906,3.097656,3.007812,-1,165.771467,24.271499
2025-08-14T09:16:15.606652,48161,3.007812,3.089844,3.007812,-1,165.710432,24.262052
2025-08-14T09:16:16.052651,48162,3.003906,3.097656,3.015625,-1,165.832503,24.271499
2025-08-14T09:16:16.639653,48163,3.007812,3.089844,3.0117190000000003,-1,165.832503,24.271499
2025-08-14T09:16:17.114653,48164,3.007812,3.09375,3.015625,-1,165.710432,24.271499
2025-08-14T09:16:17.586653,48165,3.003906,3.09375,3.019531,-1,165.588362,24.271499
2025-08-14T09:16:18.056651,48166,3.007812,3.085938,3.019531,-1,165.649397,24.280946
2025-08-14T09:16:18.615652,48167,3.007812,3.085938,3.015625,-1,165.710432,24.271499
2025-08-14T09:16:19.088655,48168,3.003906,3.09375,3.007812,-1,165.588362,24.271499
2025-08-14T09:16:19.635652,48169,3.003906,3.089844,3.015625,-1,165.588362,24.271499
2025-08-14T09:16:20.319653,48170,3.011719,3.089844,3.0117190000000003,-1,165.649397,24.262052
2025-08-14T09:16:21.211652,48171,3.003906,3.09375,3.019531,-1,165.649397,24.262052
2025-08-14T09:16:21.679653,48172,3.003906,3.09375,3.007812,-1,165.588362,24.252606
2025-08-14T09:16:22.886652,48173,3.003906,3.085938,3.019531,-1,165.649397,24.252606
2025-08-14T09:16:23.354651,48174,3.007812,3.089844,3.015625,-1,165.771467,24.252606
2025-08-14T09:16:23.816655,48175,3.003906,3.09375,3.015625,-1,165.649397,24.252606
2025-08-14T09:16:24.273651,48176,3.003906,3.089844,3.0117190000000003,-1,165.588362,24.252606
2025-08-14T09:16:24.758656,48177,3.011719,3.085938,3.015625,-1,165.771467,24.252606
2025-08-14T09:16:25.446653,48178,3.007812,3.089844,3.0117190000000003,-1,165.771467,24.243159
2025-08-14T09:16:26.019653,48179,3.007812,3.085938,3.019531,-1,165.649397,24.252606
2025-08-14T09:16:26.475651,48180,3.003906,3.089844,3.0117190000000003,-1,165.588362,24.252606
2025-08-14T09:16:27.059653,48181,3.003906,3.09375,3.023438,-1,165.710432,24.262052
2025-08-14T09:16:27.552651,48182,3.007812,3.09375,3.0117190000000003,-1,165.832503,24.252606
2025-08-14T09:16:28.043652,48183,3.003906,3.09375,3.007812,-1,165.649397,24.262052
2025-08-14T09:16:28.551651,48184,3.003906,3.09375,3.0117190000000003,-1,165.710432,24.262052
2025-08-14T09:16:29.027650,48185,3.003906,3.089844,3.015625,-1,165.649397,24.262052
2025-08-14T09:16:29.530652,48186,3.003906,3.089844,3.019531,-1,165.710432,24.262052
2025-08-14T09:16:30.007651,48187,3.003906,3.089844,3.007812,-1,165.710432,24.262052
2025-08-14T09:16:30.469652,48188,3.003906,3.089844,3.015625,-1,165.588362,24.280946
2025-08-14T09:16:30.934652,48189,3.003906,3.09375,3.015625,-1,165.832503,24.271499
2025-08-14T09:16:31.406653,48190,3.003906,3.09375,3.019531,-1,165.649397,24.271499
2025-08-14T09:16:31.869654,48191,3.003906,3.085938,3.0117190000000003,-1,165.649397,24.262052
2025-08-14T09:16:32.331652,48192,3.003906,3.085938,3.0117190000000003,-1,165.771467,24.262052
2025-08-14T09:16:32.796651,48193,3.003906,3.09375,3.019531,-1,165.771467,24.262052
2025-08-14T09:16:33.263651,48194,3.003906,3.089844,3.015625,-1,165.710432,24.262052
2025-08-14T09:16:33.709652,48195,3.003906,3.09375,3.0117190000000003,-1,165.588362,24.252606
2025-08-14T09:16:34.170653,48196,3.007812,3.089844,3.015625,-1,165.771467,24.252606
2025-08-14T09:16:34.721650,48197,3.007812,3.097656,3.023438,-1,165.832503,24.243159
2025-08-14T09:16:35.285652,48198,3.003906,3.085938,3.019531,-1,165.710432,24.243159
2025-08-14T09:16:36.053652,48199,3.003906,3.089844,3.007812,-1,165.588362,24.243159
2025-08-14T09:16:36.545652,48200,3.007812,3.09375,3.019531,-1,165.710432,24.233713
2025-08-14T09:16:37.116652,48201,3.007812,3.085938,3.0117190000000003,-1,165.649397,24.233713
2025-08-14T09:16:37.694653,48202,3.003906,3.09375,3.015625,-1,165.588362,24.224268
2025-08-14T09:16:38.266651,48203,3.011719,3.089844,3.0117190000000003,-1,165.771467,24.214822
2025-08-14T09:16:38.827652,48204,3.003906,3.089844,3.0117190000000003,-1,165.588362,24.214822
2025-08-14T09:16:39.283652,48205,3.007812,3.089844,3.023438,-1,165.466292,24.214822
2025-08-14T09:16:39.736651,48206,3.003906,3.097656,3.0117190000000003,-1,165.588362,24.205377
2025-08-14T09:16:40.307652,48207,3.003906,3.089844,3.019531,-1,165.710432,24.205377
2025-08-14T09:16:40.775651,48208,3.003906,3.089844,3.0117190000000003,-1,165.649397,24.205377
2025-08-14T09:16:41.238653,48209,3.007812,3.09375,3.019531,-1,165.527327,24.205377
2025-08-14T09:16:41.710651,48210,3.007812,3.085938,3.0117190000000003,-1,165.649397,24.195932
2025-08-14T09:16:42.158651,48211,3.007812,3.089844,3.015625,-1,165.588362,24.195932
2025-08-14T09:16:42.606652,48212,3.007812,3.089844,3.019531,-1,165.771467,24.195932
2025-08-14T09:16:43.090651,48213,3.003906,3.09375,3.0117190000000003,-1,165.771467,24.205377
2025-08-14T09:16:43.772651,48214,3.007812,3.089844,3.0117190000000003,-1,165.771467,24.205377
2025-08-14T09:16:44.229651,48215,3.003906,3.09375,3.0117190000000003,-1,165.710432,24.205377
2025-08-14T09:16:44.786652,48216,3.003906,3.09375,3.003906,-1,165.649397,24.205377
2025-08-14T09:16:45.253651,48217,3.007812,3.089844,3.015625,-1,165.710432,24.214822
2025-08-14T09:16:45.735651,48218,3.003906,3.089844,3.0117190000000003,-1,165.588362,24.214822
2025-08-14T09:16:46.221651,48219,3.003906,3.09375,3.007812,-1,165.649397,24.214822
2025-08-14T09:16:46.677651,48220,3.011719,3.089844,3.015625,-1,165.527327,24.224268
2025-08-14T09:16:47.133651,48221,3.003906,3.089844,3.0117190000000003,-1,165.710432,24.224268
2025-08-14T09:16:47.592652,48222,3.007812,3.09375,3.015625,-1,165.710432,24.224268
2025-08-14T09:16:48.062651,48223,3.003906,3.097656,3.007812,-1,165.588362,24.224268
2025-08-14T09:16:48.541651,48224,3.003906,3.09375,3.015625,-1,165.771467,24.243159
2025-08-14T09:16:48.997651,48225,3.007812,3.09375,3.0117190000000003,-1,165.710432,24.243159
2025-08-14T09:16:49.457652,48226,3.003906,3.089844,3.015625,-1,165.710432,24.233713
2025-08-14T09:16:49.921651,48227,3.003906,3.089844,3.0117190000000003,-1,165.649397,24.233713
2025-08-14T09:16:50.382651,48228,3.003906,3.089844,3.003906,-1,165.771467,24.252606
2025-08-14T09:16:51.047652,48229,3.007812,3.09375,3.019531,-1,165.710432,24.243159
2025-08-14T09:16:51.515652,48230,3.003906,3.089844,3.007812,-1,165.710432,24.243159
2025-08-14T09:16:51.975653,48231,3.003906,3.089844,3.015625,-1,165.649397,24.243159
2025-08-14T09:16:52.442652,48232,3.003906,3.089844,3.007812,-1,165.649397,24.233713
2025-08-14T09:16:52.917653,48233,3.003906,3.09375,3.019531,-1,165.588362,24.233713
2025-08-14T09:16:53.496651,48234,3.003906,3.09375,3.019531,-1,165.710432,24.233713
2025-08-14T09:16:53.967651,48235,3.003906,3.097656,3.0117190000000003,-1,165.588362,24.233713
2025-08-14T09:16:54.427651,48236,3.007812,3.089844,3.019531,-1,165.588362,24.233713
2025-08-14T09:16:54.901652,48237,3.003906,3.09375,3.015625,-1,165.527327,24.214822
2025-08-14T09:16:55.364651,48238,3.003906,3.089844,3.015625,-1,165.527327,24.224268
2025-08-14T09:16:55.810652,48239,3.003906,3.085938,3.019531,-1,165.527327,24.224268
2025-08-14T09:16:56.257651,48240,3.007812,3.09375,3.0117190000000003,-1,165.588362,24.214822
2025-08-14T09:16:56.830652,48241,3.003906,3.089844,3.015625,-1,165.588362,24.214822
2025-08-14T09:16:57.318651,48242,3.003906,3.089844,3.0117190000000003,-1,165.527327,24.214822
2025-08-14T09:16:57.777651,48243,3.003906,3.089844,3.0117190000000003,-1,165.466292,24.205377
2025-08-14T09:16:58.237651,48244,3.011719,3.097656,3.015625,-1,165.710432,24.214822
2025-08-14T09:16:58.732656,48245,3.003906,3.089844,3.019531,-1,165.710432,24.224268
2025-08-14T09:16:59.230652,48246,3.003906,3.09375,3.015625,-1,165.527327,24.224268
2025-08-14T09:16:59.821651,48247,3.007812,3.09375,3.015625,-1,165.588362,24.224268
2025-08-14T09:17:00.292652,48248,3.003906,3.085938,3.0117190000000003,-1,165.710432,24.233713
2025-08-14T09:17:00.745652,48249,3.007812,3.09375,3.015625,-1,165.588362,24.224268
2025-08-14T09:17:01.222652,48250,3.007812,3.09375,3.003906,-1,165.710432,24.214822
2025-08-14T09:17:01.785651,48251,3.003906,3.097656,3.0117190000000003,-1,165.527327,24.224268
2025-08-14T09:17:02.346652,48252,3.003906,3.097656,3.007812,-1,165.649397,24.224268
2025-08-14T09:17:02.791652,48253,3.007812,3.09375,3.019531,-1,165.710432,24.224268
2025-08-14T09:17:03.251652,48254,3.007812,3.089844,3.015625,-1,165.588362,24.224268
2025-08-14T09:17:03.816652,48255,3.007812,3.089844,3.015625,-1,165.588362,24.214822
2025-08-14T09:17:04.595651,48256,3.007812,3.09375,3.0117190000000003,-1,165.771467,24.224268
2025-08-14T09:17:05.063651,48257,3.011719,3.089844,3.0117190000000003,-1,165.771467,24.224268
2025-08-14T09:17:05.555652,48258,3.011719,3.085938,3.019531,-1,165.588362,24.224268
2025-08-14T09:17:06.281651,48259,3.003906,3.09375,3.007812,-1,165.527327,24.224268
2025-08-14T09:17:06.849652,48260,3.007812,3.09375,3.019531,-1,165.649397,24.233713
2025-08-14T09:17:07.321651,48261,3.003906,3.09375,3.015625,-1,165.710432,24.224268
2025-08-14T09:17:07.790655,48262,3.011719,3.085938,3.007812,-1,165.649397,24.224268
2025-08-14T09:17:08.245651,48263,3.003906,3.09375,3.0117190000000003,-1,165.649397,24.233713
2025-08-14T09:17:08.705651,48264,3.003906,3.09375,3.0117190000000003,-1,165.710432,24.233713
2025-08-14T09:17:09.171652,48265,3.007812,3.089844,3.015625,-1,165.710432,24.243159
2025-08-14T09:17:09.641652,48266,3.003906,3.089844,3.0117190000000003,-1,165.588362,24.243159
2025-08-14T09:17:10.224652,48267,3.003906,3.097656,3.0117190000000003,-1,165.771467,24.252606
2025-08-14T09:17:10.818652,48268,3.007812,3.097656,3.015625,-1,165.588362,24.252606
2025-08-14T09:17:11.405652,48269,3.003906,3.089844,3.0117190000000003,-1,165.588362,24.262052
2025-08-14T09:17:11.874650,48270,3.003906,3.089844,3.0117190000000003,-1,165.710432,24.271499
2025-08-14T09:17:12.329652,48271,3.003906,3.089844,3.0117190000000003,-1,165.649397,24.271499
2025-08-14T09:17:12.804654,48272,3.007812,3.09375,3.0117190000000003,-1,165.588362,24.280946
2025-08-14T09:17:13.262652,48273,3.003906,3.089844,3.0117190000000003,-1,165.588362,24.271499
2025-08-14T09:17:13.728652,48274,3.003906,3.09375,3.015625,-1,165.588362,24.280946
2025-08-14T09:17:14.293652,48275,3.011719,3.09375,3.015625,-1,165.527327,24.271499
2025-08-14T09:17:14.762652,48276,3.003906,3.089844,3.015625,-1,165.710432,24.271499
2025-08-14T09:17:15.232651,48277,3.003906,3.089844,3.0117190000000003,-1,165.527327,24.271499
2025-08-14T09:17:15.719651,48278,3.003906,3.09375,3.0117190000000003,-1,165.466292,24.271499
2025-08-14T09:17:16.182651,48279,3.003906,3.089844,3.0117190000000003,-1,165.466292,24.271499
2025-08-14T09:17:16.695652,48280,3.007812,3.089844,3.019531,-1,165.466292,24.271499
2025-08-14T09:17:17.377652,48281,3.007812,3.089844,3.0117190000000003,-1,165.527327,24.280946
2025-08-14T09:17:17.859651,48282,3.003906,3.09375,3.015625,-1,165.588362,24.271499
2025-08-14T09:17:18.456651,48283,3.003906,3.089844,3.015625,-1,165.771467,24.262052
2025-08-14T09:17:18.925652,48284,3.003906,3.089844,3.0117190000000003,-1,165.710432,24.252606
2025-08-14T09:17:19.387651,48285,3.003906,3.089844,3.007812,-1,165.649397,24.233713
2025-08-14T09:17:19.845651,48286,3.003906,3.097656,3.015625,-1,165.588362,24.243159
2025-08-14T09:17:20.310652,48287,3.003906,3.089844,3.0117190000000003,-1,165.771467,24.243159
2025-08-14T09:17:20.952654,48288,3.003906,3.089844,3.0117190000000003,-1,165.588362,24.243159
2025-08-14T09:17:21.527653,48289,3.003906,3.09375,3.007812,-1,165.649397,24.233713
2025-08-14T09:17:21.981651,48290,3.007812,3.09375,3.0117190000000003,-1,165.649397,24.233713
2025-08-14T09:17:22.448653,48291,3.003906,3.089844,3.007812,-1,165.771467,24.224268
2025-08-14T09:17:22.934652,48292,3.003906,3.09375,3.0117190000000003,-1,165.771467,24.224268
2025-08-14T09:17:23.387652,48293,3.007812,3.085938,3.0117190000000003,-1,165.649397,24.224268
2025-08-14T09:17:23.847653,48294,3.007812,3.09375,3.0117190000000003,-1,165.649397,24.224268
2025-08-14T09:17:24.404651,48295,3.003906,3.09375,3.007812,-1,165.649397,24.233713
2025-08-14T09:17:24.868652,48296,3.007812,3.089844,3.019531,-1,165.832503,24.224268
2025-08-14T09:17:25.316652,48297,3.007812,3.089844,3.019531,-1,165.771467,24.224268
2025-08-14T09:17:25.772652,48298,3.007812,3.089844,3.015625,-1,165.771467,24.214822
2025-08-14T09:17:26.236651,48299,3.003906,3.09375,3.015625,-1,165.588362,24.224268
2025-08-14T09:17:26.711654,48300,3.003906,3.09375,3.007812,-1,165.527327,24.214822
2025-08-14T09:17:27.164652,48301,3.003906,3.09375,3.007812,-1,165.771467,24.224268
2025-08-14T09:17:27.739652,48302,3.003906,3.09375,3.007812,-1,165.771467,24.224268
2025-08-14T09:17:28.203651,48303,3.007812,3.09375,3.0117190000000003,-1,165.710432,24.224268
2025-08-14T09:17:28.766652,48304,3.007812,3.089844,3.0117190000000003,-1,165.710432,24.214822
2025-08-14T09:17:29.313651,48305,3.003906,3.085938,3.015625,-1,165.710432,24.224268
2025-08-14T09:17:29.771651,48306,3.003906,3.089844,3.0117190000000003,-1,165.649397,24.224268
2025-08-14T09:17:30.324652,48307,3.003906,3.09375,3.0117190000000003,-1,165.649397,24.224268
2025-08-14T09:17:30.805651,48308,3.007812,3.089844,3.007812,-1,165.710432,24.224268
2025-08-14T09:17:31.294651,48309,3.007812,3.09375,3.007812,-1,165.710432,24.233713
2025-08-14T09:17:31.857652,48310,3.011719,3.09375,3.0117190000000003,-1,165.588362,24.233713
2025-08-14T09:17:32.319651,48311,3.003906,3.089844,3.019531,-1,165.588362,24.224268
2025-08-14T09:17:32.808652,48312,3.007812,3.09375,3.0117190000000003,-1,165.649397,24.233713
2025-08-14T09:17:33.379655,48313,3.007812,3.089844,3.015625,-1,165.710432,24.224268
2025-08-14T09:17:33.851652,48314,3.003906,3.089844,3.0117190000000003,-1,165.710432,24.224268
2025-08-14T09:17:34.329652,48315,3.007812,3.09375,3.019531,-1,165.588362,24.224268
2025-08-14T09:17:34.800652,48316,3.003906,3.089844,3.015625,-1,165.649397,24.224268
2025-08-14T09:17:35.246653,48317,3.003906,3.089844,3.015625,-1,165.588362,24.233713
2025-08-14T09:17:35.719653,48318,3.003906,3.09375,3.015625,-1,165.588362,24.224268
2025-08-14T09:17:36.417652,48319,3.007812,3.097656,3.0117190000000003,-1,165.710432,24.224268
2025-08-14T09:17:36.972652,48320,3.003906,3.09375,3.0117190000000003,-1,165.710432,24.224268
2025-08-14T09:17:37.547652,48321,3.007812,3.097656,3.015625,-1,165.649397,24.233713
2025-08-14T09:17:38.121652,48322,3.003906,3.09375,3.015625,-1,165.710432,24.224268
2025-08-14T09:17:38.583542,48323,3.003906,3.089844,3.023438,-1,165.649397,24.224268
2025-08-14T09:17:39.041539,48324,3.007812,3.085938,3.007812,-1,165.649397,24.224268
2025-08-14T09:17:39.495542,48325,3.003906,3.09375,3.015625,-1,165.649397,24.233713
2025-08-14T09:17:39.955542,48326,3.003906,3.089844,3.019531,-1,165.832503,24.224268
2025-08-14T09:17:40.563539,48327,3.003906,3.089844,3.015625,-1,165.954573,24.224268
2025-08-14T09:17:41.044538,48328,3.003906,3.085938,3.003906,-1,166.015608,24.233713
2025-08-14T09:17:41.604538,48329,3.007812,3.089844,3.0117190000000003,-1,165.893538,24.233713
2025-08-14T09:17:42.073538,48330,3.007812,3.09375,3.0117190000000003,-1,165.771467,24.243159
2025-08-14T09:17:42.528539,48331,3.003906,3.089844,3.0117190000000003,-1,165.954573,24.243159
2025-08-14T09:17:43.092541,48332,3.007812,3.089844,3.015625,-1,165.710432,24.243159
2025-08-14T09:17:43.568539,48333,3.003906,3.09375,3.0117190000000003,-1,165.588362,24.243159
2025-08-14T09:17:44.031060,48334,3.003906,3.09375,3.015625,-1,165.588362,24.243159
2025-08-14T09:17:44.512060,48335,3.003906,3.089844,3.015625,-1,165.405257,24.252606
2025-08-14T09:17:45.087060,48336,3.007812,3.089844,3.015625,-1,165.344221,24.252606
2025-08-14T09:17:45.576060,48337,3.003906,3.089844,3.003906,-1,165.405257,24.252606
2025-08-14T09:17:46.081061,48338,3.007812,3.089844,3.0117190000000003,-1,165.161116,24.262052
2025-08-14T09:17:46.532060,48339,3.003906,3.09375,3.0117190000000003,-1,164.916975,24.252606
2025-08-14T09:17:47.019060,48340,3.003906,3.09375,3.015625,-1,164.85594,24.262052
2025-08-14T09:17:47.473061,48341,3.003906,3.09375,3.015625,-1,164.184554,24.262052
2025-08-14T09:17:47.937060,48342,3.007812,3.09375,3.015625,-1,164.306624,24.262052
2025-08-14T09:17:48.398060,48343,3.007812,3.085938,3.023438,-1,164.123518,24.271499
2025-08-14T09:17:48.953060,48344,3.003906,3.097656,3.015625,-1,165.588362,24.280946
2025-08-14T09:17:49.448060,48345,3.050781,3.089844,3.003906,-1,165.771467,24.280946
2025-08-14T09:17:49.906061,48346,3.015625,3.09375,3.015625,-1,165.710432,24.290393
2025-08-14T09:17:50.371060,48347,3.007812,3.089844,3.019531,-1,165.649397,24.299841
2025-08-14T09:17:51.028063,48348,3.007812,3.097656,3.015625,-1,165.710432,24.309288
2025-08-14T09:17:51.643063,48349,3.007812,3.097656,3.015625,-1,165.832503,24.299841
2025-08-14T09:17:52.973845,48350,3.003906,3.085938,3.0117190000000003,-1,165.893538,24.299841
2025-08-14T09:17:55.085667,48351,3.003906,3.09375,3.015625,-1,165.771467,24.299841
2025-08-14T09:17:55.589667,48352,3.011719,3.085938,3.015625,-1,165.893538,24.290393
2025-08-14T09:17:56.171677,48353,3.007812,3.097656,3.015625,-1,165.893538,24.290393
2025-08-14T09:17:56.660677,48354,3.003906,3.09375,3.0273440000000003,-1,165.771467,24.290393
2025-08-14T09:17:57.160678,48355,3.007812,3.09375,3.0117190000000003,-1,165.832503,24.290393
2025-08-14T09:17:57.645488,48356,3.007812,3.089844,3.019531,-1,165.771467,24.290393
2025-08-14T09:17:58.222038,48357,3.007812,3.09375,3.015625,-1,165.832503,24.299841
2025-08-14T09:17:58.718042,48358,3.003906,3.097656,3.0117190000000003,-1,165.832503,24.290393
2025-08-14T09:17:59.301389,48359,3.003906,3.09375,3.0117190000000003,-1,165.832503,24.299841
2025-08-14T09:18:00.064387,48360,3.003906,3.09375,3.015625,-1,165.954573,24.299841
2025-08-14T09:18:00.551390,48361,3.003906,3.085938,3.015625,-1,165.893538,24.290393
2025-08-14T09:18:01.011389,48362,3.003906,3.089844,3.015625,-1,165.832503,24.280946
2025-08-14T09:18:01.634265,48363,3.003906,3.09375,3.023438,-1,165.893538,24.280946
2025-08-14T09:18:02.086264,48364,3.011719,3.085938,3.0117190000000003,-1,165.771467,24.280946
2025-08-14T09:18:02.581264,48365,3.003906,3.09375,3.019531,-1,165.954573,24.280946
2025-08-14T09:18:03.131218,48366,3.007812,3.09375,3.015625,-1,165.893538,24.290393
2025-08-14T09:18:03.816168,48367,3.007812,3.09375,3.0117190000000003,-1,165.771467,24.280946
2025-08-14T09:18:04.278420,48368,3.003906,3.089844,3.023438,-1,165.832503,24.280946
2025-08-14T09:18:04.743181,48369,3.003906,3.097656,3.015625,-1,165.832503,24.271499
2025-08-14T09:18:05.187623,48370,3.007812,3.097656,3.019531,-1,165.954573,24.271499
2025-08-14T09:18:05.643227,48371,3.003906,3.09375,3.015625,-1,165.893538,24.262052
2025-08-14T09:18:06.197200,48372,3.003906,3.09375,3.0117190000000003,-1,165.771467,24.262052
2025-08-14T09:18:06.673204,48373,3.003906,3.09375,3.023438,-1,165.832503,24.252606
2025-08-14T09:18:07.215560,48374,3.007812,3.089844,3.015625,-1,165.771467,24.252606
2025-08-14T09:18:07.677981,48375,3.007812,3.089844,3.015625,-1,165.832503,24.243159
2025-08-14T09:18:08.117608,48376,3.003906,3.09375,3.019531,-1,165.832503,24.252606
2025-08-14T09:18:08.570641,48377,3.007812,3.089844,3.019531,-1,165.832503,24.252606
2025-08-14T09:18:09.022449,48378,3.015625,3.085938,3.015625,-1,165.893538,24.252606
2025-08-14T09:18:09.566646,48379,3.003906,3.09375,3.0117190000000003,-1,165.893538,24.252606
2025-08-14T09:18:10.008677,48380,3.003906,3.09375,3.007812,-1,165.893538,24.262052
2025-08-14T09:18:10.556186,48381,3.007812,3.089844,3.015625,-1,165.893538,24.262052
2025-08-14T09:18:11.013958,48382,3.007812,3.09375,3.007812,-1,166.015608,24.262052
2025-08-14T09:18:11.472125,48383,3.007812,3.09375,3.015625,-1,165.893538,24.271499
2025-08-14T09:18:11.928486,48384,3.007812,3.089844,3.015625,-1,166.015608,24.271499
2025-08-14T09:18:12.382486,48385,3.003906,3.09375,3.015625,-1,166.015608,24.271499
2025-08-14T09:18:12.857487,48386,3.007812,3.09375,3.0117190000000003,-1,165.893538,24.271499
2025-08-14T09:18:13.304829,48387,3.011719,3.085938,3.007812,-1,165.710432,24.271499
2025-08-14T09:18:13.777829,48388,3.003906,3.109375,3.007812,-1,165.588362,24.262052
2025-08-14T09:18:14.440203,48389,3.003906,3.085938,3.0117190000000003,-1,164.73387,24.262052
2025-08-14T09:18:14.928203,48390,3.003906,3.09375,3.019531,-1,164.97801,24.252606
2025-08-14T09:18:15.376290,48391,3.003906,3.09375,3.0117190000000003,-1,165.283186,24.243159
2025-08-14T09:18:15.855290,48392,3.003906,3.085938,3.003906,-1,165.283186,24.243159
2025-08-14T09:18:16.315934,48393,3.003906,3.09375,3.0117190000000003,-1,165.283186,24.233713
2025-08-14T09:18:17.028934,48394,3.003906,3.089844,3.015625,-1,165.466292,24.233713
2025-08-14T09:18:17.582934,48395,3.003906,3.089844,3.015625,-1,165.527327,24.233713
2025-08-14T09:18:18.034503,48396,3.003906,3.09375,3.007812,-1,165.649397,24.224268
2025-08-14T09:18:18.495032,48397,3.003906,3.089844,3.015625,-1,165.588362,24.233713
2025-08-14T09:18:18.949947,48398,3.003906,3.097656,3.023438,-1,165.527327,24.233713
2025-08-14T09:18:19.408948,48399,3.003906,3.085938,3.023438,-1,165.771467,24.233713
2025-08-14T09:18:19.855971,48400,3.003906,3.089844,3.0117190000000003,-1,165.588362,24.233713
2025-08-14T09:18:20.340589,48401,3.003906,3.089844,3.019531,-1,165.649397,24.233713
2025-08-14T09:18:20.789596,48402,3.011719,3.089844,3.0117190000000003,-1,165.649397,24.243159
2025-08-14T09:18:21.263237,48403,3.003906,3.085938,3.015625,-1,165.771467,24.243159
2025-08-14T09:18:21.819237,48404,3.007812,3.097656,3.0117190000000003,-1,165.527327,24.252606
2025-08-14T09:18:22.290832,48405,3.003906,3.09375,3.007812,-1,165.588362,24.252606
2025-08-14T09:18:22.853177,48406,3.003906,3.089844,3.0117190000000003,-1,165.649397,24.262052
2025-08-14T09:18:23.297207,48407,3.007812,3.09375,3.015625,-1,165.588362,24.271499
2025-08-14T09:18:23.767459,48408,3.003906,3.089844,3.015625,-1,165.649397,24.271499
2025-08-14T09:18:24.223457,48409,3.003906,3.09375,3.015625,-1,165.771467,24.271499
2025-08-14T09:18:24.776335,48410,3.003906,3.089844,3.0117190000000003,-1,165.527327,24.262052
2025-08-14T09:18:25.240812,48411,3.003906,3.09375,3.0117190000000003,-1,165.527327,24.262052
2025-08-14T09:18:25.681561,48412,3.003906,3.089844,3.0117190000000003,-1,165.527327,24.262052
2025-08-14T09:18:26.228680,48413,3.003906,3.089844,3.0117190000000003,-1,165.588362,24.262052
2025-08-14T09:18:26.780315,48414,3.003906,3.09375,3.023438,-1,165.588362,24.252606
2025-08-14T09:18:27.231229,48415,3.007812,3.089844,3.023438,-1,165.527327,24.262052
2025-08-14T09:18:27.696577,48416,3.007812,3.09375,3.015625,-1,165.527327,24.262052
2025-08-14T09:18:28.156640,48417,3.003906,3.089844,3.007812,-1,165.527327,24.262052
2025-08-14T09:18:28.615638,48418,3.007812,3.089844,3.0117190000000003,-1,165.588362,24.262052
2025-08-14T09:18:29.074227,48419,3.003906,3.089844,3.015625,-1,165.649397,24.271499
2025-08-14T09:18:29.535225,48420,3.003906,3.089844,3.007812,-1,165.710432,24.262052
2025-08-14T09:18:29.995213,48421,3.003906,3.09375,3.0117190000000003,-1,165.710432,24.262052
2025-08-14T09:18:30.446516,48422,3.003906,3.09375,3.019531,-1,165.771467,24.271499
2025-08-14T09:18:30.900955,48423,3.003906,3.089844,3.019531,-1,165.588362,24.271499
2025-08-14T09:18:31.346842,48424,3.003906,3.089844,3.015625,-1,165.588362,24.271499
2025-08-14T09:18:32.096843,48425,3.003906,3.089844,3.015625,-1,165.588362,24.271499
2025-08-14T09:18:33.216422,48426,3.003906,3.089844,3.007812,-1,165.588362,24.280946
2025-08-14T09:18:33.676912,48427,3.003906,3.09375,3.0117190000000003,-1,165.649397,24.280946
2025-08-14T09:18:34.133531,48428,3.003906,3.089844,3.015625,-1,165.649397,24.280946
2025-08-14T09:18:34.603531,48429,3.003906,3.09375,3.015625,-1,165.710432,24.290393
2025-08-14T09:18:35.055434,48430,3.003906,3.089844,3.019531,-1,165.710432,24.290393
2025-08-14T09:18:35.619434,48431,3.011719,3.09375,3.0117190000000003,-1,165.588362,24.299841
2025-08-14T09:18:36.073486,48432,3.003906,3.085938,3.019531,-1,165.710432,24.299841
2025-08-14T09:18:36.515245,48433,3.003906,3.09375,3.007812,-1,165.649397,24.309288
2025-08-14T09:18:36.971244,48434,3.003906,3.09375,3.015625,-1,165.771467,24.299841
2025-08-14T09:18:37.516765,48435,3.007812,3.09375,3.023438,-1,165.588362,24.299841
2025-08-14T09:18:38.012582,48436,3.003906,3.097656,3.0117190000000003,-1,165.649397,24.299841
2025-08-14T09:18:38.454644,48437,3.007812,3.089844,3.007812,-1,165.832503,24.299841
2025-08-14T09:18:38.912014,48438,3.007812,3.089844,3.0117190000000003,-1,165.588362,24.309288
2025-08-14T09:18:39.463014,48439,3.003906,3.09375,3.015625,-1,165.588362,24.299841
2025-08-14T09:18:39.916923,48440,3.003906,3.089844,3.015625,-1,165.710432,24.318737
2025-08-14T09:18:40.396923,48441,3.003906,3.09375,3.007812,-1,165.588362,24.318737
2025-08-14T09:18:40.834225,48442,3.003906,3.09375,3.023438,-1,165.710432,24.309288
2025-08-14T09:18:41.491386,48443,3.003906,3.097656,3.007812,-1,165.710432,24.318737
2025-08-14T09:18:42.045518,48444,3.003906,3.09375,3.015625,-1,165.710432,24.318737
2025-08-14T09:18:42.603509,48445,3.003906,3.09375,3.015625,-1,165.710432,24.318737
2025-08-14T09:18:43.066509,48446,3.007812,3.09375,3.003906,-1,165.710432,24.318737
2025-08-14T09:18:43.509995,48447,3.007812,3.089844,3.0117190000000003,-1,165.588362,24.318737
2025-08-14T09:18:43.966996,48448,3.007812,3.085938,3.015625,-1,165.588362,24.318737
2025-08-14T09:18:44.426339,48449,3.003906,3.089844,3.015625,-1,165.771467,24.318737
2025-08-14T09:18:44.869336,48450,3.003906,3.089844,3.023438,-1,165.527327,24.318737
2025-08-14T09:18:45.343337,48451,3.003906,3.09375,3.015625,-1,165.710432,24.318737
2025-08-14T09:18:45.815273,48452,3.011719,3.09375,3.015625,-1,165.527327,24.318737
2025-08-14T09:18:46.272708,48453,3.007812,3.09375,3.015625,-1,165.588362,24.309288
2025-08-14T09:18:46.916845,48454,3.011719,3.089844,3.0117190000000003,-1,165.649397,24.318737
2025-08-14T09:18:47.473885,48455,3.003906,3.085938,3.007812,-1,165.710432,24.318737
2025-08-14T09:18:48.174528,48456,3.007812,3.097656,3.019531,-1,165.588362,24.318737
2025-08-14T09:18:48.614529,48457,3.003906,3.089844,3.007812,-1,165.588362,24.318737
2025-08-14T09:18:49.055555,48458,3.003906,3.089844,3.0117190000000003,-1,165.771467,24.318737
2025-08-14T09:18:49.510552,48459,3.007812,3.097656,3.019531,-1,165.588362,24.318737
2025-08-14T09:18:49.963541,48460,3.003906,3.09375,3.007812,-1,165.649397,24.318737
2025-08-14T09:18:50.421853,48461,3.007812,3.089844,3.0117190000000003,-1,165.710432,24.318737
2025-08-14T09:18:50.909851,48462,3.007812,3.089844,3.0117190000000003,-1,165.588362,24.309288
2025-08-14T09:18:51.369736,48463,3.003906,3.089844,3.015625,-1,165.710432,24.318737
2025-08-14T09:18:51.832735,48464,3.003906,3.085938,3.019531,-1,165.649397,24.309288
2025-08-14T09:18:52.288764,48465,3.007812,3.089844,3.015625,-1,165.588362,24.299841
2025-08-14T09:18:52.732294,48466,3.007812,3.09375,3.007812,-1,165.771467,24.299841
2025-08-14T09:18:53.291346,48467,3.011719,3.09375,3.0117190000000003,-1,165.710432,24.290393
2025-08-14T09:18:53.946602,48468,3.007812,3.09375,3.0117190000000003,-1,165.771467,24.299841
2025-08-14T09:18:54.379602,48469,3.007812,3.09375,3.015625,-1,165.649397,24.290393
2025-08-14T09:18:54.838415,48470,3.003906,3.089844,3.007812,-1,165.588362,24.290393
2025-08-14T09:18:55.299415,48471,3.003906,3.089844,3.015625,-1,165.771467,24.299841
2025-08-14T09:18:55.751436,48472,3.007812,3.09375,3.019531,-1,165.710432,24.299841
2025-08-14T09:18:56.202436,48473,3.003906,3.085938,3.015625,-1,165.527327,24.299841
2025-08-14T09:18:56.649296,48474,3.007812,3.09375,3.0117190000000003,-1,165.710432,24.309288
2025-08-14T09:18:57.222075,48475,3.007812,3.09375,3.019531,-1,165.771467,24.309288
2025-08-14T09:18:57.672072,48476,3.003906,3.089844,3.015625,-1,165.649397,24.318737
2025-08-14T09:18:58.127514,48477,3.007812,3.089844,3.0117190000000003,-1,165.649397,24.318737
2025-08-14T09:18:58.566515,48478,3.003906,3.089844,3.007812,-1,165.832503,24.318737
2025-08-14T09:18:59.048795,48479,3.003906,3.09375,3.019531,-1,165.771467,24.328185
2025-08-14T09:18:59.497795,48480,3.003906,3.09375,3.015625,-1,165.588362,24.328185
2025-08-14T09:18:59.970053,48481,3.003906,3.085938,3.015625,-1,165.832503,24.328185
2025-08-14T09:19:00.429971,48482,3.007812,3.089844,3.015625,-1,165.649397,24.328185
2025-08-14T09:19:00.874972,48483,3.007812,3.089844,3.0117190000000003,-1,165.588362,24.337633
2025-08-14T09:19:01.349778,48484,3.007812,3.089844,3.0117190000000003,-1,165.771467,24.328185
2025-08-14T09:19:02.063816,48485,3.003906,3.089844,3.0117190000000003,-1,165.710432,24.337633
2025-08-14T09:19:02.633378,48486,3.003906,3.09375,3.0117190000000003,-1,165.832503,24.337633
2025-08-14T09:19:03.086381,48487,3.011719,3.09375,3.0117190000000003,-1,165.832503,24.337633
2025-08-14T09:19:03.539404,48488,3.003906,3.09375,3.007812,-1,165.771467,24.328185
2025-08-14T09:19:03.991051,48489,3.003906,3.097656,3.015625,-1,165.771467,24.328185
2025-08-14T09:19:04.450051,48490,3.003906,3.089844,3.0117190000000003,-1,165.771467,24.328185
2025-08-14T09:19:04.910846,48491,3.011719,3.089844,3.019531,-1,165.649397,24.337633
2025-08-14T09:19:05.461902,48492,3.007812,3.089844,3.0117190000000003,-1,165.588362,24.328185
2025-08-14T09:19:05.942911,48493,3.007812,3.089844,3.015625,-1,165.649397,24.328185
2025-08-14T09:19:06.411969,48494,3.003906,3.089844,3.019531,-1,165.771467,24.328185
2025-08-14T09:19:06.899968,48495,3.003906,3.09375,3.0117190000000003,-1,165.588362,24.318737
2025-08-14T09:19:07.348678,48496,3.007812,3.09375,3.015625,-1,165.710432,24.328185
2025-08-14T09:19:07.838679,48497,3.003906,3.09375,3.007812,-1,165.649397,24.328185
2025-08-14T09:19:08.290680,48498,3.003906,3.089844,3.007812,-1,165.649397,24.318737
2025-08-14T09:19:08.748111,48499,3.003906,3.09375,3.015625,-1,165.710432,24.328185
2025-08-14T09:19:09.297111,48500,3.003906,3.089844,3.007812,-1,165.649397,24.328185
2025-08-14T09:19:09.752277,48501,3.007812,3.097656,3.015625,-1,165.771467,24.318737
2025-08-14T09:19:10.231756,48502,3.003906,3.089844,3.015625,-1,165.588362,24.318737
2025-08-14T09:19:10.695758,48503,3.003906,3.09375,3.007812,-1,165.710432,24.318737
2025-08-14T09:19:11.261200,48504,3.003906,3.089844,3.015625,-1,165.588362,24.318737
2025-08-14T09:19:11.723200,48505,3.007812,3.089844,3.0117190000000003,-1,165.588362,24.318737
2025-08-14T09:19:12.177916,48506,3.011719,3.089844,3.0117190000000003,-1,165.710432,24.318737
2025-08-14T09:19:12.636913,48507,3.007812,3.09375,3.015625,-1,165.649397,24.318737
2025-08-14T09:19:13.076090,48508,3.007812,3.089844,3.0117190000000003,-1,165.588362,24.318737
2025-08-14T09:19:13.524221,48509,3.003906,3.09375,3.015625,-1,165.710432,24.328185
2025-08-14T09:19:13.979221,48510,3.003906,3.089844,3.019531,-1,165.588362,24.318737
2025-08-14T09:19:14.437804,48511,3.003906,3.089844,3.015625,-1,165.588362,24.318737
2025-08-14T09:19:14.898804,48512,3.007812,3.089844,3.0117190000000003,-1,165.649397,24.318737
2025-08-14T09:19:15.376830,48513,3.007812,3.089844,3.0117190000000003,-1,165.588362,24.328185
2025-08-14T09:19:15.828525,48514,3.007812,3.09375,3.015625,-1,165.588362,24.318737
2025-08-14T09:19:16.287525,48515,3.007812,3.089844,3.019531,-1,165.771467,24.337633
2025-08-14T09:19:16.901639,48516,3.011719,3.085938,3.015625,-1,165.588362,24.318737
2025-08-14T09:19:17.431637,48517,3.003906,3.09375,3.015625,-1,165.710432,24.328185
2025-08-14T09:19:17.891584,48518,3.007812,3.089844,3.007812,-1,165.771467,24.318737
2025-08-14T09:19:18.351585,48519,3.007812,3.09375,3.023438,-1,165.527327,24.328185
2025-08-14T09:19:18.811585,48520,3.007812,3.089844,3.007812,-1,165.527327,24.328185
2025-08-14T09:19:19.530584,48521,3.007812,3.09375,3.0117190000000003,-1,165.588362,24.309288
2025-08-14T09:19:19.987593,48522,3.007812,3.089844,3.0117190000000003,-1,165.649397,24.318737
2025-08-14T09:19:20.440054,48523,3.007812,3.089844,3.0117190000000003,-1,165.588362,24.318737
2025-08-14T09:19:20.892080,48524,3.003906,3.097656,3.019531,-1,165.649397,24.318737
2025-08-14T09:19:21.481080,48525,3.003906,3.089844,3.007812,-1,165.710432,24.318737
2025-08-14T09:19:21.928321,48526,3.007812,3.089844,3.007812,-1,165.771467,24.318737
2025-08-14T09:19:22.487661,48527,3.003906,3.089844,3.019531,-1,165.710432,24.309288
2025-08-14T09:19:22.933164,48528,3.007812,3.09375,3.0117190000000003,-1,165.771467,24.309288
2025-08-14T09:19:23.501601,48529,3.011719,3.09375,3.0117190000000003,-1,165.771467,24.309288
2025-08-14T09:19:23.955963,48530,3.007812,3.09375,3.0117190000000003,-1,165.588362,24.309288
2025-08-14T09:19:24.416943,48531,3.003906,3.089844,3.0117190000000003,-1,165.710432,24.309288
2025-08-14T09:19:24.875944,48532,3.003906,3.089844,3.0117190000000003,-1,165.771467,24.309288
2025-08-14T09:19:25.439944,48533,3.003906,3.097656,3.0117190000000003,-1,165.710432,24.309288
2025-08-14T09:19:25.879944,48534,3.003906,3.089844,3.019531,-1,165.588362,24.299841
2025-08-14T09:19:26.337947,48535,3.003906,3.085938,3.0117190000000003,-1,165.771467,24.309288
2025-08-14T09:19:26.779457,48536,3.003906,3.09375,3.015625,-1,165.649397,24.309288
2025-08-14T09:19:27.233457,48537,3.007812,3.089844,3.007812,-1,165.771467,24.299841
2025-08-14T09:19:27.687129,48538,3.003906,3.09375,3.023438,-1,165.649397,24.290393
2025-08-14T09:19:28.147405,48539,3.007812,3.089844,3.015625,-1,165.588362,24.290393
2025-08-14T09:19:28.609569,48540,3.011719,3.09375,3.0117190000000003,-1,165.649397,24.299841
2025-08-14T09:19:29.272563,48541,3.007812,3.089844,3.007812,-1,165.771467,24.299841
2025-08-14T09:19:29.727976,48542,3.003906,3.085938,3.0273440000000003,-1,165.649397,24.290393
2025-08-14T09:19:30.177024,48543,3.003906,3.09375,3.0117190000000003,-1,165.771467,24.290393
2025-08-14T09:19:30.625024,48544,3.003906,3.09375,3.0117190000000003,-1,165.710432,24.290393
2025-08-14T09:19:31.085518,48545,3.003906,3.089844,3.023438,-1,165.588362,24.299841
2025-08-14T09:19:31.973570,48546,3.003906,3.085938,3.015625,-1,165.832503,24.299841
2025-08-14T09:19:32.445569,48547,3.007812,3.089844,3.0117190000000003,-1,165.771467,24.299841
2025-08-14T09:19:33.008864,48548,3.003906,3.089844,3.015625,-1,165.832503,24.309288
2025-08-14T09:19:33.472864,48549,3.007812,3.09375,3.015625,-1,165.588362,24.309288
2025-08-14T09:19:33.916234,48550,3.003906,3.089844,3.0117190000000003,-1,165.649397,24.309288
2025-08-14T09:19:34.490196,48551,3.003906,3.089844,3.019531,-1,165.832503,24.318737
2025-08-14T09:19:34.932214,48552,3.007812,3.089844,3.019531,-1,165.588362,24.318737
2025-08-14T09:19:35.493135,48553,3.007812,3.085938,3.0117190000000003,-1,165.710432,24.318737
2025-08-14T09:19:35.959735,48554,3.003906,3.09375,3.015625,-1,165.710432,24.318737
2025-08-14T09:19:36.427230,48555,3.003906,3.089844,3.0117190000000003,-1,165.649397,24.328185
2025-08-14T09:19:36.986228,48556,3.007812,3.089844,3.015625,-1,165.588362,24.328185
2025-08-14T09:19:37.551501,48557,3.003906,3.09375,3.007812,-1,165.771467,24.337633
2025-08-14T09:19:37.994501,48558,3.003906,3.09375,3.007812,-1,165.649397,24.337633
2025-08-14T09:19:38.443435,48559,3.003906,3.09375,3.0117190000000003,-1,165.832503,24.337633
2025-08-14T09:19:38.908728,48560,3.007812,3.097656,3.015625,-1,165.771467,24.337633
2025-08-14T09:19:39.436951,48561,3.007812,3.09375,3.0117190000000003,-1,165.649397,24.328185
2025-08-14T09:19:39.906482,48562,3.003906,3.09375,3.015625,-1,165.649397,24.337633
2025-08-14T09:19:40.565230,48563,3.007812,3.09375,3.015625,-1,165.588362,24.337633
2025-08-14T09:19:41.016512,48564,3.003906,3.09375,3.0117190000000003,-1,165.710432,24.328185
2025-08-14T09:19:41.563651,48565,3.003906,3.097656,3.0117190000000003,-1,165.710432,24.337633
2025-08-14T09:19:42.022419,48566,3.003906,3.09375,3.007812,-1,165.832503,24.337633
2025-08-14T09:19:42.575423,48567,3.003906,3.097656,3.007812,-1,165.710432,24.337633
2025-08-14T09:19:43.032856,48568,3.003906,3.09375,3.015625,-1,165.710432,24.337633
2025-08-14T09:19:43.487396,48569,3.003906,3.09375,3.007812,-1,165.771467,24.328185
2025-08-14T09:19:43.930752,48570,3.003906,3.085938,3.019531,-1,165.771467,24.337633
2025-08-14T09:19:44.496751,48571,3.003906,3.089844,3.015625,-1,165.771467,24.337633
2025-08-14T09:19:44.934779,48572,3.007812,3.089844,3.007812,-1,165.588362,24.347082
2025-08-14T09:19:45.389225,48573,3.003906,3.09375,3.015625,-1,165.527327,24.347082
2025-08-14T09:19:45.844225,48574,3.003906,3.09375,3.015625,-1,165.832503,24.347082
2025-08-14T09:19:46.294659,48575,3.003906,3.09375,3.019531,-1,165.649397,24.347082
2025-08-14T09:19:47.022656,48576,3.007812,3.09375,3.007812,-1,165.588362,24.337633
2025-08-14T09:19:47.516655,48577,3.011719,3.09375,3.0117190000000003,-1,165.649397,24.347082
2025-08-14T09:19:47.978968,48578,3.003906,3.097656,3.0117190000000003,-1,165.588362,24.337633
2025-08-14T09:19:48.448225,48579,3.007812,3.089844,3.0117190000000003,-1,165.588362,24.328185
2025-08-14T09:19:48.923424,48580,3.003906,3.089844,3.0117190000000003,-1,165.771467,24.328185
2025-08-14T09:19:49.378999,48581,3.007812,3.09375,3.015625,-1,165.771467,24.318737
2025-08-14T09:19:49.943045,48582,3.007812,3.089844,3.019531,-1,165.649397,24.318737
2025-08-14T09:19:50.415852,48583,3.003906,3.089844,3.019531,-1,165.710432,24.318737
2025-08-14T09:19:50.908852,48584,3.007812,3.09375,3.007812,-1,165.588362,24.318737
2025-08-14T09:19:51.395853,48585,3.007812,3.09375,3.019531,-1,165.588362,24.318737
2025-08-14T09:19:51.865927,48586,3.003906,3.085938,3.0117190000000003,-1,165.588362,24.309288
2025-08-14T09:19:52.325927,48587,3.003906,3.089844,3.003906,-1,165.588362,24.309288
2025-08-14T09:19:52.812927,48588,3.003906,3.09375,3.0117190000000003,-1,165.649397,24.318737
2025-08-14T09:19:53.367522,48589,3.011719,3.09375,3.0117190000000003,-1,165.588362,24.318737
2025-08-14T09:19:53.833486,48590,3.003906,3.09375,3.015625,-1,165.771467,24.309288
2025-08-14T09:19:54.288486,48591,3.003906,3.09375,3.007812,-1,165.588362,24.328185
2025-08-14T09:19:54.754228,48592,3.003906,3.089844,3.019531,-1,165.649397,24.328185
2025-08-14T09:19:55.210456,48593,3.007812,3.09375,3.015625,-1,165.771467,24.328185
2025-08-14T09:19:55.766461,48594,3.007812,3.085938,3.0117190000000003,-1,165.588362,24.328185
2025-08-14T09:19:56.329681,48595,3.007812,3.09375,3.007812,-1,165.771467,24.337633
2025-08-14T09:19:56.821688,48596,3.007812,3.09375,3.015625,-1,165.649397,24.328185
2025-08-14T09:19:57.277174,48597,3.003906,3.09375,3.015625,-1,165.710432,24.328185
2025-08-14T09:19:57.723947,48598,3.003906,3.09375,3.0117190000000003,-1,165.588362,24.347082
2025-08-14T09:19:58.274728,48599,3.011719,3.097656,3.015625,-1,165.710432,24.328185
2025-08-14T09:19:58.726781,48600,3.007812,3.09375,3.0117190000000003,-1,165.588362,24.337633
2025-08-14T09:19:59.176162,48601,3.007812,3.097656,3.019531,-1,165.771467,24.328185
2025-08-14T09:19:59.862210,48602,3.003906,3.09375,3.0117190000000003,-1,165.588362,24.337633
2025-08-14T09:20:00.314173,48603,3.003906,3.085938,3.0117190000000003,-1,165.466292,24.337633
2025-08-14T09:20:00.755927,48604,3.007812,3.09375,3.0117190000000003,-1,165.466292,24.337633
2025-08-14T09:20:01.207257,48605,3.003906,3.09375,3.007812,-1,165.344221,24.337633
2025-08-14T09:20:01.665549,48606,3.003906,3.089844,3.007812,-1,165.405257,24.347082
2025-08-14T09:20:02.422549,48607,3.003906,3.09375,3.015625,-1,165.222151,24.347082
2025-08-14T09:20:02.883900,48608,3.003906,3.085938,3.015625,-1,164.73387,24.356532
2025-08-14T09:20:03.451900,48609,3.007812,3.089844,3.019531,-1,164.489729,24.356532
2025-08-14T09:20:04.010895,48610,3.007812,3.097656,3.0117190000000003,-1,165.710432,24.365981
2025-08-14T09:20:04.483429,48611,3.003906,3.085938,3.003906,-1,165.832503,24.365981
2025-08-14T09:20:04.929406,48612,3.003906,3.085938,3.0117190000000003,-1,165.771467,24.365981
2025-08-14T09:20:05.507556,48613,3.003906,3.09375,3.019531,-1,165.954573,24.375431
2025-08-14T09:20:05.962975,48614,3.003906,3.089844,3.019531,-1,165.771467,24.375431
2025-08-14T09:20:06.414086,48615,3.003906,3.09375,3.0117190000000003,-1,166.015608,24.375431
2025-08-14T09:20:06.980086,48616,3.003906,3.09375,3.015625,-1,165.954573,24.375431
2025-08-14T09:20:07.424180,48617,3.007812,3.09375,3.0117190000000003,-1,165.710432,24.365981
2025-08-14T09:20:07.873181,48618,3.007812,3.09375,3.015625,-1,165.771467,24.365981
2025-08-14T09:20:08.341217,48619,3.003906,3.089844,3.0117190000000003,-1,165.954573,24.375431
2025-08-14T09:20:08.904885,48620,3.007812,3.097656,3.019531,-1,165.954573,24.375431
2025-08-14T09:20:09.371885,48621,3.003906,3.09375,3.007812,-1,165.832503,24.375431
2025-08-14T09:20:09.838325,48622,3.003906,3.09375,3.003906,-1,165.710432,24.365981
2025-08-14T09:20:10.408216,48623,3.007812,3.097656,3.007812,-1,165.771467,24.375431
2025-08-14T09:20:10.960497,48624,3.003906,3.089844,3.023438,-1,165.832503,24.365981
2025-08-14T09:20:11.445543,48625,3.007812,3.089844,3.0117190000000003,-1,165.954573,24.365981
2025-08-14T09:20:11.904602,48626,3.003906,3.089844,3.0117190000000003,-1,165.893538,24.356532
2025-08-14T09:20:12.368599,48627,3.003906,3.09375,3.0117190000000003,-1,165.832503,24.356532
2025-08-14T09:20:12.930073,48628,3.003906,3.085938,3.015625,-1,165.954573,24.347082
2025-08-14T09:20:13.381085,48629,3.011719,3.097656,3.0117190000000003,-1,165.832503,24.347082
2025-08-14T09:20:13.826085,48630,3.007812,3.089844,3.019531,-1,165.832503,24.347082
2025-08-14T09:20:14.280326,48631,3.007812,3.089844,3.0117190000000003,-1,166.015608,24.337633
2025-08-14T09:20:14.733271,48632,3.003906,3.09375,3.015625,-1,165.771467,24.337633
2025-08-14T09:20:15.178435,48633,3.003906,3.09375,3.0117190000000003,-1,165.832503,24.337633
2025-08-14T09:20:15.742434,48634,3.003906,3.09375,3.0117190000000003,-1,166.015608,24.337633
2025-08-14T09:20:16.188143,48635,3.003906,3.089844,3.003906,-1,165.893538,24.337633
2025-08-14T09:20:16.646960,48636,3.003906,3.09375,3.019531,-1,165.832503,24.337633
2025-08-14T09:20:17.316960,48637,3.003906,3.09375,3.0117190000000003,-1,165.893538,24.337633
2025-08-14T09:20:17.785960,48638,3.003906,3.085938,3.015625,-1,165.832503,24.337633
2025-08-14T09:20:18.404423,48639,3.011719,3.089844,3.015625,-1,165.832503,24.337633
2025-08-14T09:20:18.856386,48640,3.003906,3.09375,3.015625,-1,166.015608,24.347082
2025-08-14T09:20:19.312916,48641,3.003906,3.09375,3.0117190000000003,-1,165.893538,24.337633
2025-08-14T09:20:19.760056,48642,3.003906,3.089844,3.003906,-1,165.954573,24.347082
2025-08-14T09:20:20.197827,48643,3.003906,3.089844,3.015625,-1,165.771467,24.347082
2025-08-14T09:20:20.664822,48644,3.003906,3.085938,3.007812,-1,165.771467,24.356532
2025-08-14T09:20:21.114822,48645,3.007812,3.09375,3.0117190000000003,-1,165.771467,24.375431
2025-08-14T09:20:21.586911,48646,3.003906,3.097656,3.023438,-1,165.832503,24.365981
2025-08-14T09:20:22.142307,48647,3.007812,3.066406,3.0625,-1,165.832503,24.375431
2025-08-14T09:20:22.728307,48648,3.003906,3.089844,3.0117190000000003,-1,165.649397,24.375431
2025-08-14T09:20:23.215309,48649,3.003906,3.089844,3.0117190000000003,-1,165.710432,24.365981
2025-08-14T09:20:23.772317,48650,3.003906,3.089844,3.019531,-1,165.649397,24.356532
2025-08-14T09:20:24.235999,48651,3.003906,3.097656,3.007812,-1,165.710432,24.347082
2025-08-14T09:20:24.776997,48652,3.011719,3.09375,3.015625,-1,165.771467,24.347082
2025-08-14T09:20:25.323098,48653,3.003906,3.089844,3.015625,-1,165.771467,24.347082
2025-08-14T09:20:26.026463,48654,3.007812,3.085938,3.003906,-1,165.893538,24.356532
2025-08-14T09:20:26.480464,48655,3.003906,3.085938,3.015625,-1,165.893538,24.356532
2025-08-14T09:20:26.936461,48656,3.003906,3.089844,3.015625,-1,165.710432,24.356532
2025-08-14T09:20:27.397998,48657,3.003906,3.097656,3.015625,-1,165.832503,24.356532
2025-08-14T09:20:27.900999,48658,3.007812,3.09375,3.0117190000000003,-1,165.832503,24.365981
2025-08-14T09:20:28.358671,48659,3.003906,3.09375,3.015625,-1,165.771467,24.365981
2025-08-14T09:20:28.813671,48660,3.003906,3.09375,3.015625,-1,165.771467,24.365981
2025-08-14T09:20:29.256302,48661,3.007812,3.097656,3.019531,-1,165.771467,24.365981
2025-08-14T09:20:29.820229,48662,3.003906,3.09375,3.007812,-1,165.771467,24.365981
2025-08-14T09:20:30.274583,48663,3.003906,3.089844,3.015625,-1,165.893538,24.375431
2025-08-14T09:20:30.734584,48664,3.007812,3.09375,3.007812,-1,165.771467,24.375431
2025-08-14T09:20:31.211584,48665,3.003906,3.09375,3.019531,-1,165.649397,24.375431
2025-08-14T09:20:31.677607,48666,3.003906,3.089844,3.003906,-1,165.771467,24.375431
2025-08-14T09:20:32.431608,48667,3.011719,3.089844,3.019531,-1,165.588362,24.375431
2025-08-14T09:20:32.892608,48668,3.003906,3.089844,3.007812,-1,165.588362,24.375431
2025-08-14T09:20:33.342197,48669,3.007812,3.085938,3.007812,-1,165.527327,24.394331
2025-08-14T09:20:33.990658,48670,3.003906,3.089844,3.003906,-1,165.710432,24.384881
2025-08-14T09:20:34.445048,48671,3.003906,3.085938,3.019531,-1,165.588362,24.394331
2025-08-14T09:20:35.016692,48672,3.003906,3.09375,3.019531,-1,165.710432,24.384881
2025-08-14T09:20:35.506917,48673,3.011719,3.089844,3.0117190000000003,-1,165.710432,24.384881
2025-08-14T09:20:36.155064,48674,3.003906,3.09375,3.0117190000000003,-1,165.649397,24.375431
2025-08-14T09:20:36.634841,48675,3.011719,3.089844,3.0117190000000003,-1,165.649397,24.375431
2025-08-14T09:20:37.123321,48676,3.007812,3.09375,3.015625,-1,165.649397,24.375431
2025-08-14T09:20:37.633398,48677,3.007812,3.089844,3.003906,-1,165.710432,24.375431
2025-08-14T09:20:38.102423,48678,3.011719,3.089844,3.023438,-1,165.832503,24.365981
2025-08-14T09:20:38.566425,48679,3.007812,3.09375,3.0117190000000003,-1,165.649397,24.375431
2025-08-14T09:20:39.110080,48680,3.011719,3.09375,3.015625,-1,165.710432,24.356532
2025-08-14T09:20:39.605088,48681,3.007812,3.09375,3.019531,-1,165.710432,24.365981
2025-08-14T09:20:40.138971,48682,3.007812,3.089844,3.007812,-1,165.832503,24.356532
2025-08-14T09:20:40.636850,48683,3.007812,3.09375,3.0273440000000003,-1,165.771467,24.365981
2025-08-14T09:20:41.097223,48684,3.003906,3.089844,3.0117190000000003,-1,165.893538,24.365981
2025-08-14T09:20:41.652699,48685,3.011719,3.089844,3.019531,-1,165.771467,24.356532
2025-08-14T09:20:42.222769,48686,3.003906,3.09375,3.0117190000000003,-1,165.893538,24.365981
2025-08-14T09:20:42.701489,48687,3.003906,3.085938,3.015625,-1,165.710432,24.365981
2025-08-14T09:20:43.161488,48688,3.003906,3.089844,3.007812,-1,165.710432,24.365981
2025-08-14T09:20:43.620915,48689,3.003906,3.089844,3.015625,-1,165.771467,24.375431
2025-08-14T09:20:44.231606,48690,3.007812,3.09375,3.0117190000000003,-1,165.771467,24.375431
2025-08-14T09:20:44.762841,48691,3.007812,3.085938,3.015625,-1,165.832503,24.375431
2025-08-14T09:20:45.257220,48692,3.007812,3.09375,3.0117190000000003,-1,165.832503,24.384881
2025-08-14T09:20:45.756633,48693,3.003906,3.089844,3.019531,-1,165.893538,24.384881
2025-08-14T09:20:46.280634,48694,3.003906,3.09375,3.015625,-1,165.893538,24.384881
2025-08-14T09:20:47.204011,48695,3.003906,3.097656,3.0117190000000003,-1,165.710432,24.384881
2025-08-14T09:20:48.138026,48696,3.003906,3.085938,3.007812,-1,165.771467,24.384881
2025-08-14T09:20:48.646567,48697,3.003906,3.089844,3.0117190000000003,-1,165.771467,24.394331
2025-08-14T09:20:49.160186,48698,3.003906,3.089844,3.003906,-1,165.832503,24.384881
2025-08-14T09:20:49.807384,48699,3.003906,3.09375,3.0117190000000003,-1,165.710432,24.384881
2025-08-14T09:20:50.310609,48700,3.003906,3.09375,3.007812,-1,165.954573,24.394331
2025-08-14T09:20:50.788567,48701,3.003906,3.09375,3.0117190000000003,-1,165.771467,24.384881
2025-08-14T09:20:51.296938,48702,3.003906,3.089844,3.015625,-1,165.893538,24.394331
2025-08-14T09:20:51.860237,48703,3.003906,3.09375,3.015625,-1,165.649397,24.384881
2025-08-14T09:20:52.308279,48704,3.003906,3.09375,3.015625,-1,165.649397,24.384881
2025-08-14T09:20:52.774849,48705,3.003906,3.09375,3.015625,-1,165.710432,24.375431
2025-08-14T09:20:53.247924,48706,3.003906,3.089844,3.015625,-1,165.893538,24.384881
2025-08-14T09:20:53.774923,48707,3.003906,3.09375,3.007812,-1,165.710432,24.375431
2025-08-14T09:20:54.274926,48708,3.003906,3.089844,3.007812,-1,165.832503,24.375431
2025-08-14T09:20:54.775925,48709,3.007812,3.089844,3.0117190000000003,-1,165.771467,24.384881
2025-08-14T09:20:55.245924,48710,3.003906,3.089844,3.015625,-1,165.771467,24.384881
2025-08-14T09:20:55.767955,48711,3.003906,3.089844,3.0117190000000003,-1,165.893538,24.375431
2025-08-14T09:20:56.288956,48712,3.007812,3.089844,3.0117190000000003,-1,165.832503,24.375431
2025-08-14T09:20:56.800956,48713,3.003906,3.089844,3.0117190000000003,-1,165.710432,24.375431
2025-08-14T09:20:57.249956,48714,3.003906,3.09375,3.019531,-1,165.954573,24.375431
2025-08-14T09:20:57.749897,48715,3.003906,3.097656,3.0117190000000003,-1,165.893538,24.375431
2025-08-14T09:20:58.270602,48716,3.003906,3.09375,3.015625,-1,165.771467,24.384881
2025-08-14T09:20:58.721097,48717,3.007812,3.089844,3.015625,-1,165.771467,24.394331
2025-08-14T09:20:59.246480,48718,3.007812,3.09375,3.019531,-1,165.771467,24.384881
2025-08-14T09:20:59.754397,48719,3.007812,3.097656,3.015625,-1,165.832503,24.394331
2025-08-14T09:21:00.371070,48720,3.011719,3.089844,3.019531,-1,165.832503,24.394331
2025-08-14T09:21:00.871364,48721,3.007812,3.09375,3.0117190000000003,-1,165.893538,24.394331
2025-08-14T09:21:01.478768,48722,3.011719,3.09375,3.007812,-1,165.893538,24.394331
2025-08-14T09:21:02.221539,48723,3.003906,3.089844,3.015625,-1,165.893538,24.394331
2025-08-14T09:21:02.794886,48724,3.003906,3.09375,3.0117190000000003,-1,165.832503,24.384881
2025-08-14T09:21:03.309311,48725,3.003906,3.09375,3.019531,-1,165.893538,24.375431
2025-08-14T09:21:03.767519,48726,3.007812,3.089844,3.0117190000000003,-1,165.710432,24.375431
2025-08-14T09:21:04.361519,48727,3.003906,3.089844,3.0117190000000003,-1,165.771467,24.365981
2025-08-14T09:21:04.876218,48728,3.003906,3.085938,3.0117190000000003,-1,165.771467,24.365981
2025-08-14T09:21:05.324217,48729,3.003906,3.085938,3.015625,-1,165.771467,24.365981
2025-08-14T09:21:06.064686,48730,3.007812,3.089844,3.015625,-1,165.832503,24.365981
2025-08-14T09:21:06.515689,48731,3.007812,3.089844,3.015625,-1,165.649397,24.375431
2025-08-14T09:21:07.249053,48732,3.007812,3.09375,3.0117190000000003,-1,165.893538,24.375431
2025-08-14T09:21:07.759169,48733,3.003906,3.09375,3.0117190000000003,-1,165.832503,24.375431
2025-08-14T09:21:08.252786,48734,3.003906,3.09375,3.0117190000000003,-1,165.771467,24.375431
2025-08-14T09:21:08.800783,48735,3.003906,3.085938,3.023438,-1,165.893538,24.375431
2025-08-14T09:21:09.526956,48736,3.003906,3.09375,3.0117190000000003,-1,165.710432,24.365981
2025-08-14T09:21:10.025555,48737,3.007812,3.089844,3.007812,-1,165.832503,24.375431
2025-08-14T09:21:10.576555,48738,3.007812,3.089844,3.019531,-1,165.771467,24.375431
2025-08-14T09:21:11.050555,48739,3.007812,3.09375,3.019531,-1,165.649397,24.375431
2025-08-14T09:21:11.580554,48740,3.007812,3.085938,3.0117190000000003,-1,165.649397,24.365981
2025-08-14T09:21:12.099554,48741,3.003906,3.09375,3.0117190000000003,-1,165.771467,24.375431
2025-08-14T09:21:12.606555,48742,3.007812,3.089844,3.015625,-1,165.649397,24.375431
2025-08-14T09:21:13.153764,48743,3.003906,3.085938,3.019531,-1,165.649397,24.356532
2025-08-14T09:21:13.637767,48744,3.007812,3.097656,3.015625,-1,165.710432,24.356532
2025-08-14T09:21:14.173766,48745,3.003906,3.089844,3.0117190000000003,-1,165.771467,24.356532
2025-08-14T09:21:14.711768,48746,3.007812,3.089844,3.019531,-1,165.771467,24.347082
2025-08-14T09:21:15.287767,48747,3.011719,3.09375,3.0117190000000003,-1,165.710432,24.356532
2025-08-14T09:21:15.901511,48748,3.003906,3.089844,3.023438,-1,165.832503,24.347082
2025-08-14T09:21:16.448536,48749,3.003906,3.089844,3.015625,-1,165.649397,24.347082
2025-08-14T09:21:17.467536,48750,3.007812,3.097656,3.019531,-1,165.893538,24.347082
2025-08-14T09:21:18.201536,48751,3.007812,3.089844,3.015625,-1,165.832503,24.337633
2025-08-14T09:21:18.715538,48752,3.003906,3.085938,3.003906,-1,165.649397,24.347082
2025-08-14T09:21:19.226536,48753,3.011719,3.09375,3.015625,-1,165.649397,24.347082
2025-08-14T09:21:19.744536,48754,3.007812,3.09375,3.015625,-1,165.588362,24.356532
2025-08-14T09:21:20.256536,48755,3.007812,3.089844,3.007812,-1,165.832503,24.356532
2025-08-14T09:21:20.754536,48756,3.003906,3.089844,3.015625,-1,165.710432,24.356532
2025-08-14T09:21:21.287536,48757,3.007812,3.09375,3.0117190000000003,-1,165.649397,24.365981
2025-08-14T09:21:21.889936,48758,3.003906,3.09375,3.007812,-1,165.832503,24.365981
2025-08-14T09:21:22.469935,48759,3.011719,3.085938,3.0117190000000003,-1,165.710432,24.365981
2025-08-14T09:21:23.061935,48760,3.003906,3.089844,3.015625,-1,165.771467,24.375431
2025-08-14T09:21:23.630042,48761,3.007812,3.089844,3.007812,-1,165.710432,24.375431
2025-08-14T09:21:24.159045,48762,3.007812,3.09375,3.019531,-1,165.832503,24.375431
2025-08-14T09:21:24.758046,48763,3.007812,3.089844,3.007812,-1,165.649397,24.384881
2025-08-14T09:21:25.274043,48764,3.003906,3.09375,3.015625,-1,165.710432,24.384881
2025-08-14T09:21:25.770048,48765,3.007812,3.089844,3.015625,-1,165.649397,24.384881
2025-08-14T09:21:26.305043,48766,3.007812,3.097656,3.015625,-1,165.771467,24.375431
2025-08-14T09:21:26.825043,48767,3.007812,3.089844,3.015625,-1,165.710432,24.365981
2025-08-14T09:21:27.637212,48768,3.007812,3.09375,3.0117190000000003,-1,165.832503,24.365981
2025-08-14T09:21:28.190211,48769,3.007812,3.089844,3.019531,-1,165.893538,24.356532
2025-08-14T09:21:28.686210,48770,3.003906,3.09375,3.0117190000000003,-1,165.649397,24.347082
2025-08-14T09:21:29.213211,48771,3.003906,3.089844,3.0117190000000003,-1,165.649397,24.347082
2025-08-14T09:21:29.896211,48772,3.007812,3.09375,3.0117190000000003,-1,165.893538,24.337633
2025-08-14T09:21:30.371211,48773,3.011719,3.09375,3.0117190000000003,-1,165.832503,24.347082
2025-08-14T09:21:30.923999,48774,3.003906,3.089844,3.0117190000000003,-1,165.771467,24.337633
2025-08-14T09:21:31.439069,48775,3.007812,3.089844,3.007812,-1,165.832503,24.337633
2025-08-14T09:21:32.188071,48776,3.007812,3.09375,3.0117190000000003,-1,165.710432,24.337633
2025-08-14T09:21:32.660070,48777,3.007812,3.089844,3.0117190000000003,-1,165.649397,24.347082
2025-08-14T09:21:33.116454,48778,3.003906,3.089844,3.0117190000000003,-1,165.771467,24.347082
2025-08-14T09:21:33.575451,48779,3.007812,3.089844,3.0117190000000003,-1,165.710432,24.347082
2025-08-14T09:21:34.091558,48780,3.007812,3.089844,3.0117190000000003,-1,165.710432,24.347082
2025-08-14T09:21:34.699158,48781,3.003906,3.085938,3.015625,-1,165.832503,24.337633
2025-08-14T09:21:35.208479,48782,3.007812,3.097656,3.0117190000000003,-1,165.832503,24.347082
2025-08-14T09:21:35.686219,48783,3.003906,3.09375,3.019531,-1,165.710432,24.347082
2025-08-14T09:21:36.260210,48784,3.007812,3.085938,3.003906,-1,165.832503,24.347082
2025-08-14T09:21:36.785724,48785,3.007812,3.09375,3.0117190000000003,-1,165.771467,24.347082
2025-08-14T09:21:37.232725,48786,3.003906,3.089844,3.015625,-1,165.832503,24.347082
2025-08-14T09:21:37.792549,48787,3.003906,3.089844,3.019531,-1,165.771467,24.347082
2025-08-14T09:21:38.251795,48788,3.007812,3.09375,3.019531,-1,165.893538,24.337633
2025-08-14T09:21:38.818086,48789,3.003906,3.089844,3.007812,-1,165.710432,24.328185
2025-08-14T09:21:39.307852,48790,3.007812,3.097656,3.007812,-1,165.893538,24.328185
2025-08-14T09:21:39.866199,48791,3.011719,3.089844,3.007812,-1,165.710432,24.318737
2025-08-14T09:21:40.363388,48792,3.003906,3.089844,3.023438,-1,165.893538,24.328185
2025-08-14T09:21:40.873084,48793,3.007812,3.085938,3.019531,-1,165.832503,24.337633
2025-08-14T09:21:41.463610,48794,3.003906,3.089844,3.023438,-1,165.710432,24.328185
2025-08-14T09:21:41.962745,48795,3.003906,3.097656,3.0117190000000003,-1,165.893538,24.328185
2025-08-14T09:21:42.539693,48796,3.003906,3.089844,3.0117190000000003,-1,165.771467,24.318737
2025-08-14T09:21:43.023603,48797,3.003906,3.09375,3.015625,-1,165.893538,24.318737
2025-08-14T09:21:43.555242,48798,3.007812,3.089844,3.019531,-1,165.832503,24.318737
2025-08-14T09:21:44.027243,48799,3.007812,3.097656,3.015625,-1,165.893538,24.328185
2025-08-14T09:21:44.511242,48800,3.003906,3.089844,3.0117190000000003,-1,165.832503,24.328185
2025-08-14T09:21:45.004260,48801,3.007812,3.09375,3.015625,-1,165.832503,24.328185
2025-08-14T09:21:45.616260,48802,3.003906,3.09375,3.007812,-1,165.710432,24.318737
2025-08-14T09:21:46.176985,48803,3.003906,3.09375,3.019531,-1,165.771467,24.328185
2025-08-14T09:21:46.730125,48804,3.007812,3.089844,3.007812,-1,165.649397,24.337633
2025-08-14T09:21:47.527124,48805,3.007812,3.09375,3.0117190000000003,-1,165.710432,24.328185
2025-08-14T09:21:48.034272,48806,3.003906,3.09375,3.015625,-1,165.649397,24.337633
2025-08-14T09:21:48.560268,48807,3.003906,3.09375,3.0117190000000003,-1,165.649397,24.337633
2025-08-14T09:21:49.003268,48808,3.003906,3.089844,3.0117190000000003,-1,165.710432,24.347082
2025-08-14T09:21:49.504088,48809,3.011719,3.09375,3.015625,-1,165.771467,24.347082
2025-08-14T09:21:50.049088,48810,3.003906,3.089844,3.0117190000000003,-1,165.771467,24.356532
2025-08-14T09:21:50.519480,48811,3.003906,3.089844,3.0117190000000003,-1,165.893538,24.356532
2025-08-14T09:21:50.970564,48812,3.007812,3.089844,3.0117190000000003,-1,165.832503,24.365981
2025-08-14T09:21:51.461374,48813,3.007812,3.089844,3.015625,-1,165.893538,24.365981
2025-08-14T09:21:52.004261,48814,3.011719,3.09375,3.015625,-1,165.710432,24.365981
2025-08-14T09:21:52.483965,48815,3.011719,3.097656,3.015625,-1,165.710432,24.365981
2025-08-14T09:21:52.994078,48816,3.011719,3.101562,3.007812,-1,165.710432,24.365981
2025-08-14T09:21:53.514754,48817,3.003906,3.09375,3.0117190000000003,-1,165.832503,24.356532
2025-08-14T09:21:54.012015,48818,3.003906,3.097656,3.007812,-1,165.832503,24.356532
2025-08-14T09:21:54.668626,48819,3.011719,3.09375,3.019531,-1,165.649397,24.356532
2025-08-14T09:21:55.182626,48820,3.003906,3.09375,3.015625,-1,165.771467,24.356532
2025-08-14T09:21:55.871202,48821,3.007812,3.089844,3.007812,-1,165.710432,24.356532
2025-08-14T09:21:56.424214,48822,3.003906,3.085938,3.015625,-1,165.710432,24.365981
2025-08-14T09:21:56.911490,48823,3.003906,3.089844,3.0117190000000003,-1,165.893538,24.365981
2025-08-14T09:21:57.416489,48824,3.003906,3.089844,3.015625,-1,165.710432,24.375431
2025-08-14T09:21:57.905118,48825,3.007812,3.09375,3.015625,-1,165.832503,24.365981
2025-08-14T09:21:58.441192,48826,3.003906,3.09375,3.015625,-1,165.710432,24.375431
2025-08-14T09:21:58.956376,48827,3.003906,3.089844,3.015625,-1,165.771467,24.375431
2025-08-14T09:21:59.518029,48828,3.003906,3.089844,3.015625,-1,165.771467,24.375431
2025-08-14T09:22:00.322895,48829,3.003906,3.089844,3.019531,-1,165.649397,24.365981
2025-08-14T09:22:00.796900,48830,3.003906,3.089844,3.0117190000000003,-1,165.893538,24.365981
2025-08-14T09:22:01.278980,48831,3.007812,3.09375,3.019531,-1,165.710432,24.365981
2025-08-14T09:22:01.744470,48832,3.007812,3.097656,3.007812,-1,165.832503,24.365981
2025-08-14T09:22:02.386469,48833,3.003906,3.089844,3.015625,-1,165.710432,24.365981
2025-08-14T09:22:02.864209,48834,3.003906,3.085938,3.015625,-1,165.710432,24.365981
2025-08-14T09:22:03.417968,48835,3.003906,3.09375,3.015625,-1,165.832503,24.375431
2025-08-14T09:22:03.878968,48836,3.015625,3.089844,3.0117190000000003,-1,165.771467,24.365981
2025-08-14T09:22:04.708946,48837,3.007812,3.09375,3.019531,-1,165.710432,24.375431
2025-08-14T09:22:05.238949,48838,3.007812,3.09375,3.0117190000000003,-1,165.710432,24.384881
2025-08-14T09:22:05.783456,48839,3.007812,3.09375,3.015625,-1,165.710432,24.384881
2025-08-14T09:22:06.547459,48840,3.007812,3.089844,3.0273440000000003,-1,165.832503,24.384881
2025-08-14T09:22:07.144844,48841,3.003906,3.09375,3.0117190000000003,-1,165.710432,24.375431
2025-08-14T09:22:07.621843,48842,3.003906,3.09375,3.019531,-1,165.771467,24.365981
2025-08-14T09:22:08.100619,48843,3.003906,3.089844,3.007812,-1,165.710432,24.356532
2025-08-14T09:22:08.615617,48844,3.003906,3.09375,3.015625,-1,165.710432,24.365981
2025-08-14T09:22:09.075252,48845,3.007812,3.089844,3.0117190000000003,-1,165.893538,24.356532
2025-08-14T09:22:09.534249,48846,3.003906,3.097656,3.015625,-1,165.771467,24.356532
2025-08-14T09:22:10.040342,48847,3.003906,3.09375,3.007812,-1,165.893538,24.347082
2025-08-14T09:22:10.536106,48848,3.003906,3.09375,3.015625,-1,165.710432,24.347082
2025-08-14T09:22:11.255219,48849,3.003906,3.097656,3.007812,-1,165.771467,24.347082
2025-08-14T09:22:11.847218,48850,3.003906,3.089844,3.0117190000000003,-1,165.710432,24.356532
2025-08-14T09:22:12.310754,48851,3.003906,3.09375,3.015625,-1,165.588362,24.356532
2025-08-14T09:28:10.824101,48852,3.003906,3.089844,3.007812,-1,165.588362,24.375431
2025-08-14T09:28:11.282100,48853,3.011719,3.09375,3.019531,-1,165.466292,24.375431
2025-08-14T09:28:11.750124,48854,3.003906,3.089844,3.0117190000000003,-1,165.466292,24.375431
2025-08-14T09:28:12.236127,48855,3.007812,3.09375,3.015625,-1,165.527327,24.375431
2025-08-14T09:28:12.693124,48856,3.007812,3.09375,3.0117190000000003,-1,165.405257,24.384881
2025-08-14T09:28:13.153124,48857,3.003906,3.09375,3.007812,-1,165.588362,24.384881
2025-08-14T09:28:13.719128,48858,3.007812,3.089844,3.003906,-1,165.466292,24.384881
2025-08-14T09:28:14.204124,48859,3.007812,3.089844,3.0117190000000003,-1,165.466292,24.394331
2025-08-14T09:28:14.714124,48860,3.003906,3.09375,3.023438,-1,165.527327,24.394331
2025-08-14T09:28:15.316124,48861,3.007812,3.09375,3.0117190000000003,-1,165.466292,24.384881
2025-08-14T09:28:15.810126,48862,3.003906,3.09375,3.019531,-1,165.588362,24.403782
2025-08-14T09:28:16.391126,48863,3.003906,3.089844,3.019531,-1,165.466292,24.403782
2025-08-14T09:28:16.851694,48864,3.007812,3.09375,3.015625,-1,165.588362,24.403782
2025-08-14T09:28:17.414941,48865,3.003906,3.089844,3.019531,-1,165.527327,24.394331
2025-08-14T09:28:17.866207,48866,3.007812,3.085938,3.023438,-1,165.466292,24.384881
2025-08-14T09:28:18.415823,48867,3.007812,3.09375,3.0117190000000003,-1,165.466292,24.394331
2025-08-14T09:28:18.862895,48868,3.007812,3.09375,3.015625,-1,165.588362,24.403782
2025-08-14T09:28:19.314485,48869,3.003906,3.09375,3.015625,-1,165.649397,24.413233
2025-08-14T09:28:19.762441,48870,3.003906,3.085938,3.023438,-1,165.588362,24.403782
2025-08-14T09:28:20.226443,48871,3.003906,3.09375,3.007812,-1,165.588362,24.403782
2025-08-14T09:28:20.689441,48872,3.003906,3.089844,3.015625,-1,165.466292,24.403782
2025-08-14T09:28:21.158441,48873,3.003906,3.089844,3.015625,-1,165.466292,24.403782
2025-08-14T09:28:21.711476,48874,3.003906,3.09375,3.015625,-1,165.527327,24.375431
2025-08-14T09:28:22.162476,48875,3.003906,3.089844,3.007812,-1,165.527327,24.365981
2025-08-14T09:28:22.613594,48876,3.007812,3.09375,3.0117190000000003,-1,165.588362,24.356532
2025-08-14T09:28:23.070621,48877,3.007812,3.089844,3.023438,-1,165.466292,24.347082
2025-08-14T09:28:23.514641,48878,3.003906,3.089844,3.0117190000000003,-1,165.527327,24.347082
2025-08-14T09:28:24.205178,48879,3.003906,3.085938,3.015625,-1,165.649397,24.337633
2025-08-14T09:28:24.890459,48880,3.007812,3.089844,3.0117190000000003,-1,165.588362,24.347082
2025-08-14T09:28:25.378458,48881,3.003906,3.09375,3.0273440000000003,-1,165.466292,24.356532
2025-08-14T09:28:25.833533,48882,3.007812,3.09375,3.019531,-1,165.649397,24.356532
2025-08-14T09:28:26.284534,48883,3.007812,3.09375,3.015625,-1,165.588362,24.365981
2025-08-14T09:28:26.727533,48884,3.003906,3.101562,3.0117190000000003,-1,165.649397,24.375431
2025-08-14T09:28:27.295197,48885,3.003906,3.089844,3.019531,-1,165.466292,24.375431
2025-08-14T09:28:27.743196,48886,3.003906,3.09375,3.015625,-1,165.527327,24.375431
2025-08-14T09:28:28.185256,48887,3.003906,3.09375,3.023438,-1,165.527327,24.384881
2025-08-14T09:28:28.639254,48888,3.003906,3.09375,3.0117190000000003,-1,165.588362,24.384881
2025-08-14T09:28:29.189227,48889,3.003906,3.089844,3.015625,-1,165.588362,24.394331
2025-08-14T09:28:29.653227,48890,3.011719,3.089844,3.015625,-1,165.527327,24.394331
2025-08-14T09:28:30.267080,48891,3.007812,3.089844,3.015625,-1,165.710432,24.394331
2025-08-14T09:28:46.780953,48892,3.007812,3.089844,3.015625,-1,165.649397,24.394331
2025-08-14T09:28:47.222966,48893,3.007812,3.089844,3.019531,-1,165.710432,24.384881
2025-08-14T09:28:47.666496,48894,3.003906,3.089844,3.015625,-1,165.527327,24.384881
2025-08-14T09:28:48.218016,48895,3.011719,3.089844,3.015625,-1,165.527327,24.394331
2025-08-14T09:28:48.761997,48896,3.011719,3.09375,3.019531,-1,165.527327,24.394331
2025-08-14T09:28:49.231268,48897,3.007812,3.089844,3.0117190000000003,-1,165.588362,24.394331
2025-08-14T09:28:49.681266,48898,3.015625,3.09375,3.007812,-1,165.588362,24.384881
2025-08-14T09:28:50.229248,48899,3.007812,3.097656,3.0117190000000003,-1,165.527327,24.394331
2025-08-14T09:30:48.971820,48900,3.003906,3.085938,3.015625,-1,165.771467,24.299841
2025-08-14T09:30:49.425821,48901,3.007812,3.089844,3.0117190000000003,-1,165.832503,24.299841
2025-08-14T09:30:49.892829,48902,3.003906,3.089844,3.015625,-1,165.771467,24.309288
2025-08-14T09:30:50.361822,48903,3.003906,3.09375,3.019531,-1,165.710432,24.309288
2025-08-14T09:30:50.932822,48904,3.003906,3.09375,3.007812,-1,165.710432,24.318737
2025-08-14T09:30:51.403822,48905,3.003906,3.089844,3.019531,-1,165.588362,24.318737
2025-08-14T09:30:51.857820,48906,3.003906,3.09375,3.019531,-1,165.832503,24.328185
2025-08-14T09:30:52.308871,48907,3.007812,3.09375,3.019531,-1,165.832503,24.337633
2025-08-14T09:30:52.865871,48908,3.003906,3.089844,3.0117190000000003,-1,165.832503,24.337633
2025-08-14T09:30:53.312198,48909,3.011719,3.089844,3.015625,-1,165.771467,24.337633
2025-08-14T09:30:54.095237,48910,3.007812,3.097656,3.015625,-1,165.710432,24.347082
2025-08-14T09:30:54.602981,48911,3.007812,3.089844,3.015625,-1,165.649397,24.347082
2025-08-14T09:30:55.049768,48912,3.003906,3.089844,3.007812,-1,165.649397,24.356532
2025-08-14T09:30:55.503767,48913,3.007812,3.09375,3.003906,-1,165.710432,24.347082
2025-08-14T09:30:58.166195,48914,3.003906,3.09375,3.015625,-1,165.710432,24.328185
2025-08-14T09:30:58.728946,48915,3.003906,3.089844,3.0117190000000003,-1,165.649397,24.328185
2025-08-14T09:30:59.176289,48916,3.003906,3.089844,3.015625,-1,165.649397,24.309288
2025-08-14T09:30:59.646804,48917,3.003906,3.089844,3.0117190000000003,-1,165.710432,24.309288
2025-08-14T09:31:00.193904,48918,3.007812,3.089844,3.0117190000000003,-1,165.649397,24.309288
2025-08-14T09:31:00.649359,48919,3.007812,3.089844,3.015625,-1,165.832503,24.309288
2025-08-14T09:31:01.105359,48920,3.007812,3.089844,3.019531,-1,165.710432,24.309288
2025-08-14T09:31:01.671176,48921,3.003906,3.089844,3.0117190000000003,-1,165.649397,24.309288
2025-08-14T09:31:02.125179,48922,3.007812,3.097656,3.015625,-1,165.710432,24.309288
2025-08-14T09:31:02.562852,48923,3.003906,3.089844,3.0117190000000003,-1,165.893538,24.309288
2025-08-14T09:31:03.218851,48924,3.003906,3.089844,3.019531,-1,165.649397,24.309288
2025-08-14T09:31:03.672851,48925,3.003906,3.09375,3.0117190000000003,-1,165.771467,24.299841
2025-08-14T09:31:04.227384,48926,3.011719,3.089844,3.0117190000000003,-1,165.771467,24.309288
2025-08-14T09:31:04.687382,48927,3.007812,3.09375,3.0117190000000003,-1,165.649397,24.318737
2025-08-14T09:31:05.127586,48928,3.003906,3.085938,3.007812,-1,165.832503,24.318737
2025-08-14T09:31:05.584312,48929,3.003906,3.09375,3.0117190000000003,-1,165.832503,24.318737
2025-08-14T09:31:06.055313,48930,3.007812,3.09375,3.0117190000000003,-1,165.649397,24.328185
2025-08-14T09:31:06.828306,48931,3.003906,3.085938,3.0117190000000003,-1,165.771467,24.328185
2025-08-14T09:31:07.276184,48932,3.003906,3.09375,3.019531,-1,165.649397,24.328185
2025-08-14T09:31:07.858027,48933,3.007812,3.089844,3.015625,-1,165.649397,24.318737
2025-08-14T09:31:08.331025,48934,3.003906,3.09375,3.0117190000000003,-1,165.771467,24.318737
2025-08-14T09:31:08.903563,48935,3.007812,3.089844,3.0117190000000003,-1,165.710432,24.318737
2025-08-14T09:31:09.373562,48936,3.003906,3.089844,3.015625,-1,165.649397,24.328185
2025-08-14T09:31:09.823740,48937,3.003906,3.09375,3.019531,-1,165.710432,24.328185
2025-08-14T09:31:10.283741,48938,3.003906,3.097656,3.019531,-1,165.832503,24.328185
2025-08-14T09:31:11.248750,48939,3.003906,3.09375,3.015625,-1,165.649397,24.328185
2025-08-14T09:31:11.699750,48940,3.003906,3.09375,3.019531,-1,165.649397,24.337633
2025-08-14T09:31:12.147393,48941,3.003906,3.097656,3.0117190000000003,-1,165.649397,24.337633
2025-08-14T09:31:12.938394,48942,3.007812,3.089844,3.015625,-1,165.832503,24.328185
2025-08-14T09:31:13.391393,48943,3.011719,3.09375,3.0117190000000003,-1,165.771467,24.328185
2025-08-14T09:31:13.844864,48944,3.003906,3.089844,3.0117190000000003,-1,165.710432,24.328185
2025-08-14T09:31:14.298198,48945,3.007812,3.09375,3.019531,-1,165.649397,24.318737
2025-08-14T09:31:14.758201,48946,3.003906,3.085938,3.007812,-1,165.649397,24.328185
2025-08-14T09:31:15.313233,48947,3.003906,3.089844,3.0,-1,165.771467,24.328185
2025-08-14T09:31:15.778232,48948,3.007812,3.09375,3.0117190000000003,-1,165.649397,24.328185
2025-08-14T09:31:16.252851,48949,3.003906,3.097656,3.019531,-1,165.771467,24.337633
2025-08-14T09:31:16.711854,48950,3.007812,3.09375,3.0117190000000003,-1,165.710432,24.337633
2025-08-14T09:31:17.160865,48951,3.007812,3.089844,3.0117190000000003,-1,165.710432,24.318737
2025-08-14T09:31:17.714862,48952,3.003906,3.09375,3.0117190000000003,-1,165.649397,24.328185
2025-08-14T09:31:18.177862,48953,3.003906,3.089844,3.023438,-1,165.710432,24.337633
2025-08-14T09:31:18.652863,48954,3.003906,3.089844,3.007812,-1,165.832503,24.328185
2025-08-14T09:31:19.120862,48955,3.003906,3.089844,3.015625,-1,165.710432,24.337633
2025-08-14T09:31:19.616863,48956,3.003906,3.089844,3.0117190000000003,-1,165.649397,24.337633
2025-08-14T09:31:20.072887,48957,3.011719,3.089844,3.015625,-1,165.710432,24.337633
2025-08-14T09:31:20.522896,48958,3.007812,3.09375,3.019531,-1,165.832503,24.347082
2025-08-14T09:31:21.070896,48959,3.003906,3.09375,3.007812,-1,165.832503,24.356532
2025-08-14T09:31:21.533025,48960,3.007812,3.089844,3.0117190000000003,-1,165.832503,24.365981
2025-08-14T09:31:22.206141,48961,3.003906,3.09375,3.015625,-1,165.710432,24.356532
2025-08-14T09:31:22.670463,48962,3.011719,3.09375,3.007812,-1,165.771467,24.356532
2025-08-14T09:31:23.141462,48963,3.007812,3.09375,3.019531,-1,165.710432,24.356532
2025-08-14T09:31:23.810465,48964,3.007812,3.089844,3.019531,-1,165.649397,24.356532
2025-08-14T09:31:24.366814,48965,3.007812,3.089844,3.007812,-1,165.832503,24.356532
2025-08-14T09:31:24.828813,48966,3.007812,3.089844,3.007812,-1,165.832503,24.356532
2025-08-14T09:31:25.283833,48967,3.003906,3.089844,3.0117190000000003,-1,165.771467,24.356532
2025-08-14T09:31:25.759847,48968,3.003906,3.09375,3.019531,-1,165.832503,24.347082
2025-08-14T09:31:26.230844,48969,3.007812,3.09375,3.003906,-1,165.771467,24.347082
2025-08-14T09:31:26.679850,48970,3.003906,3.097656,3.019531,-1,165.832503,24.347082
2025-08-14T09:31:27.148713,48971,3.003906,3.089844,3.007812,-1,165.710432,24.347082
2025-08-14T09:31:27.606713,48972,3.007812,3.097656,3.0117190000000003,-1,165.771467,24.347082
2025-08-14T09:31:28.066721,48973,3.003906,3.089844,3.007812,-1,165.832503,24.347082
2025-08-14T09:31:28.528723,48974,3.003906,3.09375,3.015625,-1,165.832503,24.347082
2025-08-14T09:31:29.092462,48975,3.007812,3.097656,3.003906,-1,165.832503,24.347082
2025-08-14T09:31:29.555462,48976,3.007812,3.085938,3.0117190000000003,-1,165.710432,24.347082
2025-08-14T09:31:30.007462,48977,3.003906,3.089844,3.023438,-1,165.649397,24.356532
2025-08-14T09:31:30.453820,48978,3.003906,3.089844,3.015625,-1,165.710432,24.347082
2025-08-14T09:31:30.945823,48979,3.003906,3.097656,3.0117190000000003,-1,165.649397,24.356532
2025-08-14T09:31:31.685376,48980,3.007812,3.085938,3.019531,-1,165.649397,24.347082
2025-08-14T09:31:32.148776,48981,3.003906,3.09375,3.015625,-1,165.832503,24.347082
2025-08-14T09:31:32.706852,48982,3.007812,3.09375,3.023438,-1,165.771467,24.347082
2025-08-14T09:31:33.285638,48983,3.003906,3.09375,3.007812,-1,165.832503,24.347082
2025-08-14T09:31:33.853639,48984,3.003906,3.09375,3.015625,-1,165.649397,24.347082
2025-08-14T09:31:34.525581,48985,3.007812,3.09375,3.0117190000000003,-1,165.832503,24.347082
2025-08-14T09:31:34.986581,48986,3.003906,3.097656,3.015625,-1,165.710432,24.347082
2025-08-14T09:31:35.439203,48987,3.007812,3.09375,3.0117190000000003,-1,165.771467,24.347082
2025-08-14T09:31:35.909203,48988,3.003906,3.09375,3.019531,-1,165.832503,24.347082
2025-08-14T09:31:36.381235,48989,3.003906,3.09375,3.0117190000000003,-1,165.771467,24.356532
2025-08-14T09:31:36.947238,48990,3.003906,3.09375,3.0117190000000003,-1,165.832503,24.356532
2025-08-14T09:31:37.399262,48991,3.003906,3.089844,3.015625,-1,165.771467,24.347082
2025-08-14T09:31:37.869971,48992,3.003906,3.097656,3.0117190000000003,-1,165.832503,24.347082
2025-08-14T09:31:38.325974,48993,3.007812,3.09375,3.019531,-1,165.710432,24.356532
2025-08-14T09:31:38.911494,48994,3.011719,3.09375,3.007812,-1,165.832503,24.347082
2025-08-14T09:31:39.625498,48995,3.003906,3.089844,3.015625,-1,165.710432,24.347082
2025-08-14T09:31:40.098496,48996,3.003906,3.09375,3.0117190000000003,-1,165.832503,24.328185
2025-08-14T09:31:40.672493,48997,3.007812,3.09375,3.007812,-1,165.649397,24.328185
2025-08-14T09:31:41.231493,48998,3.007812,3.09375,3.019531,-1,165.710432,24.318737
2025-08-14T09:31:41.700493,48999,3.003906,3.09375,3.007812,-1,165.832503,24.318737
2025-08-14T09:31:42.165497,49000,3.003906,3.09375,3.007812,-1,165.954573,24.318737
2025-08-14T09:31:42.623452,49001,3.003906,3.09375,3.023438,-1,165.832503,24.309288
2025-08-14T09:31:43.096274,49002,3.011719,3.089844,3.0117190000000003,-1,165.771467,24.309288
2025-08-14T09:31:43.545876,49003,3.003906,3.09375,3.003906,-1,165.710432,24.309288
2025-08-14T09:31:44.118877,49004,3.003906,3.089844,3.015625,-1,165.710432,24.299841
2025-08-14T09:31:44.632879,49005,3.003906,3.089844,3.015625,-1,165.588362,24.290393
2025-08-14T09:31:45.275877,49006,3.003906,3.09375,3.015625,-1,165.588362,24.290393
2025-08-14T09:31:45.736239,49007,3.003906,3.09375,3.0117190000000003,-1,165.649397,24.280946
2025-08-14T09:31:46.204238,49008,3.003906,3.09375,3.0117190000000003,-1,165.771467,24.290393
2025-08-14T09:31:46.751131,49009,3.003906,3.09375,3.019531,-1,165.771467,24.280946
2025-08-14T09:31:48.271133,49011,3.003906,3.09375,3.0117190000000003,-1,165.588362,24.280946
2025-08-14T09:31:48.736132,49012,3.003906,3.09375,3.019531,-1,165.649397,24.280946
2025-08-14T09:31:49.231132,49013,3.003906,3.089844,3.023438,-1,165.649397,24.290393
2025-08-14T09:31:49.695131,49014,3.003906,3.101562,3.019531,-1,165.710432,24.290393
2025-08-14T09:31:50.252131,49015,3.003906,3.085938,3.007812,-1,165.649397,24.299841
2025-08-14T09:31:50.706131,49016,3.007812,3.089844,3.015625,-1,165.710432,24.290393
2025-08-14T09:31:51.163894,49017,3.003906,3.09375,3.019531,-1,165.649397,24.309288
2025-08-14T09:31:51.648913,49018,3.003906,3.089844,3.0117190000000003,-1,165.832503,24.299841
2025-08-14T09:31:52.124916,49019,3.007812,3.09375,3.007812,-1,165.710432,24.299841
2025-08-14T09:31:52.571191,49020,3.007812,3.089844,3.003906,-1,165.771467,24.299841
2025-08-14T09:31:53.027190,49021,3.007812,3.085938,3.019531,-1,165.832503,24.299841
2025-08-14T09:31:53.480191,49022,3.003906,3.09375,3.015625,-1,165.649397,24.299841
2025-08-14T09:31:53.932251,49023,3.003906,3.089844,3.003906,-1,165.710432,24.290393
2025-08-14T09:31:54.396895,49024,3.007812,3.097656,3.007812,-1,165.649397,24.290393
2025-08-14T09:31:54.859898,49025,3.007812,3.09375,3.0117190000000003,-1,165.710432,24.290393
2025-08-14T09:31:55.324897,49026,3.003906,3.09375,3.019531,-1,165.832503,24.299841
2025-08-14T09:31:55.778896,49027,3.003906,3.097656,3.015625,-1,165.771467,24.290393
2025-08-14T09:31:56.231212,49028,3.003906,3.09375,3.015625,-1,165.649397,24.290393
2025-08-14T09:31:56.672212,49029,3.007812,3.09375,3.015625,-1,165.649397,24.290393
2025-08-14T09:31:57.234072,49030,3.007812,3.09375,3.007812,-1,165.710432,24.290393
2025-08-14T09:31:57.680068,49031,3.003906,3.09375,3.023438,-1,165.710432,24.290393
2025-08-14T09:31:58.135097,49032,3.003906,3.089844,3.0117190000000003,-1,165.649397,24.290393
2025-08-14T09:31:58.585786,49033,3.003906,3.097656,3.015625,-1,165.710432,24.290393
2025-08-14T09:31:59.038786,49034,3.003906,3.089844,3.015625,-1,165.649397,24.290393
2025-08-14T09:31:59.491905,49035,3.003906,3.089844,3.015625,-1,165.649397,24.290393
2025-08-14T09:31:59.942905,49036,3.003906,3.089844,3.015625,-1,165.832503,24.299841
2025-08-14T09:32:00.394289,49037,3.007812,3.085938,3.015625,-1,165.771467,24.299841
2025-08-14T09:32:00.859465,49038,3.003906,3.09375,3.023438,-1,165.771467,24.290393
2025-08-14T09:32:01.428461,49039,3.003906,3.09375,3.015625,-1,165.649397,24.299841
2025-08-14T09:32:01.871461,49040,3.003906,3.09375,3.0117190000000003,-1,165.832503,24.299841
2025-08-14T09:32:02.329104,49041,3.003906,3.089844,3.0117190000000003,-1,165.832503,24.299841
2025-08-14T09:32:03.043102,49042,3.003906,3.09375,3.007812,-1,165.832503,24.309288
2025-08-14T09:32:03.512104,49043,3.003906,3.089844,3.023438,-1,165.710432,24.299841
2025-08-14T09:32:03.966786,49044,3.003906,3.097656,3.0117190000000003,-1,165.771467,24.309288
2025-08-14T09:32:04.424528,49045,3.003906,3.089844,3.019531,-1,165.649397,24.309288
2025-08-14T09:32:04.987531,49046,3.003906,3.097656,3.007812,-1,165.771467,24.309288
2025-08-14T09:32:05.445538,49047,3.007812,3.097656,3.015625,-1,165.588362,24.309288
2025-08-14T09:32:06.119538,49048,3.003906,3.09375,3.015625,-1,165.771467,24.318737
2025-08-14T09:32:06.584694,49049,3.003906,3.089844,3.015625,-1,165.710432,24.309288
2025-08-14T09:32:07.055688,49050,3.007812,3.09375,3.0117190000000003,-1,165.588362,24.309288
2025-08-14T09:32:07.506033,49051,3.003906,3.089844,3.015625,-1,165.771467,24.328185
2025-08-14T09:32:07.951810,49052,3.011719,3.09375,3.0117190000000003,-1,165.588362,24.318737
2025-08-14T09:32:08.415811,49053,3.007812,3.089844,3.0117190000000003,-1,165.649397,24.318737
2025-08-14T09:32:08.859827,49054,3.003906,3.089844,3.015625,-1,165.710432,24.318737
2025-08-14T09:32:09.436827,49055,3.003906,3.097656,3.015625,-1,165.710432,24.309288
2025-08-14T09:32:09.880430,49056,3.003906,3.085938,3.019531,-1,165.649397,24.299841
2025-08-14T09:32:10.334429,49057,3.003906,3.089844,3.0117190000000003,-1,165.649397,24.299841
2025-08-14T09:32:10.786520,49058,3.003906,3.09375,3.019531,-1,165.832503,24.299841
2025-08-14T09:32:11.243730,49059,3.003906,3.089844,3.015625,-1,165.832503,24.299841
2025-08-14T09:32:11.803427,49060,3.003906,3.097656,3.007812,-1,165.710432,24.299841
2025-08-14T09:32:12.256533,49061,3.007812,3.089844,3.03125,-1,165.893538,24.299841
2025-08-14T09:32:12.806536,49062,3.003906,3.09375,3.0117190000000003,-1,165.832503,24.299841
2025-08-14T09:32:13.282153,49063,3.003906,3.089844,3.015625,-1,165.832503,24.290393
2025-08-14T09:32:13.737189,49064,3.003906,3.097656,3.007812,-1,165.832503,24.290393
2025-08-14T09:32:14.292197,49065,3.003906,3.089844,3.015625,-1,165.710432,24.299841
2025-08-14T09:32:14.840732,49066,3.007812,3.09375,3.015625,-1,165.832503,24.290393
2025-08-14T09:32:15.304317,49067,3.007812,3.09375,3.015625,-1,165.649397,24.299841
2025-08-14T09:32:15.757929,49068,3.011719,3.09375,3.0117190000000003,-1,165.710432,24.299841
2025-08-14T09:32:16.304769,49069,3.011719,3.09375,3.007812,-1,165.771467,24.309288
2025-08-14T09:32:16.751379,49070,3.003906,3.09375,3.0117190000000003,-1,165.710432,24.309288
2025-08-14T09:32:17.304679,49071,3.003906,3.089844,3.015625,-1,165.649397,24.309288
2025-08-14T09:32:17.754475,49072,3.003906,3.089844,3.019531,-1,165.771467,24.290393
2025-08-14T09:32:18.207098,49073,3.007812,3.089844,3.023438,-1,165.771467,24.280946
2025-08-14T09:32:18.650916,49074,3.007812,3.089844,3.019531,-1,165.649397,24.280946
2025-08-14T09:32:19.121916,49075,3.003906,3.097656,3.0117190000000003,-1,165.649397,24.271499
2025-08-14T09:32:19.606915,49076,3.011719,3.09375,3.015625,-1,165.771467,24.280946
2025-08-14T09:32:21.148977,49077,3.007812,3.089844,3.015625,-1,165.832503,24.271499
2025-08-14T09:32:21.623976,49078,3.003906,3.089844,3.0117190000000003,-1,165.832503,24.280946
2025-08-14T09:32:22.075978,49079,3.003906,3.097656,3.0117190000000003,-1,165.649397,24.290393
2025-08-14T09:32:22.635157,49080,3.003906,3.09375,3.0117190000000003,-1,165.649397,24.290393
2025-08-14T09:32:23.084158,49081,3.007812,3.09375,3.007812,-1,165.588362,24.299841
2025-08-14T09:32:23.764768,49082,3.007812,3.09375,3.023438,-1,165.588362,24.299841
2025-08-14T09:32:24.644445,49083,3.007812,3.089844,3.0117190000000003,-1,165.832503,24.309288
2025-08-14T09:32:25.104445,49084,3.007812,3.09375,3.015625,-1,165.710432,24.309288
2025-08-14T09:32:25.556245,49085,3.003906,3.089844,3.0117190000000003,-1,165.893538,24.309288
2025-08-14T09:32:26.026263,49086,3.003906,3.09375,3.015625,-1,165.649397,24.309288
2025-08-14T09:32:26.712377,49087,3.003906,3.09375,3.0117190000000003,-1,165.710432,24.309288
2025-08-14T09:32:27.379892,49088,3.007812,3.09375,3.015625,-1,165.771467,24.318737
2025-08-14T09:32:27.831615,49089,3.003906,3.089844,3.007812,-1,165.649397,24.328185
2025-08-14T09:32:28.391450,49090,3.003906,3.089844,3.019531,-1,165.771467,24.328185
2025-08-14T09:32:28.855451,49091,3.003906,3.09375,3.0117190000000003,-1,165.649397,24.318737
2025-08-14T09:32:29.536450,49092,3.003906,3.09375,3.007812,-1,165.588362,24.328185
2025-08-14T09:32:30.132449,49093,3.007812,3.089844,3.019531,-1,165.649397,24.318737
2025-08-14T09:32:30.604451,49094,3.003906,3.089844,3.0117190000000003,-1,165.649397,24.328185
2025-08-14T09:32:31.073450,49095,3.003906,3.09375,3.0117190000000003,-1,165.710432,24.318737
2025-08-14T09:32:31.556451,49096,3.003906,3.09375,3.015625,-1,165.588362,24.318737
2025-08-14T09:32:32.020473,49097,3.007812,3.089844,3.019531,-1,165.710432,24.318737
2025-08-14T09:32:32.479304,49098,3.007812,3.09375,3.0117190000000003,-1,165.771467,24.318737
2025-08-14T09:32:32.943291,49099,3.003906,3.089844,3.023438,-1,165.649397,24.328185
2025-08-14T09:32:33.507200,49100,3.003906,3.089844,3.0117190000000003,-1,165.710432,24.318737
2025-08-14T09:32:33.961742,49101,3.003906,3.089844,3.019531,-1,165.649397,24.318737
2025-08-14T09:32:34.444742,49102,3.011719,3.085938,3.003906,-1,165.771467,24.318737
2025-08-14T09:32:34.903742,49103,3.003906,3.089844,3.019531,-1,165.771467,24.309288
2025-08-14T09:32:35.369747,49104,3.003906,3.09375,3.019531,-1,165.771467,24.299841
2025-08-14T09:32:35.841513,49105,3.003906,3.09375,3.015625,-1,165.649397,24.299841
2025-08-14T09:32:36.342513,49106,3.003906,3.09375,3.019531,-1,165.588362,24.290393
2025-08-14T09:32:36.918513,49107,3.007812,3.09375,3.019531,-1,165.710432,24.290393
2025-08-14T09:32:37.475514,49108,3.007812,3.089844,3.0117190000000003,-1,165.771467,24.299841
2025-08-14T09:32:38.015513,49109,3.003906,3.097656,3.015625,-1,165.588362,24.309288
2025-08-14T09:32:38.552513,49110,3.003906,3.089844,3.019531,-1,165.771467,24.318737
2025-08-14T09:32:39.257420,49111,3.003906,3.09375,3.015625,-1,165.649397,24.318737
2025-08-14T09:32:39.751416,49112,3.003906,3.09375,3.0117190000000003,-1,165.649397,24.318737
2025-08-14T09:32:40.216416,49113,3.007812,3.089844,3.023438,-1,165.710432,24.328185
2025-08-14T09:32:40.677418,49114,3.003906,3.089844,3.015625,-1,165.588362,24.328185
2025-08-14T09:32:41.133355,49115,3.007812,3.09375,3.015625,-1,165.649397,24.328185
2025-08-14T09:32:41.592713,49116,3.003906,3.097656,3.003906,-1,165.649397,24.328185
2025-08-14T09:32:42.147662,49117,3.003906,3.09375,3.019531,-1,165.588362,24.337633
2025-08-14T09:32:42.612662,49118,3.003906,3.09375,3.007812,-1,165.649397,24.328185
2025-08-14T09:32:43.078662,49119,3.007812,3.097656,3.015625,-1,165.710432,24.337633
2025-08-14T09:32:43.563078,49120,3.003906,3.09375,3.015625,-1,165.710432,24.337633
2025-08-14T09:32:46.219571,49121,3.003906,3.089844,3.015625,-1,165.832503,24.356532
2025-08-14T09:32:46.784114,49122,3.003906,3.089844,3.019531,-1,165.649397,24.365981
2025-08-14T09:32:47.456113,49123,3.003906,3.085938,3.0117190000000003,-1,165.710432,24.375431
2025-08-14T09:32:47.917722,49124,3.011719,3.089844,3.0117190000000003,-1,165.832503,24.365981
2025-08-14T09:32:48.603393,49125,3.003906,3.09375,3.003906,-1,165.649397,24.365981
2025-08-14T09:32:49.087253,49126,3.003906,3.09375,3.015625,-1,165.771467,24.365981
2025-08-14T09:32:49.586252,49127,3.007812,3.085938,3.015625,-1,165.710432,24.375431
2025-08-14T09:32:50.064252,49128,3.003906,3.089844,3.015625,-1,165.771467,24.375431
2025-08-14T09:32:50.641252,49129,3.003906,3.082031,3.023438,-1,165.771467,24.375431
2025-08-14T09:32:51.129816,49130,3.003906,3.089844,3.007812,-1,165.893538,24.375431
2025-08-14T09:32:51.603199,49131,3.003906,3.097656,3.015625,-1,165.832503,24.375431
2025-08-14T09:32:52.055244,49132,3.011719,3.097656,3.0117190000000003,-1,165.649397,24.375431
2025-08-14T09:32:52.514241,49133,3.003906,3.089844,3.003906,-1,165.649397,24.375431
2025-08-14T09:32:53.194241,49134,3.003906,3.097656,3.007812,-1,165.649397,24.375431
2025-08-14T09:32:53.660257,49135,3.003906,3.097656,3.0117190000000003,-1,165.893538,24.375431
2025-08-14T09:32:54.125591,49136,3.003906,3.09375,3.015625,-1,165.832503,24.384881
2025-08-14T09:32:54.585960,49137,3.003906,3.089844,3.019531,-1,165.710432,24.384881
2025-08-14T09:32:55.044169,49138,3.015625,3.089844,3.007812,-1,165.710432,24.384881
2025-08-14T09:32:55.616168,49139,3.003906,3.09375,3.023438,-1,165.771467,24.384881
2025-08-14T09:32:56.079161,49140,3.003906,3.089844,3.015625,-1,165.771467,24.375431
2025-08-14T09:32:56.739544,49141,3.007812,3.089844,3.0117190000000003,-1,165.771467,24.384881
2025-08-14T09:32:57.305221,49142,3.007812,3.09375,3.0117190000000003,-1,165.710432,24.384881
2025-08-14T09:32:57.772221,49143,3.007812,3.089844,3.015625,-1,165.832503,24.384881
2025-08-14T09:32:58.332537,49144,3.003906,3.089844,3.007812,-1,165.710432,24.384881
2025-08-14T09:32:58.780489,49145,3.003906,3.09375,3.0117190000000003,-1,165.771467,24.384881
2025-08-14T09:32:59.229212,49146,3.003906,3.097656,3.007812,-1,165.771467,24.384881
2025-08-14T09:32:59.690212,49147,3.003906,3.085938,3.0117190000000003,-1,165.771467,24.384881
2025-08-14T09:33:00.160212,49148,3.007812,3.09375,3.0117190000000003,-1,165.771467,24.384881
2025-08-14T09:33:00.611234,49149,3.003906,3.089844,3.0117190000000003,-1,165.771467,24.384881
2025-08-14T09:33:01.179232,49150,3.011719,3.089844,3.007812,-1,165.771467,24.394331
2025-08-14T09:33:01.752469,49151,3.003906,3.082031,3.015625,-1,165.710432,24.375431
2025-08-14T09:33:02.240469,49152,3.003906,3.09375,3.023438,-1,165.588362,24.365981
2025-08-14T09:33:02.910579,49153,3.011719,3.09375,3.019531,-1,165.588362,24.365981
2025-08-14T09:33:03.381635,49154,3.003906,3.097656,3.0117190000000003,-1,165.588362,24.356532
2025-08-14T09:33:03.948226,49155,3.007812,3.09375,3.0117190000000003,-1,165.771467,24.365981
2025-08-14T09:33:04.407248,49156,3.003906,3.09375,3.015625,-1,165.771467,24.365981
2025-08-14T09:33:04.868467,49157,3.011719,3.089844,3.0117190000000003,-1,165.771467,24.356532
2025-08-14T09:33:05.320671,49158,3.003906,3.089844,3.019531,-1,165.771467,24.356532
2025-08-14T09:33:05.774661,49159,3.007812,3.09375,3.019531,-1,165.588362,24.347082
2025-08-14T09:33:06.226680,49160,3.003906,3.09375,3.015625,-1,165.771467,24.347082
2025-08-14T09:33:06.713679,49161,3.003906,3.09375,3.0117190000000003,-1,165.588362,24.328185
2025-08-14T09:33:07.272250,49162,3.011719,3.085938,3.023438,-1,165.771467,24.328185
2025-08-14T09:33:07.722797,49163,3.007812,3.09375,3.007812,-1,165.710432,24.328185
2025-08-14T09:33:08.284796,49164,3.003906,3.09375,3.007812,-1,165.710432,24.318737
2025-08-14T09:33:08.739600,49165,3.007812,3.097656,3.007812,-1,165.649397,24.318737
2025-08-14T09:33:09.203094,49166,3.011719,3.09375,3.007812,-1,165.649397,24.318737
2025-08-14T09:33:09.660115,49167,3.007812,3.09375,3.015625,-1,165.588362,24.318737
2025-08-14T09:33:10.106747,49168,3.003906,3.089844,3.0117190000000003,-1,165.588362,24.328185
2025-08-14T09:33:10.569747,49169,3.003906,3.089844,3.007812,-1,165.649397,24.328185
2025-08-14T09:33:11.021402,49170,3.003906,3.097656,3.007812,-1,165.710432,24.337633
2025-08-14T09:33:11.480510,49171,3.003906,3.089844,3.015625,-1,165.649397,24.318737
2025-08-14T09:33:11.931509,49172,3.003906,3.085938,3.0117190000000003,-1,165.710432,24.337633
2025-08-14T09:33:12.384219,49173,3.007812,3.089844,3.015625,-1,165.649397,24.328185
2025-08-14T09:33:12.842218,49174,3.003906,3.089844,3.015625,-1,165.588362,24.328185
2025-08-14T09:33:13.495476,49175,3.003906,3.09375,3.0117190000000003,-1,165.771467,24.328185
2025-08-14T09:33:13.954477,49176,3.007812,3.09375,3.015625,-1,165.588362,24.328185
2025-08-14T09:33:14.403321,49177,3.003906,3.09375,3.0117190000000003,-1,165.710432,24.328185
2025-08-14T09:33:14.856910,49178,3.003906,3.09375,3.015625,-1,165.588362,24.309288
2025-08-14T09:33:15.305900,49179,3.003906,3.089844,3.0117190000000003,-1,165.649397,24.309288
2025-08-14T09:33:15.973969,49180,3.003906,3.09375,3.015625,-1,165.649397,24.299841
2025-08-14T09:33:16.432430,49181,3.007812,3.089844,3.015625,-1,165.710432,24.299841
2025-08-14T09:33:16.896183,49182,3.003906,3.085938,3.015625,-1,165.649397,24.299841
2025-08-14T09:33:17.355183,49183,3.003906,3.09375,3.015625,-1,165.649397,24.309288
2025-08-14T09:33:17.825183,49184,3.003906,3.089844,3.015625,-1,165.710432,24.309288
2025-08-14T09:33:18.307183,49185,3.007812,3.089844,3.0117190000000003,-1,165.649397,24.318737
2025-08-14T09:33:18.873440,49186,3.003906,3.089844,3.007812,-1,165.771467,24.318737
2025-08-14T09:33:19.437758,49187,3.007812,3.105469,3.0117190000000003,-1,165.710432,24.328185
2025-08-14T09:33:19.902713,49188,3.011719,3.085938,3.003906,-1,165.588362,24.328185
2025-08-14T09:33:20.355868,49189,3.003906,3.09375,3.015625,-1,165.649397,24.328185
2025-08-14T09:33:20.828868,49190,3.015625,3.09375,3.0,-1,165.771467,24.328185
2025-08-14T09:33:21.284212,49191,3.003906,3.09375,3.015625,-1,165.710432,24.328185
2025-08-14T09:33:21.847835,49192,3.003906,3.097656,3.015625,-1,165.588362,24.318737
2025-08-14T09:33:22.297840,49193,3.007812,3.089844,3.007812,-1,165.649397,24.328185
2025-08-14T09:33:22.753459,49194,3.011719,3.085938,3.007812,-1,165.588362,24.328185
2025-08-14T09:33:23.315459,49195,3.003906,3.09375,3.015625,-1,165.649397,24.328185
2025-08-14T09:33:23.882488,49196,3.007812,3.09375,3.007812,-1,165.710432,24.328185
2025-08-14T09:33:24.397682,49197,3.003906,3.089844,3.015625,-1,165.832503,24.337633
2025-08-14T09:33:24.867235,49198,3.003906,3.089844,3.0117190000000003,-1,165.710432,24.337633
2025-08-14T09:33:25.361494,49199,3.003906,3.09375,3.019531,-1,165.649397,24.337633
2025-08-14T09:33:25.840495,49200,3.007812,3.09375,3.0117190000000003,-1,165.710432,24.337633
2025-08-14T09:33:26.302031,49201,3.007812,3.09375,3.0117190000000003,-1,165.771467,24.337633
2025-08-14T09:33:26.895213,49202,3.003906,3.09375,3.019531,-1,165.649397,24.337633
2025-08-14T09:33:27.358521,49203,3.003906,3.09375,3.015625,-1,165.771467,24.347082
2025-08-14T09:33:27.833194,49204,3.003906,3.09375,3.0117190000000003,-1,165.710432,24.347082
2025-08-14T09:33:28.298452,49205,3.003906,3.09375,3.0117190000000003,-1,165.710432,24.356532
2025-08-14T09:33:28.786804,49206,3.007812,3.09375,3.015625,-1,165.771467,24.356532
2025-08-14T09:33:29.356802,49207,3.003906,3.089844,3.0117190000000003,-1,165.649397,24.356532
2025-08-14T09:33:29.931418,49208,3.007812,3.085938,3.015625,-1,165.710432,24.347082
2025-08-14T09:33:30.393414,49209,3.007812,3.089844,3.0117190000000003,-1,165.771467,24.337633
2025-08-14T09:33:30.857773,49210,3.003906,3.089844,3.0117190000000003,-1,165.710432,24.347082
2025-08-14T09:33:31.343786,49211,3.011719,3.089844,3.015625,-1,165.649397,24.347082
2025-08-14T09:33:31.828483,49212,3.003906,3.089844,3.019531,-1,165.649397,24.356532
2025-08-14T09:33:32.630662,49213,3.007812,3.085938,3.003906,-1,165.710432,24.347082
2025-08-14T09:33:33.091757,49214,3.011719,3.089844,3.0117190000000003,-1,165.649397,24.337633
2025-08-14T09:33:33.604357,49215,3.003906,3.09375,3.0117190000000003,-1,165.710432,24.337633
2025-08-14T09:33:34.063064,49216,3.003906,3.09375,3.007812,-1,165.710432,24.347082
2025-08-14T09:33:34.546066,49217,3.007812,3.089844,3.007812,-1,165.588362,24.337633
2025-08-14T09:33:35.107808,49218,3.007812,3.09375,3.0117190000000003,-1,165.649397,24.337633
2025-08-14T09:33:35.595255,49219,3.003906,3.085938,3.0117190000000003,-1,165.588362,24.328185
2025-08-14T09:33:36.177832,49220,3.003906,3.101562,3.0117190000000003,-1,165.771467,24.318737
2025-08-14T09:33:36.651977,49221,3.003906,3.089844,3.003906,-1,165.649397,24.318737
2025-08-14T09:33:37.212931,49222,3.003906,3.101562,3.015625,-1,165.771467,24.318737
2025-08-14T09:33:37.707769,49223,3.003906,3.09375,3.023438,-1,165.649397,24.309288
2025-08-14T09:33:38.169769,49224,3.003906,3.089844,2.988281,-1,165.710432,24.318737
2025-08-14T09:33:38.630095,49225,3.003906,3.085938,3.023438,-1,165.771467,24.318737
2025-08-14T09:33:39.107642,49226,3.003906,3.09375,3.03125,-1,165.527327,24.309288
2025-08-14T09:33:39.581001,49227,3.003906,3.085938,3.015625,-1,165.710432,24.299841
2025-08-14T09:33:40.158383,49228,3.007812,3.089844,3.0117190000000003,-1,165.649397,24.299841
2025-08-14T09:33:40.636315,49229,3.007812,3.09375,3.023438,-1,165.527327,24.299841
2025-08-14T09:33:41.099885,49230,3.003906,3.09375,3.0273440000000003,-1,165.527327,24.290393
2025-08-14T09:33:41.575895,49231,3.003906,3.089844,3.019531,-1,165.588362,24.290393
2025-08-14T09:33:42.039895,49232,3.003906,3.09375,3.0273440000000003,-1,165.771467,24.299841
2025-08-14T09:33:42.517227,49233,3.007812,3.097656,3.0,-1,165.710432,24.290393
2025-08-14T09:33:42.987318,49234,3.007812,3.09375,3.0117190000000003,-1,165.710432,24.290393
2025-08-14T09:33:43.553881,49235,3.007812,3.085938,3.0117190000000003,-1,165.527327,24.290393
2025-08-14T09:33:44.123425,49236,3.007812,3.09375,3.003906,-1,165.588362,24.290393
2025-08-14T09:33:44.809471,49237,3.007812,3.09375,3.0117190000000003,-1,165.588362,24.299841
2025-08-14T09:33:45.273777,49238,3.011719,3.085938,3.019531,-1,165.710432,24.309288
2025-08-14T09:33:45.742823,49239,3.003906,3.089844,3.0117190000000003,-1,165.649397,24.309288
2025-08-14T09:33:46.217480,49240,3.003906,3.097656,3.019531,-1,165.527327,24.309288
2025-08-14T09:33:46.788698,49241,3.003906,3.09375,3.019531,-1,165.588362,24.309288
2025-08-14T09:33:47.406699,49242,3.003906,3.089844,3.019531,-1,165.527327,24.309288
2025-08-14T09:33:47.895964,49243,3.003906,3.085938,3.019531,-1,165.466292,24.318737
2025-08-14T09:33:48.391105,49244,3.003906,3.09375,3.0117190000000003,-1,165.588362,24.318737
2025-08-14T09:33:48.872136,49245,3.003906,3.089844,3.023438,-1,165.588362,24.328185
2025-08-14T09:33:49.356097,49246,3.003906,3.089844,3.023438,-1,165.649397,24.318737
2025-08-14T09:33:49.849106,49247,3.007812,3.089844,3.015625,-1,165.527327,24.318737
2025-08-14T09:33:50.424254,49248,3.007812,3.089844,3.019531,-1,165.527327,24.328185
2025-08-14T09:33:51.017255,49249,3.003906,3.09375,3.015625,-1,165.588362,24.318737
2025-08-14T09:33:51.499900,49250,3.003906,3.097656,3.015625,-1,165.588362,24.309288
2025-08-14T09:33:52.093901,49251,3.007812,3.089844,3.003906,-1,165.710432,24.318737
2025-08-14T09:33:52.595933,49252,3.007812,3.089844,3.019531,-1,165.710432,24.318737
2025-08-14T09:33:53.127964,49253,3.007812,3.09375,3.0117190000000003,-1,165.527327,24.318737
2025-08-14T09:33:53.618030,49254,3.007812,3.089844,3.007812,-1,165.527327,24.309288
2025-08-14T09:33:54.112029,49255,3.007812,3.097656,3.003906,-1,165.588362,24.318737
2025-08-14T09:33:54.596330,49256,3.007812,3.089844,3.0117190000000003,-1,165.588362,24.328185
2025-08-14T09:33:55.066330,49257,3.003906,3.089844,3.023438,-1,165.466292,24.328185
2025-08-14T09:33:55.751305,49258,3.007812,3.09375,3.015625,-1,165.649397,24.337633
2025-08-14T09:33:56.219329,49259,3.003906,3.085938,3.007812,-1,165.527327,24.337633
2025-08-14T09:33:56.702331,49260,3.007812,3.089844,3.015625,-1,165.466292,24.337633
2025-08-14T09:33:57.162010,49261,3.003906,3.09375,3.023438,-1,165.527327,24.347082
2025-08-14T09:33:57.642077,49262,3.007812,3.09375,3.007812,-1,165.527327,24.356532
2025-08-14T09:33:58.218469,49263,3.007812,3.09375,3.007812,-1,165.649397,24.365981
2025-08-14T09:33:58.702468,49264,3.003906,3.09375,3.0117190000000003,-1,165.527327,24.356532
2025-08-14T09:33:59.267132,49265,3.003906,3.089844,3.0117190000000003,-1,165.649397,24.356532
2025-08-14T09:33:59.768131,49266,3.003906,3.089844,3.015625,-1,165.527327,24.356532
2025-08-14T09:34:00.346092,49267,3.007812,3.089844,3.007812,-1,165.588362,24.356532
2025-08-14T09:34:00.832090,49268,3.003906,3.09375,3.0117190000000003,-1,165.649397,24.356532
2025-08-14T09:34:01.404198,49269,3.003906,3.089844,3.0,-1,165.405257,24.356532
2025-08-14T09:34:01.872196,49270,3.003906,3.097656,3.0117190000000003,-1,165.466292,24.356532
2025-08-14T09:34:02.348197,49271,3.007812,3.089844,3.0117190000000003,-1,165.405257,24.356532
2025-08-14T09:34:02.840197,49272,3.007812,3.09375,3.0117190000000003,-1,165.588362,24.365981
2025-08-14T09:34:03.309425,49273,3.003906,3.089844,3.0117190000000003,-1,165.405257,24.365981
2025-08-14T09:34:03.787450,49274,3.007812,3.09375,3.0117190000000003,-1,165.466292,24.365981
2025-08-14T09:34:04.275450,49275,3.007812,3.09375,3.0117190000000003,-1,165.466292,24.365981
2025-08-14T09:34:04.748469,49276,3.003906,3.089844,3.0117190000000003,-1,165.405257,24.365981
2025-08-14T09:34:05.207467,49277,3.003906,3.089844,3.019531,-1,165.405257,24.365981
2025-08-14T09:34:05.785899,49278,3.011719,3.089844,3.0117190000000003,-1,165.588362,24.365981
2025-08-14T09:34:06.259899,49279,3.011719,3.085938,3.015625,-1,165.405257,24.365981
2025-08-14T09:34:06.842748,49280,3.003906,3.089844,3.0117190000000003,-1,165.527327,24.365981
2025-08-14T09:34:07.319792,49281,3.011719,3.082031,3.019531,-1,165.466292,24.356532
2025-08-14T09:34:07.831583,49282,3.003906,3.097656,3.007812,-1,165.466292,24.365981
2025-08-14T09:34:08.300733,49283,3.003906,3.097656,3.019531,-1,165.527327,24.365981
2025-08-14T09:34:08.779959,49284,3.003906,3.085938,3.015625,-1,165.466292,24.365981
2025-08-14T09:34:09.262197,49285,3.007812,3.085938,3.0117190000000003,-1,165.588362,24.365981
2025-08-14T09:34:09.736196,49286,3.003906,3.09375,3.015625,-1,165.649397,24.375431
2025-08-14T09:34:10.220535,49287,3.011719,3.089844,3.0117190000000003,-1,165.527327,24.375431
2025-08-14T09:34:10.772536,49288,3.003906,3.09375,3.0117190000000003,-1,165.588362,24.375431
2025-08-14T09:34:11.252534,49289,3.003906,3.09375,3.007812,-1,165.405257,24.375431
2025-08-14T09:34:11.735534,49290,3.007812,3.089844,3.007812,-1,165.527327,24.384881
2025-08-14T09:34:12.198937,49291,3.011719,3.09375,3.015625,-1,165.466292,24.384881
2025-08-14T09:34:12.681959,49292,3.003906,3.089844,3.0117190000000003,-1,165.466292,24.394331
2025-08-14T09:34:13.141529,49293,3.003906,3.089844,3.015625,-1,165.527327,24.394331
2025-08-14T09:34:13.625275,49294,3.003906,3.089844,3.0117190000000003,-1,165.466292,24.394331
2025-08-14T09:34:14.299261,49295,3.003906,3.09375,3.0117190000000003,-1,165.466292,24.384881
2025-08-14T09:34:14.773261,49296,3.007812,3.089844,3.015625,-1,165.588362,24.375431
2025-08-14T09:34:15.366828,49297,3.003906,3.089844,3.007812,-1,165.527327,24.375431
2025-08-14T09:34:15.902829,49298,3.003906,3.085938,3.007812,-1,165.588362,24.384881
2025-08-14T09:34:16.356457,49299,3.007812,3.09375,3.0117190000000003,-1,165.710432,24.384881
2025-08-14T09:34:16.927457,49300,3.007812,3.085938,3.0273440000000003,-1,165.710432,24.384881
2025-08-14T09:34:17.377475,49301,3.003906,3.09375,3.019531,-1,165.710432,24.384881
2025-08-14T09:34:17.873475,49302,3.003906,3.09375,3.015625,-1,165.588362,24.394331
2025-08-14T09:34:18.334492,49303,3.003906,3.09375,3.0117190000000003,-1,165.771467,24.384881
2025-08-14T09:34:18.807145,49304,3.003906,3.09375,3.019531,-1,165.588362,24.384881
2025-08-14T09:34:19.278143,49305,3.003906,3.089844,3.015625,-1,165.649397,24.394331
2025-08-14T09:34:19.737276,49306,3.003906,3.089844,3.0117190000000003,-1,165.649397,24.394331
2025-08-14T09:34:20.218283,49307,3.003906,3.09375,3.0117190000000003,-1,165.710432,24.384881
2025-08-14T09:34:20.689281,49308,3.003906,3.09375,3.015625,-1,165.710432,24.384881
2025-08-14T09:34:21.159336,49309,3.003906,3.089844,3.015625,-1,165.832503,24.384881
2025-08-14T09:34:21.629334,49310,3.003906,3.089844,3.015625,-1,165.649397,24.375431
2025-08-14T09:34:22.188914,49311,3.003906,3.097656,3.0117190000000003,-1,165.649397,24.384881
2025-08-14T09:34:22.772915,49312,3.003906,3.089844,3.0117190000000003,-1,165.649397,24.375431
2025-08-14T09:34:23.225957,49313,3.003906,3.089844,3.023438,-1,165.649397,24.375431
2025-08-14T09:34:23.693067,49314,3.003906,3.09375,3.0117190000000003,-1,165.649397,24.375431
2025-08-14T09:34:24.166067,49315,3.003906,3.085938,3.007812,-1,165.649397,24.375431
2025-08-14T09:34:24.746233,49316,3.007812,3.097656,3.007812,-1,165.588362,24.375431
2025-08-14T09:34:25.212232,49317,3.003906,3.085938,3.015625,-1,165.649397,24.375431
2025-08-14T09:34:25.673009,49318,3.003906,3.09375,3.007812,-1,165.588362,24.375431
2025-08-14T09:34:26.185425,49319,3.003906,3.09375,3.015625,-1,165.588362,24.384881
2025-08-14T09:34:26.646422,49320,3.007812,3.089844,3.019531,-1,165.649397,24.375431
2025-08-14T09:34:27.103450,49321,3.007812,3.089844,3.0117190000000003,-1,165.588362,24.375431
2025-08-14T09:34:27.561497,49322,3.003906,3.097656,3.0117190000000003,-1,165.710432,24.375431
2025-08-14T09:34:28.030544,49323,3.003906,3.097656,3.015625,-1,165.649397,24.375431
2025-08-14T09:34:28.492544,49324,3.003906,3.09375,3.0117190000000003,-1,165.710432,24.375431
2025-08-14T09:34:28.958587,49325,3.011719,3.097656,3.015625,-1,165.649397,24.375431
2025-08-14T09:34:29.416214,49326,3.003906,3.09375,3.015625,-1,165.649397,24.375431
2025-08-14T09:34:29.883214,49327,3.003906,3.09375,3.015625,-1,165.771467,24.356532
2025-08-14T09:34:30.348569,49328,3.003906,3.09375,3.019531,-1,165.588362,24.384881
2025-08-14T09:34:30.896603,49329,3.003906,3.089844,3.023438,-1,165.710432,24.375431
2025-08-14T09:34:31.405602,49330,3.003906,3.09375,3.007812,-1,165.771467,24.384881
2025-08-14T09:34:31.910602,49331,3.003906,3.09375,3.015625,-1,165.771467,24.394331
2025-08-14T09:34:32.426605,49332,3.003906,3.09375,3.0117190000000003,-1,165.771467,24.394331
2025-08-14T09:34:32.921604,49333,3.003906,3.089844,3.0117190000000003,-1,165.649397,24.403782
2025-08-14T09:34:33.434608,49334,3.003906,3.097656,3.015625,-1,165.649397,24.403782
2025-08-14T09:34:34.020602,49335,3.003906,3.09375,3.0117190000000003,-1,165.588362,24.403782
2025-08-14T09:34:34.488603,49336,3.003906,3.09375,3.015625,-1,165.710432,24.403782
2025-08-14T09:34:34.965603,49337,3.007812,3.09375,3.023438,-1,165.588362,24.403782
2025-08-14T09:34:35.445601,49338,3.003906,3.09375,3.015625,-1,165.588362,24.394331
2025-08-14T09:34:36.025604,49339,3.003906,3.09375,3.015625,-1,165.588362,24.403782
2025-08-14T09:34:36.513602,49340,3.007812,3.097656,3.015625,-1,165.588362,24.394331
2025-08-14T09:34:37.103109,49341,3.003906,3.09375,3.0117190000000003,-1,165.710432,24.394331
2025-08-14T09:34:38.039109,49342,3.003906,3.089844,3.0117190000000003,-1,165.588362,24.384881
2025-08-14T09:34:38.614592,49343,3.007812,3.09375,3.019531,-1,165.649397,24.394331
2025-08-14T09:34:39.089974,49344,3.003906,3.09375,3.015625,-1,165.771467,24.394331
2025-08-14T09:34:39.665974,49345,3.007812,3.097656,3.007812,-1,165.771467,24.384881
2025-08-14T09:34:40.140975,49346,3.011719,3.09375,3.015625,-1,165.588362,24.375431
2025-08-14T09:34:40.612919,49347,3.007812,3.089844,3.0117190000000003,-1,165.649397,24.375431
2025-08-14T09:34:41.115086,49348,3.003906,3.09375,3.015625,-1,165.588362,24.365981
2025-08-14T09:34:41.587488,49349,3.003906,3.09375,3.015625,-1,165.771467,24.365981
2025-08-14T09:34:42.061769,49350,3.003906,3.089844,3.0117190000000003,-1,165.649397,24.356532
2025-08-14T09:34:42.541770,49351,3.003906,3.09375,3.015625,-1,165.771467,24.365981
2025-08-14T09:34:43.109489,49352,3.003906,3.09375,3.015625,-1,165.771467,24.365981
2025-08-14T09:34:43.603495,49353,3.007812,3.09375,3.023438,-1,165.710432,24.365981
2025-08-14T09:34:44.074816,49354,3.003906,3.089844,3.007812,-1,165.771467,24.365981
2025-08-14T09:34:44.551439,49355,3.011719,3.085938,3.015625,-1,165.771467,24.365981
2025-08-14T09:34:45.013941,49356,3.003906,3.085938,3.007812,-1,165.527327,24.365981
2025-08-14T09:34:45.476892,49357,3.003906,3.089844,3.019531,-1,165.710432,24.356532
2025-08-14T09:34:45.952893,49358,3.007812,3.09375,3.015625,-1,165.710432,24.365981
2025-08-14T09:34:46.624191,49359,3.003906,3.089844,3.0117190000000003,-1,165.588362,24.365981
2025-08-14T09:34:47.094188,49360,3.007812,3.089844,3.015625,-1,165.710432,24.365981
2025-08-14T09:34:47.558724,49361,3.007812,3.09375,3.0117190000000003,-1,165.649397,24.365981
2025-08-14T09:34:48.032196,49362,3.003906,3.09375,3.007812,-1,165.771467,24.375431
2025-08-14T09:34:48.551636,49363,3.003906,3.09375,3.0117190000000003,-1,165.710432,24.365981
2025-08-14T09:34:49.131339,49364,3.003906,3.089844,3.015625,-1,165.771467,24.375431
2025-08-14T09:34:49.593049,49365,3.003906,3.097656,3.015625,-1,165.649397,24.365981
2025-08-14T09:34:50.065505,49366,3.011719,3.089844,3.015625,-1,165.771467,24.375431
2025-08-14T09:34:50.523504,49367,3.003906,3.09375,3.023438,-1,165.771467,24.375431
2025-08-14T09:34:50.990472,49368,3.007812,3.09375,3.0117190000000003,-1,165.588362,24.375431
2025-08-14T09:34:51.452472,49369,3.003906,3.09375,3.0117190000000003,-1,165.771467,24.375431
2025-08-14T09:34:51.912773,49370,3.003906,3.09375,3.007812,-1,165.771467,24.365981
2025-08-14T09:34:52.480949,49371,3.003906,3.09375,3.015625,-1,165.588362,24.365981
2025-08-14T09:34:52.946947,49372,3.003906,3.09375,3.007812,-1,165.710432,24.356532
2025-08-14T09:34:53.506885,49373,3.003906,3.089844,3.0117190000000003,-1,165.527327,24.347082
2025-08-14T09:34:53.975883,49374,3.007812,3.09375,3.015625,-1,165.771467,24.347082
2025-08-14T09:34:54.451922,49375,3.007812,3.09375,3.007812,-1,165.649397,24.337633
2025-08-14T09:34:54.926897,49376,3.007812,3.09375,3.015625,-1,165.710432,24.337633
2025-08-14T09:34:55.504181,49377,3.007812,3.089844,3.007812,-1,165.771467,24.328185
2025-08-14T09:34:56.089981,49378,3.011719,3.09375,3.003906,-1,165.649397,24.328185
2025-08-14T09:34:56.564206,49379,3.011719,3.09375,3.019531,-1,165.588362,24.328185
2025-08-14T09:34:57.052207,49380,3.007812,3.089844,3.0117190000000003,-1,165.832503,24.328185
2025-08-14T09:34:57.523204,49381,3.011719,3.097656,3.0117190000000003,-1,165.710432,24.318737
2025-08-14T09:34:58.006204,49382,3.003906,3.09375,3.0117190000000003,-1,165.771467,24.318737
2025-08-14T09:34:58.472288,49383,3.011719,3.09375,3.019531,-1,165.710432,24.318737
2025-08-14T09:34:58.975290,49384,3.007812,3.097656,3.0117190000000003,-1,165.588362,24.309288
2025-08-14T09:34:59.448537,49385,3.011719,3.09375,3.015625,-1,165.588362,24.318737
2025-08-14T09:34:59.916547,49386,3.007812,3.089844,3.015625,-1,165.588362,24.318737
2025-08-14T09:35:00.387547,49387,3.007812,3.09375,3.015625,-1,165.588362,24.318737
2025-08-14T09:35:00.858288,49388,3.003906,3.09375,3.019531,-1,165.588362,24.318737
2025-08-14T09:35:01.324286,49389,3.007812,3.09375,3.015625,-1,165.527327,24.328185
2025-08-14T09:35:01.905848,49390,3.003906,3.09375,3.007812,-1,165.710432,24.318737
2025-08-14T09:35:02.378845,49391,3.003906,3.089844,3.015625,-1,165.771467,24.328185
2025-08-14T09:35:02.953802,49392,3.003906,3.085938,3.015625,-1,165.588362,24.337633
2025-08-14T09:35:03.544802,49393,3.007812,3.089844,3.015625,-1,165.588362,24.337633
2025-08-14T09:35:04.030845,49394,3.003906,3.09375,3.015625,-1,165.649397,24.347082
2025-08-14T09:35:04.539847,49395,3.007812,3.09375,3.0117190000000003,-1,165.649397,24.347082
2025-08-14T09:35:05.047865,49396,3.003906,3.089844,3.0117190000000003,-1,165.649397,24.347082
2025-08-14T09:35:05.554333,49397,3.007812,3.089844,3.023438,-1,165.649397,24.347082
2025-08-14T09:35:06.155333,49398,3.003906,3.089844,3.0117190000000003,-1,165.710432,24.347082
2025-08-14T09:35:06.652334,49399,3.007812,3.089844,3.015625,-1,165.588362,24.356532
2025-08-14T09:35:07.138848,49400,3.003906,3.089844,3.015625,-1,165.588362,24.347082
2025-08-14T09:35:07.623139,49401,3.007812,3.09375,3.0117190000000003,-1,165.588362,24.347082
2025-08-14T09:35:08.099159,49402,3.003906,3.089844,3.0117190000000003,-1,165.710432,24.347082
2025-08-14T09:35:08.578460,49403,3.007812,3.09375,3.0117190000000003,-1,165.588362,24.347082
2025-08-14T09:35:09.071461,49404,3.007812,3.085938,3.0117190000000003,-1,165.649397,24.347082
2025-08-14T09:35:09.960110,49405,3.007812,3.09375,3.019531,-1,165.710432,24.347082
2025-08-14T09:35:10.430948,49406,3.003906,3.085938,3.0117190000000003,-1,165.588362,24.356532
2025-08-14T09:35:11.126922,49407,3.007812,3.09375,3.015625,-1,165.771467,24.347082
2025-08-14T09:35:11.604461,49408,3.003906,3.097656,3.015625,-1,165.649397,24.347082
2025-08-14T09:35:12.100480,49409,3.011719,3.089844,3.0117190000000003,-1,165.649397,24.347082
2025-08-14T09:35:12.678482,49410,3.003906,3.09375,3.015625,-1,165.588362,24.347082
2025-08-14T09:35:13.179479,49411,3.003906,3.09375,3.007812,-1,165.649397,24.347082
2025-08-14T09:35:13.646479,49412,3.003906,3.089844,3.0117190000000003,-1,165.588362,24.347082
2025-08-14T09:35:14.335499,49413,3.007812,3.09375,3.007812,-1,165.771467,24.356532
2025-08-14T09:35:14.800497,49414,3.003906,3.09375,3.0117190000000003,-1,165.710432,24.356532
2025-08-14T09:35:15.284248,49415,3.015625,3.089844,3.015625,-1,165.527327,24.356532
2025-08-14T09:35:15.761314,49416,3.003906,3.089844,3.0117190000000003,-1,165.588362,24.356532
2025-08-14T09:35:16.241444,49417,3.003906,3.09375,3.0117190000000003,-1,165.771467,24.356532
2025-08-14T09:35:16.704970,49418,3.007812,3.089844,3.019531,-1,165.771467,24.356532
2025-08-14T09:35:17.190156,49419,3.007812,3.089844,3.015625,-1,165.710432,24.365981
2025-08-14T09:35:17.676154,49420,3.003906,3.085938,3.007812,-1,165.588362,24.365981
2025-08-14T09:35:18.255166,49421,3.003906,3.09375,3.003906,-1,165.588362,24.347082
2025-08-14T09:35:18.727166,49422,3.003906,3.09375,3.007812,-1,165.771467,24.365981
2025-08-14T09:35:19.203237,49423,3.007812,3.09375,3.015625,-1,165.588362,24.365981
2025-08-14T09:35:19.671244,49424,3.007812,3.09375,3.019531,-1,165.710432,24.375431
2025-08-14T09:35:20.146664,49425,3.015625,3.085938,3.015625,-1,165.588362,24.375431
2025-08-14T09:35:20.618662,49426,3.003906,3.09375,3.019531,-1,165.710432,24.384881
2025-08-14T09:35:21.104669,49427,3.007812,3.089844,3.015625,-1,165.649397,24.384881
2025-08-14T09:35:21.582663,49428,3.007812,3.09375,3.019531,-1,165.710432,24.384881
2025-08-14T09:35:22.052664,49429,3.003906,3.085938,3.0117190000000003,-1,165.710432,24.384881
2025-08-14T09:35:22.542893,49430,3.007812,3.089844,3.007812,-1,165.588362,24.375431
2025-08-14T09:35:23.126934,49431,3.007812,3.09375,3.015625,-1,165.527327,24.394331
2025-08-14T09:35:23.583614,49432,3.003906,3.09375,3.0117190000000003,-1,165.771467,24.394331
2025-08-14T09:35:24.136689,49433,3.003906,3.097656,3.003906,-1,165.588362,24.394331
2025-08-14T09:35:24.617688,49434,3.007812,3.09375,3.0117190000000003,-1,165.649397,24.394331
2025-08-14T09:35:25.094687,49435,3.003906,3.09375,3.007812,-1,165.710432,24.403782
2025-08-14T09:35:25.601686,49436,3.003906,3.085938,3.0117190000000003,-1,165.710432,24.394331
2025-08-14T09:35:26.206203,49437,3.007812,3.089844,3.0117190000000003,-1,165.588362,24.394331
2025-08-14T09:35:26.670204,49438,3.007812,3.09375,3.015625,-1,165.588362,24.394331
2025-08-14T09:35:27.254642,49439,3.003906,3.089844,3.0117190000000003,-1,165.527327,24.403782
2025-08-14T09:35:27.731708,49440,3.003906,3.089844,3.007812,-1,165.710432,24.403782
2025-08-14T09:35:28.219709,49441,3.007812,3.09375,3.0117190000000003,-1,165.588362,24.413233
2025-08-14T09:35:28.687484,49442,3.003906,3.09375,3.023438,-1,165.588362,24.403782
2025-08-14T09:35:29.169483,49443,3.007812,3.097656,3.0117190000000003,-1,165.649397,24.413233
2025-08-14T09:35:29.674484,49444,3.003906,3.089844,3.0117190000000003,-1,165.588362,24.413233
2025-08-14T09:35:30.158483,49445,3.003906,3.085938,3.0117190000000003,-1,165.527327,24.422684
2025-08-14T09:35:30.730412,49446,3.003906,3.082031,3.007812,-1,165.649397,24.422684
2025-08-14T09:35:31.246450,49447,3.011719,3.089844,3.0117190000000003,-1,165.710432,24.422684
2025-08-14T09:35:31.737033,49448,3.003906,3.085938,3.0117190000000003,-1,165.588362,24.422684
2025-08-14T09:35:32.230994,49449,3.003906,3.089844,3.015625,-1,165.771467,24.422684
2025-08-14T09:35:32.720286,49450,3.003906,3.089844,3.015625,-1,165.771467,24.413233
2025-08-14T09:35:33.200251,49451,3.003906,3.089844,3.015625,-1,165.588362,24.403782
2025-08-14T09:35:33.695249,49452,3.003906,3.09375,3.015625,-1,165.649397,24.403782
2025-08-14T09:35:34.175248,49453,3.007812,3.089844,3.0117190000000003,-1,165.649397,24.394331
2025-08-14T09:35:34.685273,49454,3.007812,3.09375,3.015625,-1,165.771467,24.394331
2025-08-14T09:35:35.212274,49455,3.007812,3.089844,3.0117190000000003,-1,165.771467,24.384881
2025-08-14T09:35:35.690223,49456,3.003906,3.09375,3.007812,-1,165.710432,24.384881
2025-08-14T09:35:36.165224,49457,3.007812,3.09375,3.023438,-1,165.588362,24.384881
2025-08-14T09:35:36.733199,49458,3.003906,3.097656,3.0117190000000003,-1,165.771467,24.384881
2025-08-14T09:35:37.241197,49459,3.007812,3.089844,3.015625,-1,165.588362,24.394331
2025-08-14T09:35:37.719197,49460,3.003906,3.09375,3.019531,-1,165.771467,24.394331
2025-08-14T09:35:38.205353,49461,3.003906,3.097656,3.007812,-1,165.649397,24.394331
2025-08-14T09:35:38.688357,49462,3.003906,3.09375,3.007812,-1,165.771467,24.394331
2025-08-14T09:35:39.156381,49463,3.003906,3.089844,3.015625,-1,165.710432,24.394331
2025-08-14T09:35:39.813382,49464,3.007812,3.09375,3.0117190000000003,-1,165.771467,24.403782
2025-08-14T09:35:40.315404,49465,3.007812,3.089844,3.0117190000000003,-1,165.649397,24.403782
2025-08-14T09:35:40.795482,49466,3.003906,3.101562,3.019531,-1,165.588362,24.394331
2025-08-14T09:35:41.593180,49467,3.003906,3.089844,3.015625,-1,165.710432,24.403782
2025-08-14T09:35:42.082192,49468,3.003906,3.09375,3.0117190000000003,-1,165.771467,24.413233
2025-08-14T09:35:42.556177,49469,3.003906,3.089844,3.019531,-1,165.832503,24.413233
2025-08-14T09:35:43.030920,49470,3.003906,3.09375,3.0117190000000003,-1,165.710432,24.422684
2025-08-14T09:35:43.516919,49471,3.007812,3.085938,3.0117190000000003,-1,165.710432,24.422684
2025-08-14T09:35:44.008978,49472,3.007812,3.09375,3.0117190000000003,-1,165.710432,24.413233
2025-08-14T09:35:44.503974,49473,3.003906,3.09375,3.0117190000000003,-1,165.649397,24.422684
2025-08-14T09:35:44.996976,49474,3.003906,3.09375,3.0117190000000003,-1,165.588362,24.413233
2025-08-14T09:35:45.485978,49475,3.003906,3.089844,3.0117190000000003,-1,165.710432,24.413233
2025-08-14T09:35:46.146975,49476,3.007812,3.089844,3.007812,-1,165.649397,24.413233
2025-08-14T09:35:46.658975,49477,3.007812,3.089844,3.015625,-1,165.710432,24.413233
2025-08-14T09:35:47.130974,49478,3.003906,3.09375,3.007812,-1,165.588362,24.413233
2025-08-14T09:35:47.712001,49479,3.003906,3.085938,3.0117190000000003,-1,165.710432,24.413233
2025-08-14T09:35:48.299011,49480,3.003906,3.09375,3.007812,-1,165.588362,24.422684
2025-08-14T09:35:48.868894,49481,3.003906,3.09375,3.0117190000000003,-1,165.710432,24.422684
2025-08-14T09:35:49.357209,49482,3.003906,3.097656,3.015625,-1,165.588362,24.422684
2025-08-14T09:35:49.838207,49483,3.003906,3.09375,3.023438,-1,165.771467,24.422684
2025-08-14T09:35:50.335249,49484,3.03125,3.082031,3.015625,-1,165.588362,24.422684
2025-08-14T09:35:51.062249,49485,3.011719,3.09375,3.003906,-1,165.588362,24.422684
2025-08-14T09:35:51.543422,49486,3.007812,3.089844,3.0117190000000003,-1,165.649397,24.413233
2025-08-14T09:35:52.023484,49487,3.003906,3.089844,3.0117190000000003,-1,165.771467,24.422684
2025-08-14T09:35:52.875481,49488,3.007812,3.09375,3.007812,-1,165.771467,24.413233
2025-08-14T09:35:53.366482,49489,3.011719,3.085938,3.019531,-1,165.588362,24.403782
2025-08-14T09:35:53.934431,49490,3.003906,3.089844,3.015625,-1,165.588362,24.403782
2025-08-14T09:35:54.422432,49491,3.007812,3.089844,3.015625,-1,165.710432,24.403782
2025-08-14T09:35:55.090431,49492,3.007812,3.089844,3.019531,-1,165.649397,24.394331
2025-08-14T09:35:55.577431,49493,3.007812,3.089844,3.007812,-1,165.771467,24.403782
2025-08-14T09:35:56.235437,49494,3.007812,3.089844,3.023438,-1,165.649397,24.403782
2025-08-14T09:35:56.730433,49495,3.003906,3.089844,3.019531,-1,165.771467,24.394331
2025-08-14T09:35:57.208556,49496,3.007812,3.09375,3.023438,-1,165.649397,24.403782
2025-08-14T09:35:57.719555,49497,3.007812,3.089844,3.015625,-1,165.710432,24.403782
2025-08-14T09:35:58.209554,49498,3.007812,3.09375,3.015625,-1,165.649397,24.403782
2025-08-14T09:35:58.690374,49499,3.003906,3.085938,3.0117190000000003,-1,165.710432,24.394331
2025-08-14T09:35:59.568748,49500,3.003906,3.09375,3.019531,-1,165.649397,24.413233
2025-08-14T09:36:00.075748,49501,3.003906,3.097656,3.0117190000000003,-1,165.710432,24.413233
2025-08-14T09:36:00.771748,49502,3.003906,3.089844,3.015625,-1,165.710432,24.403782
2025-08-14T09:36:01.468754,49503,3.007812,3.09375,3.015625,-1,165.588362,24.403782
2025-08-14T09:36:02.067217,49504,3.007812,3.089844,3.015625,-1,165.649397,24.403782
2025-08-14T09:36:03.334216,49505,3.003906,3.085938,3.0117190000000003,-1,165.527327,24.403782
2025-08-14T09:36:03.807216,49506,3.003906,3.09375,3.015625,-1,165.588362,24.394331
2025-08-14T09:36:04.308216,49507,3.003906,3.089844,3.0117190000000003,-1,165.588362,24.394331
2025-08-14T09:36:04.791217,49508,3.003906,3.089844,3.0117190000000003,-1,165.649397,24.384881
2025-08-14T09:36:05.266898,49509,3.003906,3.085938,3.007812,-1,165.588362,24.384881
2025-08-14T09:36:05.734898,49510,3.003906,3.082031,3.007812,-1,165.710432,24.384881
2025-08-14T09:36:06.294529,49511,3.003906,3.097656,3.0117190000000003,-1,165.588362,24.365981
2025-08-14T09:36:06.857530,49512,3.007812,3.09375,3.015625,-1,165.771467,24.375431
2025-08-14T09:36:07.327428,49513,3.011719,3.09375,3.019531,-1,165.771467,24.365981
2025-08-14T09:36:07.805428,49514,3.011719,3.089844,3.015625,-1,165.649397,24.356532
2025-08-14T09:36:08.374350,49515,3.003906,3.097656,3.015625,-1,165.588362,24.356532
2025-08-14T09:36:08.983351,49516,3.003906,3.097656,3.0273440000000003,-1,165.588362,24.347082
2025-08-14T09:36:09.558356,49517,3.003906,3.09375,3.0117190000000003,-1,165.710432,24.356532
2025-08-14T09:36:10.157358,49518,3.003906,3.097656,3.003906,-1,165.588362,24.356532
2025-08-14T09:36:10.616364,49519,3.003906,3.089844,3.019531,-1,165.710432,24.356532
2025-08-14T09:36:11.080357,49520,3.011719,3.089844,3.015625,-1,165.710432,24.356532
2025-08-14T09:36:11.535749,49521,3.007812,3.097656,3.003906,-1,165.710432,24.356532
2025-08-14T09:36:12.108804,49522,3.007812,3.089844,3.0117190000000003,-1,165.710432,24.356532
2025-08-14T09:36:12.559568,49523,3.011719,3.09375,3.019531,-1,165.771467,24.365981
2025-08-14T09:36:13.040713,49524,3.007812,3.089844,3.015625,-1,165.771467,24.356532
2025-08-14T09:36:13.507713,49525,3.003906,3.089844,3.015625,-1,165.649397,24.365981
2025-08-14T09:36:13.962251,49526,3.003906,3.097656,3.003906,-1,165.649397,24.375431
2025-08-14T09:36:14.422369,49527,3.003906,3.09375,3.019531,-1,165.710432,24.375431
2025-08-14T09:36:14.876569,49528,3.007812,3.089844,3.015625,-1,165.710432,24.384881
2025-08-14T09:36:15.544253,49529,3.007812,3.09375,3.0117190000000003,-1,165.649397,24.394331
2025-08-14T09:36:16.001508,49530,3.003906,3.09375,3.0117190000000003,-1,165.710432,24.403782
2025-08-14T09:36:16.459476,49531,3.003906,3.09375,3.0117190000000003,-1,165.588362,24.403782
2025-08-14T09:36:16.921477,49532,3.003906,3.09375,3.023438,-1,165.771467,24.413233
2025-08-14T09:36:17.391251,49533,3.003906,3.089844,3.007812,-1,165.710432,24.413233
2025-08-14T09:36:17.893252,49534,3.003906,3.09375,3.0117190000000003,-1,165.588362,24.422684
2025-08-14T09:36:18.363254,49535,3.003906,3.09375,3.0117190000000003,-1,165.710432,24.403782
2025-08-14T09:36:18.837252,49536,3.007812,3.089844,3.0117190000000003,-1,165.649397,24.403782
2025-08-14T09:36:19.561252,49537,3.003906,3.089844,3.015625,-1,165.649397,24.394331
2025-08-14T09:36:20.162736,49538,3.007812,3.09375,3.015625,-1,165.771467,24.394331
2025-08-14T09:36:20.736926,49539,3.003906,3.09375,3.0117190000000003,-1,165.710432,24.384881
2025-08-14T09:36:21.212259,49540,3.007812,3.09375,3.0117190000000003,-1,165.771467,24.384881
2025-08-14T09:36:21.674259,49541,3.003906,3.085938,3.0117190000000003,-1,165.771467,24.375431
2025-08-14T09:36:22.242831,49542,3.003906,3.089844,3.0117190000000003,-1,165.649397,24.375431
2025-08-14T09:36:22.710102,49543,3.003906,3.097656,3.019531,-1,165.588362,24.375431
2025-08-14T09:36:23.383723,49544,3.011719,3.09375,3.0117190000000003,-1,165.588362,24.365981
2025-08-14T09:36:23.953199,49545,3.003906,3.089844,3.0117190000000003,-1,165.710432,24.356532
2025-08-14T09:36:24.517503,49546,3.003906,3.089844,3.015625,-1,165.771467,24.356532
2025-08-14T09:36:24.978504,49547,3.003906,3.089844,3.007812,-1,165.710432,24.356532
2025-08-14T09:36:25.446116,49548,3.011719,3.09375,3.0117190000000003,-1,165.649397,24.365981
2025-08-14T09:36:25.912546,49549,3.003906,3.09375,3.007812,-1,165.588362,24.365981
2025-08-14T09:36:26.370080,49550,3.003906,3.09375,3.0117190000000003,-1,165.649397,24.375431
2025-08-14T09:36:26.870081,49551,3.007812,3.09375,3.015625,-1,165.588362,24.375431
2025-08-14T09:36:27.340080,49552,3.003906,3.085938,3.0117190000000003,-1,165.649397,24.356532
2025-08-14T09:36:27.809081,49553,3.007812,3.09375,3.019531,-1,165.649397,24.356532
2025-08-14T09:36:28.395084,49554,3.003906,3.089844,3.015625,-1,165.588362,24.356532
2025-08-14T09:36:28.876083,49555,3.007812,3.089844,3.019531,-1,165.588362,24.347082
2025-08-14T09:36:29.345081,49556,3.007812,3.085938,3.015625,-1,165.710432,24.347082
2025-08-14T09:36:29.823532,49557,3.003906,3.09375,3.019531,-1,165.710432,24.337633
2025-08-14T09:36:30.312534,49558,3.007812,3.089844,3.007812,-1,165.588362,24.347082
2025-08-14T09:36:30.908347,49559,3.007812,3.089844,3.023438,-1,165.832503,24.337633
2025-08-14T09:36:31.616347,49560,3.003906,3.089844,3.023438,-1,165.771467,24.347082
2025-08-14T09:36:32.101345,49561,3.003906,3.09375,3.007812,-1,165.649397,24.337633
2025-08-14T09:36:33.171345,49562,3.007812,3.089844,3.015625,-1,165.771467,24.347082
2025-08-14T09:36:33.630910,49563,3.007812,3.09375,3.0117190000000003,-1,165.771467,24.328185
2025-08-14T09:36:34.126911,49564,3.003906,3.09375,3.019531,-1,165.588362,24.337633
2025-08-14T09:36:34.696298,49565,3.003906,3.089844,3.019531,-1,165.832503,24.328185
2025-08-14T09:36:35.176328,49566,3.003906,3.097656,3.007812,-1,165.710432,24.328185
2025-08-14T09:36:35.637356,49567,3.003906,3.09375,3.019531,-1,165.649397,24.328185
2025-08-14T09:36:36.218216,49568,3.007812,3.09375,3.0117190000000003,-1,165.771467,24.318737
2025-08-14T09:36:36.779219,49569,3.003906,3.09375,3.007812,-1,165.832503,24.328185
2025-08-14T09:36:37.355219,49570,3.007812,3.089844,3.007812,-1,165.771467,24.318737
2025-08-14T09:36:38.038245,49571,3.003906,3.09375,3.0117190000000003,-1,165.832503,24.328185
2025-08-14T09:36:38.620244,49572,3.003906,3.085938,3.015625,-1,165.588362,24.328185
2025-08-14T09:36:39.093244,49573,3.007812,3.089844,3.0117190000000003,-1,165.771467,24.328185
2025-08-14T09:36:39.571246,49574,3.007812,3.09375,3.007812,-1,165.710432,24.328185
2025-08-14T09:36:40.138253,49575,3.011719,3.09375,3.0117190000000003,-1,165.771467,24.337633
2025-08-14T09:36:40.661271,49576,3.007812,3.085938,3.007812,-1,165.771467,24.337633
2025-08-14T09:36:41.130286,49577,3.003906,3.09375,3.019531,-1,165.710432,24.337633
2025-08-14T09:36:41.607416,49578,3.011719,3.089844,3.0117190000000003,-1,165.588362,24.347082
2025-08-14T09:36:42.091417,49579,3.011719,3.097656,3.007812,-1,165.710432,24.347082
2025-08-14T09:36:42.566414,49580,3.011719,3.09375,3.015625,-1,165.649397,24.347082
2025-08-14T09:36:43.068434,49581,3.007812,3.089844,3.007812,-1,165.649397,24.347082
2025-08-14T09:36:43.757434,49582,3.003906,3.09375,3.0117190000000003,-1,165.710432,24.356532
2025-08-14T09:36:44.229223,49583,3.007812,3.089844,3.019531,-1,165.771467,24.356532
2025-08-14T09:36:44.710224,49584,3.003906,3.085938,3.015625,-1,165.649397,24.365981
2025-08-14T09:36:45.296221,49585,3.007812,3.09375,3.015625,-1,165.832503,24.375431
2025-08-14T09:36:45.755222,49586,3.007812,3.09375,3.015625,-1,165.588362,24.375431
2025-08-14T09:36:46.320422,49587,3.003906,3.089844,3.007812,-1,165.588362,24.375431
2025-08-14T09:36:47.098439,49588,3.007812,3.085938,3.019531,-1,165.710432,24.384881
2025-08-14T09:36:47.564439,49589,3.003906,3.097656,3.0117190000000003,-1,165.649397,24.384881
2025-08-14T09:36:48.284439,49590,3.003906,3.085938,3.015625,-1,165.588362,24.375431
2025-08-14T09:36:48.754441,49591,3.003906,3.09375,3.0117190000000003,-1,165.649397,24.375431
2025-08-14T09:36:49.226215,49592,3.003906,3.09375,3.019531,-1,165.771467,24.375431
2025-08-14T09:36:49.798215,49593,3.007812,3.089844,3.015625,-1,165.771467,24.375431
2025-08-14T09:36:50.289215,49594,3.007812,3.09375,3.019531,-1,165.771467,24.375431
2025-08-14T09:36:50.753762,49595,3.007812,3.089844,3.015625,-1,165.710432,24.384881
2025-08-14T09:36:51.331197,49596,3.003906,3.085938,3.015625,-1,165.710432,24.375431
2025-08-14T09:36:51.799474,49597,3.007812,3.097656,3.019531,-1,165.710432,24.365981
2025-08-14T09:36:52.266477,49598,3.007812,3.09375,3.0117190000000003,-1,165.649397,24.365981
2025-08-14T09:36:52.734474,49599,3.003906,3.089844,3.003906,-1,165.771467,24.347082
2025-08-14T09:36:53.208474,49600,3.007812,3.097656,3.019531,-1,165.771467,24.347082
2025-08-14T09:36:53.796973,49601,3.003906,3.085938,3.015625,-1,165.588362,24.347082
2025-08-14T09:36:54.267974,49602,3.007812,3.09375,3.015625,-1,165.710432,24.347082
2025-08-14T09:36:54.730973,49603,3.003906,3.089844,3.0117190000000003,-1,165.832503,24.347082
2025-08-14T09:36:55.217975,49604,3.007812,3.089844,3.0195309999999997,-1,165.832503,24.347082
